shooter_id,shot_num,frame,elbow_angle,knee_angle
shooter101,1,0,154.34,168.96
shooter101,1,1,153.1,168.22
shooter101,1,2,153.68,168.55
shooter101,1,3,153.37,168.85
shooter101,1,4,152.16,168.2
shooter101,1,5,151.25,167.38
shooter101,1,6,150.44,167.7
shooter101,1,7,149.69,167.37
shooter101,1,8,148.0,167.55
shooter101,1,9,148.38,165.93
shooter101,1,10,145.86,165.57
shooter101,1,11,145.13,165.83
shooter101,1,12,143.84,164.69
shooter101,1,13,140.36,164.59
shooter101,1,14,139.75,163.47
shooter101,1,15,138.4,162.39
shooter101,1,16,136.1,162.86
shooter101,1,17,133.87,161.04
shooter101,1,18,132.06,160.59
shooter101,1,19,129.47,160.88
shooter101,1,20,128.72,160.56
shooter101,1,21,127.94,160.32
shooter101,1,22,126.25,158.57
shooter101,1,23,122.88,157.77
shooter101,1,24,122.77,159.03
shooter101,1,25,120.64,157.03
shooter101,1,26,120.65,156.76
shooter101,1,27,117.88,156.64
shooter101,1,28,118.74,156.87
shooter101,1,29,117.79,157.37
shooter101,1,30,115.75,156.99
shooter101,1,31,115.74,156.8
shooter101,1,32,116.5,156.35
shooter101,1,33,115.74,156.35
shooter101,1,34,116.08,156.58
shooter101,1,35,117.64,156.35
shooter101,1,36,118.25,156.95
shooter101,1,37,119.71,157.59
shooter101,1,38,122.06,157.91
shooter101,1,39,123.95,159.52
shooter101,1,40,128.77,160.68
shooter101,1,41,130.75,160.32
shooter101,1,42,134.03,162.09
shooter101,1,43,137.89,163.67
shooter101,1,44,142.99,164.6
shooter101,1,45,145.0,165.71
shooter101,1,46,150.22,165.93
shooter101,1,47,153.42,167.58
shooter101,1,48,156.96,167.27
shooter101,1,49,160.26,168.28
shooter101,1,50,162.64,168.59
shooter101,1,51,165.1,169.74
shooter101,1,52,165.26,170.04
shooter101,1,53,167.92,170.07
shooter101,1,54,168.21,170.86
shooter101,1,55,168.39,170.86
shooter101,1,56,169.07,170.4
shooter101,1,57,169.11,170.11
shooter101,1,58,168.46,170.71
shooter101,1,59,167.9,170.42
shooter101,1,60,167.74,170.53
shooter101,1,61,167.48,170.23
shooter101,1,62,167.32,170.86
shooter101,1,63,167.27,170.86
shooter101,1,64,166.55,170.62
shooter101,1,65,166.41,170.86
shooter101,1,66,154.95,170.86
shooter101,1,67,153.88,170.86
shooter101,1,68,154.45,170.61
shooter101,1,69,153.41,170.86
shooter101,1,70,151.86,170.86
shooter101,1,71,151.71,170.73
shooter101,1,72,151.4,169.98
shooter101,1,73,152.54,169.13
shooter101,1,74,150.63,168.91
shooter101,1,75,150.82,169.73
shooter101,1,76,151.26,169.66
shooter101,1,77,150.94,169.38
shooter101,1,78,149.06,169.59
shooter101,1,79,148.29,169.44
shooter101,1,80,148.1,169.89
shooter101,1,81,147.52,168.32
shooter101,1,82,147.38,168.43
shooter101,1,83,147.73,169.44
shooter101,1,84,148.01,169.42
shooter101,1,85,146.86,169.59
shooter101,1,86,146.64,169.22
shooter101,1,87,145.39,169.12
shooter101,1,88,146.19,167.84
shooter101,1,89,145.43,167.88
shooter101,1,90,145.52,167.48
shooter101,1,91,145.29,168.02
shooter101,1,92,143.69,168.55
shooter101,1,93,142.77,167.23
shooter101,1,94,142.64,167.52
shooter101,1,95,142.67,166.86
shooter101,1,96,143.28,166.48
shooter101,1,97,141.75,166.4
shooter101,1,98,142.13,165.99
shooter101,1,99,141.27,167.65
shooter101,1,100,140.16,166.43
shooter101,1,101,140.03,167.17
shooter101,1,102,140.3,166.74
shooter101,1,103,139.94,165.64
shooter101,1,104,139.06,165.49
shooter101,1,105,138.25,166.65
shooter101,1,106,138.83,165.45
shooter101,1,107,137.33,166.64
shooter101,1,108,138.46,164.99
shooter101,1,109,136.57,165.96
shooter101,1,110,136.0,166.14
shooter101,1,111,136.39,164.89
shooter101,1,112,136.03,164.88
shooter101,1,113,135.61,166.18
shooter101,1,114,135.06,164.7
shooter101,1,115,135.78,164.95
shooter101,1,116,134.36,164.89
shooter101,1,117,133.95,164.47
shooter101,1,118,133.43,165.46
shooter101,1,119,132.32,165.39
shooter101,1,120,132.98,164.56
shooter101,1,121,131.85,165.43
shooter101,1,122,132.27,164.15
shooter101,1,123,130.69,163.7
shooter101,1,124,132.15,164.81
shooter101,1,125,130.73,165.63
shooter101,1,126,131.18,163.71
shooter101,1,127,129.94,164.04
shooter101,1,128,128.71,164.66
shooter101,2,0,131.41,171.61
shooter101,2,1,131.36,172.53
shooter101,2,2,132.3,172.89
shooter101,2,3,130.78,171.53
shooter101,2,4,131.52,171.89
shooter101,2,5,131.28,171.1
shooter101,2,6,129.61,171.35
shooter101,2,7,129.94,171.15
shooter101,2,8,128.93,170.75
shooter101,2,9,128.36,170.34
shooter101,2,10,128.32,168.89
shooter101,2,11,127.33,169.49
shooter101,2,12,127.64,168.9
shooter101,2,13,127.11,168.31
shooter101,2,14,126.11,166.46
shooter101,2,15,124.19,166.53
shooter101,2,16,123.32,165.74
shooter101,2,17,122.36,164.36
shooter101,2,18,121.16,163.86
shooter101,2,19,121.78,163.51
shooter101,2,20,119.67,163.29
shooter101,2,21,118.27,161.44
shooter101,2,22,118.44,161.77
shooter101,2,23,116.46,160.33
shooter101,2,24,114.62,159.88
shooter101,2,25,113.76,158.41
shooter101,2,26,113.59,157.56
shooter101,2,27,112.75,156.9
shooter101,2,28,110.48,156.62
shooter101,2,29,110.77,154.85
shooter101,2,30,109.52,154.03
shooter101,2,31,108.41,153.29
shooter101,2,32,106.07,152.69
shooter101,2,33,104.65,150.5
shooter101,2,34,105.23,150.55
shooter101,2,35,103.09,149.66
shooter101,2,36,102.72,149.75
shooter101,2,37,102.04,148.13
shooter101,2,38,99.85,147.34
shooter101,2,39,100.27,147.62
shooter101,2,40,99.75,145.92
shooter101,2,41,98.53,144.74
shooter101,2,42,97.2,144.21
shooter101,2,43,97.37,143.41
shooter101,2,44,96.03,142.7
shooter101,2,45,95.87,143.09
shooter101,2,46,95.48,143.34
shooter101,2,47,94.87,142.89
shooter101,2,48,93.53,141.15
shooter101,2,49,92.83,141.94
shooter101,2,50,92.78,141.15
shooter101,2,51,93.08,142.27
shooter101,2,52,92.92,141.15
shooter101,2,53,92.98,141.43
shooter101,2,54,92.78,141.15
shooter101,2,55,93.64,141.56
shooter101,2,56,94.76,141.5
shooter101,2,57,94.84,142.84
shooter101,2,58,97.78,142.67
shooter101,2,59,100.12,145.14
shooter101,2,60,102.74,145.67
shooter101,2,61,105.42,147.7
shooter101,2,62,110.35,149.58
shooter101,2,63,114.71,151.71
shooter101,2,64,118.5,152.11
shooter101,2,65,123.35,154.26
shooter101,2,66,128.04,156.26
shooter101,2,67,131.37,158.38
shooter101,2,68,136.5,161.1
shooter101,2,69,140.62,163.95
shooter101,2,70,145.92,165.88
shooter101,2,71,148.16,166.79
shooter101,2,72,152.51,168.71
shooter101,2,73,156.79,170.67
shooter101,2,74,158.53,172.15
shooter101,2,75,162.0,171.82
shooter101,2,76,163.15,173.36
shooter101,2,77,165.76,174.47
shooter101,2,78,165.95,173.95
shooter101,2,79,165.95,174.47
shooter101,2,80,166.28,174.47
shooter101,2,81,165.2,174.47
shooter101,2,82,165.53,174.47
shooter101,2,83,165.42,174.47
shooter101,2,84,165.56,173.96
shooter101,2,85,163.74,174.04
shooter101,2,86,163.92,174.47
shooter101,2,87,164.69,174.47
shooter101,2,88,164.18,174.32
shooter101,2,89,163.83,174.47
shooter101,2,90,162.74,174.05
shooter101,2,91,163.12,174.47
shooter101,2,92,163.94,173.81
shooter101,2,93,162.06,173.75
shooter101,2,94,151.74,173.29
shooter101,2,95,152.44,173.36
shooter101,2,96,150.25,174.47
shooter101,2,97,151.25,173.75
shooter101,2,98,149.87,173.24
shooter101,2,99,150.68,174.24
shooter101,2,100,150.04,173.76
shooter101,2,101,149.92,172.62
shooter101,2,102,148.18,173.13
shooter101,2,103,148.41,172.77
shooter101,2,104,148.51,173.65
shooter101,2,105,147.04,172.8
shooter101,2,106,146.61,172.3
shooter101,2,107,145.8,172.19
shooter101,2,108,147.27,173.16
shooter101,2,109,146.37,171.95
shooter101,2,110,145.82,173.51
shooter101,2,111,145.64,172.03
shooter101,2,112,144.81,172.84
shooter101,2,113,144.3,172.42
shooter101,2,114,143.85,172.32
shooter101,2,115,143.83,171.49
shooter101,2,116,142.55,172.85
shooter101,2,117,143.53,172.94
shooter101,2,118,142.97,171.08
shooter101,2,119,141.65,171.32
shooter101,2,120,141.71,172.68
shooter101,2,121,140.43,171.87
shooter101,2,122,141.69,170.98
shooter101,2,123,141.16,171.0
shooter101,2,124,140.79,171.82
shooter101,2,125,139.21,171.86
shooter101,2,126,138.49,171.52
shooter101,2,127,138.17,172.14
shooter101,2,128,137.53,171.14
shooter101,2,129,137.19,170.67
shooter101,2,130,136.69,170.94
shooter101,2,131,138.13,170.63
shooter101,2,132,135.9,170.28
shooter101,2,133,135.62,169.85
shooter101,2,134,136.6,170.39
shooter101,2,135,135.71,171.04
shooter101,2,136,135.7,169.58
shooter101,2,137,135.01,170.36
shooter101,2,138,135.11,170.71
shooter101,2,139,134.23,170.59
shooter101,2,140,133.59,170.86
shooter101,2,141,133.58,170.88
shooter101,2,142,132.64,170.64
shooter101,2,143,132.04,169.37
shooter101,2,144,131.89,170.08
shooter101,2,145,130.89,170.3
shooter101,2,146,131.74,169.55
shooter101,2,147,130.27,169.11
shooter101,2,148,129.66,169.45
shooter101,2,149,129.44,169.89
shooter101,2,150,130.23,169.79
shooter101,2,151,128.81,169.3
shooter101,2,152,129.12,170.59
shooter101,2,153,129.06,170.79
shooter101,2,154,127.11,169.33
shooter101,3,0,137.34,167.36
shooter101,3,1,136.89,166.13
shooter101,3,2,137.05,167.89
shooter101,3,3,135.95,166.45
shooter101,3,4,136.77,165.83
shooter101,3,5,134.99,165.76
shooter101,3,6,135.75,165.77
shooter101,3,7,135.35,165.54
shooter101,3,8,133.86,164.72
shooter101,3,9,133.12,164.84
shooter101,3,10,131.82,164.25
shooter101,3,11,132.15,164.17
shooter101,3,12,130.62,163.7
shooter101,3,13,128.77,163.1
shooter101,3,14,127.2,162.53
shooter101,3,15,126.05,161.49
shooter101,3,16,125.24,160.78
shooter101,3,17,124.86,160.52
shooter101,3,18,123.06,161.01
shooter101,3,19,120.62,160.85
shooter101,3,20,120.47,160.08
shooter101,3,21,118.06,158.59
shooter101,3,22,117.54,157.99
shooter101,3,23,114.86,156.91
shooter101,3,24,114.15,157.19
shooter101,3,25,113.31,156.54
shooter101,3,26,110.54,156.08
shooter101,3,27,110.01,155.58
shooter101,3,28,109.22,154.07
shooter101,3,29,106.2,154.17
shooter101,3,30,104.79,153.7
shooter101,3,31,104.71,152.19
shooter101,3,32,102.86,152.95
shooter101,3,33,101.2,150.83
shooter101,3,34,100.95,152.22
shooter101,3,35,100.53,151.39
shooter101,3,36,98.69,149.7
shooter101,3,37,97.97,150.53
shooter101,3,38,98.26,149.38
shooter101,3,39,96.97,150.3
shooter101,3,40,97.06,150.19
shooter101,3,41,95.82,149.68
shooter101,3,42,96.47,150.12
shooter101,3,43,95.62,149.38
shooter101,3,44,95.11,149.38
shooter101,3,45,95.11,149.51
shooter101,3,46,95.39,149.38
shooter101,3,47,95.6,150.47
shooter101,3,48,97.12,150.76
shooter101,3,49,100.24,151.79
shooter101,3,50,101.53,152.74
shooter101,3,51,105.05,154.63
shooter101,3,52,108.22,154.48
shooter101,3,53,112.63,156.85
shooter101,3,54,116.66,157.09
shooter101,3,55,121.17,158.1
shooter101,3,56,125.1,159.67
shooter101,3,57,129.06,160.7
shooter101,3,58,134.64,161.56
shooter101,3,59,138.45,163.18
shooter101,3,60,143.1,163.54
shooter101,3,61,145.82,164.93
shooter101,3,62,149.09,166.24
shooter101,3,63,152.6,166.71
shooter101,3,64,155.59,168.18
shooter101,3,65,157.51,167.56
shooter101,3,66,159.84,168.73
shooter101,3,67,159.88,168.73
shooter101,3,68,160.43,168.73
shooter101,3,69,160.49,168.73
shooter101,3,70,159.21,168.01
shooter101,3,71,160.07,168.73
shooter101,3,72,159.59,168.05
shooter101,3,73,159.61,168.73
shooter101,3,74,158.84,168.73
shooter101,3,75,160.07,168.19
shooter101,3,76,160.26,168.73
shooter101,3,77,158.29,167.85
shooter101,3,78,159.32,168.72
shooter101,3,79,159.51,168.73
shooter101,3,80,158.42,167.65
shooter101,3,81,159.3,168.69
shooter101,3,82,158.85,168.73
shooter101,3,83,147.29,167.55
shooter101,3,84,146.99,168.4
shooter101,3,85,144.71,167.85
shooter101,3,86,145.12,168.61
shooter101,3,87,144.92,167.47
shooter101,3,88,143.72,168.73
shooter101,3,89,143.7,168.73
shooter101,3,90,144.61,167.45
shooter101,3,91,142.26,167.67
shooter101,3,92,142.74,168.14
shooter101,3,93,143.12,168.34
shooter101,3,94,141.68,167.73
shooter101,3,95,141.59,167.09
shooter101,3,96,142.19,166.92
shooter101,3,97,140.78,168.65
shooter101,3,98,139.69,167.49
shooter101,3,99,139.13,168.26
shooter101,3,100,140.52,167.41
shooter101,3,101,138.76,168.22
shooter101,3,102,138.84,166.48
shooter101,3,103,137.61,166.46
shooter101,3,104,137.88,168.01
shooter101,3,105,138.49,167.98
shooter101,3,106,137.23,166.64
shooter101,3,107,137.77,166.64
shooter101,3,108,135.95,166.76
shooter101,3,109,136.04,166.62
shooter101,3,110,136.35,166.09
shooter101,3,111,135.13,167.43
shooter101,3,112,134.39,166.07
shooter101,3,113,135.14,166.9
shooter101,3,114,133.81,165.55
shooter101,3,115,133.69,165.42
shooter101,3,116,134.18,166.58
shooter101,3,117,132.2,165.88
shooter101,3,118,132.03,166.44
shooter101,3,119,131.09,165.25
shooter101,3,120,131.41,166.89
shooter101,3,121,130.63,166.42
shooter101,3,122,131.19,166.61
shooter101,3,123,129.79,165.06
shooter101,3,124,130.38,165.37
shooter101,3,125,129.16,165.4
shooter101,3,126,128.94,165.68
shooter101,3,127,128.53,165.14
shooter101,3,128,128.86,164.61
shooter101,3,129,127.96,165.17
shooter101,3,130,127.35,164.89
shooter101,3,131,127.94,165.11
shooter101,3,132,126.97,164.68
shooter101,3,133,125.86,164.76
shooter101,3,134,126.83,165.45
shooter101,3,135,125.32,164.93
shooter101,3,136,124.31,164.8
shooter101,3,137,124.82,165.14
shooter101,3,138,123.68,165.59
shooter101,3,139,123.51,164.77
shooter101,3,140,124.12,165.16
shooter101,3,141,122.49,165.89
shooter101,3,142,123.44,164.98
shooter101,3,143,123.3,165.73
shooter101,3,144,122.24,165.48
shooter101,3,145,122.05,163.99
shooter101,3,146,121.66,164.72
shooter101,3,147,121.82,165.25
shooter101,3,148,120.11,165.82
shooter101,3,149,119.36,164.76
shooter101,3,150,119.67,164.03
shooter101,4,0,139.26,172.24
shooter101,4,1,138.53,170.6
shooter101,4,2,139.67,170.67
shooter101,4,3,139.0,171.67
shooter101,4,4,138.21,170.14
shooter101,4,5,137.3,171.51
shooter101,4,6,137.07,170.87
shooter101,4,7,137.18,169.22
shooter101,4,8,135.47,170.07
shooter101,4,9,134.46,169.52
shooter101,4,10,135.17,169.29
shooter101,4,11,133.98,168.91
shooter101,4,12,131.82,168.12
shooter101,4,13,130.92,167.26
shooter101,4,14,131.12,166.09
shooter101,4,15,129.39,166.16
shooter101,4,16,127.93,165.98
shooter101,4,17,126.02,164.51
shooter101,4,18,124.66,163.91
shooter101,4,19,122.76,162.67
shooter101,4,20,122.73,162.51
shooter101,4,21,119.93,162.18
shooter101,4,22,118.42,159.69
shooter101,4,23,118.42,158.94
shooter101,4,24,117.41,158.77
shooter101,4,25,115.59,157.82
shooter101,4,26,113.59,157.16
shooter101,4,27,112.22,155.28
shooter101,4,28,110.74,155.17
shooter101,4,29,109.17,154.71
shooter101,4,30,108.25,153.92
shooter101,4,31,106.81,153.28
shooter101,4,32,105.94,152.65
shooter101,4,33,105.38,151.76
shooter101,4,34,104.49,151.36
shooter101,4,35,101.63,150.35
shooter101,4,36,101.29,149.54
shooter101,4,37,100.01,149.07
shooter101,4,38,99.56,147.5
shooter101,4,39,98.72,147.32
shooter101,4,40,97.87,147.35
shooter101,4,41,98.52,147.6
shooter101,4,42,97.55,146.83
shooter101,4,43,98.05,145.31
shooter101,4,44,96.77,146.02
shooter101,4,45,96.77,145.17
shooter101,4,46,96.77,145.88
shooter101,4,47,96.77,145.93
shooter101,4,48,97.15,145.38
shooter101,4,49,99.66,145.17
shooter101,4,50,99.58,145.17
shooter101,4,51,101.41,145.54
shooter101,4,52,104.37,146.96
shooter101,4,53,106.76,147.48
shooter101,4,54,109.77,148.08
shooter101,4,55,112.45,148.98
shooter101,4,56,116.66,149.71
shooter101,4,57,118.77,151.4
shooter101,4,58,122.95,153.13
shooter101,4,59,127.16,155.22
shooter101,4,60,131.22,158.14
shooter101,4,61,133.9,159.08
shooter101,4,62,137.9,160.35
shooter101,4,63,140.39,161.87
shooter101,4,64,143.9,164.06
shooter101,4,65,146.79,166.64
shooter101,4,66,150.95,167.29
shooter101,4,67,152.61,169.44
shooter101,4,68,155.7,170.69
shooter101,4,69,156.23,170.32
shooter101,4,70,159.29,172.12
shooter101,4,71,160.3,172.96
shooter101,4,72,159.45,172.65
shooter101,4,73,160.49,172.96
shooter101,4,74,159.6,172.96
shooter101,4,75,161.18,172.96
shooter101,4,76,159.94,172.96
shooter101,4,77,160.56,172.96
shooter101,4,78,160.31,172.34
shooter101,4,79,161.04,172.96
shooter101,4,80,160.42,172.87
shooter101,4,81,160.44,171.91
shooter101,4,82,161.41,172.96
shooter101,4,83,159.73,172.96
shooter101,4,84,161.08,172.96
shooter101,4,85,159.52,172.26
shooter101,4,86,160.36,171.77
shooter101,4,87,161.17,172.96
shooter101,4,88,160.72,172.96
shooter101,4,89,160.76,172.58
shooter101,4,90,159.91,172.74
shooter101,4,91,146.33,172.33
shooter101,4,92,145.82,172.18
shooter101,4,93,145.73,171.52
shooter101,4,94,145.21,171.41
shooter101,4,95,144.54,171.61
shooter101,4,96,144.1,172.75
shooter101,4,97,143.59,171.3
shooter101,4,98,143.42,171.39
shooter101,4,99,142.59,171.96
shooter101,4,100,143.63,171.22
shooter101,4,101,142.69,171.04
shooter101,4,102,141.36,171.77
shooter101,4,103,142.08,171.3
shooter101,4,104,141.99,171.74
shooter101,4,105,140.37,172.23
shooter101,4,106,139.79,170.63
shooter101,4,107,139.11,172.08
shooter101,4,108,138.78,171.98
shooter101,4,109,139.81,171.75
shooter101,4,110,139.86,171.28
shooter101,4,111,137.58,171.18
shooter101,4,112,138.59,171.14
shooter101,4,113,136.83,171.17
shooter101,4,114,137.47,169.75
shooter101,4,115,137.4,171.56
shooter101,4,116,136.21,170.74
shooter101,4,117,135.11,171.07
shooter101,4,118,135.88,170.19
shooter101,4,119,136.27,169.39
shooter101,4,120,134.41,170.32
shooter101,4,121,133.87,170.26
shooter101,4,122,133.34,170.06
shooter101,4,123,133.8,169.81
shooter101,4,124,133.48,169.57
shooter101,4,125,133.47,170.07
shooter101,4,126,133.0,169.72
shooter101,4,127,132.88,170.86
shooter101,4,128,132.3,169.23
shooter101,4,129,130.78,169.48
shooter101,4,130,131.0,169.39
shooter101,4,131,130.08,169.86
shooter101,4,132,129.75,169.74
shooter101,4,133,130.55,170.0
shooter101,4,134,129.65,170.59
shooter101,4,135,129.84,169.24
shooter101,4,136,128.32,170.04
shooter101,4,137,128.16,168.69
shooter101,4,138,127.66,169.16
shooter101,4,139,126.5,169.55
shooter101,4,140,126.36,168.69
shooter101,5,0,139.25,172.46
shooter101,5,1,138.62,173.38
shooter101,5,2,138.6,172.94
shooter101,5,3,138.46,172.48
shooter101,5,4,138.38,172.0
shooter101,5,5,136.39,172.6
shooter101,5,6,137.37,172.1
shooter101,5,7,134.85,171.26
shooter101,5,8,135.64,171.71
shooter101,5,9,133.2,169.95
shooter101,5,10,132.43,169.34
shooter101,5,11,130.96,169.76
shooter101,5,12,130.67,169.86
shooter101,5,13,129.22,167.81
shooter101,5,14,127.6,167.19
shooter101,5,15,126.83,166.32
shooter101,5,16,125.35,167.09
shooter101,5,17,124.67,165.13
shooter101,5,18,123.48,164.98
shooter101,5,19,121.55,165.25
shooter101,5,20,119.04,162.57
shooter101,5,21,117.93,162.95
shooter101,5,22,117.73,162.15
shooter101,5,23,114.66,162.04
shooter101,5,24,113.92,160.44
shooter101,5,25,113.65,159.88
shooter101,5,26,112.38,158.75
shooter101,5,27,110.07,159.27
shooter101,5,28,109.42,158.76
shooter101,5,29,107.91,156.9
shooter101,5,30,107.49,156.89
shooter101,5,31,105.13,157.4
shooter101,5,32,104.53,155.18
shooter101,5,33,104.74,155.37
shooter101,5,34,103.35,155.53
shooter101,5,35,103.7,154.79
shooter101,5,36,102.67,154.43
shooter101,5,37,103.45,154.6
shooter101,5,38,103.14,154.43
shooter101,5,39,102.44,154.52
shooter101,5,40,103.39,154.43
shooter101,5,41,103.57,154.76
shooter101,5,42,105.95,154.43
shooter101,5,43,107.99,156.67
shooter101,5,44,112.56,156.48
shooter101,5,45,116.25,159.07
shooter101,5,46,120.56,159.89
shooter101,5,47,124.94,162.51
shooter101,5,48,129.68,163.24
shooter101,5,49,132.79,165.11
shooter101,5,50,138.63,167.61
shooter101,5,51,142.06,168.46
shooter101,5,52,145.52,170.47
shooter101,5,53,149.04,172.88
shooter101,5,54,151.24,174.25
shooter101,5,55,153.07,173.59
shooter101,5,56,154.16,175.13
shooter101,5,57,155.08,175.13
shooter101,5,58,154.89,175.13
shooter101,5,59,155.48,175.13
shooter101,5,60,154.78,175.13
shooter101,5,61,154.37,175.13
shooter101,5,62,154.0,175.13
shooter101,5,63,153.88,175.13
shooter101,5,64,153.18,174.24
shooter101,5,65,154.22,174.64
shooter101,5,66,152.79,174.13
shooter101,5,67,153.64,175.13
shooter101,5,68,153.53,174.8
shooter101,5,69,152.98,175.13
shooter101,5,70,141.81,175.13
shooter101,5,71,140.26,175.13
shooter101,5,72,141.04,174.06
shooter101,5,73,140.34,175.13
shooter101,5,74,140.08,175.13
shooter101,5,75,139.41,173.67
shooter101,5,76,139.37,175.02
shooter101,5,77,139.27,174.16
shooter101,5,78,137.72,174.68
shooter101,5,79,138.11,174.35
shooter101,5,80,137.57,173.77
shooter101,5,81,136.59,173.45
shooter101,5,82,137.13,173.34
shooter101,5,83,135.67,173.24
shooter101,5,84,135.61,174.24
shooter101,5,85,134.29,173.59
shooter101,5,86,134.13,173.25
shooter101,5,87,134.96,174.12
shooter101,5,88,133.67,174.04
shooter101,5,89,133.27,173.67
shooter101,5,90,132.57,174.38
shooter101,5,91,132.66,173.21
shooter101,5,92,132.89,174.03
shooter101,5,93,132.67,172.43
shooter101,5,94,130.62,173.69
shooter101,5,95,131.23,174.11
shooter101,5,96,130.61,173.75
shooter101,5,97,130.51,173.15
shooter101,5,98,129.77,173.17
shooter101,5,99,129.28,172.56
shooter101,5,100,129.02,173.14
shooter101,5,101,128.84,173.26
shooter101,5,102,128.28,173.65
shooter101,5,103,127.82,172.58
shooter101,5,104,128.12,171.65
shooter101,5,105,127.57,172.67
shooter101,5,106,126.36,171.66
shooter101,5,107,126.88,171.86
shooter101,5,108,126.59,171.98
shooter101,5,109,124.79,172.73
shooter101,5,110,125.25,171.6
shooter101,5,111,124.25,171.52
shooter101,5,112,124.76,171.24
shooter101,5,113,123.36,172.86
shooter101,5,114,123.82,172.47
shooter101,5,115,122.59,171.14
shooter101,5,116,122.7,171.09
shooter101,5,117,123.18,172.13
shooter101,5,118,121.64,171.56
shooter101,5,119,122.23,172.18
shooter101,5,120,122.05,171.85
shooter101,5,121,121.43,172.82
shooter101,5,122,119.61,171.54
shooter101,6,0,144.78,168.48
shooter101,6,1,144.39,168.48
shooter101,6,2,143.98,168.48
shooter101,6,3,143.47,167.45
shooter101,6,4,141.98,168.28
shooter101,6,5,141.26,167.42
shooter101,6,6,139.5,167.76
shooter101,6,7,139.72,167.05
shooter101,6,8,137.59,166.67
shooter101,6,9,136.04,166.92
shooter101,6,10,133.98,165.78
shooter101,6,11,132.15,165.98
shooter101,6,12,131.07,165.94
shooter101,6,13,128.48,164.48
shooter101,6,14,126.24,165.65
shooter101,6,15,125.74,164.37
shooter101,6,16,123.08,164.56
shooter101,6,17,121.25,163.8
shooter101,6,18,119.59,163.48
shooter101,6,19,118.69,163.08
shooter101,6,20,116.15,163.0
shooter101,6,21,115.6,162.09
shooter101,6,22,114.69,161.07
shooter101,6,23,113.03,160.38
shooter101,6,24,111.65,161.09
shooter101,6,25,111.55,159.84
shooter101,6,26,110.44,159.86
shooter101,6,27,110.1,159.84
shooter101,6,28,110.1,160.14
shooter101,6,29,110.1,159.84
shooter101,6,30,110.12,160.08
shooter101,6,31,111.75,159.84
shooter101,6,32,112.55,160.53
shooter101,6,33,114.87,159.84
shooter101,6,34,117.24,160.33
shooter101,6,35,120.36,160.65
shooter101,6,36,121.2,160.84
shooter101,6,37,125.23,161.64
shooter101,6,38,127.93,161.24
shooter101,6,39,130.2,163.32
shooter101,6,40,133.89,162.14
shooter101,6,41,136.88,164.2
shooter101,6,42,140.31,164.35
shooter101,6,43,143.58,164.26
shooter101,6,44,146.86,165.87
shooter101,6,45,149.97,165.12
shooter101,6,46,151.54,167.04
shooter101,6,47,154.24,167.17
shooter101,6,48,156.18,166.65
shooter101,6,49,158.83,166.95
shooter101,6,50,159.78,168.48
shooter101,6,51,161.22,167.89
shooter101,6,52,161.18,168.48
shooter101,6,53,161.94,168.48
shooter101,6,54,162.71,168.48
shooter101,6,55,160.93,168.03
shooter101,6,56,160.85,168.48
shooter101,6,57,160.77,168.48
shooter101,6,58,162.32,167.61
shooter101,6,59,161.48,168.06
shooter101,6,60,161.35,167.85
shooter101,6,61,161.99,168.13
shooter101,6,62,160.08,168.48
shooter101,6,63,161.73,168.22
shooter101,6,64,160.08,168.37
shooter101,6,65,160.8,167.81
shooter101,6,66,147.78,167.41
shooter101,6,67,147.31,167.61
shooter101,6,68,148.0,168.48
shooter101,6,69,146.04,168.16
shooter101,6,70,147.33,167.65
shooter101,6,71,145.7,168.4
shooter101,6,72,145.84,166.88
shooter101,6,73,146.08,167.19
shooter101,6,74,143.86,167.07
shooter101,6,75,145.19,168.48
shooter101,6,76,144.08,167.86
shooter101,6,77,143.95,167.6
shooter101,6,78,142.44,166.29
shooter101,6,79,142.81,166.56
shooter101,6,80,142.69,167.38
shooter101,6,81,141.85,166.77
shooter101,6,82,140.85,167.77
shooter101,6,83,140.63,167.36
shooter101,6,84,141.45,166.63
shooter101,6,85,139.41,167.14
shooter101,6,86,140.36,167.5
shooter101,6,87,140.54,166.38
shooter101,6,88,138.15,166.65
shooter101,6,89,138.06,167.1
shooter101,6,90,138.69,165.67
shooter101,6,91,137.06,166.85
shooter101,6,92,137.72,165.18
shooter101,6,93,137.51,166.19
shooter101,6,94,136.92,166.36
shooter101,6,95,136.07,165.93
shooter101,6,96,136.33,165.61
shooter101,6,97,135.73,165.76
shooter101,6,98,134.56,164.74
shooter101,6,99,134.87,164.79
shooter101,6,100,135.1,164.81
shooter101,6,101,134.27,165.39
shooter101,6,102,133.48,165.0
shooter101,6,103,132.78,164.53
shooter101,6,104,131.91,165.73
shooter101,6,105,131.83,164.64
shooter101,6,106,130.96,164.72
shooter101,6,107,132.51,164.58
shooter101,6,108,130.58,164.07
shooter101,6,109,131.37,165.11
shooter101,6,110,129.68,164.49
shooter101,6,111,129.51,163.57
shooter101,6,112,129.38,165.42
shooter101,6,113,128.79,165.08
shooter101,6,114,129.34,164.86
shooter101,6,115,129.26,165.11
shooter101,6,116,128.69,165.16
shooter101,6,117,126.85,163.99
shooter101,6,118,127.69,164.52
shooter101,6,119,126.04,164.49
shooter101,6,120,127.17,163.79
shooter101,6,121,125.98,163.69
shooter101,6,122,125.21,163.47
shooter101,6,123,124.45,164.56
shooter101,7,0,156.43,168.47
shooter101,7,1,156.99,168.39
shooter101,7,2,156.58,169.5
shooter101,7,3,156.17,168.75
shooter101,7,4,157.4,169.37
shooter101,7,5,155.46,168.0
shooter101,7,6,156.48,167.47
shooter101,7,7,155.48,168.17
shooter101,7,8,154.56,167.55
shooter101,7,9,153.87,168.23
shooter101,7,10,152.34,168.13
shooter101,7,11,152.07,167.04
shooter101,7,12,150.17,167.74
shooter101,7,13,150.64,166.59
shooter101,7,14,148.29,165.7
shooter101,7,15,147.06,165.79
shooter101,7,16,146.79,164.52
shooter101,7,17,145.47,165.69
shooter101,7,18,143.82,163.9
shooter101,7,19,142.93,163.93
shooter101,7,20,140.71,164.05
shooter101,7,21,140.45,162.61
shooter101,7,22,138.36,162.28
shooter101,7,23,137.09,163.12
shooter101,7,24,135.61,161.48
shooter101,7,25,134.71,161.9
shooter101,7,26,133.5,161.25
shooter101,7,27,132.57,160.65
shooter101,7,28,130.91,160.22
shooter101,7,29,129.83,161.02
shooter101,7,30,129.49,161.07
shooter101,7,31,127.69,159.13
shooter101,7,32,127.91,160.47
shooter101,7,33,127.58,159.47
shooter101,7,34,125.78,159.31
shooter101,7,35,126.05,159.21
shooter101,7,36,123.85,158.99
shooter101,7,37,123.22,159.04
shooter101,7,38,124.15,158.22
shooter101,7,39,123.9,158.19
shooter101,7,40,123.83,157.89
shooter101,7,41,122.95,157.89
shooter101,7,42,122.95,158.23
shooter101,7,43,122.95,157.89
shooter101,7,44,123.44,157.89
shooter101,7,45,124.27,157.89
shooter101,7,46,127.4,158.02
shooter101,7,47,127.39,159.48
shooter101,7,48,131.1,160.16
shooter101,7,49,133.18,160.56
shooter101,7,50,136.05,160.82
shooter101,7,51,138.85,162.5
shooter101,7,52,142.08,163.39
shooter101,7,53,143.71,165.2
shooter101,7,54,146.29,165.99
shooter101,7,55,150.32,166.86
shooter101,7,56,152.52,167.85
shooter101,7,57,154.51,169.72
shooter101,7,58,156.82,170.12
shooter101,7,59,158.96,170.3
shooter101,7,60,159.93,170.83
shooter101,7,61,160.99,170.34
shooter101,7,62,162.76,171.62
shooter101,7,63,162.76,171.62
shooter101,7,64,163.72,171.13
shooter101,7,65,163.67,171.62
shooter101,7,66,162.02,171.62
shooter101,7,67,163.15,170.68
shooter101,7,68,162.92,170.7
shooter101,7,69,163.09,170.6
shooter101,7,70,161.89,171.62
shooter101,7,71,162.07,170.64
shooter101,7,72,161.83,171.62
shooter101,7,73,162.88,171.62
shooter101,7,74,163.64,171.49
shooter101,7,75,163.0,171.59
shooter101,7,76,163.07,170.89
shooter101,7,77,163.6,170.39
shooter101,7,78,162.98,171.62
shooter101,7,79,161.7,170.36
shooter101,7,80,149.49,170.27
shooter101,7,81,148.09,170.66
shooter101,7,82,146.97,170.0
shooter101,7,83,147.57,170.77
shooter101,7,84,148.03,171.25
shooter101,7,85,146.27,171.37
shooter101,7,86,146.34,170.9
shooter101,7,87,145.31,171.31
shooter101,7,88,144.68,170.35
shooter101,7,89,144.32,171.16
shooter101,7,90,145.21,170.39
shooter101,7,91,145.09,169.74
shooter101,7,92,143.25,171.1
shooter101,7,93,143.14,169.68
shooter101,7,94,142.55,169.09
shooter101,7,95,141.81,169.44
shooter101,7,96,142.47,169.6
shooter101,7,97,142.36,169.47
shooter101,7,98,141.86,169.73
shooter101,7,99,140.94,170.36
shooter101,7,100,140.87,169.08
shooter101,7,101,139.55,169.45
shooter101,7,102,139.27,169.0
shooter101,7,103,140.42,169.87
shooter101,7,104,139.68,168.45
shooter101,7,105,139.61,168.25
shooter101,7,106,139.19,168.96
shooter101,7,107,138.26,169.21
shooter101,7,108,138.42,169.37
shooter101,7,109,136.99,168.87
shooter101,7,110,135.77,169.15
shooter101,7,111,135.49,168.3
shooter101,7,112,135.18,167.5
shooter101,7,113,134.75,167.59
shooter101,7,114,134.86,167.35
shooter101,7,115,135.16,167.86
shooter101,7,116,134.94,168.11
shooter101,7,117,134.14,167.76
shooter101,7,118,132.85,168.1
shooter101,7,119,133.66,167.87
shooter101,7,120,132.47,168.2
shooter101,7,121,131.39,168.11
shooter101,7,122,131.52,167.36
shooter101,7,123,131.22,167.35
shooter101,7,124,130.71,167.78
shooter101,7,125,131.38,167.75
shooter101,7,126,130.88,167.14
shooter101,7,127,130.35,167.12
shooter101,7,128,128.84,167.81
shooter101,7,129,129.78,167.68
shooter101,7,130,129.11,166.62
shooter101,7,131,127.75,167.2
shooter101,7,132,128.26,168.07
shooter101,7,133,127.53,166.34
shooter101,7,134,127.04,167.95
shooter101,7,135,125.98,166.55
shooter101,7,136,126.4,167.23
shooter101,7,137,125.16,167.05
shooter101,7,138,124.89,166.22
shooter101,7,139,124.43,168.03
shooter101,8,0,138.97,173.32
shooter101,8,1,140.06,173.61
shooter101,8,2,140.5,174.7
shooter101,8,3,138.44,173.96
shooter101,8,4,139.62,174.54
shooter101,8,5,139.69,173.08
shooter101,8,6,137.61,173.13
shooter101,8,7,137.24,173.21
shooter101,8,8,137.91,173.01
shooter101,8,9,137.26,173.8
shooter101,8,10,135.48,171.76
shooter101,8,11,136.33,172.93
shooter101,8,12,134.98,172.64
shooter101,8,13,134.97,171.67
shooter101,8,14,134.09,170.9
shooter101,8,15,133.09,170.87
shooter101,8,16,131.59,170.02
shooter101,8,17,130.12,170.62
shooter101,8,18,129.65,169.6
shooter101,8,19,127.84,170.02
shooter101,8,20,127.93,168.98
shooter101,8,21,125.83,168.31
shooter101,8,22,125.52,168.26
shooter101,8,23,123.53,167.39
shooter101,8,24,122.94,167.74
shooter101,8,25,121.73,165.85
shooter101,8,26,121.42,166.98
shooter101,8,27,120.68,166.22
shooter101,8,28,118.16,165.88
shooter101,8,29,118.7,164.71
shooter101,8,30,117.69,165.01
shooter101,8,31,115.65,163.55
shooter101,8,32,115.31,164.08
shooter101,8,33,113.85,162.48
shooter101,8,34,112.45,162.47
shooter101,8,35,112.33,162.43
shooter101,8,36,110.62,161.88
shooter101,8,37,111.42,161.74
shooter101,8,38,110.79,162.36
shooter101,8,39,109.91,161.01
shooter101,8,40,108.77,161.79
shooter101,8,41,108.2,160.75
shooter101,8,42,108.55,161.53
shooter101,8,43,106.64,161.47
shooter101,8,44,105.92,160.75
shooter101,8,45,106.59,161.21
shooter101,8,46,105.91,160.75
shooter101,8,47,105.91,161.43
shooter101,8,48,105.91,160.84
shooter101,8,49,105.91,161.41
shooter101,8,50,105.91,162.52
shooter101,8,51,107.06,162.2
shooter101,8,52,108.93,163.98
shooter101,8,53,112.51,163.89
shooter101,8,54,117.17,165.79
shooter101,8,55,120.28,165.35
shooter101,8,56,125.61,166.29
shooter101,8,57,130.71,169.24
shooter101,8,58,134.96,170.02
shooter101,8,59,141.05,171.04
shooter101,8,60,145.74,172.12
shooter101,8,61,150.11,171.95
shooter101,8,62,153.19,172.41
shooter101,8,63,156.88,172.75
shooter101,8,64,161.73,174.01
shooter101,8,65,163.48,173.83
shooter101,8,66,164.69,174.7
shooter101,8,67,164.69,174.7
shooter101,8,68,163.67,173.98
shooter101,8,69,165.15,174.18
shooter101,8,70,164.41,174.08
shooter101,8,71,165.02,174.11
shooter101,8,72,163.39,174.7
shooter101,8,73,163.89,174.27
shooter101,8,74,164.76,174.7
shooter101,8,75,164.78,174.7
shooter101,8,76,164.37,174.7
shooter101,8,77,163.67,174.7
shooter101,8,78,163.63,174.14
shooter101,8,79,164.88,173.68
shooter101,8,80,163.76,173.94
shooter101,8,81,150.58,174.7
shooter101,8,82,150.39,174.42
shooter101,8,83,149.71,173.66
shooter101,8,84,149.6,173.93
shooter101,8,85,148.95,174.62
shooter101,8,86,149.34,174.21
shooter101,8,87,149.11,173.91
shooter101,8,88,148.75,174.47
shooter101,8,89,147.62,173.95
shooter101,8,90,146.97,173.8
shooter101,8,91,147.1,172.79
shooter101,8,92,146.97,172.53
shooter101,8,93,146.02,174.14
shooter101,8,94,145.89,173.3
shooter101,8,95,145.59,172.83
shooter101,8,96,145.04,173.07
shooter101,8,97,144.78,171.9
shooter101,8,98,143.31,173.31
shooter101,8,99,143.49,171.98
shooter101,8,100,143.27,173.04
shooter101,8,101,141.69,172.38
shooter101,8,102,143.0,171.75
shooter101,8,103,142.11,171.14
shooter101,8,104,140.75,172.59
shooter101,8,105,141.72,171.19
shooter101,8,106,141.12,170.82
shooter101,8,107,140.81,172.11
shooter101,8,108,139.67,171.18
shooter101,8,109,140.2,171.14
shooter101,8,110,138.92,170.74
shooter101,8,111,138.83,171.84
shooter101,8,112,137.29,170.6
shooter101,8,113,138.18,170.31
shooter101,8,114,137.93,170.39
shooter101,8,115,137.22,170.07
shooter101,8,116,136.68,170.19
shooter101,8,117,136.91,169.61
shooter101,8,118,136.25,169.65
shooter101,8,119,135.05,170.06
shooter101,8,120,136.01,170.89
shooter101,8,121,135.1,169.14
shooter101,8,122,135.27,169.35
shooter101,8,123,134.83,170.65
shooter101,8,124,134.33,170.52
shooter101,8,125,133.6,170.01
shooter101,8,126,132.91,169.05
shooter101,8,127,131.63,169.33
shooter101,8,128,131.98,168.83
shooter101,8,129,132.02,168.59
shooter101,8,130,131.13,169.03
shooter101,8,131,131.43,169.35
shooter101,8,132,129.51,168.86
shooter101,8,133,129.65,169.3
shooter101,8,134,129.5,168.62
shooter101,8,135,128.95,168.67
shooter101,8,136,127.91,169.51
shooter101,8,137,127.6,169.65
shooter101,8,138,128.57,168.5
shooter101,8,139,127.46,168.97
shooter101,8,140,126.19,168.36
shooter101,8,141,125.72,167.88
shooter101,8,142,126.24,169.24
shooter101,8,143,125.22,168.09
shooter101,8,144,125.9,168.59
shooter101,8,145,125.68,168.71
shooter101,9,0,128.52,165.21
shooter101,9,1,129.11,162.12
shooter101,9,2,129.11,164.46
shooter101,9,3,127.51,164.13
shooter101,9,4,127.2,164.06
shooter101,9,5,126.93,163.63
shooter101,9,6,126.85,165.5
shooter101,9,7,125.52,162.6
shooter101,9,8,125.11,163.68
shooter101,9,9,124.28,163.23
shooter101,9,10,122.87,160.1
shooter101,9,11,122.06,160.04
shooter101,9,12,120.23,160.53
shooter101,9,13,119.0,159.28
shooter101,9,14,117.49,159.42
shooter101,9,15,115.78,159.17
shooter101,9,16,114.38,160.04
shooter101,9,17,113.1,157.33
shooter101,9,18,110.63,160.43
shooter101,9,19,109.42,157.82
shooter101,9,20,107.66,159.04
shooter101,9,21,106.86,154.9
shooter101,9,22,104.6,156.86
shooter101,9,23,104.03,154.58
shooter101,9,24,102.7,157.4
shooter101,9,25,101.84,155.09
shooter101,9,26,99.31,158.43
shooter101,9,27,99.24,154.58
shooter101,9,28,98.46,155.63
shooter101,9,29,98.06,154.58
shooter101,9,30,97.38,155.6
shooter101,9,31,96.22,154.58
shooter101,9,32,95.87,154.58
shooter101,9,33,95.43,154.58
shooter101,9,34,95.43,154.58
shooter101,9,35,95.43,154.58
shooter101,9,36,96.85,157.72
shooter101,9,37,98.19,154.58
shooter101,9,38,99.13,154.58
shooter101,9,39,100.76,158.2
shooter101,9,40,103.21,154.58
shooter101,9,41,107.41,155.8
shooter101,9,42,109.92,158.08
shooter101,9,43,112.57,159.8
shooter101,9,44,117.55,159.15
shooter101,9,45,120.54,158.26
shooter101,9,46,125.86,161.94
shooter101,9,47,128.88,156.96
shooter101,9,48,132.83,163.28
shooter101,9,49,136.75,163.08
shooter101,9,50,141.67,164.18
shooter101,9,51,145.47,160.73
shooter101,9,52,149.81,160.62
shooter101,9,53,152.72,164.28
shooter101,9,54,155.68,163.88
shooter101,9,55,158.38,164.36
shooter101,9,56,160.91,165.5
shooter101,9,57,164.3,165.5
shooter101,9,58,164.42,164.04
shooter101,9,59,167.26,164.75
shooter101,9,60,166.67,163.26
shooter101,9,61,167.26,165.5
shooter101,9,62,166.55,163.36
shooter101,9,63,165.97,165.5
shooter101,9,64,167.23,165.5
shooter101,9,65,166.47,165.5
shooter101,9,66,165.91,164.71
shooter101,9,67,166.36,165.5
shooter101,9,68,166.09,165.5
shooter101,9,69,166.51,165.5
shooter101,9,70,166.35,165.5
shooter101,9,71,165.58,165.5
shooter101,9,72,165.65,165.39
shooter101,9,73,165.4,165.14
shooter101,9,74,164.59,165.5
shooter101,9,75,153.67,164.54
shooter101,9,76,152.02,164.55
shooter101,9,77,152.98,163.96
shooter101,9,78,152.98,165.2
shooter101,9,79,150.83,165.31
shooter101,9,80,151.93,165.5
shooter101,9,81,151.73,164.53
shooter101,9,82,149.91,163.2
shooter101,9,83,150.11,165.5
shooter101,9,84,150.52,163.85
shooter101,9,85,150.18,165.5
shooter101,9,86,148.12,162.9
shooter101,9,87,148.16,164.96
shooter101,9,88,148.46,164.76
shooter101,9,89,147.1,165.5
shooter101,9,90,146.91,162.24
shooter101,9,91,145.91,165.5
shooter101,9,92,145.77,164.46
shooter101,9,93,146.18,164.72
shooter101,9,94,145.97,164.2
shooter101,9,95,145.56,161.29
shooter101,9,96,145.42,163.99
shooter101,9,97,144.29,162.52
shooter101,9,98,143.61,162.92
shooter101,9,99,142.69,164.69
shooter101,9,100,142.67,163.71
shooter101,9,101,142.48,161.22
shooter101,9,102,141.82,161.03
shooter101,9,103,141.1,161.64
shooter101,9,104,140.97,161.6
shooter101,9,105,141.59,164.04
shooter101,9,106,141.12,161.39
shooter101,9,107,141.33,165.5
shooter101,9,108,140.66,161.46
shooter101,9,109,139.8,160.69
shooter101,9,110,138.54,165.33
shooter101,9,111,138.99,161.79
shooter101,9,112,137.58,162.52
shooter101,9,113,137.92,165.5
shooter101,9,114,137.44,165.5
shooter101,9,115,137.12,164.1
shooter101,9,116,136.42,160.17
shooter101,9,117,136.83,163.27
shooter101,9,118,136.74,165.5
shooter101,9,119,136.2,165.3
shooter101,9,120,135.52,160.22
shooter101,9,121,134.94,161.92
shooter101,9,122,133.52,161.4
shooter101,9,123,134.51,160.25
shooter101,9,124,133.75,163.61
shooter101,9,125,132.8,161.06
shooter101,9,126,132.52,161.46
shooter101,9,127,133.33,159.91
shooter101,9,128,132.31,162.34
shooter101,9,129,131.61,160.29
shooter101,9,130,131.5,161.92
shooter101,9,131,130.69,160.17
shooter101,9,132,130.4,165.03
shooter101,9,133,129.64,160.17
shooter101,9,134,129.54,162.43
shooter101,10,0,136.05,170.56
shooter101,10,1,136.5,171.5
shooter101,10,2,137.42,172.14
shooter101,10,3,137.22,171.72
shooter101,10,4,136.88,171.73
shooter101,10,5,135.39,170.71
shooter101,10,6,134.24,170.73
shooter101,10,7,134.18,169.45
shooter101,10,8,133.39,169.8
shooter101,10,9,132.26,169.61
shooter101,10,10,131.66,168.75
shooter101,10,11,131.56,167.85
shooter101,10,12,130.45,168.68
shooter101,10,13,129.19,167.64
shooter101,10,14,129.27,167.05
shooter101,10,15,127.52,166.15
shooter101,10,16,127.44,166.12
shooter101,10,17,125.11,165.3
shooter101,10,18,124.57,164.73
shooter101,10,19,122.71,164.29
shooter101,10,20,122.16,162.48
shooter101,10,21,120.29,163.61
shooter101,10,22,119.12,161.26
shooter101,10,23,118.84,161.34
shooter101,10,24,116.97,160.17
shooter101,10,25,115.63,160.13
shooter101,10,26,116.01,158.98
shooter101,10,27,113.13,159.48
shooter101,10,28,113.1,157.92
shooter101,10,29,112.04,157.78
shooter101,10,30,110.45,156.4
shooter101,10,31,109.92,155.36
shooter101,10,32,108.31,155.58
shooter101,10,33,108.75,155.33
shooter101,10,34,107.0,154.68
shooter101,10,35,106.25,155.23
shooter101,10,36,105.88,154.3
shooter101,10,37,106.51,154.5
shooter101,10,38,105.83,152.76
shooter101,10,39,105.75,153.45
shooter101,10,40,104.86,152.73
shooter101,10,41,104.67,152.63
shooter101,10,42,104.17,153.21
shooter101,10,43,104.17,152.43
shooter101,10,44,104.37,152.85
shooter101,10,45,104.59,152.03
shooter101,10,46,106.03,152.03
shooter101,10,47,107.05,152.73
shooter101,10,48,107.74,152.68
shooter101,10,49,110.1,154.07
shooter101,10,50,112.05,154.5
shooter101,10,51,115.47,153.88
shooter101,10,52,117.12,154.84
shooter101,10,53,120.77,155.71
shooter101,10,54,122.93,157.64
shooter101,10,55,126.59,157.97
shooter101,10,56,128.47,160.47
shooter101,10,57,133.2,161.38
shooter101,10,58,135.47,163.21
shooter101,10,59,138.14,163.37
shooter101,10,60,141.14,165.09
shooter101,10,61,144.11,165.5
shooter101,10,62,147.08,168.19
shooter101,10,63,150.35,167.86
shooter101,10,64,153.18,168.71
shooter101,10,65,154.72,169.82
shooter101,10,66,156.31,171.8
shooter101,10,67,157.64,171.06
shooter101,10,68,159.61,172.6
shooter101,10,69,160.52,173.05
shooter101,10,70,159.94,173.05
shooter101,10,71,160.53,173.05
shooter101,10,72,160.29,172.17
shooter101,10,73,161.08,172.94
shooter101,10,74,161.38,172.43
shooter101,10,75,160.83,173.05
shooter101,10,76,159.72,172.7
shooter101,10,77,160.54,172.86
shooter101,10,78,159.58,172.16
shooter101,10,79,160.89,173.03
shooter101,10,80,146.09,172.23
shooter101,10,81,146.52,173.05
shooter101,10,82,146.55,171.9
shooter101,10,83,144.69,173.05
shooter101,10,84,144.72,173.02
shooter101,10,85,144.82,171.95
shooter101,10,86,143.97,171.55
shooter101,10,87,143.08,172.12
shooter101,10,88,142.39,171.68
shooter101,10,89,142.74,171.74
shooter101,10,90,142.83,172.96
shooter101,10,91,142.28,172.34
shooter101,10,92,141.04,171.4
shooter101,10,93,141.23,172.07
shooter101,10,94,140.67,171.37
shooter101,10,95,140.08,172.72
shooter101,10,96,140.59,170.73
shooter101,10,97,139.35,172.03
shooter101,10,98,139.41,172.0
shooter101,10,99,139.78,170.49
shooter101,10,100,138.61,170.59
shooter101,10,101,138.36,170.9
shooter101,10,102,136.88,171.76
shooter101,10,103,136.69,170.98
shooter101,10,104,136.13,171.11
shooter101,10,105,137.06,171.25
shooter101,10,106,136.8,171.22
shooter101,10,107,135.1,170.4
shooter101,10,108,134.77,170.35
shooter101,10,109,134.58,170.65
shooter101,10,110,134.71,169.63
shooter101,10,111,134.37,170.7
shooter101,10,112,134.1,168.91
shooter101,10,113,134.14,169.15
shooter101,10,114,132.52,170.24
shooter101,10,115,132.85,169.21
shooter101,10,116,132.25,168.72
shooter101,10,117,131.34,168.68
shooter101,10,118,132.14,169.26
shooter101,10,119,130.12,169.79
shooter101,10,120,130.95,168.13
shooter101,10,121,130.59,167.95
shooter101,10,122,130.56,168.72
shooter101,10,123,129.37,169.61
shooter101,10,124,128.57,168.16
shooter101,10,125,129.19,169.43
shooter101,10,126,128.67,169.2
shooter101,10,127,127.73,167.9
shooter101,10,128,127.87,168.89
shooter101,10,129,126.47,168.55
shooter101,10,130,126.71,168.13
shooter101,10,131,126.86,167.88
shooter101,10,132,125.37,168.6
shooter101,10,133,125.3,168.49
shooter101,10,134,125.83,168.36
shooter101,10,135,125.13,168.79
shooter101,10,136,124.9,167.7
shooter101,10,137,123.5,168.31
shooter101,10,138,124.32,168.38
shooter101,10,139,122.24,167.05
shooter101,10,140,122.57,166.67
shooter101,10,141,122.09,167.37
shooter101,10,142,122.33,168.26
shooter101,10,143,122.15,167.1
shooter101,10,144,121.39,167.91
shooter101,10,145,120.78,166.52
shooter101,10,146,119.98,167.21
shooter102,1,0,140.39,174.11
shooter102,1,1,139.06,174.58
shooter102,1,2,140.38,173.22
shooter102,1,3,141.88,173.06
shooter102,1,4,137.71,172.69
shooter102,1,5,135.32,171.67
shooter102,1,6,135.56,171.61
shooter102,1,7,137.61,172.03
shooter102,1,8,135.76,171.3
shooter102,1,9,138.68,168.79
shooter102,1,10,136.07,168.49
shooter102,1,11,134.64,167.24
shooter102,1,12,135.45,166.29
shooter102,1,13,131.3,165.16
shooter102,1,14,133.7,162.77
shooter102,1,15,127.79,163.01
shooter102,1,16,130.43,161.81
shooter102,1,17,131.22,159.65
shooter102,1,18,129.21,158.09
shooter102,1,19,128.44,156.21
shooter102,1,20,124.52,154.17
shooter102,1,21,125.88,152.11
shooter102,1,22,123.02,151.27
shooter102,1,23,122.2,148.46
shooter102,1,24,117.61,148.28
shooter102,1,25,117.24,145.73
shooter102,1,26,118.12,143.97
shooter102,1,27,113.96,142.07
shooter102,1,28,116.87,141.64
shooter102,1,29,116.3,138.36
shooter102,1,30,115.65,136.66
shooter102,1,31,109.64,135.07
shooter102,1,32,113.61,134.49
shooter102,1,33,107.37,133.63
shooter102,1,34,108.84,130.66
shooter102,1,35,110.13,130.6
shooter102,1,36,104.65,128.02
shooter102,1,37,103.55,127.5
shooter102,1,38,102.86,125.11
shooter102,1,39,105.12,124.94
shooter102,1,40,106.33,124.26
shooter102,1,41,102.48,123.11
shooter102,1,42,102.48,121.71
shooter102,1,43,103.54,122.19
shooter102,1,44,102.48,121.87
shooter102,1,45,104.03,120.35
shooter102,1,46,105.22,120.31
shooter102,1,47,102.48,120.34
shooter102,1,48,104.88,119.54
shooter102,1,49,103.13,119.54
shooter102,1,50,105.67,119.54
shooter102,1,51,102.69,120.7
shooter102,1,52,103.17,120.12
shooter102,1,53,108.1,121.52
shooter102,1,54,106.1,123.33
shooter102,1,55,112.97,124.89
shooter102,1,56,113.79,127.38
shooter102,1,57,117.54,129.72
shooter102,1,58,116.05,130.2
shooter102,1,59,119.55,132.97
shooter102,1,60,123.65,135.73
shooter102,1,61,123.31,138.69
shooter102,1,62,127.8,141.53
shooter102,1,63,131.23,145.12
shooter102,1,64,135.87,147.86
shooter102,1,65,137.16,149.26
shooter102,1,66,136.05,153.0
shooter102,1,67,140.76,156.13
shooter102,1,68,143.9,158.53
shooter102,1,69,143.59,160.46
shooter102,1,70,147.49,163.44
shooter102,1,71,148.62,165.72
shooter102,1,72,149.46,167.33
shooter102,1,73,153.45,170.3
shooter102,1,74,152.77,171.01
shooter102,1,75,156.49,172.87
shooter102,1,76,154.88,173.76
shooter102,1,77,158.06,175.09
shooter102,1,78,156.1,174.18
shooter102,1,79,158.06,175.09
shooter102,1,80,155.13,174.69
shooter102,1,81,158.01,174.93
shooter102,1,82,156.71,174.64
shooter102,1,83,156.06,175.09
shooter102,1,84,157.45,174.46
shooter102,1,85,159.58,174.08
shooter102,1,86,159.93,174.68
shooter102,1,87,156.17,175.09
shooter102,1,88,155.19,175.09
shooter102,1,89,158.49,175.07
shooter102,1,90,157.57,174.62
shooter102,1,91,155.2,174.85
shooter102,1,92,158.47,174.65
shooter102,1,93,156.93,173.64
shooter102,1,94,157.65,174.14
shooter102,1,95,155.79,174.45
shooter102,1,96,156.18,173.4
shooter102,1,97,154.54,173.93
shooter102,1,98,145.6,173.43
shooter102,1,99,141.6,173.32
shooter102,1,100,144.93,172.34
shooter102,1,101,144.65,173.33
shooter102,1,102,143.94,173.56
shooter102,1,103,139.18,171.94
shooter102,1,104,140.3,172.22
shooter102,1,105,141.07,171.42
shooter102,1,106,141.43,171.21
shooter102,1,107,142.98,172.96
shooter102,1,108,139.31,171.8
shooter102,1,109,141.91,171.35
shooter102,1,110,137.24,171.02
shooter102,1,111,138.09,172.27
shooter102,1,112,135.77,170.65
shooter102,1,113,139.51,171.44
shooter102,1,114,135.56,170.4
shooter102,1,115,135.8,169.82
shooter102,1,116,138.51,170.9
shooter102,1,117,136.67,169.4
shooter102,1,118,133.14,170.61
shooter102,1,119,132.67,169.63
shooter102,1,120,135.32,170.5
shooter102,1,121,133.69,170.44
shooter102,1,122,132.54,170.24
shooter102,1,123,134.74,168.74
shooter102,1,124,132.03,170.01
shooter102,1,125,133.81,170.5
shooter102,1,126,132.14,168.94
shooter102,1,127,130.58,168.94
shooter102,1,128,129.89,169.96
shooter102,1,129,130.08,168.61
shooter102,1,130,128.44,169.58
shooter102,1,131,129.71,169.74
shooter102,1,132,132.87,168.29
shooter102,1,133,132.05,169.32
shooter102,2,0,105.68,174.99
shooter102,2,1,105.76,174.38
shooter102,2,2,105.91,174.45
shooter102,2,3,105.11,174.87
shooter102,2,4,105.05,173.11
shooter102,2,5,104.19,173.0
shooter102,2,6,104.61,172.56
shooter102,2,7,103.61,170.71
shooter102,2,8,103.56,168.61
shooter102,2,9,101.68,167.4
shooter102,2,10,101.55,166.24
shooter102,2,11,101.32,164.29
shooter102,2,12,99.51,161.66
shooter102,2,13,98.73,160.24
shooter102,2,14,99.43,158.3
shooter102,2,15,97.46,155.54
shooter102,2,16,96.05,153.95
shooter102,2,17,95.41,150.52
shooter102,2,18,94.59,148.67
shooter102,2,19,94.06,147.19
shooter102,2,20,93.68,143.67
shooter102,2,21,92.82,141.93
shooter102,2,22,91.16,139.12
shooter102,2,23,90.27,136.55
shooter102,2,24,88.54,135.41
shooter102,2,25,88.65,131.98
shooter102,2,26,86.44,129.55
shooter102,2,27,85.31,128.78
shooter102,2,28,86.16,126.43
shooter102,2,29,85.11,124.39
shooter102,2,30,83.19,121.34
shooter102,2,31,83.18,119.85
shooter102,2,32,82.06,119.36
shooter102,2,33,81.13,117.15
shooter102,2,34,80.47,115.99
shooter102,2,35,79.64,116.08
shooter102,2,36,80.0,114.25
shooter102,2,37,79.4,113.16
shooter102,2,38,79.2,113.16
shooter102,2,39,78.59,113.16
shooter102,2,40,79.62,113.16
shooter102,2,41,78.9,114.05
shooter102,2,42,78.59,113.16
shooter102,2,43,78.59,113.91
shooter102,2,44,79.85,115.61
shooter102,2,45,81.56,116.6
shooter102,2,46,82.26,118.42
shooter102,2,47,84.19,121.14
shooter102,2,48,86.97,122.46
shooter102,2,49,90.04,124.48
shooter102,2,50,93.82,128.11
shooter102,2,51,97.34,128.91
shooter102,2,52,101.3,133.43
shooter102,2,53,106.38,135.47
shooter102,2,54,109.71,138.47
shooter102,2,55,114.97,142.36
shooter102,2,56,120.46,144.61
shooter102,2,57,124.28,147.55
shooter102,2,58,129.21,150.27
shooter102,2,59,133.96,154.04
shooter102,2,60,138.25,156.76
shooter102,2,61,143.72,158.84
shooter102,2,62,147.17,162.48
shooter102,2,63,151.71,164.83
shooter102,2,64,156.92,166.62
shooter102,2,65,160.2,167.9
shooter102,2,66,161.84,170.63
shooter102,2,67,164.67,171.33
shooter102,2,68,167.18,172.79
shooter102,2,69,169.68,174.54
shooter102,2,70,170.85,174.59
shooter102,2,71,170.26,175.43
shooter102,2,72,171.26,176.03
shooter102,2,73,170.98,175.64
shooter102,2,74,171.77,176.03
shooter102,2,75,171.69,176.03
shooter102,2,76,170.02,176.03
shooter102,2,77,170.84,176.03
shooter102,2,78,169.89,176.03
shooter102,2,79,170.84,175.51
shooter102,2,80,171.19,176.03
shooter102,2,81,170.15,175.05
shooter102,2,82,169.3,176.03
shooter102,2,83,170.18,175.63
shooter102,2,84,169.72,174.62
shooter102,2,85,170.41,175.06
shooter102,2,86,169.36,176.03
shooter102,2,87,170.32,174.98
shooter102,2,88,169.0,174.62
shooter102,2,89,168.65,174.55
shooter102,2,90,168.84,175.04
shooter102,2,91,156.33,175.67
shooter102,2,92,156.42,175.4
shooter102,2,93,156.78,174.66
shooter102,2,94,155.34,174.1
shooter102,2,95,154.88,173.67
shooter102,2,96,154.52,174.4
shooter102,2,97,154.02,175.0
shooter102,2,98,155.21,174.72
shooter102,2,99,154.95,173.97
shooter102,2,100,152.75,174.24
shooter102,2,101,153.78,173.82
shooter102,2,102,153.33,174.0
shooter102,2,103,153.45,173.78
shooter102,2,104,151.76,174.01
shooter102,2,105,151.23,173.56
shooter102,2,106,151.17,174.34
shooter102,2,107,151.57,173.22
shooter102,2,108,150.92,172.31
shooter102,2,109,150.0,172.67
shooter102,2,110,149.15,173.12
shooter102,2,111,149.71,173.13
shooter102,2,112,149.57,173.08
shooter102,2,113,148.26,173.34
shooter102,2,114,148.4,172.4
shooter102,2,115,147.46,173.13
shooter102,2,116,147.22,173.16
shooter102,2,117,146.91,172.54
shooter102,2,118,147.01,172.48
shooter102,2,119,147.02,172.01
shooter102,2,120,145.55,172.45
shooter102,2,121,144.94,173.18
shooter102,2,122,144.61,173.42
shooter102,2,123,143.73,172.78
shooter102,3,0,131.84,176.14
shooter102,3,1,132.07,177.23
shooter102,3,2,131.77,176.97
shooter102,3,3,131.2,175.41
shooter102,3,4,130.35,175.27
shooter102,3,5,130.71,175.59
shooter102,3,6,128.86,174.04
shooter102,3,7,129.19,172.58
shooter102,3,8,126.97,171.42
shooter102,3,9,126.83,169.49
shooter102,3,10,125.68,169.16
shooter102,3,11,122.91,167.7
shooter102,3,12,121.33,165.92
shooter102,3,13,121.48,162.68
shooter102,3,14,118.86,160.91
shooter102,3,15,117.49,158.59
shooter102,3,16,114.53,156.81
shooter102,3,17,113.26,154.76
shooter102,3,18,111.91,153.23
shooter102,3,19,110.87,150.2
shooter102,3,20,107.84,149.53
shooter102,3,21,107.06,145.79
shooter102,3,22,105.09,143.53
shooter102,3,23,102.29,143.21
shooter102,3,24,101.0,140.96
shooter102,3,25,99.31,138.4
shooter102,3,26,98.23,137.11
shooter102,3,27,97.2,134.7
shooter102,3,28,95.5,133.05
shooter102,3,29,93.92,132.24
shooter102,3,30,93.75,130.74
shooter102,3,31,92.58,130.14
shooter102,3,32,91.64,128.38
shooter102,3,33,91.03,128.47
shooter102,3,34,89.84,128.06
shooter102,3,35,90.38,126.71
shooter102,3,36,89.71,126.71
shooter102,3,37,89.71,126.71
shooter102,3,38,89.71,127.42
shooter102,3,39,90.89,127.66
shooter102,3,40,92.12,128.56
shooter102,3,41,93.29,129.06
shooter102,3,42,96.46,130.13
shooter102,3,43,98.99,132.39
shooter102,3,44,100.46,133.66
shooter102,3,45,104.93,136.85
shooter102,3,46,107.92,138.15
shooter102,3,47,113.0,140.86
shooter102,3,48,115.53,143.96
shooter102,3,49,119.88,146.7
shooter102,3,50,124.56,149.77
shooter102,3,51,128.62,152.32
shooter102,3,52,133.88,156.17
shooter102,3,53,137.81,158.86
shooter102,3,54,141.53,161.71
shooter102,3,55,146.18,163.88
shooter102,3,56,150.81,166.41
shooter102,3,57,154.22,168.72
shooter102,3,58,156.92,170.52
shooter102,3,59,159.45,172.22
shooter102,3,60,161.78,174.43
shooter102,3,61,165.32,174.69
shooter102,3,62,166.67,175.76
shooter102,3,63,167.62,178.19
shooter102,3,64,168.46,177.12
shooter102,3,65,168.46,178.19
shooter102,3,66,168.73,178.19
shooter102,3,67,167.71,177.57
shooter102,3,68,167.43,178.19
shooter102,3,69,168.03,177.52
shooter102,3,70,167.78,178.19
shooter102,3,71,168.8,178.19
shooter102,3,72,167.47,177.51
shooter102,3,73,168.36,177.28
shooter102,3,74,168.14,177.56
shooter102,3,75,167.89,177.66
shooter102,3,76,168.3,177.29
shooter102,3,77,167.18,178.19
shooter102,3,78,167.06,177.1
shooter102,3,79,166.51,178.19
shooter102,3,80,154.01,176.79
shooter102,3,81,154.82,178.19
shooter102,3,82,153.61,176.73
shooter102,3,83,152.94,177.03
shooter102,3,84,152.29,177.2
shooter102,3,85,152.43,176.21
shooter102,3,86,152.49,177.49
shooter102,3,87,151.23,176.29
shooter102,3,88,151.78,176.73
shooter102,3,89,151.12,176.61
shooter102,3,90,151.04,176.59
shooter102,3,91,149.56,175.38
shooter102,3,92,149.92,175.48
shooter102,3,93,148.57,175.34
shooter102,3,94,148.59,175.5
shooter102,3,95,148.91,175.06
shooter102,3,96,148.32,176.49
shooter102,3,97,147.04,175.55
shooter102,3,98,147.98,175.65
shooter102,3,99,145.97,175.0
shooter102,3,100,146.65,174.71
shooter102,3,101,147.03,175.05
shooter102,3,102,145.72,174.52
shooter102,3,103,145.86,174.51
shooter102,3,104,145.05,174.62
shooter102,3,105,145.03,174.62
shooter102,3,106,144.37,175.47
shooter102,3,107,144.04,173.85
shooter102,3,108,142.72,174.29
shooter102,3,109,143.34,173.53
shooter102,3,110,141.94,173.84
shooter102,3,111,143.02,174.5
shooter102,3,112,141.12,173.34
shooter102,3,113,140.73,174.09
shooter102,3,114,141.58,173.7
shooter102,3,115,139.95,172.91
shooter102,3,116,139.78,174.63
shooter102,3,117,140.09,173.55
shooter102,3,118,138.58,174.25
shooter102,3,119,138.18,173.49
shooter102,3,120,138.43,174.5
shooter102,3,121,137.55,173.19
shooter102,3,122,137.13,173.43
shooter102,3,123,136.28,174.12
shooter102,4,0,119.9,173.68
shooter102,4,1,119.12,173.94
shooter102,4,2,118.48,173.8
shooter102,4,3,118.61,173.45
shooter102,4,4,118.88,173.47
shooter102,4,5,119.32,173.38
shooter102,4,6,117.73,172.51
shooter102,4,7,118.31,171.21
shooter102,4,8,118.24,170.24
shooter102,4,9,118.21,170.8
shooter102,4,10,116.14,169.16
shooter102,4,11,117.29,167.27
shooter102,4,12,116.13,166.53
shooter102,4,13,115.91,166.42
shooter102,4,14,113.91,165.03
shooter102,4,15,114.2,163.93
shooter102,4,16,113.79,161.98
shooter102,4,17,112.5,160.15
shooter102,4,18,112.05,158.65
shooter102,4,19,111.59,156.62
shooter102,4,20,110.85,155.94
shooter102,4,21,109.08,154.18
shooter102,4,22,109.12,151.67
shooter102,4,23,107.9,151.46
shooter102,4,24,108.53,148.75
shooter102,4,25,107.86,146.43
shooter102,4,26,105.73,145.31
shooter102,4,27,104.69,144.73
shooter102,4,28,104.0,143.17
shooter102,4,29,103.75,140.69
shooter102,4,30,103.78,140.03
shooter102,4,31,102.29,138.31
shooter102,4,32,100.67,136.69
shooter102,4,33,99.92,135.29
shooter102,4,34,99.61,132.93
shooter102,4,35,100.17,132.33
shooter102,4,36,99.09,130.69
shooter102,4,37,98.36,129.77
shooter102,4,38,97.3,127.55
shooter102,4,39,97.97,127.61
shooter102,4,40,96.26,127.1
shooter102,4,41,96.8,124.92
shooter102,4,42,96.49,125.51
shooter102,4,43,95.27,123.61
shooter102,4,44,95.74,122.68
shooter102,4,45,94.2,122.02
shooter102,4,46,94.71,122.99
shooter102,4,47,93.79,122.27
shooter102,4,48,93.95,121.94
shooter102,4,49,93.79,121.94
shooter102,4,50,93.79,121.94
shooter102,4,51,93.79,122.51
shooter102,4,52,93.79,124.17
shooter102,4,53,95.07,124.94
shooter102,4,54,96.17,126.59
shooter102,4,55,97.75,127.97
shooter102,4,56,101.5,130.8
shooter102,4,57,104.23,131.55
shooter102,4,58,105.85,134.05
shooter102,4,59,110.04,136.35
shooter102,4,60,114.43,140.06
shooter102,4,61,118.79,143.07
shooter102,4,62,122.44,146.27
shooter102,4,63,127.71,148.5
shooter102,4,64,131.05,150.87
shooter102,4,65,136.05,155.08
shooter102,4,66,141.33,158.71
shooter102,4,67,145.53,160.09
shooter102,4,68,150.14,162.5
shooter102,4,69,152.49,165.16
shooter102,4,70,156.35,167.69
shooter102,4,71,159.35,169.36
shooter102,4,72,162.47,171.29
shooter102,4,73,164.46,173.33
shooter102,4,74,167.35,173.9
shooter102,4,75,168.76,174.84
shooter102,4,76,169.81,174.63
shooter102,4,77,169.81,175.72
shooter102,4,78,168.68,175.53
shooter102,4,79,169.89,175.36
shooter102,4,80,168.52,174.85
shooter102,4,81,170.02,175.72
shooter102,4,82,168.2,175.72
shooter102,4,83,169.08,174.64
shooter102,4,84,169.68,174.79
shooter102,4,85,168.9,174.72
shooter102,4,86,168.84,175.56
shooter102,4,87,168.86,175.72
shooter102,4,88,167.61,175.06
shooter102,4,89,168.58,174.77
shooter102,4,90,168.86,175.51
shooter102,4,91,168.92,175.35
shooter102,4,92,155.7,174.24
shooter102,4,93,155.1,173.95
shooter102,4,94,155.52,174.21
shooter102,4,95,154.7,174.91
shooter102,4,96,153.72,174.61
shooter102,4,97,153.15,174.4
shooter102,4,98,152.75,174.58
shooter102,4,99,152.93,173.32
shooter102,4,100,151.95,173.29
shooter102,4,101,151.25,172.54
shooter102,4,102,150.91,174.03
shooter102,4,103,152.27,173.3
shooter102,4,104,150.16,172.57
shooter102,4,105,149.76,171.95
shooter102,4,106,150.11,173.09
shooter102,4,107,149.3,172.98
shooter102,4,108,150.34,172.65
shooter102,4,109,149.83,171.57
shooter102,4,110,148.42,172.83
shooter102,4,111,148.11,172.35
shooter102,4,112,147.56,172.01
shooter102,4,113,146.49,171.85
shooter102,4,114,146.6,172.21
shooter102,4,115,145.86,172.12
shooter102,4,116,145.41,171.31
shooter102,4,117,145.93,170.83
shooter102,4,118,144.61,170.59
shooter102,4,119,144.22,171.39
shooter102,4,120,144.57,170.93
shooter102,4,121,144.09,169.69
shooter102,4,122,143.09,169.72
shooter102,4,123,142.42,171.14
shooter102,4,124,142.4,171.03
shooter102,4,125,142.08,171.09
shooter102,4,126,142.81,169.97
shooter102,4,127,142.64,170.63
shooter102,4,128,141.22,170.67
shooter102,4,129,140.82,169.6
shooter102,4,130,141.03,169.23
shooter102,4,131,140.46,170.91
shooter102,4,132,139.18,168.96
shooter102,4,133,138.63,170.09
shooter102,5,0,119.93,174.69
shooter102,5,1,118.52,174.56
shooter102,5,2,118.67,173.93
shooter102,5,3,119.1,175.11
shooter102,5,4,119.9,174.16
shooter102,5,5,118.99,173.94
shooter102,5,6,118.42,173.12
shooter102,5,7,119.34,172.33
shooter102,5,8,118.01,171.36
shooter102,5,9,117.62,171.34
shooter102,5,10,117.2,170.33
shooter102,5,11,116.59,170.59
shooter102,5,12,116.18,170.25
shooter102,5,13,116.43,168.26
shooter102,5,14,114.63,167.43
shooter102,5,15,115.38,167.16
shooter102,5,16,113.86,165.12
shooter102,5,17,113.63,165.64
shooter102,5,18,112.54,163.42
shooter102,5,19,112.72,161.77
shooter102,5,20,112.41,160.74
shooter102,5,21,110.98,161.05
shooter102,5,22,109.9,158.44
shooter102,5,23,109.31,158.01
shooter102,5,24,109.77,155.7
shooter102,5,25,107.93,154.46
shooter102,5,26,108.2,154.5
shooter102,5,27,106.55,151.69
shooter102,5,28,105.51,150.07
shooter102,5,29,105.82,149.67
shooter102,5,30,104.53,149.02
shooter102,5,31,102.89,146.58
shooter102,5,32,103.99,144.81
shooter102,5,33,101.61,145.16
shooter102,5,34,101.27,143.2
shooter102,5,35,100.59,142.22
shooter102,5,36,100.08,140.7
shooter102,5,37,99.96,139.3
shooter102,5,38,97.7,137.41
shooter102,5,39,98.87,136.05
shooter102,5,40,97.64,135.63
shooter102,5,41,97.61,134.46
shooter102,5,42,96.73,133.8
shooter102,5,43,96.36,131.95
shooter102,5,44,95.14,130.36
shooter102,5,45,94.12,129.75
shooter102,5,46,93.79,129.06
shooter102,5,47,93.74,127.79
shooter102,5,48,92.84,127.69
shooter102,5,49,93.05,126.5
shooter102,5,50,91.39,124.63
shooter102,5,51,92.54,125.09
shooter102,5,52,90.99,124.63
shooter102,5,53,92.21,124.67
shooter102,5,54,90.59,123.21
shooter102,5,55,90.59,123.14
shooter102,5,56,91.4,122.62
shooter102,5,57,91.31,122.49
shooter102,5,58,91.09,122.1
shooter102,5,59,90.59,122.93
shooter102,5,60,90.59,122.1
shooter102,5,61,92.04,122.34
shooter102,5,62,92.08,122.8
shooter102,5,63,93.81,122.54
shooter102,5,64,95.36,124.63
shooter102,5,65,96.56,125.58
shooter102,5,66,100.11,127.68
shooter102,5,67,103.17,128.13
shooter102,5,68,105.0,131.46
shooter102,5,69,109.75,132.81
shooter102,5,70,112.39,135.91
shooter102,5,71,115.3,138.38
shooter102,5,72,119.99,140.22
shooter102,5,73,122.93,143.38
shooter102,5,74,126.59,146.97
shooter102,5,75,131.77,149.33
shooter102,5,76,134.53,151.08
shooter102,5,77,138.38,154.62
shooter102,5,78,143.4,157.09
shooter102,5,79,145.65,160.39
shooter102,5,80,150.59,162.86
shooter102,5,81,153.8,164.02
shooter102,5,82,155.47,167.42
shooter102,5,83,158.94,169.67
shooter102,5,84,160.5,171.52
shooter102,5,85,163.65,171.64
shooter102,5,86,164.25,173.41
shooter102,5,87,167.38,174.66
shooter102,5,88,166.89,174.91
shooter102,5,89,168.27,175.83
shooter102,5,90,168.27,176.14
shooter102,5,91,167.65,175.36
shooter102,5,92,168.1,176.14
shooter102,5,93,168.31,175.63
shooter102,5,94,169.12,176.14
shooter102,5,95,167.14,175.15
shooter102,5,96,167.06,176.14
shooter102,5,97,167.72,175.75
shooter102,5,98,167.72,176.14
shooter102,5,99,168.72,176.14
shooter102,5,100,168.74,175.55
shooter102,5,101,168.64,175.97
shooter102,5,102,167.13,175.11
shooter102,5,103,167.63,175.73
shooter102,5,104,168.26,174.64
shooter102,5,105,167.36,175.26
shooter102,5,106,168.03,174.65
shooter102,5,107,167.14,175.95
shooter102,5,108,167.27,174.97
shooter102,5,109,168.31,175.14
shooter102,5,110,167.06,174.57
shooter102,5,111,155.2,174.3
shooter102,5,112,153.48,174.01
shooter102,5,113,152.52,175.3
shooter102,5,114,152.58,174.94
shooter102,5,115,152.01,173.47
shooter102,5,116,152.28,174.56
shooter102,5,117,151.1,173.77
shooter102,5,118,151.72,172.82
shooter102,5,119,151.82,173.71
shooter102,5,120,150.4,172.77
shooter102,5,121,149.61,172.78
shooter102,5,122,149.67,173.61
shooter102,5,123,150.04,172.59
shooter102,5,124,149.25,173.71
shooter102,5,125,147.87,173.1
shooter102,5,126,148.34,173.3
shooter102,5,127,147.81,172.73
shooter102,5,128,147.12,173.09
shooter102,5,129,146.29,171.94
shooter102,5,130,147.63,172.18
shooter102,5,131,145.62,171.98
shooter102,5,132,145.26,172.62
shooter102,5,133,144.76,171.02
shooter102,5,134,145.21,171.72
shooter102,5,135,144.56,171.95
shooter102,5,136,143.77,171.06
shooter102,5,137,143.73,171.95
shooter102,5,138,143.82,170.85
shooter102,5,139,142.63,170.35
shooter102,5,140,143.5,171.07
shooter102,5,141,141.88,170.65
shooter102,5,142,141.27,169.75
shooter102,5,143,142.38,169.78
shooter102,5,144,141.69,169.95
shooter102,5,145,140.36,171.03
shooter102,5,146,140.95,171.21
shooter102,5,147,139.91,170.46
shooter102,5,148,139.16,169.53
shooter102,5,149,139.75,170.34
shooter102,5,150,139.17,170.95
shooter102,5,151,137.87,170.7
shooter102,5,152,138.08,169.76
shooter102,5,153,137.21,169.41
shooter102,5,154,136.07,170.95
shooter102,5,155,137.59,170.86
shooter102,6,0,118.28,172.8
shooter102,6,1,119.09,172.51
shooter102,6,2,118.32,171.33
shooter102,6,3,116.87,172.45
shooter102,6,4,116.67,171.12
shooter102,6,5,117.41,170.26
shooter102,6,6,117.14,168.77
shooter102,6,7,114.63,168.03
shooter102,6,8,113.82,166.7
shooter102,6,9,114.24,165.2
shooter102,6,10,111.84,164.28
shooter102,6,11,110.78,162.43
shooter102,6,12,111.27,161.55
shooter102,6,13,109.87,159.81
shooter102,6,14,108.76,156.45
shooter102,6,15,106.96,154.22
shooter102,6,16,104.93,153.54
shooter102,6,17,104.69,151.86
shooter102,6,18,102.04,149.48
shooter102,6,19,100.54,145.66
shooter102,6,20,100.29,143.98
shooter102,6,21,98.42,141.44
shooter102,6,22,97.39,140.9
shooter102,6,23,94.48,138.37
shooter102,6,24,94.66,136.24
shooter102,6,25,92.61,134.4
shooter102,6,26,91.39,131.96
shooter102,6,27,90.6,130.92
shooter102,6,28,88.31,128.14
shooter102,6,29,87.84,127.86
shooter102,6,30,86.61,126.66
shooter102,6,31,85.91,125.29
shooter102,6,32,85.22,123.51
shooter102,6,33,83.97,123.56
shooter102,6,34,82.03,122.56
shooter102,6,35,81.65,120.78
shooter102,6,36,82.68,120.73
shooter102,6,37,82.31,121.09
shooter102,6,38,82.02,120.73
shooter102,6,39,80.86,120.73
shooter102,6,40,80.86,120.73
shooter102,6,41,81.64,121.35
shooter102,6,42,82.39,122.96
shooter102,6,43,82.33,124.47
shooter102,6,44,85.14,125.11
shooter102,6,45,86.43,127.92
shooter102,6,46,89.79,129.0
shooter102,6,47,92.35,131.21
shooter102,6,48,95.4,133.34
shooter102,6,49,99.2,136.92
shooter102,6,50,104.89,139.84
shooter102,6,51,108.8,141.57
shooter102,6,52,113.6,143.39
shooter102,6,53,117.2,146.58
shooter102,6,54,121.68,149.13
shooter102,6,55,126.16,153.22
shooter102,6,56,131.21,154.37
shooter102,6,57,135.1,158.7
shooter102,6,58,140.13,160.4
shooter102,6,59,144.27,162.57
shooter102,6,60,148.17,165.37
shooter102,6,61,150.33,165.68
shooter102,6,62,153.96,168.92
shooter102,6,63,156.01,169.1
shooter102,6,64,157.87,171.8
shooter102,6,65,160.97,172.16
shooter102,6,66,161.92,171.94
shooter102,6,67,162.85,173.39
shooter102,6,68,162.85,173.39
shooter102,6,69,163.72,172.66
shooter102,6,70,163.59,173.39
shooter102,6,71,162.41,173.28
shooter102,6,72,163.09,173.39
shooter102,6,73,161.73,173.39
shooter102,6,74,162.59,173.39
shooter102,6,75,162.75,172.76
shooter102,6,76,162.5,172.38
shooter102,6,77,162.38,173.39
shooter102,6,78,161.56,172.17
shooter102,6,79,162.15,172.93
shooter102,6,80,161.77,172.33
shooter102,6,81,160.53,172.21
shooter102,6,82,160.37,172.76
shooter102,6,83,161.56,173.06
shooter102,6,84,161.15,172.9
shooter102,6,85,160.82,172.96
shooter102,6,86,161.47,171.68
shooter102,6,87,160.85,171.9
shooter102,6,88,148.64,170.85
shooter102,6,89,148.28,172.19
shooter102,6,90,148.26,171.16
shooter102,6,91,148.17,171.54
shooter102,6,92,147.38,170.61
shooter102,6,93,146.87,171.77
shooter102,6,94,146.9,171.62
shooter102,6,95,146.46,171.6
shooter102,6,96,146.31,169.79
shooter102,6,97,144.38,171.54
shooter102,6,98,145.36,169.92
shooter102,6,99,144.48,169.9
shooter102,6,100,143.2,169.65
shooter102,6,101,144.01,169.55
shooter102,6,102,143.68,170.0
shooter102,6,103,142.9,169.25
shooter102,6,104,143.04,169.44
shooter102,6,105,141.65,169.85
shooter102,6,106,141.05,170.11
shooter102,6,107,140.95,169.72
shooter102,6,108,140.67,169.43
shooter102,6,109,140.84,168.45
shooter102,6,110,140.74,169.71
shooter102,6,111,140.09,168.08
shooter102,6,112,138.6,168.47
shooter102,6,113,138.58,168.0
shooter102,6,114,137.77,169.17
shooter102,6,115,138.42,168.53
shooter102,6,116,137.15,169.07
shooter102,6,117,137.3,168.44
shooter102,6,118,137.43,168.64
shooter102,6,119,136.79,168.64
shooter102,7,0,118.37,172.82
shooter102,7,1,119.4,173.39
shooter102,7,2,118.34,173.9
shooter102,7,3,118.85,172.98
shooter102,7,4,119.0,172.1
shooter102,7,5,117.9,172.19
shooter102,7,6,116.89,171.55
shooter102,7,7,117.47,170.48
shooter102,7,8,117.95,170.87
shooter102,7,9,117.4,169.28
shooter102,7,10,115.35,168.79
shooter102,7,11,115.82,168.6
shooter102,7,12,114.35,167.79
shooter102,7,13,113.29,165.82
shooter102,7,14,113.56,164.85
shooter102,7,15,112.46,163.53
shooter102,7,16,111.72,163.73
shooter102,7,17,111.46,160.93
shooter102,7,18,109.6,159.61
shooter102,7,19,109.36,158.79
shooter102,7,20,107.84,156.9
shooter102,7,21,106.25,155.44
shooter102,7,22,105.96,153.89
shooter102,7,23,106.14,153.54
shooter102,7,24,104.23,152.04
shooter102,7,25,102.5,150.67
shooter102,7,26,102.68,149.46
shooter102,7,27,102.26,147.13
shooter102,7,28,101.18,146.89
shooter102,7,29,99.55,145.12
shooter102,7,30,98.21,143.89
shooter102,7,31,97.7,142.38
shooter102,7,32,97.27,140.34
shooter102,7,33,96.49,138.93
shooter102,7,34,95.56,137.99
shooter102,7,35,94.02,136.18
shooter102,7,36,92.58,135.79
shooter102,7,37,92.74,133.93
shooter102,7,38,91.22,132.87
shooter102,7,39,90.38,133.83
shooter102,7,40,90.66,132.51
shooter102,7,41,90.42,131.5
shooter102,7,42,90.32,130.39
shooter102,7,43,89.73,130.26
shooter102,7,44,89.49,130.41
shooter102,7,45,88.96,129.51
shooter102,7,46,88.58,129.09
shooter102,7,47,87.68,128.58
shooter102,7,48,88.06,128.47
shooter102,7,49,87.68,128.47
shooter102,7,50,87.68,129.57
shooter102,7,51,87.68,128.88
shooter102,7,52,89.32,129.51
shooter102,7,53,90.38,130.54
shooter102,7,54,92.49,131.74
shooter102,7,55,94.69,134.33
shooter102,7,56,97.08,135.44
shooter102,7,57,98.5,136.62
shooter102,7,58,103.29,138.71
shooter102,7,59,106.82,141.04
shooter102,7,60,110.76,142.61
shooter102,7,61,113.41,146.04
shooter102,7,62,117.59,149.14
shooter102,7,63,123.57,151.41
shooter102,7,64,126.49,153.08
shooter102,7,65,131.3,156.71
shooter102,7,66,135.83,159.22
shooter102,7,67,139.42,160.76
shooter102,7,68,143.3,163.83
shooter102,7,69,149.12,166.03
shooter102,7,70,152.5,168.55
shooter102,7,71,155.87,169.02
shooter102,7,72,157.56,170.81
shooter102,7,73,159.99,172.85
shooter102,7,74,162.54,173.18
shooter102,7,75,164.29,174.88
shooter102,7,76,164.62,176.3
shooter102,7,77,166.6,175.46
shooter102,7,78,166.6,176.3
shooter102,7,79,166.5,176.3
shooter102,7,80,166.06,176.3
shooter102,7,81,165.9,176.28
shooter102,7,82,165.15,176.3
shooter102,7,83,165.33,175.64
shooter102,7,84,165.64,175.55
shooter102,7,85,165.34,176.3
shooter102,7,86,165.41,176.01
shooter102,7,87,165.86,175.77
shooter102,7,88,164.45,175.23
shooter102,7,89,163.89,176.3
shooter102,7,90,163.75,175.17
shooter102,7,91,163.79,176.3
shooter102,7,92,152.74,175.81
shooter102,7,93,152.82,176.2
shooter102,7,94,152.57,175.46
shooter102,7,95,151.67,175.24
shooter102,7,96,150.81,175.95
shooter102,7,97,149.91,176.23
shooter102,7,98,150.0,175.18
shooter102,7,99,149.46,175.61
shooter102,7,100,150.14,175.58
shooter102,7,101,148.97,175.07
shooter102,7,102,148.05,175.72
shooter102,7,103,147.78,174.82
shooter102,7,104,147.07,175.49
shooter102,7,105,148.24,174.64
shooter102,7,106,146.1,175.33
shooter102,7,107,145.63,174.92
shooter102,7,108,145.57,175.14
shooter102,7,109,146.42,175.04
shooter102,7,110,145.45,175.93
shooter102,7,111,145.25,175.03
shooter102,7,112,144.32,175.63
shooter102,7,113,143.34,174.38
shooter102,7,114,144.51,174.57
shooter102,7,115,142.78,173.95
shooter102,7,116,142.07,174.58
shooter102,7,117,142.75,175.01
shooter102,7,118,141.37,175.28
shooter102,7,119,140.99,174.68
shooter102,7,120,142.0,174.76
shooter102,7,121,140.98,173.78
shooter102,7,122,140.08,173.43
shooter102,7,123,139.9,174.88
shooter102,7,124,140.26,173.57
shooter102,7,125,138.53,173.36
shooter102,7,126,138.23,175.0
shooter102,7,127,138.83,174.99
shooter102,7,128,138.41,174.24
shooter102,7,129,138.74,173.72
shooter102,7,130,137.15,174.57
shooter102,7,131,136.13,173.27
shooter102,7,132,136.68,173.67
shooter102,7,133,136.48,173.47
shooter102,7,134,135.08,174.54
shooter102,7,135,135.51,174.51
shooter102,7,136,134.4,173.93
shooter102,7,137,135.29,172.81
shooter102,7,138,134.87,173.52
shooter102,7,139,133.66,173.01
shooter102,7,140,134.33,174.26
shooter102,7,141,133.96,172.74
shooter102,7,142,131.86,172.54
shooter102,7,143,131.94,173.82
shooter102,7,144,132.0,173.29
shooter102,7,145,130.57,174.04
shooter102,7,146,130.77,172.5
shooter102,7,147,130.12,173.93
shooter102,7,148,131.1,172.39
shooter102,7,149,129.62,172.37
shooter102,7,150,129.93,173.23
shooter102,7,151,128.77,172.74
shooter102,7,152,127.86,173.49
shooter102,8,0,135.39,175.14
shooter102,8,1,135.26,174.54
shooter102,8,2,136.12,174.24
shooter102,8,3,134.74,174.86
shooter102,8,4,135.69,174.41
shooter102,8,5,135.15,173.97
shooter102,8,6,135.32,172.33
shooter102,8,7,135.0,171.63
shooter102,8,8,134.83,172.07
shooter102,8,9,132.75,170.92
shooter102,8,10,133.67,170.57
shooter102,8,11,133.24,169.87
shooter102,8,12,132.43,168.01
shooter102,8,13,131.19,167.0
shooter102,8,14,132.01,166.36
shooter102,8,15,129.91,164.82
shooter102,8,16,129.89,164.45
shooter102,8,17,129.29,163.39
shooter102,8,18,127.91,161.59
shooter102,8,19,128.35,160.79
shooter102,8,20,126.38,159.04
shooter102,8,21,126.86,158.08
shooter102,8,22,126.44,155.71
shooter102,8,23,124.69,155.33
shooter102,8,24,124.65,153.85
shooter102,8,25,122.77,151.52
shooter102,8,26,123.38,150.66
shooter102,8,27,122.81,149.81
shooter102,8,28,120.43,147.16
shooter102,8,29,120.74,146.71
shooter102,8,30,119.6,145.74
shooter102,8,31,118.89,144.17
shooter102,8,32,118.49,141.88
shooter102,8,33,117.31,140.96
shooter102,8,34,116.81,140.43
shooter102,8,35,115.37,138.33
shooter102,8,36,114.98,136.21
shooter102,8,37,115.29,134.91
shooter102,8,38,113.14,135.29
shooter102,8,39,113.51,133.5
shooter102,8,40,112.1,132.16
shooter102,8,41,112.88,131.44
shooter102,8,42,111.83,131.4
shooter102,8,43,110.99,130.04
shooter102,8,44,110.24,130.13
shooter102,8,45,110.2,129.23
shooter102,8,46,110.88,129.16
shooter102,8,47,109.65,128.52
shooter102,8,48,109.29,126.86
shooter102,8,49,109.59,127.37
shooter102,8,50,108.66,126.66
shooter102,8,51,108.6,127.69
shooter102,8,52,108.54,126.66
shooter102,8,53,108.54,127.1
shooter102,8,54,108.54,127.8
shooter102,8,55,109.43,126.98
shooter102,8,56,109.91,129.12
shooter102,8,57,110.55,128.42
shooter102,8,58,110.65,130.46
shooter102,8,59,111.52,131.88
shooter102,8,60,113.69,133.22
shooter102,8,61,116.01,135.34
shooter102,8,62,117.45,137.84
shooter102,8,63,119.08,138.64
shooter102,8,64,121.73,141.23
shooter102,8,65,124.3,144.0
shooter102,8,66,127.13,146.04
shooter102,8,67,129.44,146.88
shooter102,8,68,131.48,151.02
shooter102,8,69,133.9,151.57
shooter102,8,70,137.11,154.99
shooter102,8,71,139.5,157.27
shooter102,8,72,143.43,159.94
shooter102,8,73,145.19,160.84
shooter102,8,74,147.65,162.99
shooter102,8,75,149.81,166.1
shooter102,8,76,152.65,166.74
shooter102,8,77,154.5,169.08
shooter102,8,78,155.62,171.14
shooter102,8,79,158.78,172.34
shooter102,8,80,159.22,172.63
shooter102,8,81,160.58,173.79
shooter102,8,82,161.08,175.89
shooter102,8,83,162.47,175.4
shooter102,8,84,162.92,174.93
shooter102,8,85,162.92,175.95
shooter102,8,86,161.88,175.63
shooter102,8,87,163.57,175.95
shooter102,8,88,162.88,175.53
shooter102,8,89,161.9,174.96
shooter102,8,90,161.59,175.91
shooter102,8,91,161.62,175.02
shooter102,8,92,162.64,175.37
shooter102,8,93,161.32,175.95
shooter102,8,94,161.51,175.95
shooter102,8,95,161.85,174.79
shooter102,8,96,162.04,175.53
shooter102,8,97,161.46,174.92
shooter102,8,98,161.5,174.76
shooter102,8,99,160.19,175.62
shooter102,8,100,161.45,175.39
shooter102,8,101,160.1,175.79
shooter102,8,102,159.66,175.95
shooter102,8,103,149.87,174.63
shooter102,8,104,147.92,175.9
shooter102,8,105,147.39,175.0
shooter102,8,106,147.97,174.39
shooter102,8,107,146.96,175.47
shooter102,8,108,146.19,173.75
shooter102,8,109,146.72,174.7
shooter102,8,110,146.64,174.92
shooter102,8,111,146.31,173.93
shooter102,8,112,144.63,174.99
shooter102,8,113,145.03,173.64
shooter102,8,114,145.15,174.73
shooter102,8,115,143.44,173.1
shooter102,8,116,143.14,173.15
shooter102,8,117,142.32,173.48
shooter102,8,118,142.97,174.32
shooter102,8,119,141.91,172.79
shooter102,8,120,142.57,174.14
shooter102,8,121,142.64,172.74
shooter102,8,122,140.74,173.08
shooter102,8,123,141.22,172.77
shooter102,8,124,139.94,172.19
shooter102,8,125,139.16,173.74
shooter102,8,126,140.24,172.63
shooter102,8,127,139.19,173.03
shooter102,8,128,139.81,172.7
shooter102,8,129,138.59,172.46
shooter102,8,130,137.43,172.6
shooter102,8,131,137.62,173.07
shooter102,8,132,136.73,172.59
shooter102,8,133,137.68,172.17
shooter102,8,134,136.9,172.32
shooter102,8,135,135.8,172.17
shooter102,8,136,135.78,171.75
shooter102,8,137,135.66,172.07
shooter102,8,138,135.49,171.64
shooter102,8,139,133.68,172.21
shooter102,8,140,133.17,172.58
shooter102,8,141,132.95,172.51
shooter102,8,142,133.11,172.19
shooter102,8,143,132.85,171.71
shooter102,8,144,131.79,171.97
shooter102,8,145,131.94,170.8
shooter102,8,146,131.6,171.38
shooter102,8,147,130.54,170.92
shooter102,8,148,131.75,170.4
shooter102,8,149,130.72,172.32
shooter102,8,150,129.9,172.11
shooter102,9,0,118.37,171.95
shooter102,9,1,118.65,172.37
shooter102,9,2,118.31,170.87
shooter102,9,3,119.28,171.13
shooter102,9,4,117.77,171.8
shooter102,9,5,118.96,171.62
shooter102,9,6,117.28,170.13
shooter102,9,7,116.59,168.79
shooter102,9,8,115.87,169.5
shooter102,9,9,116.69,168.87
shooter102,9,10,115.12,167.03
shooter102,9,11,114.91,165.72
shooter102,9,12,113.35,164.27
shooter102,9,13,114.29,164.25
shooter102,9,14,111.7,163.71
shooter102,9,15,111.37,162.0
shooter102,9,16,111.3,159.98
shooter102,9,17,109.11,159.28
shooter102,9,18,108.14,158.26
shooter102,9,19,108.19,156.12
shooter102,9,20,106.06,155.34
shooter102,9,21,104.44,153.0
shooter102,9,22,104.2,151.4
shooter102,9,23,102.27,150.34
shooter102,9,24,102.97,148.58
shooter102,9,25,101.34,148.07
shooter102,9,26,100.13,145.63
shooter102,9,27,98.29,143.86
shooter102,9,28,98.23,142.39
shooter102,9,29,97.15,141.23
shooter102,9,30,94.9,139.41
shooter102,9,31,95.56,138.75
shooter102,9,32,94.01,136.72
shooter102,9,33,93.53,135.42
shooter102,9,34,91.61,134.64
shooter102,9,35,90.52,132.35
shooter102,9,36,90.91,132.42
shooter102,9,37,90.39,131.07
shooter102,9,38,88.92,130.0
shooter102,9,39,87.6,129.64
shooter102,9,40,88.66,128.91
shooter102,9,41,86.98,128.36
shooter102,9,42,86.85,126.79
shooter102,9,43,87.1,126.16
shooter102,9,44,86.26,126.49
shooter102,9,45,86.26,125.87
shooter102,9,46,86.26,125.72
shooter102,9,47,86.26,125.42
shooter102,9,48,86.26,125.26
shooter102,9,49,87.31,125.26
shooter102,9,50,88.88,125.81
shooter102,9,51,89.5,125.56
shooter102,9,52,90.82,126.82
shooter102,9,53,92.74,128.29
shooter102,9,54,94.7,129.1
shooter102,9,55,97.68,130.22
shooter102,9,56,101.2,132.74
shooter102,9,57,103.92,134.19
shooter102,9,58,106.46,135.52
shooter102,9,59,109.75,138.31
shooter102,9,60,114.48,139.32
shooter102,9,61,116.75,142.19
shooter102,9,62,122.05,143.17
shooter102,9,63,124.79,145.68
shooter102,9,64,129.68,148.08
shooter102,9,65,133.82,149.93
shooter102,9,66,137.1,153.03
shooter102,9,67,140.39,154.68
shooter102,9,68,145.46,157.78
shooter102,9,69,148.14,159.04
shooter102,9,70,151.52,160.96
shooter102,9,71,155.17,164.6
shooter102,9,72,158.07,165.8
shooter102,9,73,161.38,168.03
shooter102,9,74,162.82,168.65
shooter102,9,75,165.66,169.08
shooter102,9,76,168.51,171.32
shooter102,9,77,168.4,172.25
shooter102,9,78,170.5,171.92
shooter102,9,79,171.82,173.87
shooter102,9,80,172.23,173.87
shooter102,9,81,172.23,173.87
shooter102,9,82,172.88,173.85
shooter102,9,83,171.67,173.87
shooter102,9,84,171.93,173.35
shooter102,9,85,173.1,173.87
shooter102,9,86,172.99,173.58
shooter102,9,87,172.33,173.07
shooter102,9,88,172.16,172.81
shooter102,9,89,172.11,173.87
shooter102,9,90,171.32,173.87
shooter102,9,91,172.98,173.87
shooter102,9,92,172.83,173.86
shooter102,9,93,172.1,173.87
shooter102,9,94,171.75,173.74
shooter102,9,95,171.87,172.89
shooter102,9,96,171.43,173.32
shooter102,9,97,172.62,172.18
shooter102,9,98,158.34,172.36
shooter102,9,99,157.3,172.65
shooter102,9,100,157.68,172.1
shooter102,9,101,157.99,173.49
shooter102,9,102,155.87,173.45
shooter102,9,103,156.15,172.08
shooter102,9,104,155.82,172.63
shooter102,9,105,154.76,171.9
shooter102,9,106,155.09,171.23
shooter102,9,107,154.84,171.49
shooter102,9,108,153.54,171.15
shooter102,9,109,153.14,171.2
shooter102,9,110,154.14,170.84
shooter102,9,111,152.65,170.49
shooter102,9,112,152.89,170.56
shooter102,9,113,152.48,171.8
shooter102,9,114,152.51,170.02
shooter102,9,115,151.91,170.35
shooter102,9,116,151.71,170.62
shooter102,9,117,150.88,170.14
shooter102,9,118,150.13,170.33
shooter102,9,119,149.62,169.25
shooter102,9,120,149.19,170.32
shooter102,9,121,148.87,170.02
shooter102,9,122,147.89,170.13
shooter102,9,123,148.08,169.78
shooter102,9,124,147.61,169.4
shooter102,9,125,146.5,169.11
shooter102,9,126,146.58,168.75
shooter102,9,127,147.13,169.19
shooter102,9,128,146.39,168.14
shooter102,9,129,146.44,168.65
shooter102,9,130,145.52,169.25
shooter102,9,131,145.74,168.03
shooter102,9,132,145.22,167.86
shooter102,9,133,143.43,168.96
shooter102,9,134,144.78,168.38
shooter102,9,135,142.46,169.12
shooter102,9,136,143.22,169.34
shooter102,9,137,143.22,169.32
shooter102,9,138,141.89,168.22
shooter102,9,139,142.03,167.86
shooter102,9,140,141.15,168.51
shooter102,9,141,140.15,168.53
shooter102,9,142,139.65,168.5
shooter102,9,143,139.42,167.89
shooter102,9,144,139.03,167.37
shooter102,10,0,127.3,175.89
shooter102,10,1,127.12,174.9
shooter102,10,2,127.16,174.62
shooter102,10,3,127.37,174.7
shooter102,10,4,125.93,173.86
shooter102,10,5,126.42,174.73
shooter102,10,6,125.81,172.59
shooter102,10,7,125.56,172.16
shooter102,10,8,125.28,171.45
shooter102,10,9,124.82,169.91
shooter102,10,10,124.55,169.4
shooter102,10,11,122.9,169.23
shooter102,10,12,122.88,166.59
shooter102,10,13,121.46,166.19
shooter102,10,14,121.38,164.47
shooter102,10,15,120.94,162.56
shooter102,10,16,120.23,160.74
shooter102,10,17,118.67,159.69
shooter102,10,18,117.99,157.65
shooter102,10,19,116.77,156.62
shooter102,10,20,115.54,155.78
shooter102,10,21,114.8,153.87
shooter102,10,22,115.17,152.56
shooter102,10,23,113.01,149.74
shooter102,10,24,113.39,148.51
shooter102,10,25,110.96,146.63
shooter102,10,26,110.96,143.94
shooter102,10,27,109.69,142.34
shooter102,10,28,108.98,141.03
shooter102,10,29,107.93,139.82
shooter102,10,30,107.12,137.45
shooter102,10,31,106.59,135.32
shooter102,10,32,105.01,135.23
shooter102,10,33,103.14,131.91
shooter102,10,34,102.7,132.09
shooter102,10,35,102.75,130.36
shooter102,10,36,101.54,129.05
shooter102,10,37,100.89,127.68
shooter102,10,38,100.28,125.3
shooter102,10,39,99.18,125.02
shooter102,10,40,99.33,124.25
shooter102,10,41,98.65,123.29
shooter102,10,42,98.1,121.52
shooter102,10,43,97.62,120.61
shooter102,10,44,97.54,120.28
shooter102,10,45,96.57,120.08
shooter102,10,46,96.99,119.86
shooter102,10,47,95.32,120.1
shooter102,10,48,95.85,119.8
shooter102,10,49,95.87,119.2
shooter102,10,50,95.32,119.2
shooter102,10,51,95.32,119.82
shooter102,10,52,95.66,120.35
shooter102,10,53,95.99,121.29
shooter102,10,54,98.24,122.28
shooter102,10,55,98.74,124.66
shooter102,10,56,100.4,126.48
shooter102,10,57,103.61,129.34
shooter102,10,58,106.03,130.76
shooter102,10,59,108.53,133.81
shooter102,10,60,112.85,136.14
shooter102,10,61,116.41,140.24
shooter102,10,62,119.49,143.1
shooter102,10,63,124.27,145.69
shooter102,10,64,128.23,148.37
shooter102,10,65,132.69,153.05
shooter102,10,66,135.89,155.3
shooter102,10,67,139.6,158.39
shooter102,10,68,144.81,160.88
shooter102,10,69,147.64,164.06
shooter102,10,70,149.96,166.69
shooter102,10,71,154.64,167.89
shooter102,10,72,156.17,170.49
shooter102,10,73,159.77,171.29
shooter102,10,74,161.63,173.57
shooter102,10,75,163.76,174.2
shooter102,10,76,164.91,174.24
shooter102,10,77,164.23,175.89
shooter102,10,78,164.92,175.89
shooter102,10,79,164.43,175.47
shooter102,10,80,164.94,175.89
shooter102,10,81,164.76,175.47
shooter102,10,82,163.55,175.72
shooter102,10,83,163.33,175.89
shooter102,10,84,163.32,175.3
shooter102,10,85,163.34,175.52
shooter102,10,86,163.48,175.87
shooter102,10,87,164.66,174.71
shooter102,10,88,163.76,175.19
shooter102,10,89,164.2,174.86
shooter102,10,90,164.16,175.47
shooter102,10,91,151.39,174.26
shooter102,10,92,150.3,174.32
shooter102,10,93,150.85,175.13
shooter102,10,94,150.2,173.87
shooter102,10,95,149.81,174.24
shooter102,10,96,149.72,174.66
shooter102,10,97,148.72,174.59
shooter102,10,98,148.18,173.07
shooter102,10,99,148.5,174.4
shooter102,10,100,147.23,173.95
shooter102,10,101,147.54,172.99
shooter102,10,102,145.63,173.64
shooter102,10,103,145.12,173.37
shooter102,10,104,145.78,172.91
shooter102,10,105,144.47,172.62
shooter102,10,106,145.87,172.77
shooter102,10,107,143.53,173.09
shooter102,10,108,144.56,172.04
shooter102,10,109,143.21,172.29
shooter102,10,110,144.26,171.96
shooter102,10,111,142.68,171.97
shooter102,10,112,141.57,171.97
shooter102,10,113,141.17,170.24
shooter102,10,114,141.83,169.99
shooter102,10,115,142.29,170.64
shooter102,10,116,141.88,170.18
shooter102,10,117,140.19,170.23
shooter102,10,118,140.09,170.51
shooter102,10,119,138.92,170.6
shooter102,10,120,139.36,169.41
shooter102,10,121,139.12,169.85
shooter102,10,122,138.02,168.65
shooter102,10,123,138.34,169.18
shooter102,10,124,138.52,168.02
shooter102,10,125,136.32,168.86
shooter102,10,126,136.38,168.82
shooter102,10,127,135.94,169.09
shooter102,10,128,135.37,168.82
shooter102,10,129,135.05,168.15
shooter102,10,130,135.57,167.36
shooter102,10,131,134.13,167.51
shooter102,10,132,135.0,169.16
shooter102,10,133,134.89,169.01
shooter102,10,134,134.57,167.78
shooter102,10,135,133.64,167.62
shooter102,10,136,132.31,167.96
shooter102,10,137,131.69,168.46
shooter103,1,0,104.67,165.8
shooter103,1,1,102.96,165.16
shooter103,1,2,104.32,164.88
shooter103,1,3,103.71,165.17
shooter103,1,4,103.33,165.65
shooter103,1,5,102.24,164.49
shooter103,1,6,101.63,162.82
shooter103,1,7,100.32,162.99
shooter103,1,8,101.55,160.69
shooter103,1,9,99.98,159.04
shooter103,1,10,98.69,157.86
shooter103,1,11,98.01,155.82
shooter103,1,12,95.97,155.46
shooter103,1,13,95.15,152.59
shooter103,1,14,94.9,151.28
shooter103,1,15,93.48,148.76
shooter103,1,16,92.79,147.74
shooter103,1,17,91.26,145.12
shooter103,1,18,89.85,142.67
shooter103,1,19,88.96,139.79
shooter103,1,20,86.13,139.15
shooter103,1,21,86.04,136.26
shooter103,1,22,84.76,133.56
shooter103,1,23,82.56,132.61
shooter103,1,24,81.1,128.86
shooter103,1,25,79.86,127.33
shooter103,1,26,78.59,125.79
shooter103,1,27,78.05,123.5
shooter103,1,28,76.13,121.95
shooter103,1,29,76.08,119.82
shooter103,1,30,73.94,117.94
shooter103,1,31,72.82,116.28
shooter103,1,32,72.52,115.17
shooter103,1,33,71.46,115.54
shooter103,1,34,72.32,113.72
shooter103,1,35,70.32,112.63
shooter103,1,36,69.61,111.67
shooter103,1,37,69.11,111.73
shooter103,1,38,69.11,110.54
shooter103,1,39,69.32,110.54
shooter103,1,40,69.52,110.54
shooter103,1,41,68.9,110.68
shooter103,1,42,69.48,111.81
shooter103,1,43,70.18,112.98
shooter103,1,44,72.54,114.08
shooter103,1,45,74.24,114.39
shooter103,1,46,76.53,116.11
shooter103,1,47,80.76,118.45
shooter103,1,48,84.9,122.12
shooter103,1,49,88.55,125.06
shooter103,1,50,94.34,127.96
shooter103,1,51,99.21,129.73
shooter103,1,52,103.2,133.97
shooter103,1,53,109.92,136.6
shooter103,1,54,115.2,140.45
shooter103,1,55,120.76,143.17
shooter103,1,56,126.37,145.6
shooter103,1,57,132.58,148.62
shooter103,1,58,137.45,153.41
shooter103,1,59,142.39,155.22
shooter103,1,60,146.16,157.74
shooter103,1,61,151.32,160.2
shooter103,1,62,156.15,162.43
shooter103,1,63,159.15,165.47
shooter103,1,64,160.68,165.29
shooter103,1,65,164.6,166.66
shooter103,1,66,166.11,168.91
shooter103,1,67,166.54,168.97
shooter103,1,68,166.78,169.06
shooter103,1,69,166.71,168.12
shooter103,1,70,165.49,168.49
shooter103,1,71,165.82,168.54
shooter103,1,72,166.24,168.01
shooter103,1,73,166.61,168.38
shooter103,1,74,165.3,169.06
shooter103,1,75,166.11,169.06
shooter103,1,76,166.02,169.06
shooter103,1,77,164.03,168.47
shooter103,1,78,164.27,168.25
shooter103,1,79,165.01,169.06
shooter103,1,80,164.91,168.96
shooter103,1,81,152.56,168.39
shooter103,1,82,152.69,167.71
shooter103,1,83,152.2,167.72
shooter103,1,84,152.06,167.99
shooter103,1,85,151.62,167.91
shooter103,1,86,149.95,166.72
shooter103,1,87,149.7,168.47
shooter103,1,88,149.25,167.56
shooter103,1,89,150.44,167.44
shooter103,1,90,150.01,166.53
shooter103,1,91,149.37,167.49
shooter103,1,92,147.61,167.28
shooter103,1,93,148.13,165.84
shooter103,1,94,146.95,166.68
shooter103,1,95,146.92,166.65
shooter103,1,96,146.31,166.85
shooter103,1,97,147.04,165.43
shooter103,1,98,145.27,166.62
shooter103,1,99,145.87,165.64
shooter103,1,100,146.15,164.76
shooter103,1,101,145.15,164.63
shooter103,1,102,143.54,164.67
shooter103,1,103,144.8,164.7
shooter103,1,104,143.87,164.99
shooter103,1,105,143.09,165.37
shooter103,1,106,143.1,164.12
shooter103,1,107,143.14,165.61
shooter103,1,108,141.93,163.84
shooter103,1,109,141.64,164.61
shooter103,1,110,141.08,165.17
shooter103,1,111,139.93,164.88
shooter103,1,112,140.95,164.43
shooter103,1,113,139.23,164.49
shooter103,1,114,139.37,163.26
shooter103,1,115,138.95,162.95
shooter103,1,116,138.34,163.75
shooter103,1,117,138.19,163.02
shooter103,1,118,138.22,163.52
shooter103,1,119,137.2,163.23
shooter103,1,120,136.53,164.6
shooter103,1,121,137.52,164.53
shooter103,2,0,115.17,175.21
shooter103,2,1,115.84,174.99
shooter103,2,2,114.92,174.8
shooter103,2,3,115.15,174.12
shooter103,2,4,115.09,174.26
shooter103,2,5,113.42,172.58
shooter103,2,6,114.17,172.77
shooter103,2,7,113.44,171.45
shooter103,2,8,113.17,171.01
shooter103,2,9,111.61,170.87
shooter103,2,10,112.79,169.82
shooter103,2,11,112.28,167.76
shooter103,2,12,109.73,166.67
shooter103,2,13,109.45,166.03
shooter103,2,14,108.65,164.84
shooter103,2,15,109.08,162.98
shooter103,2,16,107.9,160.05
shooter103,2,17,106.21,158.99
shooter103,2,18,106.61,158.51
shooter103,2,19,104.79,156.58
shooter103,2,20,104.08,154.81
shooter103,2,21,102.99,152.91
shooter103,2,22,102.3,150.62
shooter103,2,23,101.24,148.79
shooter103,2,24,99.85,147.79
shooter103,2,25,99.17,144.93
shooter103,2,26,99.16,143.89
shooter103,2,27,97.37,142.16
shooter103,2,28,97.22,140.59
shooter103,2,29,95.53,137.76
shooter103,2,30,95.03,136.85
shooter103,2,31,93.15,133.86
shooter103,2,32,93.24,132.25
shooter103,2,33,91.31,131.18
shooter103,2,34,89.98,128.89
shooter103,2,35,89.45,129.16
shooter103,2,36,88.39,127.63
shooter103,2,37,89.51,124.55
shooter103,2,38,88.92,124.84
shooter103,2,39,87.79,122.98
shooter103,2,40,85.88,122.24
shooter103,2,41,86.91,121.59
shooter103,2,42,86.1,120.04
shooter103,2,43,84.83,118.29
shooter103,2,44,84.78,117.34
shooter103,2,45,84.77,117.71
shooter103,2,46,83.68,118.1
shooter103,2,47,83.96,116.95
shooter103,2,48,84.27,116.29
shooter103,2,49,83.68,116.29
shooter103,2,50,83.68,116.29
shooter103,2,51,83.95,116.29
shooter103,2,52,84.97,117.31
shooter103,2,53,86.44,118.04
shooter103,2,54,87.61,118.21
shooter103,2,55,88.94,119.15
shooter103,2,56,91.0,121.39
shooter103,2,57,93.51,123.09
shooter103,2,58,96.18,125.93
shooter103,2,59,98.27,128.46
shooter103,2,60,102.87,129.73
shooter103,2,61,106.44,132.98
shooter103,2,62,109.74,134.77
shooter103,2,63,114.32,137.99
shooter103,2,64,117.88,142.03
shooter103,2,65,121.28,145.09
shooter103,2,66,124.64,148.06
shooter103,2,67,128.73,149.79
shooter103,2,68,133.28,153.56
shooter103,2,69,137.35,156.17
shooter103,2,70,140.48,160.07
shooter103,2,71,144.06,162.03
shooter103,2,72,147.46,165.06
shooter103,2,73,151.62,165.77
shooter103,2,74,154.39,168.45
shooter103,2,75,156.09,170.94
shooter103,2,76,157.8,171.72
shooter103,2,77,159.46,173.58
shooter103,2,78,160.81,174.38
shooter103,2,79,162.44,175.72
shooter103,2,80,162.36,174.92
shooter103,2,81,163.47,175.72
shooter103,2,82,164.3,175.52
shooter103,2,83,163.31,175.64
shooter103,2,84,163.85,175.72
shooter103,2,85,162.37,175.19
shooter103,2,86,162.56,175.72
shooter103,2,87,163.83,175.72
shooter103,2,88,162.61,175.72
shooter103,2,89,163.05,175.72
shooter103,2,90,163.62,175.72
shooter103,2,91,162.68,175.22
shooter103,2,92,162.09,175.72
shooter103,2,93,162.46,174.2
shooter103,2,94,161.41,175.72
shooter103,2,95,161.44,174.95
shooter103,2,96,148.48,175.2
shooter103,2,97,149.84,174.49
shooter103,2,98,149.01,174.36
shooter103,2,99,147.87,173.57
shooter103,2,100,147.31,174.23
shooter103,2,101,147.84,174.07
shooter103,2,102,147.91,173.57
shooter103,2,103,146.27,173.48
shooter103,2,104,145.91,174.02
shooter103,2,105,146.58,173.35
shooter103,2,106,146.26,174.23
shooter103,2,107,145.9,172.66
shooter103,2,108,144.26,173.45
shooter103,2,109,143.51,172.47
shooter103,2,110,143.75,173.07
shooter103,2,111,143.06,172.98
shooter103,2,112,143.84,173.02
shooter103,2,113,141.74,172.45
shooter103,2,114,142.54,172.48
shooter103,2,115,142.68,171.69
shooter103,2,116,142.42,172.13
shooter103,2,117,141.37,171.82
shooter103,2,118,141.57,172.29
shooter103,2,119,139.42,171.71
shooter103,2,120,139.59,172.29
shooter103,2,121,138.49,171.48
shooter103,2,122,140.03,171.0
shooter103,2,123,139.48,170.98
shooter103,2,124,137.33,170.44
shooter103,2,125,136.91,171.34
shooter103,2,126,137.2,171.85
shooter103,2,127,136.59,171.66
shooter103,2,128,137.36,170.94
shooter103,2,129,135.59,170.4
shooter103,2,130,136.45,171.69
shooter103,2,131,135.58,170.04
shooter103,2,132,134.82,170.7
shooter103,2,133,133.96,171.59
shooter103,2,134,135.27,170.65
shooter103,2,135,134.11,170.1
shooter103,3,0,115.39,175.96
shooter103,3,1,116.03,174.98
shooter103,3,2,115.97,175.05
shooter103,3,3,115.55,175.42
shooter103,3,4,115.82,175.02
shooter103,3,5,115.44,172.92
shooter103,3,6,114.51,171.99
shooter103,3,7,113.3,171.33
shooter103,3,8,112.3,169.72
shooter103,3,9,111.5,169.24
shooter103,3,10,109.68,166.87
shooter103,3,11,109.52,166.26
shooter103,3,12,108.33,164.74
shooter103,3,13,105.8,163.24
shooter103,3,14,105.65,161.22
shooter103,3,15,104.07,157.8
shooter103,3,16,101.71,155.18
shooter103,3,17,101.12,153.58
shooter103,3,18,97.96,152.1
shooter103,3,19,96.18,148.52
shooter103,3,20,95.22,146.83
shooter103,3,21,94.06,144.4
shooter103,3,22,92.05,141.94
shooter103,3,23,91.68,140.64
shooter103,3,24,88.78,138.3
shooter103,3,25,87.36,135.86
shooter103,3,26,86.65,134.47
shooter103,3,27,84.04,130.79
shooter103,3,28,84.2,128.91
shooter103,3,29,82.31,127.49
shooter103,3,30,82.4,126.26
shooter103,3,31,80.81,124.45
shooter103,3,32,78.62,121.9
shooter103,3,33,77.9,122.27
shooter103,3,34,77.21,119.71
shooter103,3,35,78.37,118.72
shooter103,3,36,77.39,118.31
shooter103,3,37,76.55,118.17
shooter103,3,38,76.44,117.0
shooter103,3,39,76.44,117.14
shooter103,3,40,76.44,115.88
shooter103,3,41,77.89,115.88
shooter103,3,42,79.28,116.76
shooter103,3,43,80.1,116.79
shooter103,3,44,82.76,117.61
shooter103,3,45,84.86,120.38
shooter103,3,46,88.25,120.62
shooter103,3,47,92.87,123.45
shooter103,3,48,96.09,127.01
shooter103,3,49,100.43,130.0
shooter103,3,50,104.08,133.34
shooter103,3,51,107.92,136.54
shooter103,3,52,113.41,138.43
shooter103,3,53,117.6,143.85
shooter103,3,54,121.56,146.56
shooter103,3,55,126.58,150.72
shooter103,3,56,131.46,153.87
shooter103,3,57,135.92,158.26
shooter103,3,58,138.98,161.18
shooter103,3,59,144.01,164.91
shooter103,3,60,146.46,166.53
shooter103,3,61,149.31,169.15
shooter103,3,62,151.83,171.95
shooter103,3,63,155.28,173.01
shooter103,3,64,156.15,175.91
shooter103,3,65,157.68,176.23
shooter103,3,66,157.94,177.42
shooter103,3,67,158.75,177.53
shooter103,3,68,159.23,176.87
shooter103,3,69,158.26,177.53
shooter103,3,70,159.39,177.1
shooter103,3,71,157.48,176.88
shooter103,3,72,157.6,176.86
shooter103,3,73,158.43,176.78
shooter103,3,74,158.57,177.53
shooter103,3,75,157.59,176.54
shooter103,3,76,158.12,176.85
shooter103,3,77,157.56,177.41
shooter103,3,78,157.95,176.96
shooter103,3,79,158.08,177.01
shooter103,3,80,158.62,176.2
shooter103,3,81,157.51,177.44
shooter103,3,82,157.81,176.27
shooter103,3,83,157.59,175.88
shooter103,3,84,144.39,176.97
shooter103,3,85,143.86,176.32
shooter103,3,86,144.93,176.07
shooter103,3,87,142.96,176.46
shooter103,3,88,143.73,174.63
shooter103,3,89,142.04,176.02
shooter103,3,90,142.96,175.52
shooter103,3,91,141.32,174.71
shooter103,3,92,142.48,174.32
shooter103,3,93,141.52,173.84
shooter103,3,94,139.93,175.32
shooter103,3,95,140.74,173.54
shooter103,3,96,140.16,173.59
shooter103,3,97,139.23,174.27
shooter103,3,98,138.67,174.12
shooter103,3,99,139.19,172.84
shooter103,3,100,138.83,173.97
shooter103,3,101,137.6,173.18
shooter103,3,102,138.3,173.68
shooter103,3,103,136.69,171.99
shooter103,3,104,135.89,171.73
shooter103,3,105,136.55,172.76
shooter103,3,106,135.16,171.62
shooter103,3,107,135.1,172.22
shooter103,3,108,135.16,171.05
shooter103,3,109,134.32,172.44
shooter103,3,110,133.78,172.55
shooter103,3,111,134.36,172.3
shooter103,3,112,133.64,172.42
shooter103,3,113,133.83,172.2
shooter103,3,114,132.91,171.18
shooter103,3,115,132.32,171.0
shooter103,3,116,131.47,171.91
shooter103,3,117,132.13,171.9
shooter103,3,118,130.54,171.93
shooter103,3,119,130.23,171.46
shooter103,3,120,131.03,170.28
shooter103,3,121,130.43,171.73
shooter103,3,122,129.78,171.71
shooter103,3,123,128.23,171.14
shooter103,3,124,128.0,171.51
shooter103,4,0,111.13,179.05
shooter103,4,1,110.6,179.09
shooter103,4,2,112.03,179.27
shooter103,4,3,111.75,178.39
shooter103,4,4,111.26,178.03
shooter103,4,5,111.57,177.91
shooter103,4,6,111.34,177.97
shooter103,4,7,110.51,177.39
shooter103,4,8,110.89,177.25
shooter103,4,9,109.98,174.91
shooter103,4,10,109.43,174.41
shooter103,4,11,108.28,174.58
shooter103,4,12,107.01,172.99
shooter103,4,13,106.89,171.67
shooter103,4,14,107.31,170.36
shooter103,4,15,106.53,168.16
shooter103,4,16,105.06,168.45
shooter103,4,17,104.91,166.51
shooter103,4,18,103.27,164.93
shooter103,4,19,102.61,163.35
shooter103,4,20,103.15,161.47
shooter103,4,21,101.22,159.57
shooter103,4,22,100.01,158.9
shooter103,4,23,99.6,156.7
shooter103,4,24,98.48,154.01
shooter103,4,25,98.24,152.97
shooter103,4,26,97.76,152.23
shooter103,4,27,96.07,149.3
shooter103,4,28,95.11,147.54
shooter103,4,29,93.69,146.12
shooter103,4,30,93.13,144.63
shooter103,4,31,91.68,142.51
shooter103,4,32,90.08,141.03
shooter103,4,33,90.86,137.72
shooter103,4,34,89.05,137.53
shooter103,4,35,88.24,135.69
shooter103,4,36,86.51,133.14
shooter103,4,37,87.12,131.61
shooter103,4,38,84.91,129.08
shooter103,4,39,84.54,127.88
shooter103,4,40,84.57,125.76
shooter103,4,41,83.0,123.82
shooter103,4,42,83.17,124.22
shooter103,4,43,80.99,121.31
shooter103,4,44,81.29,120.57
shooter103,4,45,81.14,118.64
shooter103,4,46,79.65,117.51
shooter103,4,47,79.34,116.36
shooter103,4,48,78.19,115.11
shooter103,4,49,78.4,114.67
shooter103,4,50,78.25,114.35
shooter103,4,51,77.41,112.4
shooter103,4,52,77.5,112.69
shooter103,4,53,76.48,111.37
shooter103,4,54,76.18,110.63
shooter103,4,55,75.41,109.37
shooter103,4,56,76.04,108.69
shooter103,4,57,76.26,109.83
shooter103,4,58,75.71,109.03
shooter103,4,59,75.39,108.69
shooter103,4,60,75.77,108.69
shooter103,4,61,77.06,108.69
shooter103,4,62,78.87,110.22
shooter103,4,63,79.3,110.5
shooter103,4,64,81.75,113.32
shooter103,4,65,85.33,114.09
shooter103,4,66,88.23,116.31
shooter103,4,67,93.81,120.27
shooter103,4,68,96.94,122.38
shooter103,4,69,101.71,127.42
shooter103,4,70,105.91,130.53
shooter103,4,71,111.35,133.58
shooter103,4,72,117.55,137.57
shooter103,4,73,121.75,143.12
shooter103,4,74,125.98,146.63
shooter103,4,75,131.58,151.32
shooter103,4,76,138.05,153.79
shooter103,4,77,142.87,159.32
shooter103,4,78,145.87,162.21
shooter103,4,79,150.92,165.97
shooter103,4,80,153.72,168.56
shooter103,4,81,158.19,170.78
shooter103,4,82,160.29,175.05
shooter103,4,83,164.19,177.2
shooter103,4,84,166.43,177.58
shooter103,4,85,166.33,179.93
shooter103,4,86,167.78,179.09
shooter103,4,87,168.15,180.0
shooter103,4,88,167.64,179.14
shooter103,4,89,166.9,179.77
shooter103,4,90,167.1,179.08
shooter103,4,91,168.36,179.75
shooter103,4,92,166.28,179.22
shooter103,4,93,167.71,180.0
shooter103,4,94,165.96,180.0
shooter103,4,95,166.67,180.0
shooter103,4,96,166.32,179.22
shooter103,4,97,167.09,180.0
shooter103,4,98,165.43,179.23
shooter103,4,99,165.2,180.0
shooter103,4,100,166.15,179.76
shooter103,4,101,165.91,179.3
shooter103,4,102,154.55,178.67
shooter103,4,103,152.8,180.0
shooter103,4,104,152.87,180.0
shooter103,4,105,153.63,179.63
shooter103,4,106,152.75,180.0
shooter103,4,107,152.35,180.0
shooter103,4,108,151.34,178.45
shooter103,4,109,150.87,179.44
shooter103,4,110,151.84,178.59
shooter103,4,111,151.01,178.78
shooter103,4,112,149.4,178.03
shooter103,4,113,150.63,179.57
shooter103,4,114,149.51,178.98
shooter103,4,115,148.62,177.97
shooter103,4,116,148.34,178.08
shooter103,4,117,148.6,178.09
shooter103,4,118,147.5,178.64
shooter103,4,119,147.51,178.9
shooter103,4,120,147.37,177.59
shooter103,4,121,145.94,177.79
shooter103,4,122,147.04,177.94
shooter103,4,123,145.46,177.44
shooter103,4,124,145.19,177.56
shooter103,4,125,145.35,176.67
shooter103,4,126,144.77,176.7
shooter103,4,127,144.03,177.07
shooter103,4,128,144.05,178.0
shooter103,4,129,144.16,176.78
shooter103,4,130,143.55,176.49
shooter103,4,131,143.2,177.39
shooter103,4,132,141.67,177.72
shooter103,4,133,141.59,176.65
shooter103,4,134,141.46,175.67
shooter103,4,135,140.04,176.95
shooter103,4,136,141.09,176.33
shooter103,4,137,139.8,176.77
shooter103,4,138,139.32,175.91
shooter103,4,139,138.87,175.3
shooter103,4,140,138.52,175.92
shooter103,4,141,138.23,176.58
shooter103,4,142,138.36,175.9
shooter103,4,143,137.92,175.51
shooter103,4,144,136.86,175.95
shooter103,4,145,136.36,176.48
shooter103,4,146,137.2,175.18
shooter103,4,147,135.34,176.29
shooter103,4,148,135.78,176.21
shooter103,4,149,135.39,175.59
shooter103,4,150,135.1,176.77
shooter103,4,151,135.32,176.6
shooter103,4,152,134.4,175.44
shooter103,4,153,134.7,174.86
shooter103,4,154,134.09,175.41
shooter103,5,0,124.42,171.48
shooter103,5,1,124.1,171.19
shooter103,5,2,124.38,171.67
shooter103,5,3,123.44,170.71
shooter103,5,4,122.46,170.12
shooter103,5,5,122.84,169.73
shooter103,5,6,121.08,168.43
shooter103,5,7,121.35,167.05
shooter103,5,8,119.77,165.6
shooter103,5,9,119.77,164.47
shooter103,5,10,119.02,163.01
shooter103,5,11,116.47,161.08
shooter103,5,12,115.85,159.52
shooter103,5,13,115.24,158.4
shooter103,5,14,112.76,155.71
shooter103,5,15,112.17,152.93
shooter103,5,16,110.93,151.38
shooter103,5,17,108.8,149.16
shooter103,5,18,108.22,148.13
shooter103,5,19,106.03,145.26
shooter103,5,20,104.69,142.72
shooter103,5,21,102.13,141.59
shooter103,5,22,100.31,137.82
shooter103,5,23,98.8,135.97
shooter103,5,24,98.95,135.16
shooter103,5,25,97.37,132.54
shooter103,5,26,95.73,130.99
shooter103,5,27,93.06,129.2
shooter103,5,28,92.32,127.58
shooter103,5,29,91.52,124.1
shooter103,5,30,90.0,123.95
shooter103,5,31,87.68,122.28
shooter103,5,32,88.12,119.91
shooter103,5,33,85.62,120.14
shooter103,5,34,84.7,118.01
shooter103,5,35,85.32,118.06
shooter103,5,36,83.75,116.73
shooter103,5,37,82.89,115.98
shooter103,5,38,82.73,115.15
shooter103,5,39,83.17,116.07
shooter103,5,40,81.68,115.15
shooter103,5,41,82.25,115.15
shooter103,5,42,81.68,115.15
shooter103,5,43,81.68,117.06
shooter103,5,44,82.54,116.86
shooter103,5,45,84.05,119.05
shooter103,5,46,85.1,120.79
shooter103,5,47,87.69,121.81
shooter103,5,48,90.78,124.45
shooter103,5,49,93.7,126.05
shooter103,5,50,97.4,129.91
shooter103,5,51,101.36,132.35
shooter103,5,52,104.53,133.94
shooter103,5,53,108.81,137.27
shooter103,5,54,113.4,140.13
shooter103,5,55,118.12,144.02
shooter103,5,56,121.87,145.87
shooter103,5,57,126.97,149.17
shooter103,5,58,131.35,152.83
shooter103,5,59,136.36,154.14
shooter103,5,60,141.98,157.66
shooter103,5,61,145.46,159.37
shooter103,5,62,149.17,162.85
shooter103,5,63,153.18,164.6
shooter103,5,64,156.79,167.86
shooter103,5,65,159.36,168.58
shooter103,5,66,162.01,169.6
shooter103,5,67,164.72,172.31
shooter103,5,68,165.17,173.32
shooter103,5,69,167.39,173.82
shooter103,5,70,168.16,174.03
shooter103,5,71,168.32,174.03
shooter103,5,72,169.23,174.03
shooter103,5,73,168.8,173.08
shooter103,5,74,168.17,173.37
shooter103,5,75,167.44,174.03
shooter103,5,76,168.23,174.03
shooter103,5,77,168.67,173.3
shooter103,5,78,168.81,172.99
shooter103,5,79,168.54,174.03
shooter103,5,80,167.22,172.82
shooter103,5,81,168.21,173.01
shooter103,5,82,168.49,172.75
shooter103,5,83,168.04,172.28
shooter103,5,84,154.69,172.77
shooter103,5,85,153.92,173.96
shooter103,5,86,153.79,172.55
shooter103,5,87,152.71,172.72
shooter103,5,88,151.9,173.05
shooter103,5,89,152.98,172.49
shooter103,5,90,152.81,172.71
shooter103,5,91,152.23,172.37
shooter103,5,92,150.79,172.08
shooter103,5,93,149.91,171.98
shooter103,5,94,149.88,172.09
shooter103,5,95,150.61,171.72
shooter103,5,96,149.83,171.68
shooter103,5,97,150.05,170.19
shooter103,5,98,148.41,171.06
shooter103,5,99,148.42,170.97
shooter103,5,100,148.5,169.9
shooter103,5,101,146.99,170.85
shooter103,5,102,148.05,169.5
shooter103,5,103,146.9,169.18
shooter103,5,104,145.34,170.23
shooter103,5,105,144.97,168.79
shooter103,5,106,146.28,168.94
shooter103,5,107,145.41,168.65
shooter103,5,108,145.25,169.53
shooter103,5,109,144.89,168.46
shooter103,5,110,143.76,168.76
shooter103,5,111,144.12,168.79
shooter103,5,112,144.0,168.3
shooter103,5,113,142.06,168.77
shooter103,5,114,142.85,168.34
shooter103,5,115,141.54,167.39
shooter103,5,116,141.16,168.36
shooter103,5,117,140.95,167.38
shooter103,5,118,141.45,166.26
shooter103,5,119,139.36,166.62
shooter103,5,120,139.79,167.25
shooter103,5,121,139.88,166.23
shooter103,5,122,138.34,167.0
shooter103,5,123,139.3,166.49
shooter103,5,124,139.2,166.77
shooter103,5,125,137.1,165.66
shooter103,5,126,136.83,167.31
shooter103,5,127,138.07,166.31
shooter103,5,128,136.12,165.85
shooter103,5,129,135.48,166.44
shooter103,6,0,127.15,169.56
shooter103,6,1,126.14,169.03
shooter103,6,2,126.53,169.32
shooter103,6,3,127.72,168.73
shooter103,6,4,126.81,168.92
shooter103,6,5,125.99,168.07
shooter103,6,6,125.19,167.6
shooter103,6,7,125.77,167.39
shooter103,6,8,124.26,165.52
shooter103,6,9,123.46,165.06
shooter103,6,10,122.78,163.56
shooter103,6,11,123.2,163.27
shooter103,6,12,122.25,161.7
shooter103,6,13,120.28,159.08
shooter103,6,14,119.49,158.94
shooter103,6,15,119.6,156.46
shooter103,6,16,118.51,156.0
shooter103,6,17,117.74,154.06
shooter103,6,18,115.69,152.06
shooter103,6,19,115.73,150.94
shooter103,6,20,115.07,149.52
shooter103,6,21,113.3,147.61
shooter103,6,22,111.38,145.37
shooter103,6,23,111.23,143.95
shooter103,6,24,109.43,141.56
shooter103,6,25,107.73,140.55
shooter103,6,26,107.12,138.89
shooter103,6,27,107.23,135.8
shooter103,6,28,105.16,134.33
shooter103,6,29,105.01,132.77
shooter103,6,30,103.27,131.0
shooter103,6,31,102.28,129.94
shooter103,6,32,100.3,128.11
shooter103,6,33,100.64,127.55
shooter103,6,34,98.7,125.29
shooter103,6,35,98.61,124.43
shooter103,6,36,97.39,124.13
shooter103,6,37,96.93,122.6
shooter103,6,38,96.56,121.76
shooter103,6,39,94.91,121.74
shooter103,6,40,94.91,121.44
shooter103,6,41,95.85,120.06
shooter103,6,42,93.58,118.94
shooter103,6,43,93.77,118.94
shooter103,6,44,93.54,119.94
shooter103,6,45,93.54,118.94
shooter103,6,46,93.95,119.66
shooter103,6,47,93.54,120.13
shooter103,6,48,93.77,120.18
shooter103,6,49,95.05,122.16
shooter103,6,50,95.91,124.66
shooter103,6,51,99.24,126.95
shooter103,6,52,101.89,128.15
shooter103,6,53,103.24,131.59
shooter103,6,54,107.18,133.67
shooter103,6,55,110.75,138.4
shooter103,6,56,114.83,140.26
shooter103,6,57,119.77,144.55
shooter103,6,58,124.37,146.93
shooter103,6,59,128.6,151.04
shooter103,6,60,132.75,154.39
shooter103,6,61,137.09,156.86
shooter103,6,62,142.64,160.8
shooter103,6,63,146.35,163.66
shooter103,6,64,148.14,166.06
shooter103,6,65,152.37,167.16
shooter103,6,66,154.57,169.79
shooter103,6,67,157.1,170.85
shooter103,6,68,158.42,171.96
shooter103,6,69,159.45,172.36
shooter103,6,70,159.45,172.62
shooter103,6,71,159.08,171.88
shooter103,6,72,160.28,172.41
shooter103,6,73,158.61,171.91
shooter103,6,74,158.43,172.07
shooter103,6,75,159.57,171.71
shooter103,6,76,159.59,171.81
shooter103,6,77,159.32,172.62
shooter103,6,78,159.46,172.3
shooter103,6,79,159.22,171.13
shooter103,6,80,158.04,172.54
shooter103,6,81,158.91,172.62
shooter103,6,82,159.18,172.45
shooter103,6,83,159.29,172.18
shooter103,6,84,157.98,172.36
shooter103,6,85,157.68,171.37
shooter103,6,86,158.92,171.94
shooter103,6,87,157.8,171.73
shooter103,6,88,157.28,170.26
shooter103,6,89,146.1,171.16
shooter103,6,90,145.06,170.8
shooter103,6,91,144.3,170.56
shooter103,6,92,143.27,170.58
shooter103,6,93,142.92,169.33
shooter103,6,94,144.04,169.13
shooter103,6,95,143.03,169.39
shooter103,6,96,141.95,169.35
shooter103,6,97,141.97,169.4
shooter103,6,98,141.18,169.16
shooter103,6,99,140.68,168.63
shooter103,6,100,140.6,168.87
shooter103,6,101,140.75,167.08
shooter103,6,102,139.67,168.4
shooter103,6,103,139.54,166.41
shooter103,6,104,139.41,167.18
shooter103,6,105,138.89,166.04
shooter103,6,106,137.91,166.79
shooter103,6,107,137.33,166.24
shooter103,6,108,136.92,165.43
shooter103,6,109,137.15,166.39
shooter103,6,110,137.49,166.38
shooter103,6,111,135.91,165.1
shooter103,6,112,136.82,165.99
shooter103,6,113,136.28,164.81
shooter103,6,114,134.46,164.6
shooter103,6,115,134.1,164.5
shooter103,6,116,134.04,165.29
shooter103,6,117,133.36,165.55
shooter103,6,118,133.91,165.1
shooter103,6,119,132.53,165.45
shooter103,6,120,133.66,164.96
shooter103,6,121,132.64,165.32
shooter103,6,122,132.71,165.65
shooter103,6,123,132.35,164.46
shooter103,6,124,131.46,163.97
shooter103,7,0,102.78,172.22
shooter103,7,1,101.68,172.27
shooter103,7,2,102.38,173.03
shooter103,7,3,101.41,172.5
shooter103,7,4,101.77,171.24
shooter103,7,5,101.41,171.6
shooter103,7,6,101.47,170.14
shooter103,7,7,100.77,169.67
shooter103,7,8,100.85,167.36
shooter103,7,9,98.49,166.66
shooter103,7,10,99.31,164.44
shooter103,7,11,97.04,162.98
shooter103,7,12,96.78,162.85
shooter103,7,13,97.05,160.06
shooter103,7,14,95.75,159.21
shooter103,7,15,93.75,157.72
shooter103,7,16,93.37,154.53
shooter103,7,17,92.79,153.44
shooter103,7,18,92.15,151.94
shooter103,7,19,90.44,150.34
shooter103,7,20,88.11,147.11
shooter103,7,21,87.93,146.39
shooter103,7,22,86.09,144.06
shooter103,7,23,84.74,141.59
shooter103,7,24,84.7,139.01
shooter103,7,25,83.92,137.6
shooter103,7,26,81.33,135.8
shooter103,7,27,81.72,132.8
shooter103,7,28,80.49,132.26
shooter103,7,29,79.54,130.23
shooter103,7,30,77.52,127.6
shooter103,7,31,76.85,126.36
shooter103,7,32,75.37,124.35
shooter103,7,33,74.74,123.3
shooter103,7,34,74.04,122.02
shooter103,7,35,73.31,119.1
shooter103,7,36,72.32,118.03
shooter103,7,37,71.71,117.48
shooter103,7,38,72.56,117.72
shooter103,7,39,71.82,115.88
shooter103,7,40,70.52,116.2
shooter103,7,41,71.37,114.84
shooter103,7,42,69.84,114.25
shooter103,7,43,69.84,115.13
shooter103,7,44,70.51,114.25
shooter103,7,45,69.84,114.25
shooter103,7,46,69.84,114.25
shooter103,7,47,70.54,114.74
shooter103,7,48,71.99,115.77
shooter103,7,49,73.87,117.45
shooter103,7,50,75.53,119.42
shooter103,7,51,78.09,120.54
shooter103,7,52,80.66,121.99
shooter103,7,53,84.47,124.52
shooter103,7,54,87.43,127.13
shooter103,7,55,92.62,130.77
shooter103,7,56,96.52,132.18
shooter103,7,57,100.21,134.29
shooter103,7,58,105.4,138.07
shooter103,7,59,108.57,141.6
shooter103,7,60,113.96,144.21
shooter103,7,61,118.89,147.19
shooter103,7,62,123.67,150.23
shooter103,7,63,128.87,152.44
shooter103,7,64,133.82,155.88
shooter103,7,65,137.01,156.56
shooter103,7,66,141.1,160.64
shooter103,7,67,145.51,163.0
shooter103,7,68,148.45,165.26
shooter103,7,69,151.43,166.32
shooter103,7,70,155.97,168.65
shooter103,7,71,158.18,168.95
shooter103,7,72,160.56,171.0
shooter103,7,73,160.73,171.48
shooter103,7,74,161.52,172.66
shooter103,7,75,163.07,173.03
shooter103,7,76,163.44,173.03
shooter103,7,77,162.55,172.46
shooter103,7,78,162.33,172.66
shooter103,7,79,162.07,173.03
shooter103,7,80,163.29,173.03
shooter103,7,81,163.16,173.03
shooter103,7,82,162.81,172.16
shooter103,7,83,161.35,173.03
shooter103,7,84,162.52,173.03
shooter103,7,85,161.8,171.81
shooter103,7,86,161.05,172.36
shooter103,7,87,161.15,172.55
shooter103,7,88,161.39,172.27
shooter103,7,89,160.88,171.7
shooter103,7,90,161.99,171.8
shooter103,7,91,160.83,171.34
shooter103,7,92,149.18,171.39
shooter103,7,93,149.39,171.64
shooter103,7,94,148.94,172.64
shooter103,7,95,147.24,171.95
shooter103,7,96,148.08,171.64
shooter103,7,97,146.93,172.01
shooter103,7,98,146.79,171.66
shooter103,7,99,147.05,170.72
shooter103,7,100,146.35,170.79
shooter103,7,101,145.58,170.68
shooter103,7,102,144.77,171.32
shooter103,7,103,145.05,170.93
shooter103,7,104,144.28,170.67
shooter103,7,105,145.07,170.89
shooter103,7,106,143.91,171.61
shooter103,7,107,144.17,170.19
shooter103,7,108,142.82,170.49
shooter103,7,109,143.29,170.31
shooter103,7,110,141.35,170.68
shooter103,7,111,141.44,170.61
shooter103,7,112,140.6,170.52
shooter103,7,113,140.1,169.37
shooter103,7,114,141.48,169.78
shooter103,7,115,140.67,170.43
shooter103,7,116,140.09,169.5
shooter103,7,117,139.5,170.63
shooter103,7,118,139.18,169.33
shooter103,7,119,138.92,169.54
shooter103,7,120,138.89,169.44
shooter103,7,121,138.03,169.32
shooter103,7,122,137.94,170.1
shooter103,7,123,136.6,168.69
shooter103,7,124,137.59,169.49
shooter103,7,125,135.3,169.57
shooter103,7,126,135.61,170.03
shooter103,7,127,136.2,169.54
shooter103,8,0,103.67,172.34
shooter103,8,1,102.52,171.52
shooter103,8,2,103.76,172.92
shooter103,8,3,103.22,172.08
shooter103,8,4,103.26,171.45
shooter103,8,5,102.38,170.39
shooter103,8,6,101.71,170.55
shooter103,8,7,101.91,170.9
shooter103,8,8,102.48,169.91
shooter103,8,9,100.56,167.93
shooter103,8,10,100.91,167.26
shooter103,8,11,99.06,166.82
shooter103,8,12,99.75,165.26
shooter103,8,13,98.09,165.87
shooter103,8,14,97.78,164.18
shooter103,8,15,96.83,161.88
shooter103,8,16,95.49,162.01
shooter103,8,17,95.09,159.86
shooter103,8,18,94.2,158.24
shooter103,8,19,93.62,157.46
shooter103,8,20,93.56,154.87
shooter103,8,21,91.56,154.26
shooter103,8,22,91.44,153.46
shooter103,8,23,89.5,152.03
shooter103,8,24,87.74,149.23
shooter103,8,25,86.92,148.17
shooter103,8,26,86.19,145.66
shooter103,8,27,84.94,144.62
shooter103,8,28,84.93,142.3
shooter103,8,29,83.46,141.21
shooter103,8,30,82.17,138.68
shooter103,8,31,80.91,138.49
shooter103,8,32,79.64,136.66
shooter103,8,33,79.01,133.84
shooter103,8,34,76.98,133.02
shooter103,8,35,76.02,129.98
shooter103,8,36,75.29,129.61
shooter103,8,37,74.03,127.07
shooter103,8,38,74.09,125.17
shooter103,8,39,71.85,124.7
shooter103,8,40,71.22,122.76
shooter103,8,41,71.84,121.41
shooter103,8,42,71.21,119.96
shooter103,8,43,69.4,117.67
shooter103,8,44,68.68,116.34
shooter103,8,45,68.54,116.19
shooter103,8,46,66.42,115.04
shooter103,8,47,66.6,112.76
shooter103,8,48,65.4,112.37
shooter103,8,49,65.51,111.86
shooter103,8,50,66.24,111.05
shooter103,8,51,65.39,110.57
shooter103,8,52,65.53,109.01
shooter103,8,53,64.78,108.6
shooter103,8,54,64.3,108.08
shooter103,8,55,64.44,107.06
shooter103,8,56,64.16,106.31
shooter103,8,57,63.81,106.31
shooter103,8,58,63.81,107.16
shooter103,8,59,64.62,106.31
shooter103,8,60,65.06,106.31
shooter103,8,61,66.84,106.63
shooter103,8,62,67.85,106.76
shooter103,8,63,70.73,108.43
shooter103,8,64,72.46,109.28
shooter103,8,65,75.24,109.34
shooter103,8,66,78.63,112.55
shooter103,8,67,81.2,113.98
shooter103,8,68,86.28,115.89
shooter103,8,69,88.95,119.1
shooter103,8,70,92.64,121.68
shooter103,8,71,96.02,123.77
shooter103,8,72,101.8,128.1
shooter103,8,73,105.6,130.55
shooter103,8,74,109.47,133.68
shooter103,8,75,113.43,135.88
shooter103,8,76,118.72,139.61
shooter103,8,77,123.36,143.25
shooter103,8,78,126.38,146.89
shooter103,8,79,129.92,149.87
shooter103,8,80,133.74,153.49
shooter103,8,81,137.23,155.48
shooter103,8,82,142.19,159.2
shooter103,8,83,145.91,162.09
shooter103,8,84,148.91,164.44
shooter103,8,85,151.18,166.67
shooter103,8,86,152.3,168.88
shooter103,8,87,155.97,168.97
shooter103,8,88,156.37,171.62
shooter103,8,89,157.71,173.27
shooter103,8,90,159.37,173.29
shooter103,8,91,158.67,173.06
shooter103,8,92,159.77,173.79
shooter103,8,93,160.67,173.14
shooter103,8,94,160.13,173.45
shooter103,8,95,160.04,173.11
shooter103,8,96,159.16,173.67
shooter103,8,97,158.42,173.55
shooter103,8,98,159.77,173.66
shooter103,8,99,159.29,173.79
shooter103,8,100,159.81,173.55
shooter103,8,101,158.13,173.58
shooter103,8,102,158.41,173.79
shooter103,8,103,158.43,173.79
shooter103,8,104,158.97,172.85
shooter103,8,105,159.09,172.32
shooter103,8,106,146.69,173.48
shooter103,8,107,144.96,173.79
shooter103,8,108,144.96,173.16
shooter103,8,109,143.63,172.39
shooter103,8,110,143.68,173.36
shooter103,8,111,143.52,173.13
shooter103,8,112,143.56,172.82
shooter103,8,113,142.91,173.32
shooter103,8,114,142.3,173.06
shooter103,8,115,142.42,172.72
shooter103,8,116,142.43,172.61
shooter103,8,117,140.85,172.5
shooter103,8,118,140.66,172.11
shooter103,8,119,140.98,171.88
shooter103,8,120,140.73,172.27
shooter103,8,121,140.42,171.96
shooter103,8,122,138.79,171.61
shooter103,8,123,139.05,170.77
shooter103,8,124,139.37,171.82
shooter103,8,125,137.95,171.6
shooter103,8,126,137.63,170.89
shooter103,8,127,138.34,170.82
shooter103,8,128,136.2,170.5
shooter103,8,129,136.98,171.83
shooter103,8,130,136.87,171.53
shooter103,8,131,135.07,170.84
shooter103,8,132,135.8,170.44
shooter103,8,133,134.91,171.02
shooter103,8,134,135.28,170.53
shooter103,8,135,134.98,171.35
shooter103,8,136,134.51,169.44
shooter103,8,137,132.5,169.33
shooter103,8,138,133.48,170.34
shooter103,8,139,133.41,169.55
shooter103,8,140,132.41,170.3
shooter103,8,141,131.97,170.61
shooter103,8,142,130.46,169.29
shooter103,8,143,131.68,169.86
shooter103,8,144,129.66,170.33
shooter103,8,145,129.8,170.6
shooter103,8,146,130.62,169.91
shooter103,8,147,130.27,169.32
shooter103,8,148,129.95,170.07
shooter103,9,0,106.65,173.13
shooter103,9,1,105.77,172.81
shooter103,9,2,106.2,172.67
shooter103,9,3,106.02,171.88
shooter103,9,4,105.25,171.94
shooter103,9,5,105.19,172.36
shooter103,9,6,106.06,171.58
shooter103,9,7,104.29,171.07
shooter103,9,8,104.96,169.84
shooter103,9,9,104.21,170.21
shooter103,9,10,103.4,168.91
shooter103,9,11,102.02,167.73
shooter103,9,12,101.52,168.43
shooter103,9,13,100.78,166.67
shooter103,9,14,100.87,165.77
shooter103,9,15,100.87,165.67
shooter103,9,16,99.86,163.38
shooter103,9,17,97.31,163.43
shooter103,9,18,96.92,161.78
shooter103,9,19,95.77,160.45
shooter103,9,20,96.46,158.41
shooter103,9,21,94.0,156.77
shooter103,9,22,92.93,156.22
shooter103,9,23,92.75,154.02
shooter103,9,24,91.59,152.77
shooter103,9,25,89.88,152.42
shooter103,9,26,89.7,151.26
shooter103,9,27,87.48,148.72
shooter103,9,28,86.25,148.4
shooter103,9,29,85.3,147.38
shooter103,9,30,84.79,145.52
shooter103,9,31,84.94,144.14
shooter103,9,32,83.02,142.52
shooter103,9,33,82.38,140.12
shooter103,9,34,80.48,138.96
shooter103,9,35,80.26,138.72
shooter103,9,36,79.75,136.75
shooter103,9,37,77.56,135.63
shooter103,9,38,77.9,134.65
shooter103,9,39,76.26,131.86
shooter103,9,40,75.59,130.76
shooter103,9,41,73.75,130.16
shooter103,9,42,73.72,127.72
shooter103,9,43,72.68,127.66
shooter103,9,44,72.84,127.03
shooter103,9,45,72.05,125.57
shooter103,9,46,70.4,123.94
shooter103,9,47,70.91,123.85
shooter103,9,48,70.25,121.81
shooter103,9,49,69.17,122.48
shooter103,9,50,67.72,120.13
shooter103,9,51,67.5,120.96
shooter103,9,52,67.12,119.6
shooter103,9,53,67.12,118.91
shooter103,9,54,68.34,118.56
shooter103,9,55,67.12,117.55
shooter103,9,56,67.53,117.72
shooter103,9,57,67.12,118.24
shooter103,9,58,67.67,117.95
shooter103,9,59,67.68,117.2
shooter103,9,60,69.84,117.2
shooter103,9,61,71.89,118.12
shooter103,9,62,74.25,118.65
shooter103,9,63,76.46,118.87
shooter103,9,64,80.95,119.5
shooter103,9,65,83.5,123.01
shooter103,9,66,88.74,124.03
shooter103,9,67,92.97,126.35
shooter103,9,68,97.4,129.8
shooter103,9,69,103.52,131.7
shooter103,9,70,107.43,135.92
shooter103,9,71,114.2,137.63
shooter103,9,72,119.39,142.28
shooter103,9,73,123.61,146.11
shooter103,9,74,128.66,149.54
shooter103,9,75,133.34,152.72
shooter103,9,76,139.7,155.84
shooter103,9,77,143.65,157.73
shooter103,9,78,146.67,162.0
shooter103,9,79,151.47,164.58
shooter103,9,80,154.05,166.18
shooter103,9,81,157.99,168.0
shooter103,9,82,160.34,169.16
shooter103,9,83,161.45,171.51
shooter103,9,84,164.33,172.74
shooter103,9,85,164.08,172.75
shooter103,9,86,164.84,173.15
shooter103,9,87,165.05,173.15
shooter103,9,88,165.64,172.18
shooter103,9,89,164.64,173.15
shooter103,9,90,165.42,172.65
shooter103,9,91,164.23,172.3
shooter103,9,92,165.17,171.98
shooter103,9,93,163.86,173.15
shooter103,9,94,164.74,173.15
shooter103,9,95,163.44,171.93
shooter103,9,96,165.17,171.95
shooter103,9,97,165.04,172.44
shooter103,9,98,163.96,171.8
shooter103,9,99,164.06,172.78
shooter103,9,100,164.14,171.29
shooter103,9,101,150.39,172.14
shooter103,9,102,150.79,171.66
shooter103,9,103,150.44,171.68
shooter103,9,104,149.69,171.44
shooter103,9,105,148.54,170.73
shooter103,9,106,149.68,170.7
shooter103,9,107,147.67,170.21
shooter103,9,108,148.3,170.14
shooter103,9,109,146.85,171.68
shooter103,9,110,146.53,170.1
shooter103,9,111,145.88,169.96
shooter103,9,112,146.17,169.41
shooter103,9,113,146.32,170.47
shooter103,9,114,145.68,170.61
shooter103,9,115,145.59,170.14
shooter103,9,116,145.19,169.59
shooter103,9,117,143.72,169.8
shooter103,9,118,143.15,168.78
shooter103,9,119,143.89,169.49
shooter103,9,120,143.55,169.18
shooter103,9,121,142.95,167.39
shooter103,9,122,141.93,168.17
shooter103,9,123,142.66,167.54
shooter103,9,124,140.79,167.0
shooter103,9,125,141.5,168.34
shooter103,9,126,140.08,166.49
shooter103,9,127,140.75,167.77
shooter103,9,128,139.88,168.12
shooter103,9,129,140.08,166.95
shooter103,9,130,138.34,166.58
shooter103,9,131,138.95,166.9
shooter103,9,132,137.73,167.16
shooter103,9,133,138.4,165.91
shooter103,9,134,136.88,165.81
shooter103,9,135,136.39,166.41
shooter103,9,136,137.27,166.97
shooter103,9,137,135.57,165.59
shooter103,9,138,135.49,165.66
shooter103,9,139,136.29,166.82
shooter103,9,140,135.86,165.12
shooter103,9,141,135.55,164.87
shooter103,9,142,134.09,165.85
shooter103,9,143,134.1,164.68
shooter103,9,144,134.19,164.97
shooter103,9,145,132.51,165.83
shooter103,9,146,133.29,165.9
shooter103,10,0,110.27,171.95
shooter103,10,1,109.62,173.67
shooter103,10,2,110.67,172.8
shooter103,10,3,110.14,173.09
shooter103,10,4,110.48,172.37
shooter103,10,5,109.67,172.18
shooter103,10,6,108.34,171.38
shooter103,10,7,108.17,171.16
shooter103,10,8,108.86,168.98
shooter103,10,9,106.52,168.06
shooter103,10,10,107.19,168.11
shooter103,10,11,105.51,166.62
shooter103,10,12,104.98,165.68
shooter103,10,13,104.22,164.67
shooter103,10,14,102.69,163.05
shooter103,10,15,102.47,162.16
shooter103,10,16,101.48,159.79
shooter103,10,17,99.14,159.37
shooter103,10,18,98.56,156.32
shooter103,10,19,98.1,155.78
shooter103,10,20,96.83,154.65
shooter103,10,21,95.21,151.7
shooter103,10,22,94.39,150.15
shooter103,10,23,91.75,148.38
shooter103,10,24,90.45,147.15
shooter103,10,25,90.2,145.09
shooter103,10,26,88.94,142.72
shooter103,10,27,87.85,142.54
shooter103,10,28,85.26,139.42
shooter103,10,29,84.61,138.35
shooter103,10,30,83.6,136.77
shooter103,10,31,81.44,133.98
shooter103,10,32,80.77,132.46
shooter103,10,33,79.78,132.61
shooter103,10,34,77.73,130.45
shooter103,10,35,76.89,127.69
shooter103,10,36,75.45,127.78
shooter103,10,37,75.75,125.84
shooter103,10,38,73.4,123.67
shooter103,10,39,72.19,123.66
shooter103,10,40,71.11,122.15
shooter103,10,41,70.28,120.51
shooter103,10,42,69.78,120.88
shooter103,10,43,69.89,118.83
shooter103,10,44,68.05,118.03
shooter103,10,45,68.01,117.32
shooter103,10,46,67.04,117.73
shooter103,10,47,67.3,117.12
shooter103,10,48,66.49,117.14
shooter103,10,49,67.07,115.85
shooter103,10,50,67.03,116.48
shooter103,10,51,66.99,115.85
shooter103,10,52,66.49,115.85
shooter103,10,53,67.67,115.85
shooter103,10,54,68.64,118.55
shooter103,10,55,69.55,118.97
shooter103,10,56,73.32,121.73
shooter103,10,57,77.75,123.92
shooter103,10,58,81.31,125.52
shooter103,10,59,86.56,130.49
shooter103,10,60,92.7,133.36
shooter103,10,61,97.64,136.14
shooter103,10,62,105.89,140.1
shooter103,10,63,110.96,143.36
shooter103,10,64,117.44,147.59
shooter103,10,65,124.17,150.03
shooter103,10,66,131.62,154.23
shooter103,10,67,139.02,157.44
shooter103,10,68,144.98,160.92
shooter103,10,69,150.81,163.89
shooter103,10,70,155.16,165.97
shooter103,10,71,159.46,169.99
shooter103,10,72,163.11,170.04
shooter103,10,73,165.43,171.61
shooter103,10,74,169.34,173.47
shooter103,10,75,169.84,174.65
shooter103,10,76,170.29,174.65
shooter103,10,77,170.14,174.65
shooter103,10,78,170.52,174.65
shooter103,10,79,169.2,173.81
shooter103,10,80,170.0,174.65
shooter103,10,81,169.82,174.23
shooter103,10,82,169.92,174.65
shooter103,10,83,168.06,173.69
shooter103,10,84,168.2,174.65
shooter103,10,85,168.63,174.65
shooter103,10,86,169.21,173.5
shooter103,10,87,169.26,173.47
shooter103,10,88,168.34,173.7
shooter103,10,89,167.4,173.08
shooter103,10,90,167.16,174.65
shooter103,10,91,167.89,174.06
shooter103,10,92,155.71,173.98
shooter103,10,93,156.0,174.58
shooter103,10,94,156.16,174.21
shooter103,10,95,154.87,174.06
shooter103,10,96,154.45,172.99
shooter103,10,97,153.36,172.86
shooter103,10,98,153.4,172.64
shooter103,10,99,153.89,172.62
shooter103,10,100,152.81,172.54
shooter103,10,101,152.01,171.94
shooter103,10,102,151.5,172.24
shooter103,10,103,151.08,172.28
shooter103,10,104,151.81,171.86
shooter103,10,105,151.32,171.43
shooter103,10,106,150.73,171.71
shooter103,10,107,150.29,171.78
shooter103,10,108,149.2,172.12
shooter103,10,109,149.49,171.96
shooter103,10,110,148.21,170.8
shooter103,10,111,149.54,170.33
shooter103,10,112,147.41,170.73
shooter103,10,113,147.74,170.3
shooter103,10,114,146.49,170.64
shooter103,10,115,147.66,171.68
shooter103,10,116,146.02,169.96
shooter103,10,117,147.14,170.11
shooter103,10,118,144.98,170.8
shooter103,10,119,146.13,170.25
shooter103,10,120,145.4,169.21
shooter103,10,121,144.19,169.34
shooter103,10,122,143.69,170.78
shooter103,10,123,143.61,169.02
shooter103,10,124,144.15,170.0
shooter103,10,125,143.81,170.23
shooter103,10,126,142.04,169.09
shooter103,10,127,142.0,169.94
shooter103,10,128,141.36,168.76
shooter103,10,129,140.74,168.93
shooter103,10,130,141.38,168.93
shooter103,10,131,140.38,170.25
shooter103,10,132,139.74,168.65
shooter103,10,133,140.62,168.45
shooter103,10,134,139.99,170.02
shooter103,10,135,139.64,168.47
shooter103,10,136,137.77,169.89
shooter103,10,137,139.12,169.43
shooter104,1,0,124.78,168.8
shooter104,1,1,124.97,169.46
shooter104,1,2,124.85,168.9
shooter104,1,3,123.87,169.72
shooter104,1,4,123.71,167.89
shooter104,1,5,123.47,167.4
shooter104,1,6,122.37,167.67
shooter104,1,7,122.65,165.69
shooter104,1,8,121.23,166.09
shooter104,1,9,118.82,164.18
shooter104,1,10,117.77,163.88
shooter104,1,11,117.93,163.13
shooter104,1,12,116.11,161.35
shooter104,1,13,115.64,159.23
shooter104,1,14,112.93,157.51
shooter104,1,15,111.18,156.05
shooter104,1,16,110.46,154.64
shooter104,1,17,109.66,154.09
shooter104,1,18,108.62,152.06
shooter104,1,19,106.93,150.27
shooter104,1,20,104.62,148.62
shooter104,1,21,103.79,148.49
shooter104,1,22,100.83,145.24
shooter104,1,23,100.41,144.05
shooter104,1,24,99.73,142.85
shooter104,1,25,97.35,140.41
shooter104,1,26,97.22,140.8
shooter104,1,27,94.56,137.76
shooter104,1,28,93.24,137.6
shooter104,1,29,93.07,136.24
shooter104,1,30,92.94,135.43
shooter104,1,31,90.95,134.03
shooter104,1,32,91.25,133.28
shooter104,1,33,89.42,131.7
shooter104,1,34,90.13,131.05
shooter104,1,35,89.43,130.81
shooter104,1,36,89.06,129.99
shooter104,1,37,89.06,129.44
shooter104,1,38,89.68,128.86
shooter104,1,39,89.86,128.86
shooter104,1,40,90.23,128.86
shooter104,1,41,91.35,128.86
shooter104,1,42,94.66,129.49
shooter104,1,43,96.02,129.65
shooter104,1,44,98.59,132.13
shooter104,1,45,100.88,134.1
shooter104,1,46,103.88,135.83
shooter104,1,47,105.46,138.38
shooter104,1,48,109.18,139.5
shooter104,1,49,112.66,142.32
shooter104,1,50,114.72,146.43
shooter104,1,51,118.0,149.56
shooter104,1,52,122.11,152.33
shooter104,1,53,125.63,155.14
shooter104,1,54,128.13,158.06
shooter104,1,55,129.62,160.83
shooter104,1,56,134.0,163.31
shooter104,1,57,134.6,165.62
shooter104,1,58,136.75,166.3
shooter104,1,59,139.89,167.98
shooter104,1,60,140.79,169.93
shooter104,1,61,141.97,171.25
shooter104,1,62,141.97,171.99
shooter104,1,63,141.97,171.99
shooter104,1,64,141.54,171.54
shooter104,1,65,141.62,171.99
shooter104,1,66,142.86,171.45
shooter104,1,67,142.68,171.99
shooter104,1,68,141.68,171.23
shooter104,1,69,141.7,171.54
shooter104,1,70,141.55,171.56
shooter104,1,71,141.6,171.29
shooter104,1,72,142.67,170.62
shooter104,1,73,140.96,170.99
shooter104,1,74,141.81,171.1
shooter104,1,75,142.82,170.95
shooter104,1,76,142.02,171.78
shooter104,1,77,141.83,170.18
shooter104,1,78,141.56,170.74
shooter104,1,79,141.08,169.9
shooter104,1,80,141.37,171.55
shooter104,1,81,127.15,171.12
shooter104,1,82,126.82,171.35
shooter104,1,83,126.5,171.05
shooter104,1,84,126.37,169.7
shooter104,1,85,125.39,170.28
shooter104,1,86,126.87,169.34
shooter104,1,87,124.82,170.33
shooter104,1,88,124.94,169.2
shooter104,1,89,125.53,168.95
shooter104,1,90,123.58,169.84
shooter104,1,91,123.94,169.5
shooter104,1,92,124.26,169.57
shooter104,1,93,123.28,167.58
shooter104,1,94,122.19,167.74
shooter104,1,95,122.84,167.67
shooter104,1,96,122.33,167.73
shooter104,1,97,121.29,167.64
shooter104,1,98,120.26,167.09
shooter104,1,99,119.79,167.9
shooter104,1,100,121.02,166.59
shooter104,1,101,119.61,167.35
shooter104,1,102,118.85,167.49
shooter104,1,103,119.21,166.82
shooter104,1,104,119.61,166.16
shooter104,1,105,117.39,165.66
shooter104,1,106,117.08,165.39
shooter104,1,107,117.4,166.46
shooter104,1,108,117.52,165.77
shooter104,1,109,116.72,164.78
shooter104,1,110,117.17,166.52
shooter104,1,111,115.06,165.77
shooter104,1,112,115.25,166.0
shooter104,1,113,114.87,165.07
shooter104,1,114,114.45,166.0
shooter104,1,115,114.35,164.39
shooter104,1,116,114.55,164.28
shooter104,1,117,113.21,165.61
shooter104,1,118,113.66,165.54
shooter104,1,119,112.06,164.7
shooter104,1,120,112.49,163.9
shooter104,1,121,111.72,164.21
shooter104,1,122,111.65,165.08
shooter104,1,123,110.39,165.24
shooter104,1,124,111.68,164.23
shooter104,1,125,111.18,163.65
shooter104,2,0,114.31,171.95
shooter104,2,1,115.42,173.52
shooter104,2,2,114.13,171.83
shooter104,2,3,113.67,171.48
shooter104,2,4,114.25,171.56
shooter104,2,5,113.98,171.49
shooter104,2,6,114.3,171.75
shooter104,2,7,113.11,170.86
shooter104,2,8,112.68,168.9
shooter104,2,9,110.89,168.38
shooter104,2,10,110.34,168.25
shooter104,2,11,110.33,166.71
shooter104,2,12,108.21,164.9
shooter104,2,13,107.92,164.16
shooter104,2,14,106.23,163.38
shooter104,2,15,104.44,162.77
shooter104,2,16,103.93,160.79
shooter104,2,17,101.94,158.1
shooter104,2,18,100.21,158.04
shooter104,2,19,99.35,155.66
shooter104,2,20,97.93,155.4
shooter104,2,21,96.93,152.93
shooter104,2,22,96.61,151.05
shooter104,2,23,94.26,150.07
shooter104,2,24,93.83,148.14
shooter104,2,25,91.93,146.61
shooter104,2,26,89.54,145.82
shooter104,2,27,88.63,144.77
shooter104,2,28,88.89,143.51
shooter104,2,29,87.05,141.28
shooter104,2,30,86.58,139.31
shooter104,2,31,84.26,138.9
shooter104,2,32,84.07,137.62
shooter104,2,33,83.24,136.04
shooter104,2,34,82.78,136.41
shooter104,2,35,80.08,135.61
shooter104,2,36,81.24,132.9
shooter104,2,37,79.5,133.62
shooter104,2,38,79.86,132.64
shooter104,2,39,78.84,131.29
shooter104,2,40,78.53,131.56
shooter104,2,41,77.96,130.43
shooter104,2,42,78.67,130.43
shooter104,2,43,77.96,131.47
shooter104,2,44,78.15,130.43
shooter104,2,45,78.91,130.43
shooter104,2,46,80.3,131.03
shooter104,2,47,81.17,132.89
shooter104,2,48,83.37,133.05
shooter104,2,49,85.1,135.46
shooter104,2,50,87.88,137.17
shooter104,2,51,90.62,138.15
shooter104,2,52,93.63,141.1
shooter104,2,53,97.0,143.47
shooter104,2,54,99.72,146.28
shooter104,2,55,102.41,148.16
shooter104,2,56,106.82,150.29
shooter104,2,57,109.05,153.31
shooter104,2,58,112.72,156.96
shooter104,2,59,117.15,159.97
shooter104,2,60,119.57,162.52
shooter104,2,61,122.65,164.62
shooter104,2,62,126.33,165.87
shooter104,2,63,127.26,167.76
shooter104,2,64,128.95,171.06
shooter104,2,65,130.92,172.09
shooter104,2,66,132.6,173.74
shooter104,2,67,134.58,173.36
shooter104,2,68,134.96,174.37
shooter104,2,69,134.96,174.73
shooter104,2,70,134.39,174.07
shooter104,2,71,134.84,173.84
shooter104,2,72,133.75,174.73
shooter104,2,73,135.0,174.73
shooter104,2,74,134.79,174.73
shooter104,2,75,133.52,174.73
shooter104,2,76,135.03,174.73
shooter104,2,77,134.85,173.56
shooter104,2,78,133.85,174.43
shooter104,2,79,134.43,174.73
shooter104,2,80,134.28,174.21
shooter104,2,81,133.28,174.73
shooter104,2,82,133.3,174.5
shooter104,2,83,134.2,173.34
shooter104,2,84,134.62,174.05
shooter104,2,85,133.83,174.33
shooter104,2,86,133.73,172.97
shooter104,2,87,133.81,173.43
shooter104,2,88,133.32,174.07
shooter104,2,89,120.07,172.84
shooter104,2,90,120.35,173.11
shooter104,2,91,120.96,173.68
shooter104,2,92,120.37,173.73
shooter104,2,93,120.21,173.09
shooter104,2,94,118.27,173.85
shooter104,2,95,118.57,173.65
shooter104,2,96,118.33,172.62
shooter104,2,97,117.18,171.86
shooter104,2,98,116.76,172.96
shooter104,2,99,117.52,171.76
shooter104,2,100,116.9,172.83
shooter104,2,101,116.45,172.18
shooter104,2,102,115.29,171.66
shooter104,2,103,115.37,171.84
shooter104,2,104,114.01,171.66
shooter104,2,105,113.82,172.31
shooter104,2,106,114.2,170.76
shooter104,2,107,113.38,172.05
shooter104,2,108,114.29,170.12
shooter104,2,109,112.9,171.47
shooter104,2,110,111.73,171.64
shooter104,2,111,111.2,170.47
shooter104,2,112,112.21,169.7
shooter104,2,113,110.7,171.05
shooter104,2,114,110.34,171.01
shooter104,2,115,110.41,169.88
shooter104,2,116,109.69,170.14
shooter104,2,117,109.99,170.61
shooter104,2,118,109.33,169.28
shooter104,2,119,108.18,170.05
shooter104,2,120,109.13,169.57
shooter104,2,121,108.01,168.97
shooter104,2,122,107.98,170.2
shooter104,2,123,106.37,169.11
shooter104,2,124,107.21,170.26
shooter104,2,125,106.13,169.46
shooter104,2,126,106.15,169.29
shooter104,2,127,105.36,169.06
shooter104,2,128,106.35,168.96
shooter104,2,129,104.42,169.76
shooter104,2,130,105.39,169.44
shooter104,2,131,105.0,169.61
shooter104,2,132,103.6,168.88
shooter104,2,133,102.97,168.54
shooter104,2,134,102.72,168.18
shooter104,2,135,103.54,169.56
shooter104,3,0,96.09,172.78
shooter104,3,1,95.69,174.31
shooter104,3,2,96.37,174.05
shooter104,3,3,95.56,173.26
shooter104,3,4,94.94,172.84
shooter104,3,5,95.23,173.03
shooter104,3,6,94.17,171.61
shooter104,3,7,95.54,170.38
shooter104,3,8,94.87,169.88
shooter104,3,9,94.55,168.89
shooter104,3,10,94.36,168.73
shooter104,3,11,93.74,166.65
shooter104,3,12,92.53,166.42
shooter104,3,13,91.38,164.81
shooter104,3,14,91.33,164.24
shooter104,3,15,91.87,162.14
shooter104,3,16,91.28,161.57
shooter104,3,17,90.27,160.0
shooter104,3,18,88.47,157.0
shooter104,3,19,87.76,156.38
shooter104,3,20,88.42,153.78
shooter104,3,21,86.21,153.31
shooter104,3,22,86.35,151.21
shooter104,3,23,85.18,148.79
shooter104,3,24,84.27,146.95
shooter104,3,25,84.24,145.55
shooter104,3,26,84.03,144.53
shooter104,3,27,82.89,142.77
shooter104,3,28,81.53,139.5
shooter104,3,29,80.66,138.32
shooter104,3,30,80.83,136.87
shooter104,3,31,79.42,135.54
shooter104,3,32,78.51,133.05
shooter104,3,33,78.15,131.85
shooter104,3,34,76.55,131.44
shooter104,3,35,75.51,129.16
shooter104,3,36,76.42,128.3
shooter104,3,37,75.28,126.46
shooter104,3,38,73.78,125.18
shooter104,3,39,73.45,124.33
shooter104,3,40,74.28,122.52
shooter104,3,41,73.04,121.51
shooter104,3,42,72.56,122.1
shooter104,3,43,70.97,121.06
shooter104,3,44,72.35,120.09
shooter104,3,45,71.82,118.3
shooter104,3,46,70.8,117.65
shooter104,3,47,70.03,117.65
shooter104,3,48,70.56,118.75
shooter104,3,49,70.62,118.34
shooter104,3,50,70.37,117.65
shooter104,3,51,70.64,118.76
shooter104,3,52,69.89,117.65
shooter104,3,53,69.59,119.31
shooter104,3,54,69.83,119.74
shooter104,3,55,71.18,121.48
shooter104,3,56,71.26,124.54
shooter104,3,57,72.83,126.46
shooter104,3,58,75.88,127.24
shooter104,3,59,77.77,130.07
shooter104,3,60,81.33,133.49
shooter104,3,61,83.12,135.32
shooter104,3,62,86.91,139.32
shooter104,3,63,90.41,142.5
shooter104,3,64,95.07,145.09
shooter104,3,65,99.11,148.28
shooter104,3,66,102.48,151.32
shooter104,3,67,106.5,155.85
shooter104,3,68,109.72,157.78
shooter104,3,69,114.66,161.07
shooter104,3,70,118.87,163.23
shooter104,3,71,121.85,166.57
shooter104,3,72,123.88,167.68
shooter104,3,73,127.49,169.69
shooter104,3,74,129.29,172.82
shooter104,3,75,130.82,174.28
shooter104,3,76,132.76,174.54
shooter104,3,77,133.79,175.57
shooter104,3,78,134.69,176.55
shooter104,3,79,135.54,176.55
shooter104,3,80,134.92,175.91
shooter104,3,81,135.65,176.4
shooter104,3,82,135.83,176.08
shooter104,3,83,134.88,176.55
shooter104,3,84,134.5,176.55
shooter104,3,85,134.83,176.47
shooter104,3,86,133.32,176.55
shooter104,3,87,133.78,176.18
shooter104,3,88,133.72,176.55
shooter104,3,89,134.18,175.27
shooter104,3,90,133.95,175.74
shooter104,3,91,133.81,176.4
shooter104,3,92,121.94,175.6
shooter104,3,93,121.2,175.01
shooter104,3,94,121.4,175.44
shooter104,3,95,121.09,176.07
shooter104,3,96,119.9,174.78
shooter104,3,97,120.51,175.87
shooter104,3,98,119.89,175.85
shooter104,3,99,118.76,175.44
shooter104,3,100,117.48,174.53
shooter104,3,101,117.39,175.52
shooter104,3,102,118.09,174.2
shooter104,3,103,116.36,175.44
shooter104,3,104,116.68,174.89
shooter104,3,105,116.55,173.44
shooter104,3,106,116.7,174.78
shooter104,3,107,116.23,174.04
shooter104,3,108,115.67,173.78
shooter104,3,109,114.56,173.56
shooter104,3,110,113.62,173.77
shooter104,3,111,114.28,173.85
shooter104,3,112,112.9,174.03
shooter104,3,113,113.26,172.62
shooter104,3,114,113.7,173.18
shooter104,3,115,112.44,173.13
shooter104,3,116,112.23,172.95
shooter104,3,117,111.9,172.42
shooter104,3,118,111.8,172.06
shooter104,3,119,110.61,172.65
shooter104,3,120,110.34,171.57
shooter104,3,121,109.29,171.24
shooter104,3,122,109.77,171.76
shooter104,3,123,108.73,171.06
shooter104,3,124,108.76,170.45
shooter104,3,125,108.87,170.35
shooter104,3,126,106.98,171.5
shooter104,3,127,107.67,171.93
shooter104,3,128,106.49,170.77
shooter104,3,129,106.3,170.03
shooter104,3,130,105.41,171.26
shooter104,3,131,105.28,170.03
shooter104,3,132,106.51,171.39
shooter104,3,133,106.14,170.43
shooter104,3,134,105.18,169.67
shooter104,3,135,104.56,170.11
shooter104,3,136,104.49,169.71
shooter104,3,137,104.33,170.52
shooter104,3,138,103.18,169.11
shooter104,3,139,101.81,170.55
shooter104,3,140,102.76,170.32
shooter104,3,141,102.91,170.46
shooter104,3,142,101.06,170.48
shooter104,3,143,101.07,169.12
shooter104,3,144,100.46,169.68
shooter104,3,145,100.12,170.32
shooter104,3,146,100.38,169.36
shooter104,3,147,99.3,168.72
shooter104,4,0,98.37,177.22
shooter104,4,1,98.5,177.83
shooter104,4,2,97.96,177.98
shooter104,4,3,97.48,177.0
shooter104,4,4,98.53,176.71
shooter104,4,5,97.0,176.08
shooter104,4,6,98.3,175.7
shooter104,4,7,98.23,176.08
shooter104,4,8,97.43,174.31
shooter104,4,9,96.8,173.35
shooter104,4,10,96.47,172.26
shooter104,4,11,95.98,172.29
shooter104,4,12,96.01,169.38
shooter104,4,13,95.51,169.59
shooter104,4,14,93.83,167.13
shooter104,4,15,93.58,166.94
shooter104,4,16,93.29,164.14
shooter104,4,17,90.99,162.09
shooter104,4,18,91.32,161.33
shooter104,4,19,90.83,159.07
shooter104,4,20,90.19,158.39
shooter104,4,21,88.71,156.44
shooter104,4,22,87.76,154.71
shooter104,4,23,86.72,151.91
shooter104,4,24,86.65,151.11
shooter104,4,25,86.54,148.48
shooter104,4,26,85.66,148.02
shooter104,4,27,83.75,145.66
shooter104,4,28,82.71,143.57
shooter104,4,29,82.94,142.33
shooter104,4,30,81.99,140.02
shooter104,4,31,80.74,138.22
shooter104,4,32,79.7,135.9
shooter104,4,33,78.39,135.15
shooter104,4,34,78.95,132.96
shooter104,4,35,77.87,130.78
shooter104,4,36,76.67,130.88
shooter104,4,37,77.06,127.98
shooter104,4,38,75.87,127.92
shooter104,4,39,75.78,125.67
shooter104,4,40,74.27,125.1
shooter104,4,41,73.66,124.92
shooter104,4,42,74.1,122.46
shooter104,4,43,73.66,122.77
shooter104,4,44,73.21,121.94
shooter104,4,45,72.53,121.82
shooter104,4,46,71.45,119.92
shooter104,4,47,70.63,120.78
shooter104,4,48,70.71,119.79
shooter104,4,49,71.6,119.66
shooter104,4,50,70.33,119.66
shooter104,4,51,70.94,119.66
shooter104,4,52,71.2,120.06
shooter104,4,53,70.33,119.69
shooter104,4,54,71.36,120.96
shooter104,4,55,70.99,122.22
shooter104,4,56,71.54,122.88
shooter104,4,57,73.48,123.35
shooter104,4,58,73.15,125.04
shooter104,4,59,74.55,126.63
shooter104,4,60,77.8,128.66
shooter104,4,61,79.18,130.83
shooter104,4,62,81.01,131.96
shooter104,4,63,82.54,134.14
shooter104,4,64,85.82,134.97
shooter104,4,65,89.36,138.83
shooter104,4,66,91.51,139.73
shooter104,4,67,94.06,142.05
shooter104,4,68,97.41,144.06
shooter104,4,69,101.21,146.09
shooter104,4,70,104.46,149.83
shooter104,4,71,106.66,151.05
shooter104,4,72,110.31,153.44
shooter104,4,73,112.88,155.52
shooter104,4,74,116.41,159.34
shooter104,4,75,119.08,161.13
shooter104,4,76,122.76,163.54
shooter104,4,77,125.8,165.43
shooter104,4,78,128.15,167.45
shooter104,4,79,130.7,168.42
shooter104,4,80,132.98,169.51
shooter104,4,81,135.29,171.4
shooter104,4,82,138.58,172.76
shooter104,4,83,139.52,174.9
shooter104,4,84,141.01,174.66
shooter104,4,85,144.23,175.86
shooter104,4,86,143.96,177.75
shooter104,4,87,146.18,177.26
shooter104,4,88,146.29,177.56
shooter104,4,89,146.62,177.96
shooter104,4,90,146.62,178.83
shooter104,4,91,145.93,178.1
shooter104,4,92,147.21,178.1
shooter104,4,93,147.12,178.25
shooter104,4,94,146.11,178.83
shooter104,4,95,146.89,178.12
shooter104,4,96,146.39,177.74
shooter104,4,97,147.07,178.83
shooter104,4,98,146.81,178.83
shooter104,4,99,145.23,177.83
shooter104,4,100,146.86,177.91
shooter104,4,101,146.98,177.66
shooter104,4,102,146.48,178.62
shooter104,4,103,145.18,177.57
shooter104,4,104,146.51,178.82
shooter104,4,105,146.13,178.49
shooter104,4,106,145.46,177.88
shooter104,4,107,146.5,176.59
shooter104,4,108,145.81,178.19
shooter104,4,109,133.33,177.73
shooter104,4,110,132.56,177.7
shooter104,4,111,131.4,176.11
shooter104,4,112,132.37,177.22
shooter104,4,113,131.16,177.24
shooter104,4,114,130.65,177.37
shooter104,4,115,130.03,176.44
shooter104,4,116,129.09,176.12
shooter104,4,117,129.79,175.77
shooter104,4,118,128.88,176.14
shooter104,4,119,129.49,176.4
shooter104,4,120,129.15,175.57
shooter104,4,121,128.36,174.63
shooter104,4,122,126.9,174.03
shooter104,4,123,127.45,175.04
shooter104,4,124,125.66,175.34
shooter104,4,125,126.87,173.56
shooter104,4,126,125.81,174.04
shooter104,4,127,126.29,174.94
shooter104,4,128,124.78,173.88
shooter104,4,129,124.15,173.14
shooter104,4,130,125.21,173.23
shooter104,4,131,123.88,173.16
shooter104,4,132,124.15,172.41
shooter104,4,133,123.84,173.34
shooter104,4,134,122.66,173.04
shooter104,4,135,122.13,173.0
shooter104,4,136,121.93,172.78
shooter104,4,137,122.12,171.44
shooter104,4,138,121.95,171.62
shooter104,4,139,120.28,171.48
shooter104,4,140,120.7,171.22
shooter104,4,141,119.39,172.38
shooter104,4,142,119.64,171.04
shooter104,4,143,119.63,172.03
shooter104,4,144,119.39,170.96
shooter104,4,145,118.12,170.76
shooter104,4,146,117.56,170.77
shooter104,4,147,116.93,171.39
shooter104,4,148,116.29,171.61
shooter104,4,149,116.35,171.89
shooter104,4,150,116.96,170.48
shooter104,4,151,115.66,171.42
shooter104,4,152,115.05,171.72
shooter104,4,153,115.5,170.78
shooter104,4,154,114.05,170.31
shooter104,5,0,97.31,172.53
shooter104,5,1,97.36,172.12
shooter104,5,2,98.08,172.28
shooter104,5,3,97.77,170.65
shooter104,5,4,97.61,170.69
shooter104,5,5,95.85,169.46
shooter104,5,6,97.24,170.37
shooter104,5,7,94.81,167.7
shooter104,5,8,95.72,166.71
shooter104,5,9,94.85,167.25
shooter104,5,10,93.77,164.82
shooter104,5,11,92.63,164.06
shooter104,5,12,92.36,162.0
shooter104,5,13,91.36,161.17
shooter104,5,14,89.14,158.62
shooter104,5,15,89.39,157.44
shooter104,5,16,86.86,155.79
shooter104,5,17,86.56,153.53
shooter104,5,18,85.68,151.45
shooter104,5,19,84.83,149.26
shooter104,5,20,82.9,148.38
shooter104,5,21,81.22,145.26
shooter104,5,22,80.49,143.44
shooter104,5,23,78.77,141.45
shooter104,5,24,78.1,139.6
shooter104,5,25,76.75,138.02
shooter104,5,26,76.19,135.4
shooter104,5,27,73.94,134.25
shooter104,5,28,72.72,131.85
shooter104,5,29,72.16,130.2
shooter104,5,30,70.25,128.04
shooter104,5,31,69.59,125.04
shooter104,5,32,68.88,124.91
shooter104,5,33,68.24,122.8
shooter104,5,34,66.97,120.74
shooter104,5,35,66.77,118.38
shooter104,5,36,66.7,116.94
shooter104,5,37,65.4,116.48
shooter104,5,38,64.34,114.85
shooter104,5,39,63.42,114.25
shooter104,5,40,63.2,112.64
shooter104,5,41,63.72,112.04
shooter104,5,42,63.74,110.64
shooter104,5,43,63.2,109.96
shooter104,5,44,63.2,109.54
shooter104,5,45,63.2,110.46
shooter104,5,46,63.32,109.72
shooter104,5,47,65.2,109.54
shooter104,5,48,64.53,110.16
shooter104,5,49,65.32,110.55
shooter104,5,50,67.19,110.61
shooter104,5,51,68.26,112.03
shooter104,5,52,69.96,113.32
shooter104,5,53,72.43,114.12
shooter104,5,54,74.33,114.34
shooter104,5,55,76.16,117.07
shooter104,5,56,79.61,117.84
shooter104,5,57,81.97,119.75
shooter104,5,58,83.82,123.13
shooter104,5,59,88.19,125.71
shooter104,5,60,89.93,126.77
shooter104,5,61,94.26,129.12
shooter104,5,62,97.22,133.35
shooter104,5,63,99.29,134.52
shooter104,5,64,101.97,137.05
shooter104,5,65,106.26,141.18
shooter104,5,66,108.38,144.2
shooter104,5,67,111.01,146.29
shooter104,5,68,114.76,149.06
shooter104,5,69,117.53,151.33
shooter104,5,70,121.06,153.74
shooter104,5,71,123.51,157.3
shooter104,5,72,126.37,159.9
shooter104,5,73,128.51,161.14
shooter104,5,74,130.59,163.19
shooter104,5,75,132.4,165.18
shooter104,5,76,135.29,166.57
shooter104,5,77,136.95,168.67
shooter104,5,78,138.23,169.61
shooter104,5,79,139.38,172.38
shooter104,5,80,140.05,172.35
shooter104,5,81,140.25,174.03
shooter104,5,82,141.82,174.32
shooter104,5,83,140.72,174.7
shooter104,5,84,141.82,174.7
shooter104,5,85,141.61,174.43
shooter104,5,86,141.96,173.86
shooter104,5,87,141.89,174.7
shooter104,5,88,141.1,173.69
shooter104,5,89,140.94,174.07
shooter104,5,90,141.16,173.69
shooter104,5,91,141.4,174.7
shooter104,5,92,140.71,173.51
shooter104,5,93,142.05,174.44
shooter104,5,94,141.15,174.24
shooter104,5,95,141.34,174.64
shooter104,5,96,141.29,173.84
shooter104,5,97,141.62,174.7
shooter104,5,98,142.3,174.58
shooter104,5,99,140.86,173.9
shooter104,5,100,141.23,173.66
shooter104,5,101,141.91,174.49
shooter104,5,102,126.91,174.28
shooter104,5,103,128.08,173.47
shooter104,5,104,127.94,173.25
shooter104,5,105,126.84,172.55
shooter104,5,106,127.13,172.53
shooter104,5,107,125.65,172.37
shooter104,5,108,125.25,172.2
shooter104,5,109,124.23,172.35
shooter104,5,110,123.69,173.65
shooter104,5,111,123.71,173.42
shooter104,5,112,123.78,173.41
shooter104,5,113,123.44,172.85
shooter104,5,114,122.46,172.74
shooter104,5,115,122.85,171.64
shooter104,5,116,121.58,172.68
shooter104,5,117,121.47,171.73
shooter104,5,118,120.81,172.11
shooter104,5,119,121.41,172.88
shooter104,5,120,120.65,172.61
shooter104,5,121,120.69,171.24
shooter104,5,122,118.93,172.16
shooter104,5,123,119.27,170.8
shooter104,5,124,119.95,170.56
shooter104,5,125,117.73,170.48
shooter104,5,126,118.06,170.69
shooter104,5,127,116.9,171.67
shooter104,5,128,116.71,170.94
shooter104,5,129,116.95,170.18
shooter104,5,130,115.94,172.07
shooter104,5,131,116.26,171.11
shooter104,5,132,116.67,170.78
shooter104,5,133,114.82,170.99
shooter104,5,134,114.23,170.96
shooter104,5,135,115.27,170.83
shooter104,5,136,114.14,171.1
shooter104,5,137,114.59,171.63
shooter104,5,138,113.03,170.45
shooter104,5,139,113.28,170.82
shooter104,6,0,105.18,170.19
shooter104,6,1,104.82,170.3
shooter104,6,2,104.01,171.44
shooter104,6,3,105.45,170.3
shooter104,6,4,103.52,169.64
shooter104,6,5,104.98,169.25
shooter104,6,6,104.4,168.77
shooter104,6,7,102.53,168.93
shooter104,6,8,103.33,168.36
shooter104,6,9,102.86,167.26
shooter104,6,10,101.91,166.31
shooter104,6,11,101.19,163.99
shooter104,6,12,99.41,163.01
shooter104,6,13,98.65,162.47
shooter104,6,14,99.17,161.33
shooter104,6,15,97.06,159.1
shooter104,6,16,96.43,158.79
shooter104,6,17,96.01,156.26
shooter104,6,18,94.37,154.89
shooter104,6,19,94.62,153.44
shooter104,6,20,93.63,152.94
shooter104,6,21,92.66,151.11
shooter104,6,22,90.02,149.08
shooter104,6,23,89.71,148.01
shooter104,6,24,89.47,146.35
shooter104,6,25,87.42,143.84
shooter104,6,26,87.01,142.97
shooter104,6,27,85.73,140.17
shooter104,6,28,84.19,139.14
shooter104,6,29,83.01,136.77
shooter104,6,30,82.74,135.81
shooter104,6,31,80.7,134.46
shooter104,6,32,81.18,132.08
shooter104,6,33,79.68,131.4
shooter104,6,34,77.84,130.39
shooter104,6,35,78.16,128.99
shooter104,6,36,76.8,126.61
shooter104,6,37,75.57,125.5
shooter104,6,38,76.36,124.89
shooter104,6,39,75.21,124.84
shooter104,6,40,74.34,123.95
shooter104,6,41,74.29,121.97
shooter104,6,42,73.18,122.02
shooter104,6,43,72.54,121.07
shooter104,6,44,71.67,121.3
shooter104,6,45,71.43,119.06
shooter104,6,46,71.6,119.59
shooter104,6,47,71.48,119.42
shooter104,6,48,71.93,119.02
shooter104,6,49,71.43,119.02
shooter104,6,50,71.8,119.02
shooter104,6,51,72.82,119.42
shooter104,6,52,74.05,120.5
shooter104,6,53,73.96,121.36
shooter104,6,54,76.71,121.39
shooter104,6,55,78.43,124.03
shooter104,6,56,79.18,124.56
shooter104,6,57,82.22,127.42
shooter104,6,58,84.77,127.59
shooter104,6,59,88.67,131.05
shooter104,6,60,91.67,133.35
shooter104,6,61,94.96,135.47
shooter104,6,62,99.05,137.83
shooter104,6,63,101.87,139.4
shooter104,6,64,105.73,142.63
shooter104,6,65,110.51,144.93
shooter104,6,66,114.56,147.19
shooter104,6,67,117.98,150.89
shooter104,6,68,120.62,152.01
shooter104,6,69,124.09,154.72
shooter104,6,70,127.84,158.09
shooter104,6,71,131.67,159.15
shooter104,6,72,134.52,161.04
shooter104,6,73,138.87,163.38
shooter104,6,74,141.18,166.14
shooter104,6,75,143.18,168.03
shooter104,6,76,145.12,168.03
shooter104,6,77,147.25,170.33
shooter104,6,78,149.03,171.29
shooter104,6,79,150.76,172.33
shooter104,6,80,150.41,172.94
shooter104,6,81,151.96,173.09
shooter104,6,82,151.96,173.09
shooter104,6,83,151.43,172.69
shooter104,6,84,152.84,173.09
shooter104,6,85,151.18,172.94
shooter104,6,86,150.95,173.01
shooter104,6,87,151.97,172.19
shooter104,6,88,151.43,172.33
shooter104,6,89,150.77,173.09
shooter104,6,90,150.54,172.13
shooter104,6,91,150.64,173.09
shooter104,6,92,151.47,173.09
shooter104,6,93,150.84,171.94
shooter104,6,94,151.88,172.33
shooter104,6,95,151.98,172.6
shooter104,6,96,137.25,172.82
shooter104,6,97,137.23,172.45
shooter104,6,98,136.45,173.02
shooter104,6,99,136.33,172.13
shooter104,6,100,135.84,171.69
shooter104,6,101,136.53,171.59
shooter104,6,102,135.25,172.23
shooter104,6,103,135.15,172.21
shooter104,6,104,135.11,173.09
shooter104,6,105,135.0,171.46
shooter104,6,106,133.56,172.37
shooter104,6,107,132.98,172.41
shooter104,6,108,134.12,172.59
shooter104,6,109,132.4,172.41
shooter104,6,110,132.7,171.09
shooter104,6,111,132.32,172.27
shooter104,6,112,131.59,171.59
shooter104,6,113,130.62,172.42
shooter104,6,114,130.04,171.19
shooter104,6,115,130.33,172.18
shooter104,6,116,129.98,171.93
shooter104,6,117,130.11,171.91
shooter104,6,118,129.58,170.9
shooter104,6,119,129.58,171.81
shooter104,6,120,129.3,171.88
shooter104,6,121,128.42,171.32
shooter104,6,122,126.71,170.96
shooter104,6,123,126.97,170.55
shooter104,6,124,126.98,170.73
shooter104,6,125,126.54,171.61
shooter104,6,126,125.32,170.84
shooter104,6,127,125.73,171.36
shooter104,6,128,124.86,171.38
shooter104,6,129,124.44,171.19
shooter104,6,130,125.03,171.13
shooter104,6,131,123.8,170.95
shooter104,6,132,123.61,170.71
shooter104,6,133,123.29,170.01
shooter104,6,134,122.89,171.25
shooter104,6,135,121.79,171.45
shooter104,6,136,122.16,170.4
shooter104,6,137,121.23,171.29
shooter104,6,138,121.47,171.38
shooter104,6,139,120.05,170.32
shooter104,6,140,121.35,170.76
shooter104,6,141,120.5,170.56
shooter104,6,142,119.39,169.71
shooter104,6,143,118.76,169.3
shooter104,6,144,118.54,170.09
shooter104,6,145,118.8,170.73
shooter104,6,146,118.27,169.79
shooter104,6,147,117.96,170.69
shooter104,6,148,117.94,170.41
shooter104,6,149,116.67,170.48
shooter104,6,150,116.7,169.65
shooter104,6,151,115.84,170.01
shooter104,6,152,115.84,169.43
shooter104,6,153,115.11,169.56
shooter104,7,0,107.89,167.58
shooter104,7,1,107.74,167.53
shooter104,7,2,107.18,167.05
shooter104,7,3,106.78,167.95
shooter104,7,4,106.35,166.65
shooter104,7,5,106.06,166.52
shooter104,7,6,106.22,165.45
shooter104,7,7,105.22,165.52
shooter104,7,8,103.99,163.49
shooter104,7,9,103.12,163.88
shooter104,7,10,102.57,161.5
shooter104,7,11,102.07,159.82
shooter104,7,12,101.49,158.75
shooter104,7,13,101.67,156.98
shooter104,7,14,99.44,156.26
shooter104,7,15,98.63,154.24
shooter104,7,16,97.43,153.86
shooter104,7,17,97.02,151.41
shooter104,7,18,96.07,149.07
shooter104,7,19,94.78,147.7
shooter104,7,20,94.48,145.35
shooter104,7,21,93.39,143.44
shooter104,7,22,91.89,141.8
shooter104,7,23,90.63,139.52
shooter104,7,24,88.55,137.78
shooter104,7,25,87.77,137.4
shooter104,7,26,86.1,134.98
shooter104,7,27,85.77,133.65
shooter104,7,28,83.36,130.51
shooter104,7,29,82.28,129.95
shooter104,7,30,80.78,127.25
shooter104,7,31,80.8,125.16
shooter104,7,32,79.87,124.89
shooter104,7,33,77.44,121.89
shooter104,7,34,77.45,121.15
shooter104,7,35,76.21,120.64
shooter104,7,36,76.12,118.99
shooter104,7,37,73.75,117.64
shooter104,7,38,72.95,116.27
shooter104,7,39,73.34,114.78
shooter104,7,40,72.6,115.8
shooter104,7,41,72.45,113.47
shooter104,7,42,71.41,113.06
shooter104,7,43,71.64,112.57
shooter104,7,44,69.95,113.59
shooter104,7,45,69.77,113.11
shooter104,7,46,70.66,112.52
shooter104,7,47,69.36,113.74
shooter104,7,48,69.99,112.87
shooter104,7,49,69.36,116.09
shooter104,7,50,69.87,116.51
shooter104,7,51,70.81,119.79
shooter104,7,52,74.32,122.19
shooter104,7,53,78.28,127.54
shooter104,7,54,81.13,131.15
shooter104,7,55,86.47,134.5
shooter104,7,56,92.45,137.91
shooter104,7,57,98.26,142.22
shooter104,7,58,104.7,146.71
shooter104,7,59,112.01,150.46
shooter104,7,60,116.3,153.64
shooter104,7,61,122.56,158.37
shooter104,7,62,127.71,161.36
shooter104,7,63,131.74,164.55
shooter104,7,64,135.29,165.8
shooter104,7,65,138.78,167.06
shooter104,7,66,140.2,168.33
shooter104,7,67,140.5,168.62
shooter104,7,68,140.31,168.62
shooter104,7,69,140.7,168.62
shooter104,7,70,141.27,167.87
shooter104,7,71,141.18,168.16
shooter104,7,72,141.32,168.62
shooter104,7,73,140.01,168.42
shooter104,7,74,141.44,168.4
shooter104,7,75,141.09,168.62
shooter104,7,76,141.05,168.31
shooter104,7,77,140.79,167.18
shooter104,7,78,127.47,168.53
shooter104,7,79,125.98,168.62
shooter104,7,80,126.18,166.77
shooter104,7,81,125.7,166.76
shooter104,7,82,125.36,167.77
shooter104,7,83,125.0,167.42
shooter104,7,84,123.48,166.81
shooter104,7,85,123.4,166.95
shooter104,7,86,123.08,167.1
shooter104,7,87,123.4,166.52
shooter104,7,88,122.93,165.6
shooter104,7,89,122.77,165.31
shooter104,7,90,122.28,165.81
shooter104,7,91,121.49,166.58
shooter104,7,92,120.18,165.65
shooter104,7,93,120.77,165.05
shooter104,7,94,120.87,165.95
shooter104,7,95,119.99,164.71
shooter104,7,96,120.09,164.75
shooter104,7,97,119.9,163.77
shooter104,7,98,118.22,164.82
shooter104,7,99,118.55,164.55
shooter104,7,100,117.78,164.55
shooter104,7,101,117.21,163.43
shooter104,7,102,116.38,163.47
shooter104,7,103,115.99,162.77
shooter104,7,104,115.47,164.19
shooter104,7,105,115.96,162.28
shooter104,7,106,114.58,163.25
shooter104,7,107,114.76,163.22
shooter104,7,108,114.55,161.99
shooter104,7,109,113.98,162.28
shooter104,7,110,114.41,161.51
shooter104,7,111,113.19,162.43
shooter104,7,112,112.07,163.21
shooter104,7,113,113.48,162.0
shooter104,7,114,112.79,163.04
shooter104,7,115,112.02,161.25
shooter104,7,116,111.81,161.73
shooter104,7,117,110.16,162.71
shooter104,7,118,111.03,162.63
shooter104,7,119,109.52,161.5
shooter104,7,120,109.68,162.21
shooter104,8,0,116.23,172.37
shooter104,8,1,115.64,171.41
shooter104,8,2,117.03,171.81
shooter104,8,3,116.32,172.13
shooter104,8,4,115.12,171.8
shooter104,8,5,115.33,170.67
shooter104,8,6,114.9,169.96
shooter104,8,7,114.78,169.56
shooter104,8,8,114.23,168.37
shooter104,8,9,113.68,167.2
shooter104,8,10,113.09,165.48
shooter104,8,11,111.15,164.42
shooter104,8,12,110.74,164.46
shooter104,8,13,109.3,161.68
shooter104,8,14,109.26,160.35
shooter104,8,15,108.25,160.61
shooter104,8,16,107.85,158.69
shooter104,8,17,105.68,155.72
shooter104,8,18,105.53,154.72
shooter104,8,19,103.78,153.97
shooter104,8,20,102.81,151.59
shooter104,8,21,102.34,149.98
shooter104,8,22,99.89,148.23
shooter104,8,23,99.26,145.98
shooter104,8,24,98.19,145.28
shooter104,8,25,97.68,142.32
shooter104,8,26,95.49,141.41
shooter104,8,27,95.84,139.05
shooter104,8,28,94.82,137.15
shooter104,8,29,93.36,135.72
shooter104,8,30,91.25,135.61
shooter104,8,31,90.93,132.71
shooter104,8,32,88.77,131.46
shooter104,8,33,89.38,129.79
shooter104,8,34,87.76,129.68
shooter104,8,35,86.21,127.87
shooter104,8,36,85.7,127.72
shooter104,8,37,85.9,126.12
shooter104,8,38,85.34,124.9
shooter104,8,39,84.02,124.3
shooter104,8,40,83.38,122.32
shooter104,8,41,83.43,123.5
shooter104,8,42,83.16,122.99
shooter104,8,43,82.69,121.21
shooter104,8,44,81.66,121.62
shooter104,8,45,81.98,121.13
shooter104,8,46,82.29,121.13
shooter104,8,47,81.54,121.82
shooter104,8,48,81.54,122.6
shooter104,8,49,81.54,122.13
shooter104,8,50,83.0,123.84
shooter104,8,51,84.98,125.17
shooter104,8,52,85.42,125.71
shooter104,8,53,88.02,128.3
shooter104,8,54,89.2,130.34
shooter104,8,55,93.39,132.75
shooter104,8,56,95.94,135.58
shooter104,8,57,98.26,136.17
shooter104,8,58,101.7,139.12
shooter104,8,59,103.71,141.73
shooter104,8,60,108.51,144.53
shooter104,8,61,111.63,147.94
shooter104,8,62,113.83,151.6
shooter104,8,63,118.93,153.52
shooter104,8,64,120.33,156.68
shooter104,8,65,124.76,158.72
shooter104,8,66,126.93,161.12
shooter104,8,67,130.93,164.51
shooter104,8,68,132.33,166.34
shooter104,8,69,134.82,167.72
shooter104,8,70,137.79,170.62
shooter104,8,71,140.75,171.32
shooter104,8,72,140.91,171.98
shooter104,8,73,142.83,173.58
shooter104,8,74,143.55,174.69
shooter104,8,75,144.25,174.52
shooter104,8,76,144.25,174.93
shooter104,8,77,144.26,174.93
shooter104,8,78,144.96,174.85
shooter104,8,79,143.62,174.93
shooter104,8,80,143.74,174.79
shooter104,8,81,144.54,174.66
shooter104,8,82,143.33,173.99
shooter104,8,83,143.33,174.46
shooter104,8,84,143.08,174.47
shooter104,8,85,143.99,173.97
shooter104,8,86,144.14,174.71
shooter104,8,87,143.44,173.75
shooter104,8,88,143.33,173.82
shooter104,8,89,130.03,174.4
shooter104,8,90,128.87,173.72
shooter104,8,91,128.8,174.35
shooter104,8,92,128.34,174.34
shooter104,8,93,127.88,173.44
shooter104,8,94,128.56,172.89
shooter104,8,95,127.12,173.57
shooter104,8,96,126.62,172.64
shooter104,8,97,126.82,173.35
shooter104,8,98,126.15,173.63
shooter104,8,99,125.54,173.27
shooter104,8,100,125.14,172.78
shooter104,8,101,124.96,173.62
shooter104,8,102,125.12,171.77
shooter104,8,103,125.17,173.17
shooter104,8,104,124.96,172.85
shooter104,8,105,124.35,171.93
shooter104,8,106,123.71,171.23
shooter104,8,107,123.87,171.08
shooter104,8,108,122.69,172.44
shooter104,8,109,122.52,170.9
shooter104,8,110,121.67,172.02
shooter104,8,111,121.1,171.11
shooter104,8,112,120.71,170.87
shooter104,8,113,119.95,171.02
shooter104,8,114,120.84,170.05
shooter104,8,115,118.96,170.32
shooter104,8,116,119.8,171.18
shooter104,8,117,119.78,169.63
shooter104,8,118,118.64,170.85
shooter104,8,119,117.39,170.85
shooter104,8,120,117.71,168.82
shooter104,8,121,117.14,169.64
shooter104,8,122,118.02,168.79
shooter104,8,123,117.03,169.56
shooter104,8,124,116.69,170.17
shooter104,8,125,115.88,169.87
shooter104,8,126,115.87,169.81
shooter104,8,127,115.5,168.28
shooter104,8,128,113.78,168.84
shooter104,8,129,113.7,168.13
shooter104,8,130,112.88,169.37
shooter104,8,131,113.47,167.88
shooter104,8,132,113.8,167.73
shooter104,8,133,112.87,167.38
shooter104,8,134,112.25,167.66
shooter104,8,135,112.7,167.63
shooter104,8,136,110.79,167.36
shooter104,8,137,110.2,168.9
shooter104,8,138,111.48,168.7
shooter104,8,139,111.06,167.63
shooter104,8,140,110.22,168.67
shooter104,8,141,108.94,167.95
shooter104,9,0,107.43,174.92
shooter104,9,1,107.98,175.04
shooter104,9,2,107.52,175.21
shooter104,9,3,107.55,175.13
shooter104,9,4,106.62,175.37
shooter104,9,5,107.14,173.3
shooter104,9,6,106.72,173.34
shooter104,9,7,106.29,171.35
shooter104,9,8,105.24,171.38
shooter104,9,9,103.88,168.76
shooter104,9,10,104.02,168.7
shooter104,9,11,102.58,166.26
shooter104,9,12,101.08,164.73
shooter104,9,13,99.28,163.82
shooter104,9,14,98.94,161.7
shooter104,9,15,97.54,160.05
shooter104,9,16,96.39,157.81
shooter104,9,17,95.21,157.12
shooter104,9,18,94.07,153.77
shooter104,9,19,92.7,152.2
shooter104,9,20,90.61,150.72
shooter104,9,21,89.82,148.21
shooter104,9,22,88.24,145.39
shooter104,9,23,84.95,143.71
shooter104,9,24,84.77,140.65
shooter104,9,25,82.41,139.47
shooter104,9,26,81.24,137.17
shooter104,9,27,79.87,135.79
shooter104,9,28,78.91,133.99
shooter104,9,29,76.68,130.78
shooter104,9,30,75.9,128.71
shooter104,9,31,74.32,127.57
shooter104,9,32,74.47,126.19
shooter104,9,33,73.93,124.31
shooter104,9,34,73.2,123.36
shooter104,9,35,71.25,121.77
shooter104,9,36,70.11,121.41
shooter104,9,37,70.62,119.26
shooter104,9,38,68.57,117.65
shooter104,9,39,69.81,117.27
shooter104,9,40,68.92,117.21
shooter104,9,41,68.23,115.98
shooter104,9,42,68.01,115.78
shooter104,9,43,68.01,115.78
shooter104,9,44,68.31,115.78
shooter104,9,45,68.69,116.84
shooter104,9,46,70.61,116.2
shooter104,9,47,71.67,116.78
shooter104,9,48,73.1,118.46
shooter104,9,49,74.92,119.88
shooter104,9,50,78.0,123.03
shooter104,9,51,80.25,124.13
shooter104,9,52,84.43,126.98
shooter104,9,53,87.74,130.09
shooter104,9,54,91.79,132.38
shooter104,9,55,94.88,134.64
shooter104,9,56,98.48,138.51
shooter104,9,57,103.63,141.35
shooter104,9,58,107.42,144.7
shooter104,9,59,111.53,149.14
shooter104,9,60,115.21,151.04
shooter104,9,61,119.85,154.68
shooter104,9,62,122.37,157.21
shooter104,9,63,126.36,160.27
shooter104,9,64,130.57,163.97
shooter104,9,65,132.42,166.91
shooter104,9,66,136.66,169.1
shooter104,9,67,138.32,170.64
shooter104,9,68,140.09,171.97
shooter104,9,69,141.85,174.35
shooter104,9,70,144.85,175.65
shooter104,9,71,145.77,177.07
shooter104,9,72,145.43,177.25
shooter104,9,73,146.07,177.25
shooter104,9,74,145.55,177.25
shooter104,9,75,145.47,176.96
shooter104,9,76,146.5,177.25
shooter104,9,77,145.45,177.25
shooter104,9,78,145.44,177.25
shooter104,9,79,145.06,176.92
shooter104,9,80,146.18,177.25
shooter104,9,81,146.35,176.72
shooter104,9,82,146.27,177.25
shooter104,9,83,146.09,177.25
shooter104,9,84,146.87,177.25
shooter104,9,85,145.88,175.89
shooter104,9,86,146.64,175.87
shooter104,9,87,146.2,176.85
shooter104,9,88,131.24,176.48
shooter104,9,89,132.29,176.9
shooter104,9,90,131.44,175.58
shooter104,9,91,131.18,176.51
shooter104,9,92,129.83,176.04
shooter104,9,93,129.94,174.92
shooter104,9,94,130.43,174.64
shooter104,9,95,128.7,175.64
shooter104,9,96,127.87,174.4
shooter104,9,97,127.99,175.52
shooter104,9,98,128.05,174.89
shooter104,9,99,128.31,174.58
shooter104,9,100,127.56,174.03
shooter104,9,101,127.71,175.3
shooter104,9,102,126.38,174.63
shooter104,9,103,125.85,174.6
shooter104,9,104,125.13,174.44
shooter104,9,105,124.71,173.94
shooter104,9,106,125.34,174.52
shooter104,9,107,123.63,173.69
shooter104,9,108,123.56,173.44
shooter104,9,109,124.44,172.84
shooter104,9,110,123.42,172.75
shooter104,9,111,121.96,173.57
shooter104,9,112,122.88,172.67
shooter104,9,113,122.08,173.38
shooter104,9,114,122.38,173.76
shooter104,9,115,121.63,172.67
shooter104,9,116,119.88,171.93
shooter104,9,117,119.88,173.03
shooter104,9,118,119.59,171.68
shooter104,9,119,120.07,173.21
shooter104,9,120,119.29,172.67
shooter104,9,121,119.36,172.59
shooter104,10,0,108.29,170.27
shooter104,10,1,106.94,171.09
shooter104,10,2,107.94,171.4
shooter104,10,3,106.94,169.45
shooter104,10,4,107.07,170.06
shooter104,10,5,106.16,169.69
shooter104,10,6,106.78,169.64
shooter104,10,7,106.71,168.34
shooter104,10,8,104.67,166.39
shooter104,10,9,105.48,165.53
shooter104,10,10,103.5,165.46
shooter104,10,11,103.18,163.48
shooter104,10,12,102.63,163.68
shooter104,10,13,100.73,162.37
shooter104,10,14,100.27,161.05
shooter104,10,15,98.52,158.3
shooter104,10,16,98.75,157.64
shooter104,10,17,97.12,155.98
shooter104,10,18,96.97,153.13
shooter104,10,19,94.61,151.96
shooter104,10,20,94.76,150.18
shooter104,10,21,92.04,148.82
shooter104,10,22,91.8,148.29
shooter104,10,23,90.03,146.38
shooter104,10,24,88.61,143.58
shooter104,10,25,87.28,142.37
shooter104,10,26,87.26,140.03
shooter104,10,27,85.29,138.57
shooter104,10,28,84.86,136.55
shooter104,10,29,84.61,136.15
shooter104,10,30,82.25,134.68
shooter104,10,31,80.69,133.6
shooter104,10,32,79.96,132.29
shooter104,10,33,79.02,129.57
shooter104,10,34,78.86,129.51
shooter104,10,35,78.64,127.16
shooter104,10,36,77.03,126.59
shooter104,10,37,76.07,125.92
shooter104,10,38,76.47,124.14
shooter104,10,39,75.28,123.61
shooter104,10,40,75.39,123.2
shooter104,10,41,75.75,122.39
shooter104,10,42,74.23,123.59
shooter104,10,43,74.42,122.19
shooter104,10,44,74.88,122.25
shooter104,10,45,74.23,122.19
shooter104,10,46,74.89,122.44
shooter104,10,47,75.42,122.5
shooter104,10,48,75.75,124.13
shooter104,10,49,76.85,123.54
shooter104,10,50,78.63,124.51
shooter104,10,51,80.28,126.49
shooter104,10,52,82.18,127.74
shooter104,10,53,83.81,130.13
shooter104,10,54,87.15,130.45
shooter104,10,55,88.6,133.58
shooter104,10,56,91.27,135.87
shooter104,10,57,94.62,138.62
shooter104,10,58,97.53,139.29
shooter104,10,59,101.54,141.88
shooter104,10,60,103.94,145.69
shooter104,10,61,108.07,147.54
shooter104,10,62,111.07,148.82
shooter104,10,63,113.61,151.33
shooter104,10,64,117.01,155.13
shooter104,10,65,120.63,157.02
shooter104,10,66,124.03,159.24
shooter104,10,67,126.18,161.98
shooter104,10,68,128.5,162.68
shooter104,10,69,131.06,164.34
shooter104,10,70,132.87,166.9
shooter104,10,71,134.69,168.91
shooter104,10,72,138.28,168.94
shooter104,10,73,137.93,170.82
shooter104,10,74,139.1,170.59
shooter104,10,75,141.29,171.23
shooter104,10,76,141.29,172.37
shooter104,10,77,141.29,172.37
shooter104,10,78,141.54,171.42
shooter104,10,79,142.06,172.37
shooter104,10,80,140.34,172.08
shooter104,10,81,140.58,172.13
shooter104,10,82,141.76,172.37
shooter104,10,83,141.55,171.66
shooter104,10,84,141.93,172.37
shooter104,10,85,140.52,171.88
shooter104,10,86,128.18,171.43
shooter104,10,87,126.58,172.37
shooter104,10,88,126.92,171.79
shooter104,10,89,126.86,172.37
shooter104,10,90,125.03,172.37
shooter104,10,91,124.7,172.37
shooter104,10,92,125.05,171.61
shooter104,10,93,125.18,171.39
shooter104,10,94,123.25,172.37
shooter104,10,95,124.39,171.71
shooter104,10,96,122.98,172.16
shooter104,10,97,122.7,172.34
shooter104,10,98,122.17,171.17
shooter104,10,99,122.91,170.79
shooter104,10,100,120.95,171.73
shooter104,10,101,121.44,171.59
shooter104,10,102,120.19,170.88
shooter104,10,103,121.35,171.44
shooter104,10,104,120.69,171.78
shooter104,10,105,119.16,170.83
shooter104,10,106,118.89,170.54
shooter104,10,107,118.65,171.43
shooter104,10,108,118.3,171.47
shooter104,10,109,118.72,171.73
shooter104,10,110,117.82,170.05
shooter104,10,111,117.15,171.45
shooter104,10,112,117.33,171.13
shooter104,10,113,116.41,170.93
shooter104,10,114,115.35,170.08
shooter104,10,115,114.9,169.43
shooter104,10,116,114.94,170.33
shooter104,10,117,115.1,169.82
shooter104,10,118,113.76,169.76
shooter104,10,119,114.19,170.96
shooter104,10,120,113.23,169.35
shooter104,10,121,113.68,170.85
shooter104,10,122,111.95,169.93
shooter104,10,123,112.43,170.54
shooter104,10,124,111.19,169.38
shooter104,10,125,111.35,170.03
shooter104,10,126,110.32,169.82
shooter104,10,127,110.83,170.51
shooter104,10,128,111.02,168.98
shooter104,10,129,109.29,168.99
shooter104,10,130,110.16,170.44
shooter104,10,131,109.46,168.7
shooter104,10,132,108.9,169.74
shooter104,10,133,108.69,168.57
shooter104,10,134,107.76,168.58
shooter104,10,135,108.11,169.6
shooter104,10,136,107.85,169.49
shooter104,10,137,107.45,169.52
shooter104,10,138,106.03,169.31
shooter104,10,139,106.4,169.84
shooter104,10,140,104.99,170.34
shooter105,1,0,131.14,164.67
shooter105,1,1,130.58,166.1
shooter105,1,2,131.61,165.93
shooter105,1,3,130.47,164.8
shooter105,1,4,129.63,165.25
shooter105,1,5,129.45,164.56
shooter105,1,6,129.54,164.74
shooter105,1,7,129.73,163.57
shooter105,1,8,127.84,163.38
shooter105,1,9,127.04,161.89
shooter105,1,10,126.51,161.53
shooter105,1,11,126.76,162.1
shooter105,1,12,125.58,160.61
shooter105,1,13,123.19,159.18
shooter105,1,14,123.07,158.67
shooter105,1,15,122.32,158.35
shooter105,1,16,121.13,158.11
shooter105,1,17,119.4,156.52
shooter105,1,18,118.68,156.38
shooter105,1,19,117.15,155.69
shooter105,1,20,115.14,153.71
shooter105,1,21,113.59,153.68
shooter105,1,22,112.96,151.38
shooter105,1,23,111.09,150.99
shooter105,1,24,110.51,149.4
shooter105,1,25,110.15,148.36
shooter105,1,26,108.97,147.44
shooter105,1,27,106.17,146.6
shooter105,1,28,105.1,147.16
shooter105,1,29,105.2,145.7
shooter105,1,30,103.81,145.66
shooter105,1,31,102.11,144.02
shooter105,1,32,102.49,143.43
shooter105,1,33,100.44,141.8
shooter105,1,34,99.35,141.82
shooter105,1,35,99.96,140.87
shooter105,1,36,99.02,141.37
shooter105,1,37,98.02,140.84
shooter105,1,38,98.12,138.89
shooter105,1,39,98.15,139.31
shooter105,1,40,96.6,138.99
shooter105,1,41,97.04,138.54
shooter105,1,42,96.6,137.88
shooter105,1,43,96.6,138.32
shooter105,1,44,96.78,138.51
shooter105,1,45,97.69,137.88
shooter105,1,46,98.9,138.06
shooter105,1,47,102.35,137.88
shooter105,1,48,104.29,140.08
shooter105,1,49,108.61,139.46
shooter105,1,50,111.32,140.93
shooter105,1,51,116.46,142.6
shooter105,1,52,120.38,145.36
shooter105,1,53,124.81,146.97
shooter105,1,54,130.37,147.56
shooter105,1,55,135.54,149.99
shooter105,1,56,139.94,153.24
shooter105,1,57,144.75,154.66
shooter105,1,58,149.81,155.97
shooter105,1,59,154.33,159.83
shooter105,1,60,158.18,160.07
shooter105,1,61,162.62,162.48
shooter105,1,62,165.21,163.46
shooter105,1,63,168.11,165.71
shooter105,1,64,170.63,166.8
shooter105,1,65,173.01,166.78
shooter105,1,66,172.53,167.59
shooter105,1,67,173.34,167.59
shooter105,1,68,172.64,167.59
shooter105,1,69,173.61,167.41
shooter105,1,70,173.08,167.45
shooter105,1,71,172.9,167.59
shooter105,1,72,172.48,166.6
shooter105,1,73,173.8,166.55
shooter105,1,74,172.85,166.88
shooter105,1,75,173.13,167.59
shooter105,1,76,172.08,166.7
shooter105,1,77,172.02,166.92
shooter105,1,78,171.89,167.56
shooter105,1,79,172.43,166.62
shooter105,1,80,172.59,166.8
shooter105,1,81,172.08,167.07
shooter105,1,82,172.24,166.52
shooter105,1,83,158.35,167.59
shooter105,1,84,158.64,166.25
shooter105,1,85,157.78,167.55
shooter105,1,86,157.4,166.71
shooter105,1,87,156.75,165.95
shooter105,1,88,157.73,165.84
shooter105,1,89,157.8,166.52
shooter105,1,90,156.78,166.13
shooter105,1,91,155.33,165.8
shooter105,1,92,156.72,167.15
shooter105,1,93,156.29,166.07
shooter105,1,94,154.88,166.9
shooter105,1,95,153.76,165.27
shooter105,1,96,154.58,165.2
shooter105,1,97,154.66,165.92
shooter105,1,98,153.9,165.17
shooter105,1,99,153.19,164.89
shooter105,1,100,152.76,164.6
shooter105,1,101,153.1,164.46
shooter105,1,102,150.89,165.71
shooter105,1,103,150.64,164.66
shooter105,1,104,151.6,165.94
shooter105,1,105,149.83,164.24
shooter105,1,106,149.91,164.48
shooter105,1,107,149.3,164.42
shooter105,1,108,148.83,164.56
shooter105,1,109,147.99,165.2
shooter105,1,110,148.67,165.03
shooter105,1,111,147.94,163.28
shooter105,1,112,147.84,163.98
shooter105,1,113,146.95,164.72
shooter105,1,114,147.82,162.97
shooter105,1,115,146.72,163.95
shooter105,1,116,147.06,163.31
shooter105,1,117,145.44,163.53
shooter105,1,118,144.34,163.47
shooter105,1,119,145.5,163.33
shooter105,1,120,145.19,164.25
shooter105,1,121,143.26,163.47
shooter105,1,122,143.99,164.14
shooter105,1,123,143.66,163.72
shooter105,1,124,142.23,162.91
shooter105,1,125,142.65,163.13
shooter105,1,126,141.63,162.87
shooter105,1,127,140.77,163.7
shooter105,1,128,142.07,162.38
shooter105,1,129,140.92,163.83
shooter105,1,130,141.1,163.09
shooter105,1,131,140.59,163.12
shooter105,1,132,140.73,162.9
shooter105,1,133,139.22,162.95
shooter105,1,134,138.8,163.16
shooter105,1,135,138.1,163.13
shooter105,1,136,138.39,162.24
shooter105,1,137,137.71,162.97
shooter105,2,0,124.69,168.97
shooter105,2,1,125.73,168.6
shooter105,2,2,124.65,168.15
shooter105,2,3,124.05,168.19
shooter105,2,4,123.59,167.6
shooter105,2,5,123.32,167.84
shooter105,2,6,123.91,167.15
shooter105,2,7,121.36,165.23
shooter105,2,8,120.63,165.4
shooter105,2,9,120.75,163.56
shooter105,2,10,119.61,163.87
shooter105,2,11,116.82,163.34
shooter105,2,12,116.72,162.17
shooter105,2,13,113.76,159.59
shooter105,2,14,113.46,159.44
shooter105,2,15,110.36,158.27
shooter105,2,16,109.5,157.11
shooter105,2,17,107.51,154.57
shooter105,2,18,106.74,153.61
shooter105,2,19,103.66,151.81
shooter105,2,20,102.87,150.07
shooter105,2,21,101.66,150.02
shooter105,2,22,98.72,148.26
shooter105,2,23,98.82,146.62
shooter105,2,24,96.2,146.59
shooter105,2,25,94.33,144.72
shooter105,2,26,93.04,144.6
shooter105,2,27,91.95,143.15
shooter105,2,28,90.44,142.33
shooter105,2,29,89.95,141.25
shooter105,2,30,89.18,139.11
shooter105,2,31,87.9,138.32
shooter105,2,32,87.12,139.42
shooter105,2,33,87.2,137.36
shooter105,2,34,85.74,137.47
shooter105,2,35,86.02,137.63
shooter105,2,36,86.35,137.18
shooter105,2,37,85.49,137.18
shooter105,2,38,86.26,137.31
shooter105,2,39,88.51,137.68
shooter105,2,40,90.27,139.27
shooter105,2,41,94.72,139.37
shooter105,2,42,97.81,141.81
shooter105,2,43,103.49,143.08
shooter105,2,44,108.78,146.07
shooter105,2,45,114.45,147.4
shooter105,2,46,123.05,149.98
shooter105,2,47,128.32,153.68
shooter105,2,48,136.57,155.03
shooter105,2,49,142.54,158.46
shooter105,2,50,149.33,159.84
shooter105,2,51,155.25,161.89
shooter105,2,52,159.63,163.91
shooter105,2,53,164.91,166.7
shooter105,2,54,168.0,167.03
shooter105,2,55,170.12,167.68
shooter105,2,56,171.97,168.85
shooter105,2,57,172.19,168.97
shooter105,2,58,171.18,168.97
shooter105,2,59,171.63,168.97
shooter105,2,60,171.96,168.97
shooter105,2,61,171.51,168.83
shooter105,2,62,172.05,168.59
shooter105,2,63,172.3,168.97
shooter105,2,64,172.26,168.82
shooter105,2,65,172.7,168.17
shooter105,2,66,172.81,168.97
shooter105,2,67,172.63,168.97
shooter105,2,68,172.05,168.55
shooter105,2,69,171.19,168.32
shooter105,2,70,172.63,168.93
shooter105,2,71,171.06,168.97
shooter105,2,72,170.98,168.43
shooter105,2,73,171.27,168.03
shooter105,2,74,171.75,167.89
shooter105,2,75,171.93,167.87
shooter105,2,76,157.22,167.37
shooter105,2,77,158.35,168.61
shooter105,2,78,156.74,167.17
shooter105,2,79,156.58,167.67
shooter105,2,80,156.23,168.45
shooter105,2,81,155.85,167.5
shooter105,2,82,156.31,167.18
shooter105,2,83,154.47,168.39
shooter105,2,84,154.38,166.65
shooter105,2,85,153.63,168.06
shooter105,2,86,154.75,166.31
shooter105,2,87,154.76,166.91
shooter105,2,88,153.71,167.25
shooter105,2,89,153.17,166.62
shooter105,2,90,153.41,166.84
shooter105,2,91,151.7,166.07
shooter105,2,92,150.92,166.7
shooter105,2,93,151.41,165.73
shooter105,2,94,150.51,166.94
shooter105,2,95,150.49,166.42
shooter105,2,96,150.1,166.11
shooter105,2,97,149.43,165.15
shooter105,2,98,149.36,165.94
shooter105,2,99,148.75,165.97
shooter105,2,100,147.82,165.28
shooter105,2,101,148.92,166.01
shooter105,2,102,148.19,164.72
shooter105,2,103,146.47,164.89
shooter105,2,104,146.22,165.86
shooter105,2,105,145.78,164.6
shooter105,2,106,145.31,164.72
shooter105,2,107,144.91,165.45
shooter105,2,108,144.7,165.53
shooter105,2,109,145.69,164.11
shooter105,2,110,145.25,164.19
shooter105,2,111,144.76,164.77
shooter105,2,112,144.02,165.0
shooter105,2,113,143.84,164.67
shooter105,2,114,143.47,165.01
shooter105,2,115,143.37,165.18
shooter105,2,116,142.65,165.52
shooter105,2,117,142.26,164.29
shooter105,2,118,142.0,163.88
shooter105,2,119,141.1,164.06
shooter105,2,120,140.02,163.8
shooter105,2,121,139.36,164.28
shooter105,2,122,139.63,165.22
shooter105,2,123,138.57,164.17
shooter105,2,124,138.33,163.77
shooter105,3,0,117.13,161.09
shooter105,3,1,116.05,162.18
shooter105,3,2,116.46,161.73
shooter105,3,3,115.6,161.83
shooter105,3,4,115.13,160.25
shooter105,3,5,115.87,160.65
shooter105,3,6,114.41,160.95
shooter105,3,7,115.24,159.43
shooter105,3,8,113.68,158.73
shooter105,3,9,114.18,158.58
shooter105,3,10,112.62,157.85
shooter105,3,11,111.91,156.87
shooter105,3,12,111.91,157.68
shooter105,3,13,110.62,155.96
shooter105,3,14,109.15,155.39
shooter105,3,15,109.56,153.56
shooter105,3,16,107.62,153.66
shooter105,3,17,106.19,152.64
shooter105,3,18,105.85,152.46
shooter105,3,19,105.18,150.47
shooter105,3,20,104.25,150.25
shooter105,3,21,103.69,148.33
shooter105,3,22,102.1,147.91
shooter105,3,23,100.47,147.65
shooter105,3,24,99.55,146.1
shooter105,3,25,98.26,145.34
shooter105,3,26,98.58,144.76
shooter105,3,27,96.4,143.97
shooter105,3,28,96.51,141.68
shooter105,3,29,95.64,140.84
shooter105,3,30,95.21,140.77
shooter105,3,31,93.02,140.93
shooter105,3,32,92.57,139.24
shooter105,3,33,93.32,138.29
shooter105,3,34,92.05,138.13
shooter105,3,35,91.29,136.67
shooter105,3,36,91.4,136.44
shooter105,3,37,91.31,136.0
shooter105,3,38,89.69,135.81
shooter105,3,39,90.71,136.58
shooter105,3,40,89.57,135.81
shooter105,3,41,90.56,135.81
shooter105,3,42,89.57,135.81
shooter105,3,43,89.57,135.81
shooter105,3,44,89.62,135.89
shooter105,3,45,92.09,136.1
shooter105,3,46,93.91,135.99
shooter105,3,47,94.39,138.0
shooter105,3,48,96.68,137.61
shooter105,3,49,99.15,138.72
shooter105,3,50,101.79,139.66
shooter105,3,51,106.23,141.05
shooter105,3,52,108.21,141.89
shooter105,3,53,113.66,143.52
shooter105,3,54,117.39,144.64
shooter105,3,55,119.72,145.64
shooter105,3,56,124.58,148.66
shooter105,3,57,129.59,148.94
shooter105,3,58,133.38,149.93
shooter105,3,59,137.15,152.18
shooter105,3,60,139.71,152.75
shooter105,3,61,143.61,155.38
shooter105,3,62,148.7,155.21
shooter105,3,63,151.29,157.21
shooter105,3,64,155.05,159.26
shooter105,3,65,158.08,158.7
shooter105,3,66,160.02,159.67
shooter105,3,67,161.69,161.24
shooter105,3,68,164.03,162.64
shooter105,3,69,166.46,161.96
shooter105,3,70,166.44,162.85
shooter105,3,71,166.54,162.08
shooter105,3,72,167.63,162.85
shooter105,3,73,167.89,162.35
shooter105,3,74,167.5,162.85
shooter105,3,75,167.97,162.01
shooter105,3,76,167.03,162.85
shooter105,3,77,168.07,162.28
shooter105,3,78,167.71,162.85
shooter105,3,79,166.45,162.85
shooter105,3,80,166.52,162.85
shooter105,3,81,166.23,162.85
shooter105,3,82,166.89,162.58
shooter105,3,83,166.74,162.85
shooter105,3,84,166.4,161.61
shooter105,3,85,167.18,162.85
shooter105,3,86,166.09,162.71
shooter105,3,87,166.61,162.27
shooter105,3,88,166.25,162.24
shooter105,3,89,165.86,162.83
shooter105,3,90,164.81,162.85
shooter105,3,91,165.93,162.81
shooter105,3,92,165.79,162.15
shooter105,3,93,152.88,161.8
shooter105,3,94,153.82,162.85
shooter105,3,95,152.76,162.18
shooter105,3,96,152.08,161.93
shooter105,3,97,152.68,161.96
shooter105,3,98,151.32,161.94
shooter105,3,99,151.47,162.03
shooter105,3,100,151.07,161.63
shooter105,3,101,149.54,162.19
shooter105,3,102,149.88,162.08
shooter105,3,103,149.08,161.16
shooter105,3,104,148.63,160.53
shooter105,3,105,149.14,161.26
shooter105,3,106,147.45,161.26
shooter105,3,107,148.97,160.98
shooter105,3,108,147.42,161.63
shooter105,3,109,146.83,159.95
shooter105,3,110,147.67,160.26
shooter105,3,111,146.4,161.33
shooter105,3,112,146.26,161.39
shooter105,3,113,146.02,160.28
shooter105,3,114,145.97,159.74
shooter105,3,115,144.09,160.11
shooter105,3,116,143.59,160.11
shooter105,3,117,145.02,160.16
shooter105,3,118,142.65,159.59
shooter105,3,119,143.65,159.6
shooter105,3,120,143.05,160.21
shooter105,3,121,142.54,160.07
shooter105,3,122,142.6,160.09
shooter105,3,123,142.61,159.46
shooter105,3,124,140.32,159.31
shooter105,3,125,141.06,159.29
shooter105,3,126,140.86,160.43
shooter105,3,127,139.64,159.27
shooter105,3,128,140.42,159.64
shooter105,3,129,139.14,159.43
shooter105,3,130,138.16,160.09
shooter105,3,131,139.14,159.04
shooter105,3,132,138.92,159.13
shooter105,3,133,136.83,159.92
shooter105,3,134,137.73,158.52
shooter105,3,135,136.26,159.37
shooter105,3,136,135.44,158.96
shooter105,3,137,135.55,160.11
shooter105,3,138,136.34,159.57
shooter105,3,139,134.51,158.14
shooter105,3,140,134.09,159.79
shooter105,3,141,134.91,159.51
shooter105,4,0,126.25,162.05
shooter105,4,1,125.74,160.97
shooter105,4,2,126.38,161.61
shooter105,4,3,125.42,161.87
shooter105,4,4,125.81,161.42
shooter105,4,5,123.83,160.32
shooter105,4,6,123.91,160.74
shooter105,4,7,123.05,159.38
shooter105,4,8,120.85,158.68
shooter105,4,9,119.71,159.7
shooter105,4,10,118.98,159.24
shooter105,4,11,118.21,157.15
shooter105,4,12,117.47,158.44
shooter105,4,13,114.2,156.85
shooter105,4,14,113.84,157.15
shooter105,4,15,112.19,156.29
shooter105,4,16,110.47,155.87
shooter105,4,17,108.48,155.07
shooter105,4,18,107.69,154.69
shooter105,4,19,105.07,153.34
shooter105,4,20,104.08,151.88
shooter105,4,21,101.3,151.56
shooter105,4,22,100.8,151.65
shooter105,4,23,99.66,149.85
shooter105,4,24,98.03,150.81
shooter105,4,25,95.45,148.8
shooter105,4,26,95.26,149.62
shooter105,4,27,92.59,148.34
shooter105,4,28,92.7,148.61
shooter105,4,29,91.09,148.44
shooter105,4,30,90.93,147.01
shooter105,4,31,89.77,147.25
shooter105,4,32,88.74,146.15
shooter105,4,33,88.74,147.01
shooter105,4,34,88.74,146.91
shooter105,4,35,88.74,146.15
shooter105,4,36,89.73,146.15
shooter105,4,37,90.46,146.15
shooter105,4,38,92.11,146.15
shooter105,4,39,94.27,147.4
shooter105,4,40,96.09,146.75
shooter105,4,41,99.55,148.71
shooter105,4,42,103.23,149.46
shooter105,4,43,106.52,150.14
shooter105,4,44,111.93,150.41
shooter105,4,45,116.9,150.7
shooter105,4,46,121.63,152.8
shooter105,4,47,127.0,153.66
shooter105,4,48,130.93,155.3
shooter105,4,49,137.39,155.19
shooter105,4,50,141.38,155.65
shooter105,4,51,147.67,158.59
shooter105,4,52,151.14,159.29
shooter105,4,53,156.07,159.02
shooter105,4,54,160.15,160.91
shooter105,4,55,163.38,160.26
shooter105,4,56,166.76,162.08
shooter105,4,57,169.09,162.27
shooter105,4,58,171.99,162.78
shooter105,4,59,174.22,162.84
shooter105,4,60,173.96,163.11
shooter105,4,61,174.64,163.63
shooter105,4,62,175.36,163.12
shooter105,4,63,174.53,163.55
shooter105,4,64,175.28,163.63
shooter105,4,65,174.5,163.63
shooter105,4,66,174.48,163.63
shooter105,4,67,173.9,163.03
shooter105,4,68,173.83,162.6
shooter105,4,69,174.79,163.63
shooter105,4,70,175.22,163.63
shooter105,4,71,173.83,163.63
shooter105,4,72,175.37,163.63
shooter105,4,73,174.26,163.58
shooter105,4,74,174.38,163.63
shooter105,4,75,175.31,163.1
shooter105,4,76,175.3,163.63
shooter105,4,77,174.55,163.63
shooter105,4,78,174.05,163.61
shooter105,4,79,159.98,162.77
shooter105,4,80,159.78,162.62
shooter105,4,81,160.4,162.37
shooter105,4,82,159.09,162.44
shooter105,4,83,159.43,163.27
shooter105,4,84,158.03,162.94
shooter105,4,85,158.2,161.95
shooter105,4,86,157.54,162.78
shooter105,4,87,157.45,162.03
shooter105,4,88,157.18,162.29
shooter105,4,89,157.62,161.82
shooter105,4,90,157.04,162.02
shooter105,4,91,156.23,162.34
shooter105,4,92,154.75,162.24
shooter105,4,93,155.88,162.18
shooter105,4,94,155.43,161.35
shooter105,4,95,155.01,161.84
shooter105,4,96,153.8,160.84
shooter105,4,97,152.78,161.21
shooter105,4,98,153.55,161.31
shooter105,4,99,152.42,161.41
shooter105,4,100,151.93,161.76
shooter105,4,101,151.62,160.44
shooter105,4,102,151.56,161.41
shooter105,4,103,150.71,160.24
shooter105,4,104,151.02,160.62
shooter105,4,105,150.54,161.07
shooter105,4,106,149.86,160.75
shooter105,4,107,148.55,160.93
shooter105,4,108,149.91,160.74
shooter105,4,109,148.46,159.56
shooter105,4,110,148.14,160.9
shooter105,4,111,147.75,160.7
shooter105,4,112,147.17,159.59
shooter105,4,113,147.39,158.74
shooter105,4,114,145.67,159.17
shooter105,4,115,146.99,160.15
shooter105,4,116,145.04,160.3
shooter105,4,117,146.44,159.98
shooter105,4,118,145.3,159.04
shooter105,4,119,143.77,158.28
shooter105,4,120,144.36,159.14
shooter105,4,121,143.5,158.79
shooter105,4,122,144.35,158.22
shooter105,4,123,143.55,158.13
shooter105,4,124,142.65,158.17
shooter105,4,125,142.1,158.23
shooter105,4,126,142.83,159.28
shooter105,4,127,141.77,158.5
shooter105,4,128,141.07,158.57
shooter105,4,129,140.44,158.86
shooter105,4,130,139.89,159.56
shooter105,4,131,140.25,159.12
shooter105,4,132,139.62,158.88
shooter105,4,133,139.74,159.06
shooter105,4,134,138.75,159.0
shooter105,4,135,138.4,158.94
shooter105,4,136,137.79,158.55
shooter105,5,0,109.97,164.95
shooter105,5,1,109.28,165.01
shooter105,5,2,109.33,164.93
shooter105,5,3,109.99,166.26
shooter105,5,4,109.13,164.86
shooter105,5,5,109.43,164.74
shooter105,5,6,109.21,164.93
shooter105,5,7,109.49,164.45
shooter105,5,8,108.44,163.61
shooter105,5,9,106.63,162.24
shooter105,5,10,106.7,162.52
shooter105,5,11,106.86,162.44
shooter105,5,12,105.06,160.72
shooter105,5,13,105.61,160.9
shooter105,5,14,104.0,158.71
shooter105,5,15,102.26,159.65
shooter105,5,16,101.66,158.85
shooter105,5,17,102.05,156.04
shooter105,5,18,101.25,156.0
shooter105,5,19,100.0,154.94
shooter105,5,20,97.89,154.81
shooter105,5,21,97.75,153.2
shooter105,5,22,95.61,152.32
shooter105,5,23,94.87,150.48
shooter105,5,24,94.44,149.2
shooter105,5,25,93.92,149.41
shooter105,5,26,91.8,148.25
shooter105,5,27,90.86,147.66
shooter105,5,28,89.27,146.7
shooter105,5,29,88.62,145.3
shooter105,5,30,86.94,144.17
shooter105,5,31,87.57,144.0
shooter105,5,32,84.96,142.89
shooter105,5,33,85.37,142.21
shooter105,5,34,83.69,141.63
shooter105,5,35,83.27,139.68
shooter105,5,36,82.11,139.6
shooter105,5,37,81.62,138.87
shooter105,5,38,81.23,137.24
shooter105,5,39,80.8,137.61
shooter105,5,40,80.84,136.7
shooter105,5,41,79.12,136.31
shooter105,5,42,79.19,135.4
shooter105,5,43,79.45,136.23
shooter105,5,44,77.91,135.89
shooter105,5,45,78.82,135.39
shooter105,5,46,78.83,135.19
shooter105,5,47,78.51,135.19
shooter105,5,48,77.78,135.19
shooter105,5,49,78.4,135.19
shooter105,5,50,78.45,135.49
shooter105,5,51,79.56,136.94
shooter105,5,52,81.53,136.54
shooter105,5,53,81.63,137.56
shooter105,5,54,84.58,138.88
shooter105,5,55,86.18,138.84
shooter105,5,56,87.98,140.72
shooter105,5,57,91.64,140.27
shooter105,5,58,94.9,141.85
shooter105,5,59,97.65,142.5
shooter105,5,60,101.57,144.69
shooter105,5,61,104.18,146.8
shooter105,5,62,108.96,147.55
shooter105,5,63,112.23,148.87
shooter105,5,64,116.42,149.58
shooter105,5,65,119.29,152.3
shooter105,5,66,123.57,152.8
shooter105,5,67,128.43,153.8
shooter105,5,68,130.59,156.62
shooter105,5,69,135.09,156.84
shooter105,5,70,139.54,158.05
shooter105,5,71,143.01,158.63
shooter105,5,72,146.61,160.12
shooter105,5,73,149.58,162.5
shooter105,5,74,152.96,162.9
shooter105,5,75,154.79,164.8
shooter105,5,76,157.5,163.92
shooter105,5,77,160.12,165.74
shooter105,5,78,161.69,166.61
shooter105,5,79,162.04,166.95
shooter105,5,80,163.79,167.2
shooter105,5,81,165.04,167.6
shooter105,5,82,165.64,167.69
shooter105,5,83,165.64,167.69
shooter105,5,84,166.09,167.36
shooter105,5,85,166.11,167.6
shooter105,5,86,164.87,167.69
shooter105,5,87,165.47,167.27
shooter105,5,88,165.25,166.97
shooter105,5,89,164.49,167.69
shooter105,5,90,164.91,166.92
shooter105,5,91,164.93,166.95
shooter105,5,92,165.37,167.66
shooter105,5,93,164.55,166.52
shooter105,5,94,163.69,166.37
shooter105,5,95,164.4,166.36
shooter105,5,96,165.0,166.4
shooter105,5,97,164.37,166.92
shooter105,5,98,163.76,167.64
shooter105,5,99,164.87,166.57
shooter105,5,100,163.23,166.64
shooter105,5,101,163.48,166.88
shooter105,5,102,163.6,166.18
shooter105,5,103,164.1,166.33
shooter105,5,104,164.19,166.12
shooter105,5,105,150.76,165.91
shooter105,5,106,151.82,165.88
shooter105,5,107,151.28,165.0
shooter105,5,108,151.23,166.62
shooter105,5,109,150.84,166.67
shooter105,5,110,150.2,166.31
shooter105,5,111,148.62,164.46
shooter105,5,112,148.47,165.81
shooter105,5,113,149.31,165.32
shooter105,5,114,148.24,164.22
shooter105,5,115,147.72,165.75
shooter105,5,116,148.07,165.3
shooter105,5,117,147.59,163.89
shooter105,5,118,146.89,165.39
shooter105,5,119,146.8,163.57
shooter105,5,120,144.87,164.09
shooter105,5,121,145.76,163.35
shooter105,5,122,145.77,163.2
shooter105,5,123,143.54,164.69
shooter105,5,124,143.49,163.77
shooter105,5,125,144.23,163.01
shooter105,5,126,143.28,163.91
shooter105,5,127,142.01,163.98
shooter105,5,128,141.98,163.94
shooter105,5,129,141.69,163.84
shooter105,5,130,141.28,163.67
shooter105,5,131,142.0,163.02
shooter105,5,132,141.16,162.31
shooter105,5,133,140.91,163.37
shooter105,5,134,139.07,161.66
shooter105,5,135,139.5,161.66
shooter105,5,136,138.88,162.09
shooter105,5,137,139.54,161.71
shooter105,5,138,139.35,162.29
shooter105,5,139,137.89,162.79
shooter105,5,140,138.59,161.89
shooter105,5,141,136.27,161.95
shooter105,5,142,136.49,161.62
shooter105,5,143,136.99,162.14
shooter105,5,144,135.76,160.88
shooter105,5,145,136.48,160.73
shooter105,5,146,134.68,161.88
shooter105,5,147,135.43,161.64
shooter105,5,148,133.84,161.36
shooter105,5,149,133.43,161.2
shooter105,5,150,133.53,160.62
shooter105,5,151,134.13,161.88
shooter105,6,0,115.22,160.12
shooter105,6,1,114.88,160.53
shooter105,6,2,115.19,161.31
shooter105,6,3,114.97,161.37
shooter105,6,4,113.67,160.84
shooter105,6,5,114.09,160.6
shooter105,6,6,113.32,160.03
shooter105,6,7,113.65,160.12
shooter105,6,8,112.61,158.85
shooter105,6,9,111.52,158.86
shooter105,6,10,111.27,160.02
shooter105,6,11,112.15,159.71
shooter105,6,12,110.26,158.08
shooter105,6,13,110.74,157.57
shooter105,6,14,110.67,157.18
shooter105,6,15,109.82,157.31
shooter105,6,16,108.52,156.38
shooter105,6,17,107.43,156.8
shooter105,6,18,108.16,155.22
shooter105,6,19,106.72,154.82
shooter105,6,20,105.65,154.7
shooter105,6,21,105.96,155.22
shooter105,6,22,103.73,153.82
shooter105,6,23,103.39,153.61
shooter105,6,24,101.92,153.48
shooter105,6,25,101.14,153.23
shooter105,6,26,100.87,151.75
shooter105,6,27,100.66,152.08
shooter105,6,28,99.12,150.68
shooter105,6,29,99.02,150.88
shooter105,6,30,98.45,149.98
shooter105,6,31,97.8,150.42
shooter105,6,32,95.35,150.04
shooter105,6,33,96.05,149.13
shooter105,6,34,94.05,148.93
shooter105,6,35,94.42,146.9
shooter105,6,36,93.07,147.48
shooter105,6,37,93.06,146.13
shooter105,6,38,91.43,145.87
shooter105,6,39,91.67,145.95
shooter105,6,40,90.05,146.0
shooter105,6,41,89.59,145.6
shooter105,6,42,89.96,145.55
shooter105,6,43,88.93,144.61
shooter105,6,44,89.23,145.05
shooter105,6,45,88.8,144.7
shooter105,6,46,88.32,144.37
shooter105,6,47,88.23,142.92
shooter105,6,48,88.1,143.33
shooter105,6,49,88.12,143.58
shooter105,6,50,86.91,143.92
shooter105,6,51,87.15,142.73
shooter105,6,52,87.43,142.73
shooter105,6,53,86.91,142.73
shooter105,6,54,86.91,142.73
shooter105,6,55,87.53,143.43
shooter105,6,56,89.48,142.73
shooter105,6,57,90.92,143.02
shooter105,6,58,93.87,144.16
shooter105,6,59,96.57,144.1
shooter105,6,60,99.91,144.23
shooter105,6,61,102.74,145.92
shooter105,6,62,107.76,146.6
shooter105,6,63,111.85,148.44
shooter105,6,64,115.33,148.97
shooter105,6,65,120.22,150.5
shooter105,6,66,125.32,149.99
shooter105,6,67,131.57,152.27
shooter105,6,68,135.36,152.98
shooter105,6,69,139.73,154.44
shooter105,6,70,144.87,155.07
shooter105,6,71,149.4,155.66
shooter105,6,72,154.7,156.38
shooter105,6,73,159.78,158.96
shooter105,6,74,163.08,159.84
shooter105,6,75,167.49,159.38
shooter105,6,76,169.16,161.11
shooter105,6,77,172.81,161.95
shooter105,6,78,175.8,162.14
shooter105,6,79,177.43,162.09
shooter105,6,80,179.12,163.03
shooter105,6,81,178.78,163.03
shooter105,6,82,179.5,163.03
shooter105,6,83,179.8,163.03
shooter105,6,84,178.74,163.03
shooter105,6,85,179.98,162.3
shooter105,6,86,178.93,163.03
shooter105,6,87,178.44,162.56
shooter105,6,88,179.73,163.03
shooter105,6,89,179.56,163.03
shooter105,6,90,179.87,163.03
shooter105,6,91,179.84,163.03
shooter105,6,92,178.56,162.07
shooter105,6,93,179.24,162.69
shooter105,6,94,179.9,163.0
shooter105,6,95,178.34,161.9
shooter105,6,96,178.75,161.92
shooter105,6,97,179.58,163.03
shooter105,6,98,177.92,162.26
shooter105,6,99,179.52,162.24
shooter105,6,100,165.48,161.99
shooter105,6,101,165.89,162.72
shooter105,6,102,164.94,162.31
shooter105,6,103,164.64,162.88
shooter105,6,104,164.45,162.26
shooter105,6,105,162.63,161.2
shooter105,6,106,163.36,162.06
shooter105,6,107,163.55,161.14
shooter105,6,108,163.21,162.61
shooter105,6,109,162.84,161.11
shooter105,6,110,161.79,161.24
shooter105,6,111,161.37,161.65
shooter105,6,112,160.8,161.04
shooter105,6,113,160.52,161.65
shooter105,6,114,160.12,161.41
shooter105,6,115,158.58,162.31
shooter105,6,116,158.28,160.5
shooter105,6,117,158.94,161.4
shooter105,6,118,157.93,161.61
shooter105,6,119,157.5,160.34
shooter105,6,120,156.89,161.27
shooter105,6,121,157.7,161.65
shooter105,6,122,157.63,161.42
shooter105,6,123,156.56,161.63
shooter105,6,124,156.79,161.12
shooter105,6,125,156.27,160.39
shooter105,6,126,154.54,161.37
shooter105,6,127,154.01,159.9
shooter105,6,128,153.72,160.54
shooter105,6,129,153.09,160.83
shooter105,6,130,153.67,160.98
shooter105,6,131,152.67,161.0
shooter105,6,132,153.53,159.26
shooter105,6,133,152.53,160.48
shooter105,6,134,151.62,159.37
shooter105,6,135,152.47,160.46
shooter105,6,136,152.01,160.25
shooter105,6,137,151.26,159.15
shooter105,6,138,150.88,160.4
shooter105,6,139,150.85,159.61
shooter105,6,140,149.7,159.72
shooter105,6,141,149.86,160.53
shooter105,6,142,147.83,159.86
shooter105,6,143,148.41,159.69
shooter105,6,144,147.91,158.51
shooter105,6,145,146.58,158.84
shooter105,6,146,146.27,158.46
shooter105,6,147,145.74,159.05
shooter105,6,148,145.89,159.05
shooter105,6,149,145.01,159.4
shooter105,6,150,145.35,159.71
shooter105,6,151,145.73,158.67
shooter105,6,152,144.93,159.51
shooter105,6,153,144.65,160.13
shooter105,6,154,142.96,158.67
shooter105,7,0,129.24,163.65
shooter105,7,1,130.86,164.7
shooter105,7,2,129.78,164.1
shooter105,7,3,130.0,164.44
shooter105,7,4,128.56,164.96
shooter105,7,5,127.91,164.51
shooter105,7,6,128.52,163.55
shooter105,7,7,127.69,162.79
shooter105,7,8,126.1,162.84
shooter105,7,9,126.16,162.73
shooter105,7,10,124.71,161.24
shooter105,7,11,123.34,159.78
shooter105,7,12,123.09,160.38
shooter105,7,13,121.55,158.1
shooter105,7,14,120.07,158.79
shooter105,7,15,119.28,156.57
shooter105,7,16,117.46,155.72
shooter105,7,17,116.84,156.14
shooter105,7,18,115.17,155.01
shooter105,7,19,112.78,153.78
shooter105,7,20,111.52,153.31
shooter105,7,21,111.01,152.37
shooter105,7,22,109.4,150.57
shooter105,7,23,106.51,150.64
shooter105,7,24,105.21,148.35
shooter105,7,25,103.96,146.97
shooter105,7,26,103.58,147.33
shooter105,7,27,102.31,145.5
shooter105,7,28,100.74,145.47
shooter105,7,29,98.43,142.92
shooter105,7,30,98.45,142.12
shooter105,7,31,95.62,141.12
shooter105,7,32,95.34,141.43
shooter105,7,33,94.28,141.11
shooter105,7,34,93.71,139.52
shooter105,7,35,92.97,138.22
shooter105,7,36,91.6,138.17
shooter105,7,37,90.97,137.55
shooter105,7,38,91.67,137.63
shooter105,7,39,90.18,137.21
shooter105,7,40,90.39,135.73
shooter105,7,41,90.18,136.05
shooter105,7,42,90.18,136.25
shooter105,7,43,90.18,135.65
shooter105,7,44,91.5,135.65
shooter105,7,45,92.12,135.65
shooter105,7,46,93.35,135.65
shooter105,7,47,96.37,135.65
shooter105,7,48,97.22,136.13
shooter105,7,49,101.28,138.02
shooter105,7,50,103.26,137.95
shooter105,7,51,107.9,140.27
shooter105,7,52,109.61,140.91
shooter105,7,53,114.45,142.41
shooter105,7,54,118.47,144.63
shooter105,7,55,122.37,145.57
shooter105,7,56,126.88,147.06
shooter105,7,57,129.51,148.63
shooter105,7,58,134.11,151.61
shooter105,7,59,138.89,153.03
shooter105,7,60,142.68,155.5
shooter105,7,61,145.44,156.51
shooter105,7,62,148.86,158.04
shooter105,7,63,152.28,159.3
shooter105,7,64,155.01,160.45
shooter105,7,65,157.57,162.89
shooter105,7,66,159.44,162.4
shooter105,7,67,160.12,164.8
shooter105,7,68,161.72,163.62
shooter105,7,69,162.06,164.96
shooter105,7,70,162.32,165.03
shooter105,7,71,162.88,165.03
shooter105,7,72,162.36,164.44
shooter105,7,73,161.18,165.03
shooter105,7,74,162.34,165.03
shooter105,7,75,161.47,165.03
shooter105,7,76,160.95,164.28
shooter105,7,77,161.95,165.03
shooter105,7,78,162.11,164.73
shooter105,7,79,161.6,163.83
shooter105,7,80,160.49,164.72
shooter105,7,81,161.55,165.03
shooter105,7,82,160.33,164.49
shooter105,7,83,162.08,165.03
shooter105,7,84,160.68,164.9
shooter105,7,85,161.8,164.33
shooter105,7,86,160.0,163.98
shooter105,7,87,160.09,164.7
shooter105,7,88,160.71,163.9
shooter105,7,89,161.24,163.41
shooter105,7,90,149.21,163.61
shooter105,7,91,147.96,164.62
shooter105,7,92,147.23,163.33
shooter105,7,93,146.21,163.13
shooter105,7,94,146.89,162.82
shooter105,7,95,146.08,162.55
shooter105,7,96,146.74,164.28
shooter105,7,97,145.48,163.28
shooter105,7,98,145.65,163.55
shooter105,7,99,145.42,163.52
shooter105,7,100,143.52,162.56
shooter105,7,101,143.8,163.33
shooter105,7,102,144.31,163.54
shooter105,7,103,142.97,162.98
shooter105,7,104,142.85,162.79
shooter105,7,105,143.07,162.11
shooter105,7,106,141.39,162.81
shooter105,7,107,142.31,161.18
shooter105,7,108,140.91,162.39
shooter105,7,109,140.91,161.49
shooter105,7,110,139.98,161.78
shooter105,7,111,139.97,162.32
shooter105,7,112,138.62,161.63
shooter105,7,113,138.25,160.36
shooter105,7,114,138.55,161.65
shooter105,7,115,137.99,161.95
shooter105,7,116,138.15,161.28
shooter105,7,117,136.6,161.62
shooter105,7,118,136.46,161.45
shooter105,7,119,136.14,161.43
shooter105,7,120,136.2,160.3
shooter105,7,121,135.41,160.48
shooter105,7,122,134.8,161.14
shooter105,7,123,135.32,161.19
shooter105,7,124,135.21,159.59
shooter105,7,125,134.69,159.6
shooter105,7,126,133.47,159.86
shooter105,7,127,134.23,160.65
shooter105,7,128,133.34,160.81
shooter105,7,129,132.95,160.17
shooter105,7,130,131.75,159.2
shooter105,7,131,131.4,159.54
shooter105,7,132,131.47,160.62
shooter105,7,133,130.6,159.57
shooter105,7,134,131.1,159.06
shooter105,7,135,129.94,159.45
shooter105,7,136,129.22,160.45
shooter105,7,137,128.82,159.82
shooter105,8,0,129.21,166.68
shooter105,8,1,130.14,165.07
shooter105,8,2,128.36,166.66
shooter105,8,3,128.81,165.26
shooter105,8,4,129.56,164.6
shooter105,8,5,129.32,165.38
shooter105,8,6,128.63,164.39
shooter105,8,7,127.98,164.49
shooter105,8,8,127.73,164.75
shooter105,8,9,126.91,164.25
shooter105,8,10,125.33,163.34
shooter105,8,11,125.03,163.52
shooter105,8,12,124.63,161.88
shooter105,8,13,123.65,160.37
shooter105,8,14,123.36,161.23
shooter105,8,15,121.61,159.3
shooter105,8,16,120.05,158.44
shooter105,8,17,119.12,157.43
shooter105,8,18,119.34,157.11
shooter105,8,19,116.61,156.26
shooter105,8,20,117.24,155.34
shooter105,8,21,114.51,155.03
shooter105,8,22,114.07,154.45
shooter105,8,23,113.76,153.91
shooter105,8,24,111.85,151.31
shooter105,8,25,111.55,150.5
shooter105,8,26,108.99,150.46
shooter105,8,27,108.71,148.57
shooter105,8,28,107.77,148.21
shooter105,8,29,107.32,147.83
shooter105,8,30,104.69,147.27
shooter105,8,31,104.17,145.29
shooter105,8,32,103.84,145.37
shooter105,8,33,103.56,144.52
shooter105,8,34,102.41,144.18
shooter105,8,35,101.57,142.35
shooter105,8,36,100.13,142.53
shooter105,8,37,99.5,141.87
shooter105,8,38,99.42,140.23
shooter105,8,39,98.83,140.42
shooter105,8,40,98.16,140.0
shooter105,8,41,97.71,138.72
shooter105,8,42,97.43,138.65
shooter105,8,43,95.74,138.25
shooter105,8,44,95.74,138.61
shooter105,8,45,96.84,137.33
shooter105,8,46,95.87,137.6
shooter105,8,47,95.74,137.33
shooter105,8,48,96.02,137.65
shooter105,8,49,97.1,137.33
shooter105,8,50,98.8,137.45
shooter105,8,51,100.6,137.9
shooter105,8,52,101.39,138.04
shooter105,8,53,104.96,138.85
shooter105,8,54,107.27,140.75
shooter105,8,55,112.55,140.75
shooter105,8,56,114.99,143.43
shooter105,8,57,120.03,144.76
shooter105,8,58,124.27,146.9
shooter105,8,59,128.88,147.45
shooter105,8,60,133.36,149.8
shooter105,8,61,138.29,150.78
shooter105,8,62,142.71,154.45
shooter105,8,63,146.14,155.89
shooter105,8,64,151.04,157.65
shooter105,8,65,155.54,159.66
shooter105,8,66,158.97,160.45
shooter105,8,67,163.38,162.65
shooter105,8,68,165.67,164.45
shooter105,8,69,169.46,164.25
shooter105,8,70,170.41,167.02
shooter105,8,71,173.49,167.71
shooter105,8,72,173.64,168.0
shooter105,8,73,175.14,168.0
shooter105,8,74,175.35,168.0
shooter105,8,75,175.4,168.0
shooter105,8,76,174.33,167.23
shooter105,8,77,175.27,168.0
shooter105,8,78,174.6,167.28
shooter105,8,79,175.15,168.0
shooter105,8,80,174.43,167.41
shooter105,8,81,174.0,167.23
shooter105,8,82,174.22,167.02
shooter105,8,83,172.78,168.0
shooter105,8,84,173.38,167.19
shooter105,8,85,172.67,167.17
shooter105,8,86,173.16,167.07
shooter105,8,87,160.4,167.3
shooter105,8,88,160.81,168.0
shooter105,8,89,160.85,167.56
shooter105,8,90,160.07,167.05
shooter105,8,91,159.23,166.81
shooter105,8,92,159.28,166.45
shooter105,8,93,159.65,167.08
shooter105,8,94,157.96,166.5
shooter105,8,95,157.88,166.27
shooter105,8,96,158.73,166.35
shooter105,8,97,158.18,166.7
shooter105,8,98,156.02,167.49
shooter105,8,99,156.61,166.04
shooter105,8,100,155.28,167.19
shooter105,8,101,156.6,166.99
shooter105,8,102,155.23,167.42
shooter105,8,103,154.79,165.94
shooter105,8,104,154.1,167.07
shooter105,8,105,154.29,167.12
shooter105,8,106,153.04,167.26
shooter105,8,107,153.95,166.83
shooter105,8,108,152.93,165.37
shooter105,8,109,152.68,166.92
shooter105,8,110,152.83,166.56
shooter105,8,111,151.12,165.26
shooter105,8,112,150.7,165.07
shooter105,8,113,150.79,166.51
shooter105,8,114,151.12,164.86
shooter105,8,115,149.27,166.0
shooter105,8,116,150.34,165.16
shooter105,8,117,149.35,165.7
shooter105,8,118,149.07,164.35
shooter105,8,119,148.68,165.52
shooter105,8,120,147.26,165.0
shooter105,8,121,147.25,165.68
shooter105,8,122,147.86,164.16
shooter105,8,123,146.77,163.91
shooter105,8,124,146.67,164.0
shooter105,8,125,147.04,163.68
shooter105,8,126,144.84,165.39
shooter105,8,127,145.25,163.59
shooter105,8,128,144.67,163.66
shooter105,8,129,143.76,164.8
shooter105,8,130,145.05,163.6
shooter105,8,131,144.67,163.47
shooter105,8,132,142.97,164.3
shooter105,8,133,143.84,163.68
shooter105,8,134,141.62,164.48
shooter105,8,135,143.11,164.02
shooter105,8,136,142.42,163.26
shooter105,8,137,140.78,163.81
shooter105,8,138,141.15,164.29
shooter105,8,139,141.15,163.23
shooter105,8,140,139.79,163.93
shooter105,8,141,139.46,163.24
shooter105,8,142,139.61,163.45
shooter105,8,143,138.24,163.78
shooter105,8,144,137.79,162.4
shooter105,8,145,137.65,163.15
shooter105,8,146,138.23,162.4
shooter105,8,147,137.08,163.63
shooter105,8,148,136.96,163.37
shooter105,8,149,135.94,162.79
shooter105,8,150,135.54,162.27
shooter105,8,151,136.05,163.96
shooter105,8,152,134.57,162.73
shooter105,8,153,135.29,162.64
shooter105,8,154,134.35,162.29
shooter105,9,0,132.52,161.55
shooter105,9,1,133.98,163.03
shooter105,9,2,132.89,161.37
shooter105,9,3,131.74,162.78
shooter105,9,4,131.91,160.78
shooter105,9,5,132.11,160.53
shooter105,9,6,130.22,160.14
shooter105,9,7,129.27,159.65
shooter105,9,8,128.25,159.35
shooter105,9,9,126.69,159.12
shooter105,9,10,125.13,158.8
shooter105,9,11,124.55,157.2
shooter105,9,12,123.67,156.3
shooter105,9,13,121.76,154.9
shooter105,9,14,118.81,154.86
shooter105,9,15,117.7,152.43
shooter105,9,16,115.15,151.74
shooter105,9,17,113.95,150.24
shooter105,9,18,112.86,149.38
shooter105,9,19,110.27,149.01
shooter105,9,20,109.56,146.99
shooter105,9,21,107.03,145.85
shooter105,9,22,105.65,146.23
shooter105,9,23,104.36,143.77
shooter105,9,24,102.29,143.74
shooter105,9,25,101.13,142.26
shooter105,9,26,99.44,142.43
shooter105,9,27,97.54,141.19
shooter105,9,28,95.68,139.1
shooter105,9,29,94.48,140.04
shooter105,9,30,94.55,138.41
shooter105,9,31,91.95,137.6
shooter105,9,32,92.9,137.85
shooter105,9,33,90.99,137.53
shooter105,9,34,91.28,136.38
shooter105,9,35,90.11,136.35
shooter105,9,36,91.09,136.35
shooter105,9,37,90.11,136.35
shooter105,9,38,90.11,137.37
shooter105,9,39,91.93,136.59
shooter105,9,40,92.09,138.24
shooter105,9,41,93.95,137.29
shooter105,9,42,97.53,139.4
shooter105,9,43,100.18,140.7
shooter105,9,44,101.92,141.4
shooter105,9,45,106.43,141.57
shooter105,9,46,109.58,143.44
shooter105,9,47,113.68,144.48
shooter105,9,48,118.8,147.12
shooter105,9,49,122.26,149.56
shooter105,9,50,127.46,149.98
shooter105,9,51,131.54,151.23
shooter105,9,52,137.18,153.1
shooter105,9,53,140.89,155.3
shooter105,9,54,144.34,156.83
shooter105,9,55,149.62,157.58
shooter105,9,56,152.97,159.94
shooter105,9,57,155.05,159.8
shooter105,9,58,159.23,161.91
shooter105,9,59,160.18,162.38
shooter105,9,60,162.08,162.47
shooter105,9,61,163.61,163.99
shooter105,9,62,163.99,164.12
shooter105,9,63,164.93,164.12
shooter105,9,64,164.9,164.12
shooter105,9,65,165.43,164.12
shooter105,9,66,163.98,163.64
shooter105,9,67,163.7,164.12
shooter105,9,68,163.93,164.12
shooter105,9,69,163.36,163.12
shooter105,9,70,164.82,164.12
shooter105,9,71,164.22,164.12
shooter105,9,72,164.23,162.92
shooter105,9,73,163.99,163.65
shooter105,9,74,162.84,162.58
shooter105,9,75,162.49,163.57
shooter105,9,76,150.79,164.12
shooter105,9,77,151.19,162.88
shooter105,9,78,149.79,163.03
shooter105,9,79,148.75,162.32
shooter105,9,80,149.65,162.8
shooter105,9,81,148.33,163.17
shooter105,9,82,148.62,161.83
shooter105,9,83,147.16,162.34
shooter105,9,84,147.75,161.77
shooter105,9,85,147.12,162.38
shooter105,9,86,147.69,162.11
shooter105,9,87,146.97,161.92
shooter105,9,88,145.2,161.09
shooter105,9,89,146.31,161.35
shooter105,9,90,145.91,161.27
shooter105,9,91,145.26,161.14
shooter105,9,92,145.39,160.74
shooter105,9,93,144.74,161.13
shooter105,9,94,143.17,159.7
shooter105,9,95,143.09,159.13
shooter105,9,96,142.63,160.76
shooter105,9,97,142.54,158.77
shooter105,9,98,143.04,160.28
shooter105,9,99,141.96,159.52
shooter105,9,100,140.96,159.96
shooter105,9,101,141.81,159.09
shooter105,9,102,140.93,159.44
shooter105,9,103,139.66,159.08
shooter105,9,104,140.54,158.54
shooter105,9,105,139.02,158.08
shooter105,9,106,138.96,157.22
shooter105,9,107,138.49,157.59
shooter105,9,108,138.98,158.87
shooter105,9,109,137.26,157.4
shooter105,9,110,137.0,158.25
shooter105,9,111,137.25,157.67
shooter105,9,112,137.3,157.19
shooter105,9,113,135.36,158.47
shooter105,9,114,135.15,156.52
shooter105,9,115,136.23,157.53
shooter105,9,116,135.48,157.25
shooter105,9,117,134.22,156.44
shooter105,9,118,133.85,156.69
shooter105,9,119,133.67,157.63
shooter105,9,120,133.68,156.46
shooter105,10,0,129.9,159.07
shooter105,10,1,129.73,162.49
shooter105,10,2,130.53,160.18
shooter105,10,3,129.01,160.17
shooter105,10,4,129.77,162.49
shooter105,10,5,129.12,160.14
shooter105,10,6,128.28,160.51
shooter105,10,7,128.3,159.32
shooter105,10,8,127.07,158.24
shooter105,10,9,127.07,155.96
shooter105,10,10,125.47,160.43
shooter105,10,11,125.14,157.47
shooter105,10,12,124.45,158.22
shooter105,10,13,122.53,158.87
shooter105,10,14,122.68,152.32
shooter105,10,15,121.89,155.49
shooter105,10,16,121.18,151.25
shooter105,10,17,118.52,152.35
shooter105,10,18,117.34,153.73
shooter105,10,19,116.31,148.09
shooter105,10,20,116.23,152.6
shooter105,10,21,113.99,149.13
shooter105,10,22,112.5,146.99
shooter105,10,23,112.09,143.7
shooter105,10,24,109.38,146.08
shooter105,10,25,109.11,144.5
shooter105,10,26,107.63,141.81
shooter105,10,27,106.71,142.45
shooter105,10,28,105.67,138.6
shooter105,10,29,103.64,143.57
shooter105,10,30,103.07,138.63
shooter105,10,31,101.69,138.62
shooter105,10,32,99.79,139.58
shooter105,10,33,100.22,138.33
shooter105,10,34,98.95,138.61
shooter105,10,35,98.32,138.19
shooter105,10,36,97.02,133.0
shooter105,10,37,95.23,133.59
shooter105,10,38,94.83,134.8
shooter105,10,39,94.05,131.48
shooter105,10,40,92.73,134.03
shooter105,10,41,92.93,131.48
shooter105,10,42,92.33,134.52
shooter105,10,43,91.57,133.1
shooter105,10,44,92.65,132.01
shooter105,10,45,91.57,131.48
shooter105,10,46,91.62,131.48
shooter105,10,47,91.57,132.96
shooter105,10,48,91.93,133.56
shooter105,10,49,91.57,133.96
shooter105,10,50,93.19,131.48
shooter105,10,51,94.53,131.48
shooter105,10,52,96.07,131.75
shooter105,10,53,96.63,135.22
shooter105,10,54,97.95,135.85
shooter105,10,55,101.24,134.97
shooter105,10,56,102.86,139.86
shooter105,10,57,106.55,135.65
shooter105,10,58,109.13,140.89
shooter105,10,59,112.27,140.32
shooter105,10,60,115.76,141.19
shooter105,10,61,118.21,140.13
shooter105,10,62,122.16,145.66
shooter105,10,63,125.02,147.26
shooter105,10,64,127.52,145.9
shooter105,10,65,132.19,148.44
shooter105,10,66,135.4,150.32
shooter105,10,67,139.35,150.2
shooter105,10,68,141.2,152.98
shooter105,10,69,144.6,153.14
shooter105,10,70,148.67,157.01
shooter105,10,71,150.1,157.19
shooter105,10,72,154.02,154.61
shooter105,10,73,156.42,159.75
shooter105,10,74,158.06,157.89
shooter105,10,75,160.19,162.3
shooter105,10,76,163.38,161.03
shooter105,10,77,163.42,158.2
shooter105,10,78,166.23,162.49
shooter105,10,79,167.26,159.75
shooter105,10,80,167.86,162.49
shooter105,10,81,167.84,162.49
shooter105,10,82,168.18,162.49
shooter105,10,83,168.66,162.49
shooter105,10,84,167.18,162.49
shooter105,10,85,167.37,162.04
shooter105,10,86,168.57,159.96
shooter105,10,87,167.16,162.49
shooter105,10,88,166.94,161.39
shooter105,10,89,168.25,161.27
shooter105,10,90,166.35,160.51
shooter105,10,91,166.38,162.49
shooter105,10,92,166.81,162.49
shooter105,10,93,167.38,161.34
shooter105,10,94,167.45,160.76
shooter105,10,95,167.07,162.49
shooter105,10,96,167.38,161.63
shooter105,10,97,165.34,162.49
shooter105,10,98,166.42,162.49
shooter105,10,99,153.41,162.49
shooter105,10,100,154.6,159.39
shooter105,10,101,154.25,162.49
shooter105,10,102,152.59,162.49
shooter105,10,103,153.24,160.87
shooter105,10,104,152.44,162.49
shooter105,10,105,150.98,160.93
shooter105,10,106,151.59,162.49
shooter105,10,107,151.93,162.23
shooter105,10,108,150.2,158.8
shooter105,10,109,149.18,161.01
shooter105,10,110,150.73,158.35
shooter105,10,111,149.21,160.33
shooter105,10,112,148.84,162.49
shooter105,10,113,149.01,159.17
shooter105,10,114,148.39,162.49
shooter105,10,115,147.38,158.18
shooter105,10,116,146.58,161.48
shooter105,10,117,147.63,162.49
shooter105,10,118,146.55,161.22
shooter105,10,119,146.52,162.49
shooter105,10,120,146.5,162.49
shooter105,10,121,144.42,160.86
shooter105,10,122,145.7,161.61
shooter105,10,123,145.08,157.02
shooter105,10,124,145.07,159.3
shooter105,10,125,143.25,158.37
shooter105,10,126,143.02,161.49
shooter105,10,127,143.3,160.53
shooter105,10,128,143.43,160.06
shooter105,10,129,143.17,161.88
shooter105,10,130,141.61,156.74
shooter105,10,131,141.46,161.84
shooter105,10,132,140.32,156.65
shooter105,10,133,140.97,158.05
shooter105,10,134,140.85,159.67
shooter105,10,135,140.38,157.87
shooter105,10,136,139.07,159.85
shooter105,10,137,139.91,160.34
shooter105,10,138,137.82,160.59
shooter105,10,139,138.17,156.64
shooter105,10,140,137.89,156.6
shooter105,10,141,137.45,155.77
shooter105,10,142,137.5,158.35
shooter105,10,143,136.8,156.18
shooter105,10,144,135.33,157.22
shooter105,10,145,135.14,160.32
shooter105,10,146,135.44,160.93
shooter105,10,147,135.37,160.14
shooter105,10,148,134.61,155.19
shooter105,10,149,133.89,158.57
shooter105,10,150,132.88,156.14
shooter105,10,151,133.95,157.38
shooter105,10,152,132.97,157.68
shooter105,10,153,132.66,160.77
shooter105,10,154,132.12,158.91
shooter106,1,0,120.83,168.58
shooter106,1,1,121.27,166.96
shooter106,1,2,121.08,168.14
shooter106,1,3,120.62,166.8
shooter106,1,4,119.75,165.94
shooter106,1,5,118.99,165.53
shooter106,1,6,119.53,165.77
shooter106,1,7,118.79,165.19
shooter106,1,8,117.42,164.21
shooter106,1,9,118.58,164.12
shooter106,1,10,116.64,162.88
shooter106,1,11,115.31,161.11
shooter106,1,12,116.35,160.65
shooter106,1,13,114.9,159.08
shooter106,1,14,114.36,157.87
shooter106,1,15,112.32,156.98
shooter106,1,16,111.91,156.74
shooter106,1,17,111.44,155.47
shooter106,1,18,109.69,154.51
shooter106,1,19,109.61,152.98
shooter106,1,20,107.68,151.21
shooter106,1,21,106.63,149.43
shooter106,1,22,105.24,147.48
shooter106,1,23,104.78,147.44
shooter106,1,24,103.73,145.41
shooter106,1,25,103.8,144.04
shooter106,1,26,102.47,144.22
shooter106,1,27,100.77,141.4
shooter106,1,28,100.66,139.93
shooter106,1,29,99.13,140.63
shooter106,1,30,98.73,138.27
shooter106,1,31,98.89,137.43
shooter106,1,32,97.85,135.86
shooter106,1,33,97.06,135.64
shooter106,1,34,95.73,135.98
shooter106,1,35,94.88,134.71
shooter106,1,36,95.67,133.65
shooter106,1,37,94.9,132.78
shooter106,1,38,94.68,132.46
shooter106,1,39,95.13,132.6
shooter106,1,40,93.84,131.93
shooter106,1,41,94.48,131.93
shooter106,1,42,93.84,131.93
shooter106,1,43,93.84,132.75
shooter106,1,44,93.84,133.05
shooter106,1,45,95.56,133.32
shooter106,1,46,96.07,133.24
shooter106,1,47,98.31,134.44
shooter106,1,48,100.08,135.54
shooter106,1,49,101.62,134.7
shooter106,1,50,104.08,136.56
shooter106,1,51,106.8,137.35
shooter106,1,52,109.25,140.25
shooter106,1,53,113.04,141.52
shooter106,1,54,114.58,142.75
shooter106,1,55,119.68,143.29
shooter106,1,56,121.2,146.22
shooter106,1,57,125.05,146.03
shooter106,1,58,129.61,148.04
shooter106,1,59,131.96,150.59
shooter106,1,60,135.91,152.65
shooter106,1,61,139.25,154.51
shooter106,1,62,143.9,155.0
shooter106,1,63,147.02,156.8
shooter106,1,64,149.28,158.48
shooter106,1,65,153.21,159.12
shooter106,1,66,155.68,162.19
shooter106,1,67,159.97,162.45
shooter106,1,68,160.79,163.38
shooter106,1,69,164.07,164.89
shooter106,1,70,165.87,166.45
shooter106,1,71,167.81,167.6
shooter106,1,72,170.02,166.98
shooter106,1,73,169.94,167.43
shooter106,1,74,171.57,168.79
shooter106,1,75,171.47,168.79
shooter106,1,76,171.74,168.79
shooter106,1,77,171.32,168.19
shooter106,1,78,170.89,168.79
shooter106,1,79,170.44,168.79
shooter106,1,80,170.33,168.18
shooter106,1,81,171.89,167.9
shooter106,1,82,171.39,168.08
shooter106,1,83,170.15,168.14
shooter106,1,84,170.56,167.82
shooter106,1,85,170.78,168.01
shooter106,1,86,169.9,167.73
shooter106,1,87,169.92,168.19
shooter106,1,88,170.32,168.34
shooter106,1,89,157.19,168.21
shooter106,1,90,157.39,168.79
shooter106,1,91,156.36,167.65
shooter106,1,92,155.55,168.79
shooter106,1,93,156.52,168.78
shooter106,1,94,156.15,168.79
shooter106,1,95,156.33,167.14
shooter106,1,96,154.3,167.17
shooter106,1,97,155.02,167.82
shooter106,1,98,155.04,166.75
shooter106,1,99,154.03,166.53
shooter106,1,100,154.27,166.39
shooter106,1,101,153.93,167.34
shooter106,1,102,153.14,167.62
shooter106,1,103,153.14,166.42
shooter106,1,104,151.99,167.65
shooter106,1,105,151.33,167.24
shooter106,1,106,151.78,165.7
shooter106,1,107,151.2,166.24
shooter106,1,108,149.36,165.44
shooter106,1,109,149.35,167.01
shooter106,1,110,148.86,166.55
shooter106,1,111,149.65,166.32
shooter106,1,112,148.01,166.19
shooter106,1,113,147.75,165.28
shooter106,1,114,147.78,166.47
shooter106,1,115,146.49,166.33
shooter106,1,116,147.86,165.86
shooter106,1,117,146.52,165.21
shooter106,1,118,145.52,164.26
shooter106,1,119,145.28,164.12
shooter106,1,120,145.94,164.25
shooter106,1,121,145.21,165.07
shooter106,1,122,144.47,165.39
shooter106,1,123,143.8,165.6
shooter106,1,124,144.54,163.97
shooter106,1,125,143.89,164.1
shooter106,1,126,143.38,163.59
shooter106,1,127,142.43,165.39
shooter106,1,128,143.1,164.91
shooter106,1,129,142.16,164.26
shooter106,1,130,141.19,164.4
shooter106,1,131,141.86,164.32
shooter106,1,132,141.33,163.67
shooter106,1,133,140.62,163.5
shooter106,1,134,140.27,163.7
shooter106,1,135,139.19,163.57
shooter106,1,136,138.95,164.18
shooter106,1,137,137.92,163.67
shooter106,1,138,138.33,164.51
shooter106,2,0,107.31,168.69
shooter106,2,1,107.27,167.98
shooter106,2,2,106.69,167.2
shooter106,2,3,106.9,168.17
shooter106,2,4,106.48,166.66
shooter106,2,5,105.46,167.0
shooter106,2,6,105.58,167.24
shooter106,2,7,105.07,166.95
shooter106,2,8,105.12,164.98
shooter106,2,9,103.7,163.49
shooter106,2,10,103.01,163.56
shooter106,2,11,103.35,162.19
shooter106,2,12,102.36,162.43
shooter106,2,13,100.21,161.02
shooter106,2,14,100.65,159.3
shooter106,2,15,98.18,158.89
shooter106,2,16,98.65,156.88
shooter106,2,17,96.34,156.05
shooter106,2,18,95.82,155.66
shooter106,2,19,95.94,153.01
shooter106,2,20,93.16,152.03
shooter106,2,21,93.64,151.99
shooter106,2,22,91.95,149.98
shooter106,2,23,90.21,148.56
shooter106,2,24,90.93,146.9
shooter106,2,25,89.2,146.61
shooter106,2,26,88.97,145.78
shooter106,2,27,88.09,144.65
shooter106,2,28,85.58,143.53
shooter106,2,29,85.33,142.92
shooter106,2,30,84.77,142.75
shooter106,2,31,84.53,142.61
shooter106,2,32,83.03,141.59
shooter106,2,33,83.16,141.13
shooter106,2,34,83.58,141.12
shooter106,2,35,81.95,140.03
shooter106,2,36,82.72,140.03
shooter106,2,37,82.03,140.03
shooter106,2,38,81.95,140.03
shooter106,2,39,81.95,141.41
shooter106,2,40,81.95,140.55
shooter106,2,41,83.72,142.27
shooter106,2,42,84.55,141.56
shooter106,2,43,88.63,143.3
shooter106,2,44,91.88,144.23
shooter106,2,45,94.33,145.21
shooter106,2,46,100.41,146.94
shooter106,2,47,105.51,148.99
shooter106,2,48,109.04,150.23
shooter106,2,49,116.55,152.56
shooter106,2,50,121.14,154.34
shooter106,2,51,127.99,155.16
shooter106,2,52,133.14,157.81
shooter106,2,53,140.5,157.61
shooter106,2,54,146.48,159.59
shooter106,2,55,152.45,161.36
shooter106,2,56,157.85,163.08
shooter106,2,57,160.97,164.29
shooter106,2,58,166.6,165.47
shooter106,2,59,169.73,167.13
shooter106,2,60,172.72,166.72
shooter106,2,61,175.37,168.46
shooter106,2,62,178.84,168.42
shooter106,2,63,179.48,168.57
shooter106,2,64,179.5,168.69
shooter106,2,65,180.0,168.29
shooter106,2,66,179.87,168.45
shooter106,2,67,178.74,168.69
shooter106,2,68,178.94,168.58
shooter106,2,69,179.33,167.9
shooter106,2,70,179.1,168.69
shooter106,2,71,178.55,168.69
shooter106,2,72,178.53,168.69
shooter106,2,73,177.46,168.43
shooter106,2,74,178.25,168.61
shooter106,2,75,177.81,168.18
shooter106,2,76,177.57,168.49
shooter106,2,77,177.42,167.91
shooter106,2,78,178.05,167.21
shooter106,2,79,177.49,168.69
shooter106,2,80,177.36,168.16
shooter106,2,81,176.7,167.82
shooter106,2,82,166.42,167.45
shooter106,2,83,164.55,167.78
shooter106,2,84,164.51,166.48
shooter106,2,85,163.68,166.75
shooter106,2,86,164.31,166.21
shooter106,2,87,163.37,166.07
shooter106,2,88,162.93,165.71
shooter106,2,89,163.45,167.04
shooter106,2,90,162.82,165.83
shooter106,2,91,161.94,166.89
shooter106,2,92,161.44,166.89
shooter106,2,93,162.02,165.27
shooter106,2,94,161.61,166.19
shooter106,2,95,160.71,165.55
shooter106,2,96,160.42,166.31
shooter106,2,97,160.3,165.3
shooter106,2,98,160.03,164.94
shooter106,2,99,157.86,164.62
shooter106,2,100,159.29,165.7
shooter106,2,101,158.31,164.2
shooter106,2,102,157.69,165.27
shooter106,2,103,156.93,163.87
shooter106,2,104,156.37,164.63
shooter106,2,105,156.91,164.12
shooter106,2,106,156.21,163.31
shooter106,2,107,154.9,163.24
shooter106,2,108,155.32,163.44
shooter106,2,109,153.98,164.3
shooter106,2,110,154.29,164.13
shooter106,2,111,154.07,162.99
shooter106,2,112,153.77,163.44
shooter106,2,113,152.39,162.6
shooter106,2,114,151.89,163.77
shooter106,2,115,151.82,163.86
shooter106,2,116,152.11,164.0
shooter106,2,117,152.36,163.93
shooter106,2,118,151.66,162.79
shooter106,2,119,151.19,162.59
shooter106,2,120,149.96,163.84
shooter106,2,121,149.12,162.32
shooter106,2,122,150.28,162.14
shooter106,2,123,149.1,162.64
shooter106,3,0,147.63,171.24
shooter106,3,1,148.11,170.24
shooter106,3,2,147.24,170.1
shooter106,3,3,147.92,169.49
shooter106,3,4,147.66,170.36
shooter106,3,5,146.77,169.49
shooter106,3,6,145.62,170.08
shooter106,3,7,146.6,169.31
shooter106,3,8,145.95,169.36
shooter106,3,9,144.62,168.35
shooter106,3,10,144.6,168.12
shooter106,3,11,142.83,167.35
shooter106,3,12,141.7,166.24
shooter106,3,13,140.93,166.01
shooter106,3,14,139.11,165.24
shooter106,3,15,139.07,163.16
shooter106,3,16,138.21,163.75
shooter106,3,17,135.96,162.05
shooter106,3,18,135.08,161.76
shooter106,3,19,134.81,160.03
shooter106,3,20,133.71,158.96
shooter106,3,21,132.84,158.04
shooter106,3,22,130.09,157.41
shooter106,3,23,129.98,156.21
shooter106,3,24,127.34,155.51
shooter106,3,25,125.95,155.44
shooter106,3,26,125.85,154.21
shooter106,3,27,123.99,154.46
shooter106,3,28,123.41,153.23
shooter106,3,29,121.12,151.03
shooter106,3,30,119.75,150.72
shooter106,3,31,119.21,149.92
shooter106,3,32,117.17,148.99
shooter106,3,33,116.36,148.5
shooter106,3,34,115.04,148.12
shooter106,3,35,114.31,147.38
shooter106,3,36,114.2,146.17
shooter106,3,37,111.98,146.27
shooter106,3,38,112.08,144.89
shooter106,3,39,111.22,145.48
shooter106,3,40,110.38,145.29
shooter106,3,41,109.59,143.57
shooter106,3,42,109.35,144.21
shooter106,3,43,109.2,144.0
shooter106,3,44,107.37,143.14
shooter106,3,45,108.3,142.88
shooter106,3,46,107.01,143.48
shooter106,3,47,107.14,142.88
shooter106,3,48,107.07,142.88
shooter106,3,49,107.01,143.77
shooter106,3,50,107.01,144.16
shooter106,3,51,107.98,144.53
shooter106,3,52,110.14,147.65
shooter106,3,53,114.25,147.73
shooter106,3,54,117.17,150.02
shooter106,3,55,122.86,152.26
shooter106,3,56,127.92,153.19
shooter106,3,57,131.96,156.54
shooter106,3,58,137.18,158.49
shooter106,3,59,143.22,160.28
shooter106,3,60,149.64,162.39
shooter106,3,61,153.93,165.16
shooter106,3,62,158.23,166.83
shooter106,3,63,164.36,166.79
shooter106,3,64,167.15,168.63
shooter106,3,65,169.87,169.99
shooter106,3,66,173.21,171.37
shooter106,3,67,174.24,171.37
shooter106,3,68,174.24,171.37
shooter106,3,69,173.72,171.37
shooter106,3,70,173.93,171.12
shooter106,3,71,173.26,170.89
shooter106,3,72,173.64,171.37
shooter106,3,73,173.01,171.03
shooter106,3,74,173.66,171.37
shooter106,3,75,173.79,171.09
shooter106,3,76,174.08,171.37
shooter106,3,77,173.68,171.37
shooter106,3,78,172.03,170.71
shooter106,3,79,172.15,171.15
shooter106,3,80,172.65,171.37
shooter106,3,81,171.96,170.35
shooter106,3,82,171.34,171.37
shooter106,3,83,172.68,171.09
shooter106,3,84,171.75,170.17
shooter106,3,85,171.03,171.37
shooter106,3,86,171.78,170.6
shooter106,3,87,161.19,170.03
shooter106,3,88,160.2,170.0
shooter106,3,89,158.76,171.11
shooter106,3,90,159.07,171.34
shooter106,3,91,159.44,170.15
shooter106,3,92,157.35,169.48
shooter106,3,93,158.12,169.44
shooter106,3,94,157.88,170.47
shooter106,3,95,157.45,169.83
shooter106,3,96,155.94,169.86
shooter106,3,97,157.05,169.6
shooter106,3,98,155.48,169.78
shooter106,3,99,154.54,170.05
shooter106,3,100,154.21,169.77
shooter106,3,101,154.56,168.93
shooter106,3,102,153.32,169.51
shooter106,3,103,154.4,169.37
shooter106,3,104,154.17,169.46
shooter106,3,105,152.07,168.51
shooter106,3,106,153.26,168.52
shooter106,3,107,153.2,169.2
shooter106,3,108,150.9,168.62
shooter106,3,109,151.89,169.26
shooter106,3,110,152.04,168.68
shooter106,3,111,151.23,168.31
shooter106,3,112,150.25,169.12
shooter106,3,113,150.61,168.53
shooter106,3,114,149.86,168.0
shooter106,3,115,148.62,169.25
shooter106,3,116,148.09,168.44
shooter106,3,117,148.27,169.36
shooter106,3,118,147.59,167.87
shooter106,3,119,147.1,169.2
shooter106,3,120,146.4,169.04
shooter106,3,121,147.33,167.58
shooter106,3,122,146.65,168.4
shooter106,3,123,145.5,168.62
shooter106,3,124,144.92,168.28
shooter106,3,125,144.3,168.05
shooter106,3,126,143.87,169.15
shooter106,3,127,144.49,168.65
shooter106,3,128,143.06,169.17
shooter106,3,129,144.36,168.93
shooter106,4,0,133.57,168.24
shooter106,4,1,134.16,166.94
shooter106,4,2,133.67,168.05
shooter106,4,3,134.11,166.63
shooter106,4,4,133.65,166.85
shooter106,4,5,133.03,167.11
shooter106,4,6,132.04,165.88
shooter106,4,7,132.0,165.03
shooter106,4,8,131.21,165.62
shooter106,4,9,131.25,164.32
shooter106,4,10,130.52,164.11
shooter106,4,11,129.37,162.8
shooter106,4,12,127.54,162.83
shooter106,4,13,125.96,162.38
shooter106,4,14,126.66,159.84
shooter106,4,15,125.67,160.27
shooter106,4,16,122.78,158.0
shooter106,4,17,122.68,157.3
shooter106,4,18,120.92,156.29
shooter106,4,19,119.09,154.89
shooter106,4,20,119.5,153.51
shooter106,4,21,118.06,153.77
shooter106,4,22,116.83,152.68
shooter106,4,23,113.83,151.95
shooter106,4,24,113.21,150.68
shooter106,4,25,112.7,148.55
shooter106,4,26,110.97,146.84
shooter106,4,27,109.21,145.49
shooter106,4,28,108.14,145.46
shooter106,4,29,105.97,145.08
shooter106,4,30,105.95,142.89
shooter106,4,31,105.32,141.78
shooter106,4,32,102.54,141.34
shooter106,4,33,101.84,141.37
shooter106,4,34,101.6,139.67
shooter106,4,35,100.8,139.45
shooter106,4,36,99.55,138.23
shooter106,4,37,98.18,137.41
shooter106,4,38,98.95,136.97
shooter106,4,39,97.37,137.13
shooter106,4,40,97.67,136.67
shooter106,4,41,97.09,135.68
shooter106,4,42,96.52,135.18
shooter106,4,43,96.61,135.18
shooter106,4,44,96.68,135.18
shooter106,4,45,96.24,135.18
shooter106,4,46,96.82,135.18
shooter106,4,47,97.98,136.39
shooter106,4,48,100.25,137.67
shooter106,4,49,103.5,138.91
shooter106,4,50,107.3,140.62
shooter106,4,51,111.82,143.19
shooter106,4,52,116.46,145.41
shooter106,4,53,123.01,146.49
shooter106,4,54,127.64,148.84
shooter106,4,55,135.15,151.53
shooter106,4,56,140.54,155.68
shooter106,4,57,145.2,156.69
shooter106,4,58,151.94,159.64
shooter106,4,59,156.44,162.3
shooter106,4,60,162.12,164.5
shooter106,4,61,166.02,166.2
shooter106,4,62,168.96,167.98
shooter106,4,63,170.69,168.57
shooter106,4,64,172.42,169.26
shooter106,4,65,172.42,169.26
shooter106,4,66,173.0,169.26
shooter106,4,67,171.41,169.26
shooter106,4,68,172.73,168.65
shooter106,4,69,172.08,169.26
shooter106,4,70,171.19,169.26
shooter106,4,71,172.42,169.26
shooter106,4,72,171.63,169.26
shooter106,4,73,171.9,168.64
shooter106,4,74,169.93,168.23
shooter106,4,75,170.86,168.03
shooter106,4,76,158.85,169.26
shooter106,4,77,157.05,169.06
shooter106,4,78,158.15,169.23
shooter106,4,79,157.52,168.81
shooter106,4,80,156.37,168.22
shooter106,4,81,156.8,167.08
shooter106,4,82,155.28,166.95
shooter106,4,83,156.27,167.38
shooter106,4,84,155.95,167.78
shooter106,4,85,154.79,166.4
shooter106,4,86,154.43,167.68
shooter106,4,87,153.82,167.01
shooter106,4,88,153.31,166.06
shooter106,4,89,153.97,167.0
shooter106,4,90,152.43,166.21
shooter106,4,91,152.23,166.26
shooter106,4,92,151.62,165.35
shooter106,4,93,151.93,165.14
shooter106,4,94,151.85,164.16
shooter106,4,95,150.15,165.0
shooter106,4,96,149.93,165.23
shooter106,4,97,149.23,165.43
shooter106,4,98,148.94,165.06
shooter106,4,99,149.03,163.24
shooter106,4,100,149.37,164.83
shooter106,4,101,148.5,162.96
shooter106,4,102,147.13,162.55
shooter106,4,103,147.87,163.78
shooter106,4,104,147.81,163.91
shooter106,4,105,146.61,163.82
shooter106,4,106,145.91,163.41
shooter106,4,107,146.55,162.01
shooter106,4,108,144.67,161.76
shooter106,4,109,145.85,161.42
shooter106,4,110,145.43,162.34
shooter106,4,111,145.2,162.03
shooter106,4,112,143.2,161.16
shooter106,4,113,142.84,161.77
shooter106,4,114,143.97,161.89
shooter106,4,115,142.77,162.12
shooter106,4,116,142.2,161.44
shooter106,4,117,142.17,161.19
shooter106,4,118,140.74,161.84
shooter106,4,119,141.51,161.85
shooter106,4,120,141.71,161.0
shooter106,4,121,140.77,160.5
shooter106,5,0,121.39,173.38
shooter106,5,1,120.64,173.81
shooter106,5,2,119.95,173.43
shooter106,5,3,119.81,172.23
shooter106,5,4,120.95,171.56
shooter106,5,5,119.63,170.83
shooter106,5,6,119.31,171.73
shooter106,5,7,116.82,169.44
shooter106,5,8,117.32,169.74
shooter106,5,9,115.67,168.32
shooter106,5,10,114.83,168.6
shooter106,5,11,112.93,166.57
shooter106,5,12,112.08,165.52
shooter106,5,13,109.45,165.07
shooter106,5,14,107.95,163.92
shooter106,5,15,107.88,161.85
shooter106,5,16,104.91,160.94
shooter106,5,17,103.03,159.25
shooter106,5,18,103.15,157.44
shooter106,5,19,100.17,155.3
shooter106,5,20,99.11,155.21
shooter106,5,21,97.94,153.76
shooter106,5,22,96.1,151.21
shooter106,5,23,93.08,150.06
shooter106,5,24,92.53,149.73
shooter106,5,25,90.97,147.27
shooter106,5,26,89.14,147.1
shooter106,5,27,88.57,145.96
shooter106,5,28,87.7,144.1
shooter106,5,29,84.87,142.86
shooter106,5,30,83.77,142.11
shooter106,5,31,83.96,141.19
shooter106,5,32,82.54,140.89
shooter106,5,33,82.48,140.45
shooter106,5,34,80.55,140.09
shooter106,5,35,80.16,137.96
shooter106,5,36,80.84,138.92
shooter106,5,37,81.22,137.96
shooter106,5,38,80.16,138.69
shooter106,5,39,81.28,137.96
shooter106,5,40,81.48,138.23
shooter106,5,41,82.65,138.74
shooter106,5,42,86.26,139.13
shooter106,5,43,89.1,141.57
shooter106,5,44,93.84,141.28
shooter106,5,45,97.49,143.05
shooter106,5,46,102.81,146.0
shooter106,5,47,107.57,147.87
shooter106,5,48,114.45,149.67
shooter106,5,49,120.47,152.15
shooter106,5,50,125.35,154.33
shooter106,5,51,131.36,158.26
shooter106,5,52,138.25,160.13
shooter106,5,53,142.19,161.89
shooter106,5,54,148.85,164.48
shooter106,5,55,153.3,167.64
shooter106,5,56,158.39,169.54
shooter106,5,57,161.13,169.61
shooter106,5,58,164.43,172.22
shooter106,5,59,167.12,172.37
shooter106,5,60,168.41,173.32
shooter106,5,61,169.87,174.58
shooter106,5,62,170.92,174.58
shooter106,5,63,170.33,173.74
shooter106,5,64,169.78,174.58
shooter106,5,65,170.21,174.58
shooter106,5,66,170.38,174.58
shooter106,5,67,170.57,174.58
shooter106,5,68,169.53,174.54
shooter106,5,69,170.88,174.58
shooter106,5,70,170.87,173.88
shooter106,5,71,169.55,174.46
shooter106,5,72,170.63,174.06
shooter106,5,73,169.67,174.58
shooter106,5,74,169.71,173.52
shooter106,5,75,170.65,174.18
shooter106,5,76,170.47,174.58
shooter106,5,77,169.35,173.85
shooter106,5,78,169.48,173.66
shooter106,5,79,156.49,173.66
shooter106,5,80,156.55,174.51
shooter106,5,81,156.48,173.6
shooter106,5,82,154.91,173.78
shooter106,5,83,156.16,174.01
shooter106,5,84,155.36,174.58
shooter106,5,85,153.71,174.38
shooter106,5,86,154.86,173.1
shooter106,5,87,154.21,174.43
shooter106,5,88,152.95,174.29
shooter106,5,89,152.96,174.02
shooter106,5,90,153.24,173.5
shooter106,5,91,153.06,172.53
shooter106,5,92,151.28,173.74
shooter106,5,93,151.62,173.29
shooter106,5,94,151.64,172.8
shooter106,5,95,151.5,172.12
shooter106,5,96,149.26,172.49
shooter106,5,97,149.73,173.17
shooter106,5,98,150.07,172.11
shooter106,5,99,147.93,173.12
shooter106,5,100,148.39,173.38
shooter106,5,101,148.29,172.3
shooter106,5,102,147.77,171.76
shooter106,5,103,147.79,171.8
shooter106,5,104,146.05,172.17
shooter106,5,105,147.09,173.01
shooter106,5,106,145.69,172.58
shooter106,5,107,146.37,172.98
shooter106,5,108,145.16,173.17
shooter106,5,109,144.01,171.52
shooter106,5,110,145.45,172.44
shooter106,5,111,144.68,171.92
shooter106,5,112,143.42,171.92
shooter106,5,113,142.86,171.52
shooter106,5,114,143.1,171.5
shooter106,5,115,143.49,172.11
shooter106,5,116,141.7,171.95
shooter106,5,117,142.62,171.3
shooter106,5,118,140.98,170.85
shooter106,5,119,141.33,171.73
shooter106,5,120,140.28,172.01
shooter106,5,121,139.29,171.61
shooter106,5,122,140.59,170.46
shooter106,5,123,138.65,170.99
shooter106,5,124,139.81,171.95
shooter106,5,125,137.73,171.85
shooter106,5,126,137.65,170.36
shooter106,5,127,138.56,171.26
shooter106,5,128,137.64,171.18
shooter106,5,129,136.3,171.59
shooter106,5,130,136.7,170.53
shooter106,5,131,135.48,171.51
shooter106,5,132,136.47,172.16
shooter106,5,133,134.42,171.01
shooter106,6,0,140.28,172.2
shooter106,6,1,141.84,171.73
shooter106,6,2,140.15,171.59
shooter106,6,3,139.58,170.82
shooter106,6,4,141.2,172.47
shooter106,6,5,139.84,170.42
shooter106,6,6,139.39,170.51
shooter106,6,7,138.68,171.43
shooter106,6,8,137.65,170.61
shooter106,6,9,137.54,169.8
shooter106,6,10,137.14,169.42
shooter106,6,11,136.69,167.69
shooter106,6,12,135.79,168.47
shooter106,6,13,135.82,166.66
shooter106,6,14,135.01,167.34
shooter106,6,15,132.91,165.12
shooter106,6,16,133.24,165.09
shooter106,6,17,132.06,164.09
shooter106,6,18,131.16,162.41
shooter106,6,19,129.66,161.95
shooter106,6,20,127.56,161.86
shooter106,6,21,126.45,159.78
shooter106,6,22,126.76,160.31
shooter106,6,23,124.82,158.0
shooter106,6,24,124.45,157.68
shooter106,6,25,122.97,156.67
shooter106,6,26,120.82,155.39
shooter106,6,27,120.03,154.76
shooter106,6,28,120.08,153.95
shooter106,6,29,117.08,152.73
shooter106,6,30,117.39,151.65
shooter106,6,31,116.86,150.8
shooter106,6,32,114.08,149.46
shooter106,6,33,113.42,147.9
shooter106,6,34,113.02,147.2
shooter106,6,35,112.7,147.25
shooter106,6,36,111.15,147.08
shooter106,6,37,109.44,144.5
shooter106,6,38,108.81,144.81
shooter106,6,39,108.59,143.53
shooter106,6,40,107.84,143.5
shooter106,6,41,107.04,143.28
shooter106,6,42,107.75,142.71
shooter106,6,43,105.66,142.19
shooter106,6,44,106.87,141.85
shooter106,6,45,106.74,140.05
shooter106,6,46,105.9,140.6
shooter106,6,47,105.71,139.83
shooter106,6,48,105.31,140.94
shooter106,6,49,105.31,140.51
shooter106,6,50,105.31,139.82
shooter106,6,51,105.57,139.82
shooter106,6,52,107.27,139.84
shooter106,6,53,107.49,141.19
shooter106,6,54,109.78,140.04
shooter106,6,55,112.62,141.73
shooter106,6,56,114.63,142.24
shooter106,6,57,116.71,144.01
shooter106,6,58,119.38,145.34
shooter106,6,59,123.1,146.0
shooter106,6,60,127.03,148.71
shooter106,6,61,130.53,149.05
shooter106,6,62,133.35,152.32
shooter106,6,63,138.01,152.99
shooter106,6,64,142.5,155.67
shooter106,6,65,145.37,157.12
shooter106,6,66,148.89,159.57
shooter106,6,67,152.6,160.77
shooter106,6,68,156.49,163.19
shooter106,6,69,159.81,163.8
shooter106,6,70,160.96,166.15
shooter106,6,71,163.98,168.53
shooter106,6,72,166.21,169.13
shooter106,6,73,169.61,170.36
shooter106,6,74,169.9,171.57
shooter106,6,75,172.99,171.96
shooter106,6,76,172.22,173.1
shooter106,6,77,173.98,172.79
shooter106,6,78,173.98,173.1
shooter106,6,79,173.73,173.1
shooter106,6,80,173.49,172.93
shooter106,6,81,173.91,172.81
shooter106,6,82,173.22,173.1
shooter106,6,83,172.88,173.1
shooter106,6,84,173.31,172.4
shooter106,6,85,173.51,172.49
shooter106,6,86,173.06,172.27
shooter106,6,87,172.76,173.1
shooter106,6,88,172.07,173.1
shooter106,6,89,160.78,172.25
shooter106,6,90,159.55,172.91
shooter106,6,91,160.04,173.1
shooter106,6,92,159.39,173.1
shooter106,6,93,157.68,172.04
shooter106,6,94,157.07,172.24
shooter106,6,95,158.06,172.27
shooter106,6,96,157.55,172.76
shooter106,6,97,156.98,171.72
shooter106,6,98,157.33,171.77
shooter106,6,99,156.07,172.88
shooter106,6,100,155.28,172.33
shooter106,6,101,155.31,171.49
shooter106,6,102,153.84,171.87
shooter106,6,103,154.54,171.28
shooter106,6,104,154.78,171.66
shooter106,6,105,152.59,171.65
shooter106,6,106,153.87,171.0
shooter106,6,107,153.38,170.81
shooter106,6,108,151.59,172.36
shooter106,6,109,152.67,172.29
shooter106,6,110,152.11,170.43
shooter106,6,111,151.16,171.62
shooter106,6,112,150.27,170.43
shooter106,6,113,149.96,171.77
shooter106,6,114,150.2,171.82
shooter106,6,115,149.07,171.2
shooter106,6,116,148.83,171.1
shooter106,6,117,149.64,170.53
shooter106,6,118,148.84,170.19
shooter106,6,119,148.45,170.6
shooter106,6,120,148.49,169.78
shooter106,6,121,146.19,170.77
shooter106,6,122,146.27,170.27
shooter106,6,123,146.7,169.6
shooter106,6,124,145.86,170.33
shooter106,6,125,144.81,170.66
shooter106,6,126,145.74,170.16
shooter106,6,127,143.87,169.96
shooter106,6,128,144.47,170.52
shooter106,6,129,144.1,168.76
shooter106,6,130,143.85,169.9
shooter106,6,131,142.81,169.41
shooter106,6,132,141.83,168.9
shooter106,6,133,143.16,170.4
shooter106,6,134,142.84,169.18
shooter106,6,135,141.54,168.98
shooter106,6,136,140.22,168.58
shooter106,6,137,140.94,170.18
shooter106,6,138,140.01,169.84
shooter106,6,139,139.34,168.21
shooter106,6,140,138.92,169.15
shooter106,6,141,138.54,168.27
shooter106,6,142,138.44,169.36
shooter106,6,143,137.94,168.85
shooter106,6,144,138.65,168.07
shooter106,6,145,137.57,168.92
shooter106,6,146,137.04,169.6
shooter106,6,147,136.07,168.43
shooter106,6,148,137.13,167.83
shooter106,6,149,135.09,169.59
shooter106,6,150,135.06,167.97
shooter106,6,151,135.42,168.62
shooter106,6,152,135.18,168.75
shooter106,6,153,134.98,168.13
shooter106,6,154,133.8,168.01
shooter106,7,0,129.22,166.62
shooter106,7,1,128.91,168.23
shooter106,7,2,129.04,169.15
shooter106,7,3,130.1,167.16
shooter106,7,4,129.56,168.25
shooter106,7,5,129.81,165.36
shooter106,7,6,128.88,168.37
shooter106,7,7,127.81,164.67
shooter106,7,8,128.22,165.96
shooter106,7,9,127.75,163.65
shooter106,7,10,126.74,161.54
shooter106,7,11,125.55,162.29
shooter106,7,12,125.3,160.82
shooter106,7,13,123.18,164.02
shooter106,7,14,123.75,159.32
shooter106,7,15,123.03,162.59
shooter106,7,16,121.4,158.68
shooter106,7,17,119.48,155.99
shooter106,7,18,118.36,155.91
shooter106,7,19,118.96,153.54
shooter106,7,20,117.74,156.29
shooter106,7,21,116.43,150.85
shooter106,7,22,115.76,154.19
shooter106,7,23,113.81,148.04
shooter106,7,24,113.51,148.37
shooter106,7,25,111.01,146.22
shooter106,7,26,110.02,148.32
shooter106,7,27,109.67,146.11
shooter106,7,28,108.32,147.53
shooter106,7,29,107.57,142.96
shooter106,7,30,107.38,139.91
shooter106,7,31,105.02,143.18
shooter106,7,32,105.52,141.06
shooter106,7,33,103.47,141.57
shooter106,7,34,104.27,138.23
shooter106,7,35,102.3,139.22
shooter106,7,36,102.76,134.99
shooter106,7,37,101.93,139.19
shooter106,7,38,101.04,133.53
shooter106,7,39,100.4,136.82
shooter106,7,40,99.92,132.55
shooter106,7,41,99.97,135.47
shooter106,7,42,99.92,135.51
shooter106,7,43,99.92,135.25
shooter106,7,44,99.92,132.57
shooter106,7,45,99.92,132.36
shooter106,7,46,100.26,134.4
shooter106,7,47,101.59,132.36
shooter106,7,48,103.36,133.23
shooter106,7,49,105.39,132.36
shooter106,7,50,107.99,133.33
shooter106,7,51,110.49,133.85
shooter106,7,52,113.25,136.87
shooter106,7,53,116.32,135.52
shooter106,7,54,119.55,138.46
shooter106,7,55,124.11,142.99
shooter106,7,56,127.16,143.2
shooter106,7,57,132.14,147.45
shooter106,7,58,135.59,145.7
shooter106,7,59,139.66,149.24
shooter106,7,60,143.34,151.91
shooter106,7,61,148.0,153.61
shooter106,7,62,150.67,157.55
shooter106,7,63,154.16,156.48
shooter106,7,64,158.34,160.73
shooter106,7,65,160.73,160.31
shooter106,7,66,163.07,164.94
shooter106,7,67,165.0,167.62
shooter106,7,68,166.89,163.99
shooter106,7,69,169.53,167.6
shooter106,7,70,169.59,168.53
shooter106,7,71,169.71,169.15
shooter106,7,72,170.92,169.15
shooter106,7,73,171.7,168.58
shooter106,7,74,170.69,169.15
shooter106,7,75,170.37,169.15
shooter106,7,76,171.05,169.15
shooter106,7,77,169.74,168.27
shooter106,7,78,170.45,169.15
shooter106,7,79,170.13,166.48
shooter106,7,80,169.46,166.53
shooter106,7,81,169.88,169.11
shooter106,7,82,170.09,168.71
shooter106,7,83,168.38,169.15
shooter106,7,84,167.84,167.15
shooter106,7,85,169.27,167.07
shooter106,7,86,168.26,169.15
shooter106,7,87,168.37,167.32
shooter106,7,88,167.55,169.15
shooter106,7,89,157.6,169.15
shooter106,7,90,156.96,165.83
shooter106,7,91,157.03,169.15
shooter106,7,92,155.67,169.15
shooter106,7,93,156.27,169.15
shooter106,7,94,154.94,165.0
shooter106,7,95,154.76,168.09
shooter106,7,96,154.47,169.15
shooter106,7,97,153.7,168.23
shooter106,7,98,153.45,166.27
shooter106,7,99,152.37,165.58
shooter106,7,100,152.24,168.4
shooter106,7,101,152.52,168.81
shooter106,7,102,150.8,169.15
shooter106,7,103,151.72,169.15
shooter106,7,104,150.53,165.85
shooter106,7,105,150.06,167.32
shooter106,7,106,150.51,164.18
shooter106,7,107,149.15,164.01
shooter106,7,108,150.24,163.75
shooter106,7,109,149.9,168.76
shooter106,7,110,148.44,163.98
shooter106,7,111,147.92,165.84
shooter106,7,112,146.88,165.41
shooter106,7,113,147.88,164.64
shooter106,7,114,146.25,165.8
shooter106,7,115,147.39,162.46
shooter106,7,116,147.1,164.61
shooter106,7,117,144.96,165.08
shooter106,7,118,145.69,166.91
shooter106,7,119,144.85,166.18
shooter106,7,120,144.6,166.96
shooter106,7,121,143.48,164.01
shooter106,7,122,144.17,162.49
shooter106,7,123,142.65,163.94
shooter106,7,124,143.69,167.21
shooter106,7,125,142.43,162.62
shooter106,7,126,142.39,162.29
shooter106,7,127,142.56,166.81
shooter106,7,128,141.8,166.76
shooter106,7,129,141.0,161.87
shooter106,7,130,140.33,165.51
shooter106,7,131,140.04,163.39
shooter106,7,132,139.4,163.69
shooter106,7,133,140.21,163.67
shooter106,7,134,138.43,166.42
shooter106,7,135,138.34,161.66
shooter106,7,136,138.68,165.14
shooter106,7,137,137.45,160.48
shooter106,7,138,138.09,164.17
shooter106,7,139,136.41,164.28
shooter106,7,140,135.58,164.85
shooter106,7,141,136.38,165.86
shooter106,7,142,135.74,164.8
shooter106,7,143,136.19,164.65
shooter106,7,144,134.77,161.77
shooter106,7,145,133.79,166.19
shooter106,7,146,133.78,163.04
shooter106,8,0,164.64,169.39
shooter106,8,1,165.63,169.19
shooter106,8,2,164.86,167.58
shooter106,8,3,164.78,169.07
shooter106,8,4,163.61,167.83
shooter106,8,5,162.99,168.1
shooter106,8,6,161.62,167.62
shooter106,8,7,162.54,165.96
shooter106,8,8,160.09,166.01
shooter106,8,9,159.55,166.13
shooter106,8,10,157.61,164.04
shooter106,8,11,157.4,164.12
shooter106,8,12,155.53,163.73
shooter106,8,13,154.84,161.61
shooter106,8,14,152.84,160.7
shooter106,8,15,150.47,159.84
shooter106,8,16,148.6,159.53
shooter106,8,17,147.33,157.74
shooter106,8,18,146.65,156.78
shooter106,8,19,145.13,155.2
shooter106,8,20,142.42,155.68
shooter106,8,21,141.08,154.44
shooter106,8,22,138.76,152.83
shooter106,8,23,138.34,152.56
shooter106,8,24,136.84,151.05
shooter106,8,25,134.78,150.67
shooter106,8,26,131.88,148.2
shooter106,8,27,131.06,147.5
shooter106,8,28,130.72,148.06
shooter106,8,29,127.83,146.43
shooter106,8,30,127.44,145.7
shooter106,8,31,126.8,145.91
shooter106,8,32,125.39,145.19
shooter106,8,33,124.1,144.22
shooter106,8,34,123.04,144.02
shooter106,8,35,123.16,143.82
shooter106,8,36,121.49,143.82
shooter106,8,37,122.03,143.82
shooter106,8,38,120.75,144.03
shooter106,8,39,121.2,144.92
shooter106,8,40,120.62,144.84
shooter106,8,41,121.1,145.67
shooter106,8,42,121.73,147.33
shooter106,8,43,123.04,147.66
shooter106,8,44,127.04,149.61
shooter106,8,45,129.74,150.91
shooter106,8,46,132.61,153.55
shooter106,8,47,137.83,154.3
shooter106,8,48,142.21,156.84
shooter106,8,49,146.62,159.0
shooter106,8,50,150.59,161.3
shooter106,8,51,155.82,162.84
shooter106,8,52,159.92,164.92
shooter106,8,53,162.37,165.89
shooter106,8,54,167.71,166.55
shooter106,8,55,169.92,167.44
shooter106,8,56,173.15,167.99
shooter106,8,57,174.65,169.08
shooter106,8,58,175.54,169.2
shooter106,8,59,175.62,170.06
shooter106,8,60,174.57,170.06
shooter106,8,61,174.97,170.06
shooter106,8,62,175.68,169.66
shooter106,8,63,175.93,170.02
shooter106,8,64,174.11,169.4
shooter106,8,65,174.41,169.94
shooter106,8,66,175.24,169.91
shooter106,8,67,174.36,169.44
shooter106,8,68,173.97,169.29
shooter106,8,69,173.74,170.06
shooter106,8,70,174.75,169.71
shooter106,8,71,174.56,169.68
shooter106,8,72,162.34,168.49
shooter106,8,73,160.85,168.74
shooter106,8,74,160.09,169.0
shooter106,8,75,161.02,170.06
shooter106,8,76,161.0,168.42
shooter106,8,77,159.34,168.56
shooter106,8,78,159.95,169.82
shooter106,8,79,159.35,168.68
shooter106,8,80,159.24,168.23
shooter106,8,81,157.87,168.73
shooter106,8,82,156.82,168.31
shooter106,8,83,156.46,169.1
shooter106,8,84,157.35,167.2
shooter106,8,85,157.15,168.47
shooter106,8,86,155.93,167.3
shooter106,8,87,154.74,168.2
shooter106,8,88,154.35,168.13
shooter106,8,89,155.02,167.98
shooter106,8,90,155.26,167.85
shooter106,8,91,153.82,167.4
shooter106,8,92,153.92,166.09
shooter106,8,93,153.3,165.74
shooter106,8,94,153.6,166.16
shooter106,8,95,153.08,166.31
shooter106,8,96,151.42,165.76
shooter106,8,97,151.98,166.48
shooter106,8,98,151.92,166.28
shooter106,8,99,151.68,166.62
shooter106,8,100,150.6,165.31
shooter106,8,101,149.37,165.93
shooter106,8,102,149.74,165.69
shooter106,8,103,149.55,166.03
shooter106,8,104,148.36,165.45
shooter106,8,105,149.37,164.32
shooter106,8,106,147.48,163.64
shooter106,8,107,148.44,165.41
shooter106,8,108,147.07,164.77
shooter106,8,109,145.82,164.83
shooter106,8,110,146.51,164.66
shooter106,8,111,146.28,164.42
shooter106,8,112,146.36,164.34
shooter106,8,113,145.3,164.58
shooter106,8,114,144.01,164.44
shooter106,8,115,145.27,163.27
shooter106,8,116,144.15,162.48
shooter106,8,117,143.16,162.4
shooter106,8,118,144.02,163.13
shooter106,8,119,142.06,163.83
shooter106,8,120,141.61,163.78
shooter106,8,121,142.09,162.83
shooter106,8,122,141.87,162.56
shooter106,8,123,141.24,162.92
shooter106,8,124,141.68,163.53
shooter106,8,125,139.95,163.1
shooter106,8,126,141.0,162.07
shooter106,8,127,138.66,162.49
shooter106,8,128,138.46,162.86
shooter106,8,129,138.19,162.81
shooter106,8,130,137.58,163.39
shooter106,9,0,106.77,160.95
shooter106,9,1,110.39,161.73
shooter106,9,2,106.94,158.84
shooter106,9,3,106.95,161.0
shooter106,9,4,110.71,161.26
shooter106,9,5,110.38,157.27
shooter106,9,6,108.85,158.17
shooter106,9,7,105.45,158.27
shooter106,9,8,106.35,160.03
shooter106,9,9,105.03,158.27
shooter106,9,10,107.14,157.0
shooter106,9,11,107.25,155.61
shooter106,9,12,102.83,153.06
shooter106,9,13,106.74,152.46
shooter106,9,14,103.47,153.05
shooter106,9,15,104.76,151.53
shooter106,9,16,99.57,150.75
shooter106,9,17,100.67,152.82
shooter106,9,18,97.81,151.98
shooter106,9,19,101.23,147.74
shooter106,9,20,96.58,150.14
shooter106,9,21,97.29,146.55
shooter106,9,22,99.11,147.03
shooter106,9,23,98.06,149.8
shooter106,9,24,96.55,146.08
shooter106,9,25,96.01,142.25
shooter106,9,26,94.9,143.24
shooter106,9,27,93.99,144.31
shooter106,9,28,91.41,140.77
shooter106,9,29,88.66,144.38
shooter106,9,30,90.34,140.34
shooter106,9,31,87.18,137.15
shooter106,9,32,88.96,139.53
shooter106,9,33,88.2,139.64
shooter106,9,34,85.79,137.67
shooter106,9,35,88.76,139.89
shooter106,9,36,87.66,139.17
shooter106,9,37,86.2,134.27
shooter106,9,38,87.86,134.27
shooter106,9,39,83.52,134.27
shooter106,9,40,82.92,135.71
shooter106,9,41,82.59,135.38
shooter106,9,42,83.86,134.27
shooter106,9,43,82.59,137.1
shooter106,9,44,85.25,134.27
shooter106,9,45,82.59,134.27
shooter106,9,46,82.65,136.42
shooter106,9,47,82.8,134.27
shooter106,9,48,82.59,134.27
shooter106,9,49,84.74,135.02
shooter106,9,50,86.58,140.57
shooter106,9,51,90.46,138.71
shooter106,9,52,94.24,143.37
shooter106,9,53,99.16,143.12
shooter106,9,54,105.82,145.02
shooter106,9,55,114.86,149.79
shooter106,9,56,120.74,149.13
shooter106,9,57,129.28,153.05
shooter106,9,58,135.81,153.15
shooter106,9,59,146.83,153.12
shooter106,9,60,150.65,154.58
shooter106,9,61,162.85,157.06
shooter106,9,62,163.57,161.46
shooter106,9,63,169.71,160.43
shooter106,9,64,172.31,161.69
shooter106,9,65,174.75,160.04
shooter106,9,66,176.72,162.59
shooter106,9,67,178.02,162.59
shooter106,9,68,174.77,162.59
shooter106,9,69,175.29,162.59
shooter106,9,70,174.3,159.65
shooter106,9,71,175.68,159.62
shooter106,9,72,179.33,162.5
shooter106,9,73,175.96,161.07
shooter106,9,74,178.34,162.59
shooter106,9,75,176.44,162.59
shooter106,9,76,176.36,159.97
shooter106,9,77,178.6,162.59
shooter106,9,78,173.81,159.44
shooter106,9,79,178.83,162.59
shooter106,9,80,176.55,161.45
shooter106,9,81,175.74,162.59
shooter106,9,82,179.07,159.6
shooter106,9,83,161.76,162.59
shooter106,9,84,165.19,162.59
shooter106,9,85,164.54,161.91
shooter106,9,86,160.13,161.77
shooter106,9,87,160.16,162.44
shooter106,9,88,162.59,162.02
shooter106,9,89,158.49,161.72
shooter106,9,90,161.31,161.9
shooter106,9,91,157.29,162.59
shooter106,9,92,157.35,161.85
shooter106,9,93,158.72,159.27
shooter106,9,94,159.8,162.59
shooter106,9,95,159.36,159.2
shooter106,9,96,158.17,158.8
shooter106,9,97,155.75,162.59
shooter106,9,98,156.21,158.89
shooter106,9,99,154.8,158.11
shooter106,9,100,154.58,160.79
shooter106,9,101,154.46,162.28
shooter106,9,102,155.71,157.59
shooter106,9,103,152.97,160.07
shooter106,9,104,151.58,157.45
shooter106,9,105,155.07,159.52
shooter106,9,106,150.65,158.92
shooter106,9,107,155.94,157.59
shooter106,9,108,151.82,162.26
shooter106,9,109,149.36,160.4
shooter106,9,110,154.23,161.57
shooter106,9,111,152.12,161.87
shooter106,9,112,153.02,161.94
shooter106,9,113,150.33,160.77
shooter106,9,114,149.45,158.05
shooter106,9,115,150.85,161.12
shooter106,9,116,148.96,159.2
shooter106,9,117,149.46,157.65
shooter106,9,118,147.39,158.28
shooter106,9,119,147.32,157.72
shooter106,9,120,145.41,158.66
shooter106,9,121,149.21,160.51
shooter106,9,122,146.21,158.69
shooter106,9,123,149.57,157.36
shooter106,9,124,144.88,156.24
shooter106,9,125,145.77,160.83
shooter106,9,126,144.35,158.17
shooter106,9,127,146.28,158.31
shooter106,9,128,146.57,160.22
shooter106,9,129,144.24,160.73
shooter106,9,130,143.12,158.7
shooter106,10,0,124.23,167.72
shooter106,10,1,125.23,167.72
shooter106,10,2,123.77,166.89
shooter106,10,3,124.22,167.72
shooter106,10,4,123.05,166.03
shooter106,10,5,122.89,166.79
shooter106,10,6,123.58,165.95
shooter106,10,7,121.19,165.28
shooter106,10,8,122.3,164.87
shooter106,10,9,120.34,163.76
shooter106,10,10,120.21,162.93
shooter106,10,11,118.06,163.35
shooter106,10,12,118.15,161.32
shooter106,10,13,117.61,161.42
shooter106,10,14,115.77,160.39
shooter106,10,15,114.2,158.02
shooter106,10,16,113.83,158.67
shooter106,10,17,112.39,157.4
shooter106,10,18,109.89,156.31
shooter106,10,19,109.65,155.22
shooter106,10,20,108.29,153.64
shooter106,10,21,107.09,153.33
shooter106,10,22,104.84,150.57
shooter106,10,23,103.64,149.24
shooter106,10,24,103.38,149.4
shooter106,10,25,101.25,147.5
shooter106,10,26,99.79,147.07
shooter106,10,27,99.43,145.63
shooter106,10,28,96.64,144.54
shooter106,10,29,95.75,144.73
shooter106,10,30,95.29,142.35
shooter106,10,31,94.06,141.63
shooter106,10,32,93.49,141.83
shooter106,10,33,91.86,141.38
shooter106,10,34,90.24,140.86
shooter106,10,35,89.54,139.12
shooter106,10,36,88.14,139.96
shooter106,10,37,89.1,139.03
shooter106,10,38,86.89,139.16
shooter106,10,39,87.2,138.12
shooter106,10,40,86.48,138.12
shooter106,10,41,85.89,138.12
shooter106,10,42,85.89,138.38
shooter106,10,43,86.21,138.12
shooter106,10,44,85.89,139.16
shooter106,10,45,87.21,140.15
shooter106,10,46,88.24,140.46
shooter106,10,47,88.47,141.84
shooter106,10,48,92.62,142.69
shooter106,10,49,94.78,145.25
shooter106,10,50,98.1,146.24
shooter106,10,51,102.94,147.77
shooter106,10,52,108.74,150.27
shooter106,10,53,113.61,151.47
shooter106,10,54,118.17,152.48
shooter106,10,55,124.7,154.99
shooter106,10,56,130.3,157.39
shooter106,10,57,135.94,157.22
shooter106,10,58,140.95,160.05
shooter106,10,59,146.66,160.64
shooter106,10,60,151.11,163.37
shooter106,10,61,154.44,164.28
shooter106,10,62,159.64,165.97
shooter106,10,63,161.91,166.36
shooter106,10,64,165.26,165.79
shooter106,10,65,167.08,167.31
shooter106,10,66,167.55,167.72
shooter106,10,67,168.26,167.72
shooter106,10,68,168.5,166.88
shooter106,10,69,168.66,167.72
shooter106,10,70,168.49,167.69
shooter106,10,71,167.92,166.76
shooter106,10,72,166.97,167.19
shooter106,10,73,167.0,167.24
shooter106,10,74,167.72,167.72
shooter106,10,75,166.89,167.43
shooter106,10,76,167.38,167.4
shooter106,10,77,166.39,167.72
shooter106,10,78,165.63,166.84
shooter106,10,79,166.68,167.55
shooter106,10,80,166.52,166.85
shooter106,10,81,166.42,166.86
shooter106,10,82,165.56,167.04
shooter106,10,83,166.49,167.22
shooter106,10,84,154.23,167.61
shooter106,10,85,154.38,166.14
shooter106,10,86,153.68,165.69
shooter106,10,87,152.89,166.22
shooter106,10,88,153.02,166.33
shooter106,10,89,152.41,165.56
shooter106,10,90,151.88,166.75
shooter106,10,91,151.76,166.44
shooter106,10,92,150.23,165.69
shooter106,10,93,151.48,165.46
shooter106,10,94,149.93,164.5
shooter106,10,95,149.31,165.34
shooter106,10,96,150.0,165.31
shooter106,10,97,148.52,165.76
shooter106,10,98,149.65,164.83
shooter106,10,99,148.1,163.99
shooter106,10,100,147.45,163.89
shooter106,10,101,146.58,163.7
shooter106,10,102,146.14,165.12
shooter106,10,103,145.85,164.68
shooter106,10,104,145.27,164.6
shooter106,10,105,145.51,164.49
shooter106,10,106,145.08,162.86
shooter106,10,107,144.92,163.94
shooter106,10,108,144.13,163.81
shooter106,10,109,143.39,162.72
shooter106,10,110,143.0,163.13
shooter106,10,111,142.82,163.35
shooter106,10,112,142.69,163.7
shooter106,10,113,141.96,162.01
shooter106,10,114,141.99,163.47
shooter106,10,115,142.7,163.42
shooter106,10,116,140.98,163.33
shooter106,10,117,140.4,161.4
shooter106,10,118,140.99,161.75
shooter106,10,119,140.24,162.61
shooter106,10,120,138.95,161.79
shooter106,10,121,140.04,161.2
shooter106,10,122,139.49,162.55
shooter106,10,123,139.61,161.02
shooter106,10,124,139.14,161.81
shooter106,10,125,138.03,162.77
shooter106,10,126,137.83,161.73
shooter106,10,127,136.88,162.64
shooter106,10,128,137.44,161.62
shooter106,10,129,136.37,161.48
shooter106,10,130,135.51,161.0
shooter107,1,0,103.77,177.98
shooter107,1,1,105.15,177.04
shooter107,1,2,104.08,177.8
shooter107,1,3,104.02,177.5
shooter107,1,4,103.79,175.37
shooter107,1,5,102.61,175.59
shooter107,1,6,103.29,174.89
shooter107,1,7,102.12,172.31
shooter107,1,8,101.63,172.49
shooter107,1,9,99.87,169.97
shooter107,1,10,98.74,168.92
shooter107,1,11,97.22,167.42
shooter107,1,12,96.65,165.65
shooter107,1,13,95.5,162.79
shooter107,1,14,93.86,160.9
shooter107,1,15,91.99,157.78
shooter107,1,16,90.89,155.59
shooter107,1,17,89.02,154.4
shooter107,1,18,88.26,151.15
shooter107,1,19,87.44,149.66
shooter107,1,20,86.86,145.78
shooter107,1,21,84.02,143.8
shooter107,1,22,82.52,141.43
shooter107,1,23,81.82,139.94
shooter107,1,24,80.41,136.9
shooter107,1,25,80.44,135.38
shooter107,1,26,78.1,134.72
shooter107,1,27,79.18,132.52
shooter107,1,28,78.16,130.76
shooter107,1,29,76.77,127.95
shooter107,1,30,77.08,127.02
shooter107,1,31,76.06,126.42
shooter107,1,32,76.48,124.05
shooter107,1,33,75.24,124.0
shooter107,1,34,75.24,124.3
shooter107,1,35,75.24,122.55
shooter107,1,36,76.03,123.46
shooter107,1,37,78.54,122.55
shooter107,1,38,79.27,122.55
shooter107,1,39,81.3,122.76
shooter107,1,40,83.82,125.24
shooter107,1,41,87.24,125.98
shooter107,1,42,91.3,128.04
shooter107,1,43,95.43,129.36
shooter107,1,44,99.98,132.78
shooter107,1,45,105.08,134.88
shooter107,1,46,108.24,137.82
shooter107,1,47,114.79,141.23
shooter107,1,48,119.26,144.52
shooter107,1,49,124.64,147.68
shooter107,1,50,129.63,149.95
shooter107,1,51,134.83,154.84
shooter107,1,52,137.97,156.97
shooter107,1,53,143.48,161.69
shooter107,1,54,148.46,163.57
shooter107,1,55,152.08,165.95
shooter107,1,56,154.48,169.02
shooter107,1,57,158.76,171.94
shooter107,1,58,161.95,173.67
shooter107,1,59,163.25,176.3
shooter107,1,60,165.83,177.4
shooter107,1,61,167.59,177.48
shooter107,1,62,167.77,178.74
shooter107,1,63,167.99,178.87
shooter107,1,64,167.86,178.87
shooter107,1,65,167.72,178.64
shooter107,1,66,167.12,178.87
shooter107,1,67,167.45,177.87
shooter107,1,68,166.73,178.87
shooter107,1,69,167.39,178.87
shooter107,1,70,167.0,178.49
shooter107,1,71,154.6,177.6
shooter107,1,72,153.64,178.87
shooter107,1,73,152.58,178.1
shooter107,1,74,153.24,177.63
shooter107,1,75,151.53,177.54
shooter107,1,76,152.03,178.65
shooter107,1,77,150.7,177.37
shooter107,1,78,151.25,177.84
shooter107,1,79,151.16,178.69
shooter107,1,80,150.23,178.13
shooter107,1,81,149.82,177.57
shooter107,1,82,148.84,177.38
shooter107,1,83,148.79,176.51
shooter107,1,84,148.68,176.91
shooter107,1,85,149.12,176.15
shooter107,1,86,148.79,175.86
shooter107,1,87,148.5,175.75
shooter107,1,88,146.39,176.58
shooter107,1,89,146.38,175.58
shooter107,1,90,146.32,175.32
shooter107,1,91,146.27,176.58
shooter107,1,92,146.0,174.91
shooter107,1,93,145.76,175.91
shooter107,1,94,144.78,175.15
shooter107,1,95,144.5,175.3
shooter107,1,96,144.91,174.02
shooter107,1,97,143.07,173.8
shooter107,1,98,143.8,175.27
shooter107,1,99,143.21,174.42
shooter107,1,100,141.67,173.45
shooter107,1,101,142.84,173.83
shooter107,1,102,142.3,174.0
shooter107,1,103,141.75,173.11
shooter107,1,104,140.04,173.79
shooter107,1,105,139.67,173.61
shooter107,1,106,140.36,173.62
shooter107,1,107,138.8,173.91
shooter107,1,108,138.42,172.99
shooter107,1,109,138.59,173.83
shooter107,1,110,137.4,172.89
shooter107,1,111,138.43,172.76
shooter107,1,112,137.67,173.06
shooter107,1,113,136.35,172.9
shooter107,1,114,136.88,171.61
shooter107,1,115,135.5,173.49
shooter107,1,116,135.13,173.35
shooter107,1,117,135.56,171.97
shooter107,1,118,135.19,172.49
shooter107,1,119,134.47,172.88
shooter107,1,120,134.63,173.15
shooter107,1,121,133.76,172.47
shooter107,1,122,133.76,171.33
shooter107,2,0,106.46,170.34
shooter107,2,1,106.81,170.37
shooter107,2,2,106.39,171.38
shooter107,2,3,106.81,169.76
shooter107,2,4,105.86,170.3
shooter107,2,5,104.65,168.7
shooter107,2,6,104.4,169.31
shooter107,2,7,103.49,167.53
shooter107,2,8,104.52,167.46
shooter107,2,9,103.49,166.49
shooter107,2,10,102.94,164.77
shooter107,2,11,102.03,164.26
shooter107,2,12,101.38,163.87
shooter107,2,13,100.79,162.23
shooter107,2,14,99.15,161.55
shooter107,2,15,97.34,159.77
shooter107,2,16,95.99,158.06
shooter107,2,17,95.89,156.43
shooter107,2,18,95.15,155.67
shooter107,2,19,93.62,153.3
shooter107,2,20,91.98,151.49
shooter107,2,21,91.68,150.77
shooter107,2,22,90.01,149.39
shooter107,2,23,88.58,146.87
shooter107,2,24,88.59,144.61
shooter107,2,25,86.98,143.98
shooter107,2,26,85.35,142.7
shooter107,2,27,84.43,140.46
shooter107,2,28,83.95,139.74
shooter107,2,29,82.72,137.88
shooter107,2,30,81.33,136.05
shooter107,2,31,81.42,135.4
shooter107,2,32,80.82,133.68
shooter107,2,33,78.76,133.31
shooter107,2,34,79.22,130.65
shooter107,2,35,78.76,131.29
shooter107,2,36,77.81,129.35
shooter107,2,37,77.44,129.85
shooter107,2,38,77.1,128.73
shooter107,2,39,77.14,127.09
shooter107,2,40,77.75,128.06
shooter107,2,41,77.08,126.71
shooter107,2,42,78.24,126.47
shooter107,2,43,77.53,127.08
shooter107,2,44,79.04,126.2
shooter107,2,45,79.93,126.72
shooter107,2,46,81.88,127.67
shooter107,2,47,83.96,127.01
shooter107,2,48,85.33,127.69
shooter107,2,49,87.69,128.4
shooter107,2,50,91.23,130.38
shooter107,2,51,94.09,132.44
shooter107,2,52,97.29,133.58
shooter107,2,53,98.86,136.04
shooter107,2,54,101.95,137.04
shooter107,2,55,106.33,139.84
shooter107,2,56,110.51,142.92
shooter107,2,57,112.83,144.01
shooter107,2,58,117.09,147.66
shooter107,2,59,121.15,150.21
shooter107,2,60,124.0,152.27
shooter107,2,61,128.55,155.33
shooter107,2,62,130.94,157.84
shooter107,2,63,135.41,158.3
shooter107,2,64,137.51,161.78
shooter107,2,65,140.88,162.96
shooter107,2,66,143.42,165.21
shooter107,2,67,145.32,167.38
shooter107,2,68,147.73,169.1
shooter107,2,69,150.37,170.69
shooter107,2,70,151.29,171.54
shooter107,2,71,151.5,172.57
shooter107,2,72,153.68,172.85
shooter107,2,73,153.14,172.27
shooter107,2,74,153.95,173.16
shooter107,2,75,153.63,173.16
shooter107,2,76,153.41,173.16
shooter107,2,77,152.24,172.35
shooter107,2,78,152.47,172.97
shooter107,2,79,151.76,172.6
shooter107,2,80,152.24,173.16
shooter107,2,81,152.39,172.8
shooter107,2,82,152.2,172.37
shooter107,2,83,150.76,171.93
shooter107,2,84,150.61,172.51
shooter107,2,85,140.27,172.84
shooter107,2,86,139.61,173.16
shooter107,2,87,139.82,172.12
shooter107,2,88,138.16,172.62
shooter107,2,89,137.59,172.65
shooter107,2,90,137.67,172.73
shooter107,2,91,137.82,171.99
shooter107,2,92,137.12,171.44
shooter107,2,93,135.95,172.99
shooter107,2,94,135.49,172.95
shooter107,2,95,136.31,171.81
shooter107,2,96,135.14,171.98
shooter107,2,97,135.49,170.77
shooter107,2,98,134.34,170.68
shooter107,2,99,133.98,170.62
shooter107,2,100,133.37,171.82
shooter107,2,101,134.52,170.67
shooter107,2,102,132.18,170.46
shooter107,2,103,132.0,169.97
shooter107,2,104,133.02,169.87
shooter107,2,105,131.23,170.5
shooter107,2,106,131.11,170.64
shooter107,2,107,130.68,170.57
shooter107,2,108,131.14,170.19
shooter107,2,109,130.17,170.06
shooter107,2,110,130.63,170.5
shooter107,2,111,130.04,169.44
shooter107,2,112,129.21,169.19
shooter107,2,113,128.25,170.29
shooter107,2,114,128.93,169.82
shooter107,2,115,128.68,169.25
shooter107,2,116,128.22,168.71
shooter107,2,117,126.25,168.3
shooter107,2,118,127.15,167.97
shooter107,2,119,126.76,169.46
shooter107,2,120,126.84,168.81
shooter107,2,121,125.08,167.59
shooter107,2,122,125.72,167.69
shooter107,2,123,125.13,167.81
shooter107,2,124,125.11,167.65
shooter107,2,125,124.34,168.11
shooter107,2,126,124.25,167.69
shooter107,2,127,122.87,168.55
shooter107,2,128,122.07,168.12
shooter107,2,129,122.08,168.39
shooter107,2,130,122.58,168.2
shooter107,2,131,120.81,168.22
shooter107,2,132,121.43,168.25
shooter107,2,133,121.73,166.83
shooter107,2,134,121.14,166.54
shooter107,2,135,120.29,166.38
shooter107,2,136,120.14,167.23
shooter107,2,137,118.38,167.27
shooter107,2,138,118.75,166.03
shooter107,2,139,118.41,167.44
shooter107,2,140,118.52,167.31
shooter107,2,141,117.12,166.96
shooter107,2,142,116.36,166.53
shooter107,2,143,117.15,165.94
shooter107,2,144,116.34,166.61
shooter107,2,145,116.63,165.9
shooter107,2,146,115.51,166.78
shooter107,2,147,115.84,166.18
shooter107,2,148,114.77,166.05
shooter107,3,0,118.9,172.05
shooter107,3,1,119.6,172.87
shooter107,3,2,118.21,172.71
shooter107,3,3,119.27,171.67
shooter107,3,4,119.26,171.46
shooter107,3,5,118.7,171.77
shooter107,3,6,117.99,170.5
shooter107,3,7,117.26,169.09
shooter107,3,8,116.36,168.62
shooter107,3,9,115.4,169.0
shooter107,3,10,115.56,167.7
shooter107,3,11,114.28,166.25
shooter107,3,12,112.94,164.6
shooter107,3,13,112.66,163.84
shooter107,3,14,110.17,163.18
shooter107,3,15,110.6,160.41
shooter107,3,16,109.47,160.81
shooter107,3,17,107.14,159.07
shooter107,3,18,105.55,156.46
shooter107,3,19,105.67,155.99
shooter107,3,20,103.39,154.0
shooter107,3,21,103.71,152.33
shooter107,3,22,100.45,149.62
shooter107,3,23,99.59,149.47
shooter107,3,24,97.93,146.86
shooter107,3,25,98.12,145.87
shooter107,3,26,96.44,143.18
shooter107,3,27,95.72,141.51
shooter107,3,28,94.72,141.16
shooter107,3,29,92.81,138.58
shooter107,3,30,90.88,136.1
shooter107,3,31,89.48,136.08
shooter107,3,32,89.94,133.34
shooter107,3,33,87.67,133.16
shooter107,3,34,87.99,131.82
shooter107,3,35,87.05,128.77
shooter107,3,36,85.69,128.5
shooter107,3,37,84.87,128.08
shooter107,3,38,84.85,126.84
shooter107,3,39,83.83,124.97
shooter107,3,40,83.12,124.31
shooter107,3,41,82.16,123.28
shooter107,3,42,81.86,121.7
shooter107,3,43,81.36,121.91
shooter107,3,44,82.26,120.68
shooter107,3,45,81.51,120.21
shooter107,3,46,81.19,120.0
shooter107,3,47,81.19,120.59
shooter107,3,48,83.32,119.67
shooter107,3,49,84.22,119.67
shooter107,3,50,87.28,119.67
shooter107,3,51,88.93,120.16
shooter107,3,52,94.25,123.26
shooter107,3,53,97.91,124.16
shooter107,3,54,102.06,126.16
shooter107,3,55,106.67,130.62
shooter107,3,56,111.88,132.02
shooter107,3,57,117.24,136.52
shooter107,3,58,122.37,140.96
shooter107,3,59,128.5,144.83
shooter107,3,60,133.86,147.64
shooter107,3,61,138.97,152.6
shooter107,3,62,144.47,156.23
shooter107,3,63,148.46,159.92
shooter107,3,64,151.92,162.39
shooter107,3,65,157.06,166.39
shooter107,3,66,159.25,168.37
shooter107,3,67,162.14,170.69
shooter107,3,68,164.45,172.57
shooter107,3,69,165.02,172.87
shooter107,3,70,165.02,172.87
shooter107,3,71,164.89,172.44
shooter107,3,72,165.28,171.96
shooter107,3,73,165.01,172.87
shooter107,3,74,163.51,171.85
shooter107,3,75,164.18,172.87
shooter107,3,76,164.44,172.87
shooter107,3,77,164.1,172.74
shooter107,3,78,162.53,171.87
shooter107,3,79,162.93,172.87
shooter107,3,80,162.88,172.54
shooter107,3,81,150.54,172.27
shooter107,3,82,150.98,172.26
shooter107,3,83,150.17,171.16
shooter107,3,84,149.42,172.34
shooter107,3,85,149.09,170.84
shooter107,3,86,149.73,171.73
shooter107,3,87,149.35,170.76
shooter107,3,88,148.84,170.67
shooter107,3,89,148.65,170.55
shooter107,3,90,148.32,169.94
shooter107,3,91,147.0,171.51
shooter107,3,92,145.81,171.15
shooter107,3,93,146.82,169.42
shooter107,3,94,146.09,169.28
shooter107,3,95,145.18,170.53
shooter107,3,96,145.97,168.78
shooter107,3,97,144.3,169.5
shooter107,3,98,145.04,168.58
shooter107,3,99,144.01,169.34
shooter107,3,100,142.49,169.95
shooter107,3,101,143.74,168.09
shooter107,3,102,143.14,169.46
shooter107,3,103,142.5,169.07
shooter107,3,104,142.05,169.11
shooter107,3,105,140.86,168.47
shooter107,3,106,140.45,168.46
shooter107,3,107,139.68,167.74
shooter107,3,108,139.53,168.09
shooter107,3,109,139.49,166.4
shooter107,3,110,139.5,167.48
shooter107,3,111,138.28,167.08
shooter107,3,112,138.74,165.77
shooter107,3,113,137.75,166.07
shooter107,3,114,137.33,165.76
shooter107,3,115,138.32,165.99
shooter107,3,116,138.0,165.44
shooter107,3,117,137.24,165.46
shooter107,3,118,135.33,165.38
shooter107,3,119,136.28,165.87
shooter107,3,120,134.78,164.83
shooter107,3,121,135.16,164.94
shooter107,3,122,135.41,165.01
shooter107,3,123,133.98,165.19
shooter107,3,124,134.68,164.3
shooter107,3,125,133.84,166.17
shooter107,3,126,132.62,164.72
shooter107,3,127,131.81,164.66
shooter107,3,128,132.85,165.17
shooter107,3,129,131.74,165.75
shooter107,3,130,130.57,164.95
shooter107,4,0,102.03,178.24
shooter107,4,1,101.68,180.0
shooter107,4,2,101.54,176.34
shooter107,4,3,101.24,176.41
shooter107,4,4,102.19,175.91
shooter107,4,5,100.9,177.56
shooter107,4,6,100.14,176.62
shooter107,4,7,100.59,173.87
shooter107,4,8,99.88,172.01
shooter107,4,9,99.42,173.45
shooter107,4,10,98.95,167.54
shooter107,4,11,96.76,170.09
shooter107,4,12,95.77,165.1
shooter107,4,13,95.02,167.33
shooter107,4,14,95.45,162.38
shooter107,4,15,94.98,161.65
shooter107,4,16,92.81,156.35
shooter107,4,17,92.72,154.92
shooter107,4,18,91.6,155.34
shooter107,4,19,91.07,152.14
shooter107,4,20,89.01,151.15
shooter107,4,21,87.35,147.59
shooter107,4,22,87.51,145.33
shooter107,4,23,86.57,144.8
shooter107,4,24,85.32,139.97
shooter107,4,25,84.62,140.62
shooter107,4,26,82.64,135.39
shooter107,4,27,82.32,133.11
shooter107,4,28,80.54,133.89
shooter107,4,29,80.02,127.46
shooter107,4,30,78.76,126.73
shooter107,4,31,77.79,124.56
shooter107,4,32,76.82,125.77
shooter107,4,33,77.4,125.18
shooter107,4,34,77.19,120.34
shooter107,4,35,75.51,120.28
shooter107,4,36,75.25,120.33
shooter107,4,37,74.0,120.07
shooter107,4,38,74.45,120.07
shooter107,4,39,74.0,120.07
shooter107,4,40,74.31,120.07
shooter107,4,41,74.86,121.45
shooter107,4,42,74.0,120.07
shooter107,4,43,74.67,120.22
shooter107,4,44,75.68,120.32
shooter107,4,45,76.15,123.45
shooter107,4,46,78.71,125.57
shooter107,4,47,80.98,130.71
shooter107,4,48,84.91,132.09
shooter107,4,49,89.56,133.09
shooter107,4,50,92.95,133.81
shooter107,4,51,97.48,139.88
shooter107,4,52,101.88,144.63
shooter107,4,53,107.24,142.66
shooter107,4,54,113.82,150.5
shooter107,4,55,118.0,149.74
shooter107,4,56,124.34,156.09
shooter107,4,57,128.4,156.15
shooter107,4,58,133.91,161.73
shooter107,4,59,139.43,162.5
shooter107,4,60,145.51,167.1
shooter107,4,61,148.72,170.03
shooter107,4,62,153.93,172.5
shooter107,4,63,156.58,174.99
shooter107,4,64,160.74,173.12
shooter107,4,65,163.43,178.45
shooter107,4,66,165.67,176.36
shooter107,4,67,166.57,180.0
shooter107,4,68,167.28,177.57
shooter107,4,69,168.27,180.0
shooter107,4,70,168.16,179.32
shooter107,4,71,167.2,180.0
shooter107,4,72,167.36,180.0
shooter107,4,73,166.42,177.47
shooter107,4,74,166.99,180.0
shooter107,4,75,166.64,178.04
shooter107,4,76,165.81,178.55
shooter107,4,77,166.19,179.05
shooter107,4,78,166.34,180.0
shooter107,4,79,166.67,180.0
shooter107,4,80,154.68,180.0
shooter107,4,81,153.87,177.54
shooter107,4,82,154.01,176.8
shooter107,4,83,152.63,180.0
shooter107,4,84,153.01,177.99
shooter107,4,85,151.28,179.67
shooter107,4,86,151.02,180.0
shooter107,4,87,151.72,177.09
shooter107,4,88,150.46,178.11
shooter107,4,89,151.05,180.0
shooter107,4,90,150.54,179.54
shooter107,4,91,149.0,180.0
shooter107,4,92,149.25,179.2
shooter107,4,93,149.3,177.11
shooter107,4,94,149.1,180.0
shooter107,4,95,148.9,179.6
shooter107,4,96,147.53,180.0
shooter107,4,97,148.14,177.65
shooter107,4,98,146.78,177.69
shooter107,4,99,145.68,176.49
shooter107,4,100,146.49,176.04
shooter107,4,101,145.35,180.0
shooter107,4,102,144.72,180.0
shooter107,4,103,144.59,177.25
shooter107,4,104,145.33,179.69
shooter107,4,105,145.1,175.98
shooter107,4,106,144.79,178.83
shooter107,4,107,143.08,177.44
shooter107,4,108,142.98,177.83
shooter107,4,109,143.28,177.73
shooter107,4,110,141.91,177.15
shooter107,4,111,141.64,178.35
shooter107,4,112,140.94,175.51
shooter107,4,113,141.21,178.17
shooter107,4,114,140.99,174.1
shooter107,4,115,139.91,174.13
shooter107,4,116,138.92,177.17
shooter107,4,117,139.94,177.31
shooter107,4,118,139.3,178.18
shooter107,4,119,138.11,174.37
shooter107,4,120,137.9,173.02
shooter107,4,121,138.78,175.7
shooter107,4,122,137.73,177.88
shooter107,4,123,137.26,178.44
shooter107,4,124,136.95,177.75
shooter107,4,125,137.18,175.54
shooter107,5,0,125.48,172.99
shooter107,5,1,126.39,173.4
shooter107,5,2,125.06,171.2
shooter107,5,3,124.97,171.13
shooter107,5,4,123.78,171.18
shooter107,5,5,123.87,169.97
shooter107,5,6,122.54,169.39
shooter107,5,7,120.95,168.1
shooter107,5,8,120.07,167.16
shooter107,5,9,119.31,164.23
shooter107,5,10,117.03,163.34
shooter107,5,11,115.06,162.43
shooter107,5,12,114.08,159.57
shooter107,5,13,112.64,157.89
shooter107,5,14,110.86,154.89
shooter107,5,15,108.17,153.19
shooter107,5,16,106.63,151.51
shooter107,5,17,104.84,149.19
shooter107,5,18,102.49,147.61
shooter107,5,19,100.18,145.2
shooter107,5,20,97.27,143.55
shooter107,5,21,95.8,141.34
shooter107,5,22,94.0,138.0
shooter107,5,23,92.37,135.52
shooter107,5,24,91.8,135.23
shooter107,5,25,88.75,132.32
shooter107,5,26,87.98,130.6
shooter107,5,27,87.58,128.59
shooter107,5,28,85.69,128.17
shooter107,5,29,83.88,126.0
shooter107,5,30,84.56,124.61
shooter107,5,31,82.66,124.24
shooter107,5,32,82.15,123.89
shooter107,5,33,82.15,122.26
shooter107,5,34,82.15,122.69
shooter107,5,35,83.01,121.88
shooter107,5,36,82.47,121.86
shooter107,5,37,84.76,121.86
shooter107,5,38,84.7,121.86
shooter107,5,39,88.39,123.11
shooter107,5,40,88.9,125.42
shooter107,5,41,93.33,125.4
shooter107,5,42,94.56,128.94
shooter107,5,43,99.4,129.34
shooter107,5,44,102.81,132.19
shooter107,5,45,106.03,135.24
shooter107,5,46,108.77,138.44
shooter107,5,47,113.92,139.93
shooter107,5,48,117.96,142.9
shooter107,5,49,121.92,146.92
shooter107,5,50,126.11,149.31
shooter107,5,51,130.76,153.05
shooter107,5,52,134.68,156.38
shooter107,5,53,137.43,157.77
shooter107,5,54,140.06,162.04
shooter107,5,55,143.38,162.99
shooter107,5,56,147.51,167.06
shooter107,5,57,150.67,169.31
shooter107,5,58,151.87,170.52
shooter107,5,59,153.1,172.69
shooter107,5,60,155.12,173.58
shooter107,5,61,156.27,172.9
shooter107,5,62,157.38,173.35
shooter107,5,63,157.38,174.52
shooter107,5,64,156.38,174.42
shooter107,5,65,156.58,174.52
shooter107,5,66,155.76,174.46
shooter107,5,67,156.73,174.52
shooter107,5,68,156.53,174.35
shooter107,5,69,155.06,173.5
shooter107,5,70,155.38,173.83
shooter107,5,71,156.27,174.52
shooter107,5,72,144.03,173.98
shooter107,5,73,143.13,173.89
shooter107,5,74,142.55,173.48
shooter107,5,75,143.17,174.52
shooter107,5,76,142.22,173.51
shooter107,5,77,142.29,174.27
shooter107,5,78,140.12,172.99
shooter107,5,79,140.0,172.96
shooter107,5,80,139.24,174.17
shooter107,5,81,140.52,173.92
shooter107,5,82,139.77,173.92
shooter107,5,83,138.34,172.93
shooter107,5,84,139.53,174.35
shooter107,5,85,139.09,173.4
shooter107,5,86,137.23,174.12
shooter107,5,87,137.67,172.41
shooter107,5,88,137.32,172.79
shooter107,5,89,135.59,172.55
shooter107,5,90,136.56,173.28
shooter107,5,91,135.22,173.16
shooter107,5,92,136.18,172.54
shooter107,5,93,135.66,171.49
shooter107,5,94,135.39,171.71
shooter107,5,95,134.7,171.36
shooter107,5,96,133.11,172.85
shooter107,5,97,133.1,171.63
shooter107,5,98,133.4,171.19
shooter107,5,99,132.23,171.57
shooter107,5,100,132.6,170.93
shooter107,5,101,131.45,172.64
shooter107,5,102,130.74,171.22
shooter107,5,103,131.02,172.38
shooter107,5,104,130.95,171.8
shooter107,5,105,130.21,171.49
shooter107,5,106,130.06,171.24
shooter107,5,107,129.26,171.59
shooter107,5,108,129.54,171.53
shooter107,5,109,128.88,170.12
shooter107,5,110,128.33,171.86
shooter107,5,111,127.65,170.73
shooter107,5,112,127.45,170.66
shooter107,5,113,126.08,170.73
shooter107,5,114,126.91,171.26
shooter107,5,115,125.59,170.61
shooter107,5,116,126.5,170.59
shooter107,5,117,126.0,169.95
shooter107,5,118,125.04,170.65
shooter107,5,119,125.27,170.11
shooter107,6,0,89.7,171.48
shooter107,6,1,89.97,172.37
shooter107,6,2,88.74,172.53
shooter107,6,3,89.58,170.99
shooter107,6,4,88.34,171.77
shooter107,6,5,87.66,170.7
shooter107,6,6,87.46,171.13
shooter107,6,7,88.17,170.39
shooter107,6,8,87.59,169.61
shooter107,6,9,86.69,167.97
shooter107,6,10,85.67,167.87
shooter107,6,11,86.25,166.45
shooter107,6,12,86.17,164.84
shooter107,6,13,84.05,163.06
shooter107,6,14,84.72,161.79
shooter107,6,15,83.82,160.84
shooter107,6,16,82.79,159.57
shooter107,6,17,81.17,159.4
shooter107,6,18,82.14,158.08
shooter107,6,19,80.45,154.86
shooter107,6,20,79.47,154.92
shooter107,6,21,79.56,152.88
shooter107,6,22,78.67,150.89
shooter107,6,23,77.58,150.21
shooter107,6,24,76.92,148.13
shooter107,6,25,74.64,146.3
shooter107,6,26,75.05,143.95
shooter107,6,27,73.33,142.46
shooter107,6,28,73.56,142.26
shooter107,6,29,71.72,139.36
shooter107,6,30,70.27,137.53
shooter107,6,31,70.19,136.57
shooter107,6,32,70.09,135.63
shooter107,6,33,68.83,134.12
shooter107,6,34,68.63,133.97
shooter107,6,35,66.48,131.76
shooter107,6,36,66.1,131.59
shooter107,6,37,66.25,129.97
shooter107,6,38,65.31,128.89
shooter107,6,39,65.36,127.3
shooter107,6,40,65.43,126.76
shooter107,6,41,64.38,127.28
shooter107,6,42,63.49,126.53
shooter107,6,43,63.39,125.39
shooter107,6,44,63.83,125.95
shooter107,6,45,63.11,125.5
shooter107,6,46,63.18,124.65
shooter107,6,47,62.32,124.65
shooter107,6,48,62.84,125.33
shooter107,6,49,62.32,125.61
shooter107,6,50,63.0,124.65
shooter107,6,51,63.81,125.47
shooter107,6,52,64.74,126.61
shooter107,6,53,64.42,127.2
shooter107,6,54,67.44,127.99
shooter107,6,55,67.91,130.24
shooter107,6,56,70.87,131.34
shooter107,6,57,73.8,132.11
shooter107,6,58,76.19,134.56
shooter107,6,59,78.94,135.2
shooter107,6,60,82.9,137.62
shooter107,6,61,86.32,140.3
shooter107,6,62,89.8,142.42
shooter107,6,63,93.47,143.1
shooter107,6,64,97.72,146.34
shooter107,6,65,101.09,148.43
shooter107,6,66,104.44,149.9
shooter107,6,67,109.42,152.69
shooter107,6,68,113.81,153.22
shooter107,6,69,116.94,154.84
shooter107,6,70,120.51,158.31
shooter107,6,71,125.84,159.47
shooter107,6,72,129.38,160.96
shooter107,6,73,132.35,162.06
shooter107,6,74,135.96,163.67
shooter107,6,75,139.36,165.19
shooter107,6,76,141.36,166.73
shooter107,6,77,143.22,169.51
shooter107,6,78,146.24,169.2
shooter107,6,79,148.7,171.19
shooter107,6,80,149.84,170.36
shooter107,6,81,149.76,171.56
shooter107,6,82,152.33,172.69
shooter107,6,83,152.33,171.97
shooter107,6,84,152.33,172.69
shooter107,6,85,153.23,172.69
shooter107,6,86,152.62,171.91
shooter107,6,87,152.75,171.75
shooter107,6,88,152.9,172.69
shooter107,6,89,151.02,172.38
shooter107,6,90,152.41,172.69
shooter107,6,91,151.55,171.72
shooter107,6,92,152.44,171.84
shooter107,6,93,152.38,172.24
shooter107,6,94,152.2,172.59
shooter107,6,95,152.02,171.73
shooter107,6,96,151.98,172.69
shooter107,6,97,150.9,172.5
shooter107,6,98,151.04,171.93
shooter107,6,99,137.56,171.62
shooter107,6,100,138.59,171.81
shooter107,6,101,137.82,171.9
shooter107,6,102,137.36,170.57
shooter107,6,103,136.22,171.86
shooter107,6,104,136.56,170.98
shooter107,6,105,135.84,171.71
shooter107,6,106,136.52,171.59
shooter107,6,107,135.86,169.58
shooter107,6,108,134.78,170.11
shooter107,6,109,134.95,170.23
shooter107,6,110,133.26,170.08
shooter107,6,111,132.73,170.47
shooter107,6,112,133.39,168.92
shooter107,6,113,133.18,169.71
shooter107,6,114,131.44,170.17
shooter107,6,115,131.33,170.09
shooter107,6,116,131.6,167.94
shooter107,6,117,130.26,169.68
shooter107,6,118,130.58,167.8
shooter107,6,119,130.29,168.45
shooter107,6,120,130.77,167.69
shooter107,6,121,129.16,168.24
shooter107,6,122,128.47,166.93
shooter107,6,123,127.75,167.16
shooter107,6,124,127.57,167.12
shooter107,6,125,128.43,168.19
shooter107,6,126,127.42,167.37
shooter107,6,127,126.53,167.46
shooter107,6,128,127.6,167.25
shooter107,6,129,126.91,166.54
shooter107,6,130,125.16,165.65
shooter107,6,131,125.07,165.71
shooter107,6,132,125.83,166.29
shooter107,6,133,125.11,167.14
shooter107,6,134,125.22,165.65
shooter107,6,135,123.08,166.45
shooter107,6,136,124.08,166.61
shooter107,6,137,122.28,166.69
shooter107,6,138,122.4,165.38
shooter107,6,139,122.83,166.59
shooter107,6,140,122.35,165.89
shooter107,6,141,120.53,165.64
shooter107,6,142,120.53,166.14
shooter107,6,143,121.29,165.03
shooter107,6,144,119.58,166.15
shooter107,6,145,119.58,165.81
shooter107,6,146,118.9,166.11
shooter107,7,0,120.61,175.52
shooter107,7,1,122.27,174.94
shooter107,7,2,121.94,174.1
shooter107,7,3,121.02,174.35
shooter107,7,4,120.87,174.68
shooter107,7,5,119.76,172.95
shooter107,7,6,119.65,172.88
shooter107,7,7,118.53,171.62
shooter107,7,8,117.92,171.43
shooter107,7,9,118.41,169.79
shooter107,7,10,116.58,168.64
shooter107,7,11,116.54,168.65
shooter107,7,12,114.85,166.3
shooter107,7,13,112.97,164.95
shooter107,7,14,112.41,164.41
shooter107,7,15,110.82,161.82
shooter107,7,16,110.65,160.24
shooter107,7,17,109.8,159.42
shooter107,7,18,108.18,157.63
shooter107,7,19,106.86,156.29
shooter107,7,20,105.66,155.45
shooter107,7,21,104.1,152.57
shooter107,7,22,102.28,151.08
shooter107,7,23,101.17,149.98
shooter107,7,24,99.17,147.33
shooter107,7,25,97.09,146.15
shooter107,7,26,96.98,143.92
shooter107,7,27,95.67,142.36
shooter107,7,28,93.35,141.25
shooter107,7,29,93.53,137.73
shooter107,7,30,90.49,137.92
shooter107,7,31,90.66,135.56
shooter107,7,32,89.99,134.28
shooter107,7,33,87.6,132.54
shooter107,7,34,87.79,130.82
shooter107,7,35,86.68,129.17
shooter107,7,36,85.65,129.75
shooter107,7,37,85.28,128.03
shooter107,7,38,83.98,127.55
shooter107,7,39,83.05,125.51
shooter107,7,40,82.88,124.72
shooter107,7,41,81.92,124.18
shooter107,7,42,81.41,123.43
shooter107,7,43,81.32,123.54
shooter107,7,44,81.32,124.12
shooter107,7,45,81.32,123.81
shooter107,7,46,82.57,123.0
shooter107,7,47,83.7,123.0
shooter107,7,48,83.92,124.29
shooter107,7,49,87.06,125.6
shooter107,7,50,90.09,127.54
shooter107,7,51,92.88,129.49
shooter107,7,52,97.76,131.12
shooter107,7,53,101.8,134.21
shooter107,7,54,107.78,139.3
shooter107,7,55,111.45,142.35
shooter107,7,56,117.81,146.42
shooter107,7,57,123.18,148.94
shooter107,7,58,128.06,153.07
shooter107,7,59,132.07,156.3
shooter107,7,60,136.97,160.99
shooter107,7,61,142.88,163.03
shooter107,7,62,145.16,166.84
shooter107,7,63,148.82,168.46
shooter107,7,64,153.57,170.56
shooter107,7,65,155.58,172.46
shooter107,7,66,157.28,174.52
shooter107,7,67,157.17,175.52
shooter107,7,68,158.21,175.52
shooter107,7,69,158.8,175.52
shooter107,7,70,157.69,175.52
shooter107,7,71,157.33,175.52
shooter107,7,72,156.88,174.59
shooter107,7,73,158.02,175.52
shooter107,7,74,157.27,175.52
shooter107,7,75,158.33,175.42
shooter107,7,76,157.08,174.35
shooter107,7,77,156.73,174.66
shooter107,7,78,158.26,174.93
shooter107,7,79,158.18,175.52
shooter107,7,80,157.53,175.33
shooter107,7,81,157.93,174.99
shooter107,7,82,143.53,174.87
shooter107,7,83,143.73,175.36
shooter107,7,84,142.82,174.35
shooter107,7,85,142.97,173.8
shooter107,7,86,143.19,174.86
shooter107,7,87,142.9,174.05
shooter107,7,88,140.82,173.94
shooter107,7,89,141.19,174.08
shooter107,7,90,142.0,173.54
shooter107,7,91,140.79,174.77
shooter107,7,92,139.8,174.5
shooter107,7,93,139.59,174.66
shooter107,7,94,139.06,174.48
shooter107,7,95,138.91,173.05
shooter107,7,96,138.5,173.05
shooter107,7,97,138.22,173.55
shooter107,7,98,137.74,172.06
shooter107,7,99,137.44,173.88
shooter107,7,100,136.07,171.78
shooter107,7,101,135.72,172.68
shooter107,7,102,135.95,172.82
shooter107,7,103,136.58,173.18
shooter107,7,104,135.99,172.51
shooter107,7,105,134.23,172.28
shooter107,7,106,134.6,171.56
shooter107,7,107,134.42,172.02
shooter107,7,108,133.77,172.21
shooter107,7,109,133.81,171.62
shooter107,7,110,134.0,172.03
shooter107,7,111,131.8,170.5
shooter107,7,112,132.24,170.92
shooter107,7,113,131.83,172.06
shooter107,7,114,131.53,170.68
shooter107,7,115,130.34,171.18
shooter107,7,116,130.89,170.88
shooter107,7,117,129.3,171.63
shooter107,7,118,130.29,170.0
shooter107,7,119,129.74,170.19
shooter107,7,120,128.67,171.24
shooter107,7,121,129.59,170.78
shooter107,7,122,128.87,170.48
shooter107,7,123,127.89,170.13
shooter107,7,124,128.39,170.11
shooter107,7,125,127.67,171.11
shooter107,7,126,125.89,170.55
shooter107,7,127,126.39,171.04
shooter107,7,128,125.97,171.1
shooter107,7,129,125.72,170.23
shooter107,7,130,125.89,170.35
shooter107,7,131,124.59,170.44
shooter107,8,0,98.29,176.87
shooter107,8,1,98.71,176.67
shooter107,8,2,96.68,176.13
shooter107,8,3,97.07,176.38
shooter107,8,4,97.31,177.43
shooter107,8,5,96.62,175.62
shooter107,8,6,95.97,174.77
shooter107,8,7,96.7,174.64
shooter107,8,8,96.58,173.3
shooter107,8,9,95.74,173.06
shooter107,8,10,95.22,171.74
shooter107,8,11,96.0,171.65
shooter107,8,12,94.48,170.54
shooter107,8,13,94.59,168.85
shooter107,8,14,93.01,166.53
shooter107,8,15,93.5,165.64
shooter107,8,16,92.86,163.83
shooter107,8,17,91.09,163.28
shooter107,8,18,91.19,160.15
shooter107,8,19,90.54,159.78
shooter107,8,20,89.34,157.42
shooter107,8,21,89.27,156.02
shooter107,8,22,87.58,153.95
shooter107,8,23,87.17,152.26
shooter107,8,24,87.41,151.09
shooter107,8,25,85.0,149.14
shooter107,8,26,84.15,146.63
shooter107,8,27,83.36,144.43
shooter107,8,28,84.28,144.26
shooter107,8,29,81.82,141.76
shooter107,8,30,81.11,140.27
shooter107,8,31,81.35,138.29
shooter107,8,32,80.73,136.87
shooter107,8,33,79.53,135.24
shooter107,8,34,79.72,132.43
shooter107,8,35,77.13,131.93
shooter107,8,36,77.61,130.4
shooter107,8,37,76.93,128.18
shooter107,8,38,75.74,128.15
shooter107,8,39,76.3,125.87
shooter107,8,40,75.04,124.34
shooter107,8,41,73.89,124.75
shooter107,8,42,73.08,123.88
shooter107,8,43,72.66,121.73
shooter107,8,44,73.82,121.82
shooter107,8,45,72.15,119.75
shooter107,8,46,73.12,120.58
shooter107,8,47,71.25,119.57
shooter107,8,48,72.73,119.84
shooter107,8,49,72.22,118.77
shooter107,8,50,71.18,118.76
shooter107,8,51,71.18,118.76
shooter107,8,52,71.81,118.76
shooter107,8,53,71.18,118.93
shooter107,8,54,71.18,120.36
shooter107,8,55,73.26,122.09
shooter107,8,56,75.3,122.62
shooter107,8,57,77.54,125.8
shooter107,8,58,80.95,127.76
shooter107,8,59,84.06,130.88
shooter107,8,60,88.81,134.3
shooter107,8,61,92.72,136.43
shooter107,8,62,98.78,139.87
shooter107,8,63,104.07,143.02
shooter107,8,64,109.59,145.73
shooter107,8,65,116.29,150.51
shooter107,8,66,121.16,154.09
shooter107,8,67,127.32,157.28
shooter107,8,68,132.83,160.77
shooter107,8,69,137.83,162.87
shooter107,8,70,143.15,166.1
shooter107,8,71,149.23,167.76
shooter107,8,72,152.36,171.72
shooter107,8,73,156.71,172.98
shooter107,8,74,159.65,174.05
shooter107,8,75,162.81,176.49
shooter107,8,76,164.38,177.04
shooter107,8,77,164.13,177.66
shooter107,8,78,165.34,177.66
shooter107,8,79,165.59,177.66
shooter107,8,80,164.31,177.66
shooter107,8,81,164.82,177.66
shooter107,8,82,164.28,177.66
shooter107,8,83,163.6,176.82
shooter107,8,84,165.29,176.7
shooter107,8,85,164.98,177.66
shooter107,8,86,151.84,177.66
shooter107,8,87,150.34,177.66
shooter107,8,88,151.52,176.59
shooter107,8,89,150.4,176.96
shooter107,8,90,150.67,177.66
shooter107,8,91,148.43,176.51
shooter107,8,92,148.29,177.19
shooter107,8,93,148.89,176.91
shooter107,8,94,148.95,177.66
shooter107,8,95,147.09,177.15
shooter107,8,96,146.97,176.63
shooter107,8,97,147.12,177.04
shooter107,8,98,147.54,176.15
shooter107,8,99,146.74,177.31
shooter107,8,100,146.59,177.02
shooter107,8,101,145.69,176.91
shooter107,8,102,145.69,176.51
shooter107,8,103,144.55,176.14
shooter107,8,104,143.39,175.6
shooter107,8,105,144.16,177.29
shooter107,8,106,143.54,176.14
shooter107,8,107,142.91,176.22
shooter107,8,108,142.09,175.9
shooter107,8,109,142.71,177.04
shooter107,8,110,142.38,176.57
shooter107,8,111,141.07,175.08
shooter107,8,112,141.8,176.02
shooter107,8,113,140.28,175.69
shooter107,8,114,139.36,176.22
shooter107,8,115,139.07,176.55
shooter107,8,116,139.33,175.96
shooter107,8,117,138.1,176.12
shooter107,8,118,138.98,175.31
shooter107,8,119,138.73,174.97
shooter107,8,120,137.84,175.43
shooter107,8,121,138.13,175.57
shooter107,8,122,137.85,174.45
shooter107,8,123,136.44,174.93
shooter107,8,124,135.32,174.08
shooter107,8,125,135.2,174.21
shooter107,8,126,135.66,175.47
shooter107,8,127,134.75,173.94
shooter107,8,128,134.91,175.21
shooter107,8,129,134.47,174.27
shooter107,8,130,133.95,174.8
shooter107,8,131,132.66,175.24
shooter107,8,132,132.51,174.93
shooter107,8,133,132.3,174.97
shooter107,8,134,132.79,173.8
shooter107,8,135,132.1,173.96
shooter107,8,136,131.63,174.66
shooter107,8,137,131.28,174.72
shooter107,8,138,130.55,174.72
shooter107,8,139,129.22,174.59
shooter107,8,140,129.14,173.55
shooter107,8,141,128.62,173.65
shooter107,8,142,128.07,174.94
shooter107,8,143,128.18,174.15
shooter107,8,144,128.72,174.55
shooter107,8,145,126.97,174.24
shooter107,9,0,99.11,174.45
shooter107,9,1,100.2,175.42
shooter107,9,2,99.73,175.25
shooter107,9,3,99.3,174.54
shooter107,9,4,99.69,173.94
shooter107,9,5,98.93,174.24
shooter107,9,6,98.98,172.3
shooter107,9,7,98.35,173.03
shooter107,9,8,98.24,170.55
shooter107,9,9,97.23,171.39
shooter107,9,10,95.01,168.82
shooter107,9,11,95.64,169.08
shooter107,9,12,94.52,166.32
shooter107,9,13,92.49,166.67
shooter107,9,14,92.55,164.88
shooter107,9,15,91.82,162.37
shooter107,9,16,89.64,162.44
shooter107,9,17,89.01,159.6
shooter107,9,18,88.08,158.94
shooter107,9,19,86.65,156.94
shooter107,9,20,86.37,156.19
shooter107,9,21,83.74,154.75
shooter107,9,22,83.7,152.32
shooter107,9,23,82.47,151.25
shooter107,9,24,80.55,149.92
shooter107,9,25,79.48,147.82
shooter107,9,26,77.46,145.45
shooter107,9,27,76.3,144.13
shooter107,9,28,75.75,142.08
shooter107,9,29,73.94,141.0
shooter107,9,30,73.93,139.08
shooter107,9,31,72.4,138.76
shooter107,9,32,70.18,136.98
shooter107,9,33,69.71,135.71
shooter107,9,34,69.69,133.41
shooter107,9,35,67.56,132.03
shooter107,9,36,67.53,132.51
shooter107,9,37,65.42,131.02
shooter107,9,38,66.3,130.89
shooter107,9,39,64.6,129.29
shooter107,9,40,64.02,127.94
shooter107,9,41,63.59,128.3
shooter107,9,42,62.66,127.8
shooter107,9,43,62.94,126.5
shooter107,9,44,61.47,127.11
shooter107,9,45,61.47,126.5
shooter107,9,46,61.47,126.5
shooter107,9,47,61.78,126.5
shooter107,9,48,61.47,127.26
shooter107,9,49,61.47,128.09
shooter107,9,50,63.3,127.94
shooter107,9,51,64.64,130.16
shooter107,9,52,65.09,131.41
shooter107,9,53,67.67,132.22
shooter107,9,54,71.01,133.24
shooter107,9,55,73.93,135.55
shooter107,9,56,79.01,137.35
shooter107,9,57,82.66,141.11
shooter107,9,58,86.96,143.1
shooter107,9,59,92.33,143.99
shooter107,9,60,96.42,147.28
shooter107,9,61,102.68,149.25
shooter107,9,62,107.44,151.26
shooter107,9,63,112.06,154.31
shooter107,9,64,117.64,156.35
shooter107,9,65,122.19,158.9
shooter107,9,66,128.59,161.39
shooter107,9,67,132.24,163.72
shooter107,9,68,137.64,165.87
shooter107,9,69,141.96,167.85
shooter107,9,70,144.87,169.26
shooter107,9,71,148.65,171.03
shooter107,9,72,151.26,172.18
shooter107,9,73,152.75,174.37
shooter107,9,74,156.41,173.43
shooter107,9,75,156.81,175.09
shooter107,9,76,158.03,174.68
shooter107,9,77,158.03,175.42
shooter107,9,78,157.01,175.42
shooter107,9,79,157.4,175.42
shooter107,9,80,156.73,175.42
shooter107,9,81,156.45,175.36
shooter107,9,82,157.31,174.86
shooter107,9,83,155.71,175.42
shooter107,9,84,157.35,174.71
shooter107,9,85,156.08,175.24
shooter107,9,86,155.93,175.42
shooter107,9,87,155.32,174.93
shooter107,9,88,154.66,175.17
shooter107,9,89,155.44,174.23
shooter107,9,90,154.72,174.03
shooter107,9,91,144.28,175.42
shooter107,9,92,143.74,174.11
shooter107,9,93,142.66,174.34
shooter107,9,94,142.75,174.59
shooter107,9,95,142.05,174.23
shooter107,9,96,141.51,173.58
shooter107,9,97,142.17,173.68
shooter107,9,98,140.25,174.16
shooter107,9,99,140.37,173.94
shooter107,9,100,140.49,174.55
shooter107,9,101,139.98,173.46
shooter107,9,102,140.51,174.6
shooter107,9,103,139.92,173.17
shooter107,9,104,139.33,173.14
shooter107,9,105,138.46,174.26
shooter107,9,106,137.89,173.91
shooter107,9,107,136.7,172.74
shooter107,9,108,137.87,172.77
shooter107,9,109,136.69,173.54
shooter107,9,110,136.07,171.9
shooter107,9,111,136.24,172.2
shooter107,9,112,136.14,172.55
shooter107,9,113,135.28,173.02
shooter107,9,114,134.13,172.36
shooter107,9,115,135.27,172.09
shooter107,9,116,133.26,172.92
shooter107,9,117,134.57,171.11
shooter107,9,118,133.11,172.32
shooter107,9,119,133.72,170.9
shooter107,9,120,133.26,172.01
shooter107,9,121,131.84,171.52
shooter107,9,122,132.23,170.86
shooter107,9,123,130.41,171.32
shooter107,9,124,130.0,171.9
shooter107,9,125,130.14,170.99
shooter107,9,126,130.25,169.97
shooter107,9,127,128.65,169.99
shooter107,9,128,129.26,171.07
shooter107,9,129,129.78,171.08
shooter107,9,130,129.15,170.46
shooter107,9,131,127.49,170.08
shooter107,9,132,127.69,170.97
shooter107,9,133,126.57,170.1
shooter107,9,134,126.36,169.59
shooter107,9,135,127.28,170.23
shooter107,9,136,127.03,170.45
shooter107,9,137,125.12,171.28
shooter107,9,138,124.65,170.51
shooter107,9,139,124.6,169.72
shooter107,9,140,124.32,170.96
shooter107,9,141,123.21,169.88
shooter107,10,0,105.9,174.54
shooter107,10,1,105.16,175.05
shooter107,10,2,105.47,173.82
shooter107,10,3,104.36,173.69
shooter107,10,4,104.57,174.44
shooter107,10,5,104.96,174.07
shooter107,10,6,104.17,173.48
shooter107,10,7,104.03,171.21
shooter107,10,8,102.93,170.94
shooter107,10,9,102.04,170.53
shooter107,10,10,102.07,170.04
shooter107,10,11,100.02,167.56
shooter107,10,12,100.97,167.07
shooter107,10,13,100.04,164.87
shooter107,10,14,98.98,164.71
shooter107,10,15,98.02,162.04
shooter107,10,16,96.26,162.3
shooter107,10,17,95.18,158.94
shooter107,10,18,94.73,158.53
shooter107,10,19,92.53,157.09
shooter107,10,20,92.52,154.39
shooter107,10,21,90.05,152.7
shooter107,10,22,90.21,151.68
shooter107,10,23,88.34,150.04
shooter107,10,24,87.73,148.51
shooter107,10,25,85.82,146.53
shooter107,10,26,84.84,144.03
shooter107,10,27,84.28,143.87
shooter107,10,28,82.07,140.73
shooter107,10,29,80.5,139.93
shooter107,10,30,79.09,139.1
shooter107,10,31,78.97,137.59
shooter107,10,32,77.92,134.68
shooter107,10,33,76.88,133.45
shooter107,10,34,74.7,132.89
shooter107,10,35,73.71,131.15
shooter107,10,36,74.52,130.82
shooter107,10,37,73.25,129.37
shooter107,10,38,71.28,127.92
shooter107,10,39,70.44,127.37
shooter107,10,40,69.92,127.2
shooter107,10,41,70.59,126.76
shooter107,10,42,69.86,125.41
shooter107,10,43,69.2,124.74
shooter107,10,44,68.78,124.74
shooter107,10,45,68.88,125.06
shooter107,10,46,67.56,124.74
shooter107,10,47,67.54,125.64
shooter107,10,48,67.54,126.21
shooter107,10,49,67.54,126.03
shooter107,10,50,67.97,127.68
shooter107,10,51,68.9,127.63
shooter107,10,52,71.0,129.66
shooter107,10,53,71.9,131.28
shooter107,10,54,75.09,133.6
shooter107,10,55,78.83,135.66
shooter107,10,56,83.27,136.89
shooter107,10,57,85.8,140.44
shooter107,10,58,90.96,142.9
shooter107,10,59,96.76,145.56
shooter107,10,60,101.54,147.18
shooter107,10,61,106.64,150.87
shooter107,10,62,111.35,153.09
shooter107,10,63,116.68,155.43
shooter107,10,64,122.49,157.53
shooter107,10,65,127.58,160.81
shooter107,10,66,133.82,163.0
shooter107,10,67,138.53,164.85
shooter107,10,68,143.33,167.72
shooter107,10,69,146.19,168.09
shooter107,10,70,150.23,170.53
shooter107,10,71,154.41,171.32
shooter107,10,72,155.93,172.79
shooter107,10,73,158.06,173.5
shooter107,10,74,160.11,174.17
shooter107,10,75,160.66,174.67
shooter107,10,76,161.61,175.05
shooter107,10,77,160.95,174.13
shooter107,10,78,161.8,175.05
shooter107,10,79,159.87,174.63
shooter107,10,80,160.61,174.02
shooter107,10,81,160.32,174.1
shooter107,10,82,159.97,174.28
shooter107,10,83,159.64,173.93
shooter107,10,84,158.38,175.05
shooter107,10,85,158.16,174.84
shooter107,10,86,158.8,174.41
shooter107,10,87,148.55,174.6
shooter107,10,88,147.03,173.66
shooter107,10,89,146.75,174.74
shooter107,10,90,147.37,175.05
shooter107,10,91,146.57,173.37
shooter107,10,92,146.15,173.29
shooter107,10,93,145.22,174.11
shooter107,10,94,145.61,173.02
shooter107,10,95,144.57,172.83
shooter107,10,96,144.32,173.77
shooter107,10,97,144.19,173.52
shooter107,10,98,143.02,172.56
shooter107,10,99,143.72,173.61
shooter107,10,100,143.39,172.01
shooter107,10,101,142.18,172.3
shooter107,10,102,141.05,172.95
shooter107,10,103,141.76,172.53
shooter107,10,104,140.45,172.33
shooter107,10,105,140.56,172.32
shooter107,10,106,139.18,172.07
shooter107,10,107,140.22,172.35
shooter107,10,108,140.13,171.56
shooter107,10,109,138.0,171.05
shooter107,10,110,138.87,171.6
shooter107,10,111,138.73,170.41
shooter107,10,112,136.83,171.24
shooter107,10,113,136.7,170.11
shooter107,10,114,136.59,170.34
shooter107,10,115,137.08,170.7
shooter107,10,116,136.0,170.31
shooter107,10,117,134.88,169.07
shooter107,10,118,134.72,169.63
shooter107,10,119,134.74,170.21
shooter107,10,120,133.49,170.44
shooter107,10,121,134.27,169.24
shooter107,10,122,132.66,168.34
shooter107,10,123,133.77,168.77
shooter107,10,124,133.28,168.9
shooter107,10,125,133.14,167.95
shooter107,10,126,131.33,169.42
shooter107,10,127,131.82,168.66
shooter107,10,128,131.77,168.32
shooter107,10,129,130.84,168.2
shooter107,10,130,129.67,167.38
shooter107,10,131,129.21,168.29
shooter107,10,132,129.82,168.14
shooter107,10,133,129.21,167.82
shooter107,10,134,129.67,168.4
shooter107,10,135,129.08,167.86
shooter107,10,136,128.46,168.15
shooter107,10,137,128.57,168.76
shooter107,10,138,127.6,167.7
shooter107,10,139,125.99,167.77
shooter108,1,0,108.57,169.73
shooter108,1,1,109.06,170.46
shooter108,1,2,108.58,168.56
shooter108,1,3,107.84,169.5
shooter108,1,4,108.44,169.58
shooter108,1,5,108.39,169.0
shooter108,1,6,107.3,167.51
shooter108,1,7,107.62,166.72
shooter108,1,8,105.72,166.51
shooter108,1,9,104.91,164.58
shooter108,1,10,105.83,164.72
shooter108,1,11,104.97,162.18
shooter108,1,12,103.04,160.59
shooter108,1,13,102.13,160.67
shooter108,1,14,102.0,158.55
shooter108,1,15,100.32,157.02
shooter108,1,16,98.43,155.47
shooter108,1,17,97.33,155.27
shooter108,1,18,96.25,152.9
shooter108,1,19,96.42,152.17
shooter108,1,20,94.93,149.29
shooter108,1,21,93.19,147.85
shooter108,1,22,91.78,145.88
shooter108,1,23,90.59,144.76
shooter108,1,24,90.73,142.51
shooter108,1,25,89.96,140.9
shooter108,1,26,88.21,140.37
shooter108,1,27,87.71,139.58
shooter108,1,28,85.78,137.64
shooter108,1,29,85.49,136.56
shooter108,1,30,84.37,135.26
shooter108,1,31,82.89,134.35
shooter108,1,32,82.99,133.87
shooter108,1,33,83.08,133.04
shooter108,1,34,80.93,132.34
shooter108,1,35,81.31,130.43
shooter108,1,36,81.7,130.37
shooter108,1,37,81.23,130.69
shooter108,1,38,80.42,130.6
shooter108,1,39,80.25,129.62
shooter108,1,40,80.25,129.47
shooter108,1,41,80.25,130.1
shooter108,1,42,80.67,130.86
shooter108,1,43,81.45,130.22
shooter108,1,44,83.62,130.39
shooter108,1,45,85.86,132.61
shooter108,1,46,88.54,133.42
shooter108,1,47,90.45,133.51
shooter108,1,48,94.46,135.24
shooter108,1,49,97.0,137.22
shooter108,1,50,100.59,139.23
shooter108,1,51,103.54,141.09
shooter108,1,52,107.59,141.69
shooter108,1,53,112.55,143.75
shooter108,1,54,117.15,146.79
shooter108,1,55,120.51,147.57
shooter108,1,56,125.51,150.38
shooter108,1,57,129.69,152.53
shooter108,1,58,134.25,154.14
shooter108,1,59,138.13,157.05
shooter108,1,60,142.15,157.5
shooter108,1,61,146.53,160.8
shooter108,1,62,151.44,162.3
shooter108,1,63,154.88,163.67
shooter108,1,64,156.77,165.92
shooter108,1,65,159.73,165.96
shooter108,1,66,163.18,168.38
shooter108,1,67,165.04,168.21
shooter108,1,68,168.03,170.69
shooter108,1,69,168.85,169.46
shooter108,1,70,170.67,171.0
shooter108,1,71,169.83,170.54
shooter108,1,72,170.83,171.3
shooter108,1,73,171.23,170.59
shooter108,1,74,171.02,170.67
shooter108,1,75,171.31,170.38
shooter108,1,76,170.23,170.24
shooter108,1,77,169.45,171.3
shooter108,1,78,170.01,171.03
shooter108,1,79,170.52,170.16
shooter108,1,80,170.47,171.3
shooter108,1,81,169.59,171.25
shooter108,1,82,169.94,170.36
shooter108,1,83,168.84,170.61
shooter108,1,84,168.67,170.61
shooter108,1,85,157.0,170.65
shooter108,1,86,156.27,171.11
shooter108,1,87,155.35,170.45
shooter108,1,88,156.15,171.09
shooter108,1,89,155.29,170.44
shooter108,1,90,154.87,170.82
shooter108,1,91,153.81,169.79
shooter108,1,92,153.51,169.89
shooter108,1,93,154.02,169.84
shooter108,1,94,153.93,169.7
shooter108,1,95,152.18,168.07
shooter108,1,96,153.05,168.1
shooter108,1,97,152.61,168.12
shooter108,1,98,152.26,168.02
shooter108,1,99,151.39,169.1
shooter108,1,100,150.53,168.55
shooter108,1,101,150.97,167.2
shooter108,1,102,149.99,167.57
shooter108,1,103,149.07,167.01
shooter108,1,104,149.03,167.99
shooter108,1,105,148.75,167.98
shooter108,1,106,148.44,166.28
shooter108,1,107,148.83,166.59
shooter108,1,108,147.45,167.47
shooter108,1,109,146.8,166.7
shooter108,1,110,147.75,166.93
shooter108,1,111,145.91,165.73
shooter108,1,112,145.05,165.26
shooter108,1,113,146.33,166.05
shooter108,1,114,146.14,164.77
shooter108,1,115,145.19,166.01
shooter108,1,116,144.25,165.68
shooter108,1,117,144.12,164.63
shooter108,1,118,144.29,164.87
shooter108,1,119,144.0,165.33
shooter108,1,120,142.04,165.46
shooter108,1,121,143.17,164.17
shooter108,1,122,142.26,164.92
shooter108,1,123,140.69,163.62
shooter108,1,124,140.45,164.93
shooter108,1,125,139.92,164.4
shooter108,1,126,141.33,163.25
shooter108,1,127,139.88,164.34
shooter108,1,128,140.06,164.24
shooter108,1,129,138.23,164.22
shooter108,1,130,139.42,163.37
shooter108,1,131,138.39,164.12
shooter108,1,132,138.88,164.26
shooter108,1,133,137.67,163.27
shooter108,1,134,137.81,162.98
shooter108,1,135,137.09,164.33
shooter108,2,0,129.58,170.54
shooter108,2,1,129.64,170.36
shooter108,2,2,130.6,169.19
shooter108,2,3,130.63,169.16
shooter108,2,4,128.83,168.32
shooter108,2,5,128.81,169.14
shooter108,2,6,127.57,166.88
shooter108,2,7,127.49,167.79
shooter108,2,8,126.98,166.65
shooter108,2,9,124.81,165.48
shooter108,2,10,125.04,164.55
shooter108,2,11,123.92,162.53
shooter108,2,12,122.36,161.21
shooter108,2,13,121.98,160.07
shooter108,2,14,119.13,158.28
shooter108,2,15,117.57,157.97
shooter108,2,16,117.01,155.93
shooter108,2,17,115.6,155.2
shooter108,2,18,113.53,153.6
shooter108,2,19,113.37,150.54
shooter108,2,20,110.37,149.02
shooter108,2,21,108.81,147.75
shooter108,2,22,108.3,145.51
shooter108,2,23,106.93,145.0
shooter108,2,24,104.58,143.46
shooter108,2,25,101.98,141.81
shooter108,2,26,101.13,139.72
shooter108,2,27,99.37,138.92
shooter108,2,28,98.5,136.94
shooter108,2,29,97.45,136.27
shooter108,2,30,95.54,134.54
shooter108,2,31,94.57,133.04
shooter108,2,32,93.83,130.61
shooter108,2,33,91.69,130.87
shooter108,2,34,90.57,128.76
shooter108,2,35,90.86,128.02
shooter108,2,36,88.49,127.25
shooter108,2,37,87.99,126.23
shooter108,2,38,87.09,125.13
shooter108,2,39,87.66,124.78
shooter108,2,40,87.34,125.57
shooter108,2,41,86.91,124.97
shooter108,2,42,86.62,125.37
shooter108,2,43,86.62,124.42
shooter108,2,44,86.62,124.42
shooter108,2,45,88.11,125.46
shooter108,2,46,89.46,125.63
shooter108,2,47,90.03,125.86
shooter108,2,48,91.53,128.27
shooter108,2,49,94.56,129.41
shooter108,2,50,95.91,129.21
shooter108,2,51,99.03,132.27
shooter108,2,52,103.42,132.52
shooter108,2,53,105.32,136.14
shooter108,2,54,108.81,137.57
shooter108,2,55,113.5,138.8
shooter108,2,56,117.55,142.33
shooter108,2,57,121.64,144.02
shooter108,2,58,124.91,145.43
shooter108,2,59,130.18,149.24
shooter108,2,60,133.36,151.55
shooter108,2,61,138.84,153.22
shooter108,2,62,141.37,155.95
shooter108,2,63,144.77,156.72
shooter108,2,64,149.5,159.31
shooter108,2,65,152.19,161.94
shooter108,2,66,156.19,162.83
shooter108,2,67,158.26,164.88
shooter108,2,68,161.2,167.27
shooter108,2,69,162.9,168.3
shooter108,2,70,165.23,168.79
shooter108,2,71,166.09,169.64
shooter108,2,72,167.54,170.54
shooter108,2,73,167.89,170.54
shooter108,2,74,168.7,170.54
shooter108,2,75,168.94,170.47
shooter108,2,76,167.6,169.91
shooter108,2,77,167.21,169.68
shooter108,2,78,166.88,170.07
shooter108,2,79,167.06,170.54
shooter108,2,80,167.35,170.54
shooter108,2,81,166.97,170.54
shooter108,2,82,167.9,170.18
shooter108,2,83,167.32,170.13
shooter108,2,84,165.67,169.53
shooter108,2,85,165.62,169.55
shooter108,2,86,153.75,169.29
shooter108,2,87,153.58,170.54
shooter108,2,88,153.96,169.19
shooter108,2,89,152.65,170.36
shooter108,2,90,152.22,169.39
shooter108,2,91,151.94,169.73
shooter108,2,92,152.64,170.3
shooter108,2,93,150.94,170.32
shooter108,2,94,152.44,168.82
shooter108,2,95,150.86,170.05
shooter108,2,96,150.37,168.61
shooter108,2,97,150.25,169.59
shooter108,2,98,149.94,167.89
shooter108,2,99,149.34,168.8
shooter108,2,100,149.07,169.05
shooter108,2,101,148.38,169.14
shooter108,2,102,147.94,169.01
shooter108,2,103,146.95,167.79
shooter108,2,104,147.84,168.76
shooter108,2,105,147.33,167.55
shooter108,2,106,147.04,167.23
shooter108,2,107,147.18,166.62
shooter108,2,108,145.85,166.94
shooter108,2,109,146.26,166.56
shooter108,2,110,144.99,167.53
shooter108,2,111,144.66,166.32
shooter108,2,112,144.57,167.06
shooter108,2,113,143.33,165.99
shooter108,2,114,142.93,167.0
shooter108,2,115,143.12,166.02
shooter108,2,116,141.84,165.93
shooter108,2,117,141.77,166.45
shooter108,2,118,142.49,166.91
shooter108,2,119,141.43,166.88
shooter108,2,120,140.15,165.47
shooter108,2,121,139.82,166.52
shooter108,2,122,141.14,165.72
shooter108,2,123,140.81,166.19
shooter108,2,124,139.78,164.31
shooter108,2,125,138.47,164.2
shooter108,2,126,138.44,164.17
shooter108,2,127,137.91,165.52
shooter108,2,128,138.47,164.08
shooter108,2,129,137.57,164.05
shooter108,2,130,137.66,164.77
shooter108,2,131,136.42,165.43
shooter108,2,132,137.04,164.56
shooter108,2,133,135.76,164.81
shooter108,2,134,135.33,163.64
shooter108,2,135,135.08,165.03
shooter108,2,136,134.88,163.24
shooter108,2,137,135.09,163.64
shooter108,2,138,133.82,163.93
shooter108,2,139,134.36,163.43
shooter108,2,140,132.89,164.26
shooter108,2,141,132.35,164.26
shooter108,2,142,131.89,163.29
shooter108,2,143,130.94,162.86
shooter108,2,144,132.2,162.98
shooter108,2,145,130.26,162.82
shooter108,2,146,130.37,164.63
shooter108,3,0,135.01,172.49
shooter108,3,1,136.48,173.7
shooter108,3,2,135.29,172.64
shooter108,3,3,136.37,173.63
shooter108,3,4,134.86,173.03
shooter108,3,5,135.81,173.01
shooter108,3,6,134.18,172.4
shooter108,3,7,134.87,171.46
shooter108,3,8,134.67,169.68
shooter108,3,9,133.41,169.71
shooter108,3,10,132.6,168.44
shooter108,3,11,132.23,168.61
shooter108,3,12,131.51,167.58
shooter108,3,13,131.52,165.4
shooter108,3,14,129.64,164.98
shooter108,3,15,128.88,163.12
shooter108,3,16,128.59,162.55
shooter108,3,17,127.75,161.12
shooter108,3,18,126.71,159.57
shooter108,3,19,126.91,158.92
shooter108,3,20,124.62,156.24
shooter108,3,21,125.5,155.89
shooter108,3,22,124.22,154.2
shooter108,3,23,122.56,151.9
shooter108,3,24,122.5,150.68
shooter108,3,25,121.04,148.46
shooter108,3,26,119.96,148.01
shooter108,3,27,118.46,147.09
shooter108,3,28,118.17,144.06
shooter108,3,29,116.15,142.61
shooter108,3,30,115.95,141.85
shooter108,3,31,114.17,140.04
shooter108,3,32,113.89,138.65
shooter108,3,33,113.31,138.03
shooter108,3,34,111.49,136.27
shooter108,3,35,110.74,135.89
shooter108,3,36,111.08,133.87
shooter108,3,37,109.14,133.11
shooter108,3,38,108.04,131.61
shooter108,3,39,107.76,130.33
shooter108,3,40,108.27,129.83
shooter108,3,41,107.12,129.48
shooter108,3,42,106.26,129.18
shooter108,3,43,106.22,126.67
shooter108,3,44,105.33,127.05
shooter108,3,45,105.16,126.75
shooter108,3,46,104.43,125.3
shooter108,3,47,104.47,126.38
shooter108,3,48,103.67,125.3
shooter108,3,49,102.7,126.1
shooter108,3,50,102.7,125.3
shooter108,3,51,102.7,125.3
shooter108,3,52,102.75,126.54
shooter108,3,53,102.7,126.31
shooter108,3,54,103.51,128.73
shooter108,3,55,104.4,130.54
shooter108,3,56,105.6,132.01
shooter108,3,57,108.03,133.62
shooter108,3,58,110.12,136.41
shooter108,3,59,112.04,139.25
shooter108,3,60,115.78,142.35
shooter108,3,61,119.15,145.23
shooter108,3,62,122.48,147.78
shooter108,3,63,126.56,151.54
shooter108,3,64,130.74,154.58
shooter108,3,65,134.57,157.37
shooter108,3,66,138.63,159.35
shooter108,3,67,143.83,162.41
shooter108,3,68,146.25,164.79
shooter108,3,69,150.47,167.77
shooter108,3,70,151.81,169.69
shooter108,3,71,156.08,171.44
shooter108,3,72,157.6,171.46
shooter108,3,73,159.3,173.44
shooter108,3,74,159.4,173.7
shooter108,3,75,159.64,173.7
shooter108,3,76,159.17,172.77
shooter108,3,77,159.12,172.89
shooter108,3,78,159.57,173.7
shooter108,3,79,157.98,173.45
shooter108,3,80,157.76,172.94
shooter108,3,81,159.25,173.55
shooter108,3,82,157.53,173.7
shooter108,3,83,158.56,173.7
shooter108,3,84,157.33,173.7
shooter108,3,85,157.47,173.7
shooter108,3,86,157.14,173.22
shooter108,3,87,145.62,173.56
shooter108,3,88,145.89,172.58
shooter108,3,89,145.59,173.31
shooter108,3,90,143.88,173.24
shooter108,3,91,143.72,172.66
shooter108,3,92,144.31,171.98
shooter108,3,93,142.42,171.51
shooter108,3,94,142.07,171.41
shooter108,3,95,142.4,170.84
shooter108,3,96,142.62,170.48
shooter108,3,97,141.31,171.01
shooter108,3,98,140.38,170.07
shooter108,3,99,141.78,171.54
shooter108,3,100,141.32,170.87
shooter108,3,101,140.34,171.05
shooter108,3,102,140.0,170.05
shooter108,3,103,140.11,169.39
shooter108,3,104,139.13,169.32
shooter108,3,105,139.02,170.24
shooter108,3,106,137.97,168.56
shooter108,3,107,137.1,169.51
shooter108,3,108,137.91,168.36
shooter108,3,109,137.21,168.41
shooter108,3,110,136.02,167.52
shooter108,3,111,136.29,168.28
shooter108,3,112,136.27,167.39
shooter108,3,113,134.78,168.67
shooter108,3,114,135.38,166.97
shooter108,3,115,133.58,167.11
shooter108,3,116,134.29,166.47
shooter108,3,117,134.64,168.28
shooter108,3,118,133.97,167.43
shooter108,3,119,133.59,167.3
shooter108,3,120,132.8,166.92
shooter108,3,121,131.96,167.5
shooter108,3,122,131.99,165.95
shooter108,3,123,130.88,167.15
shooter108,3,124,130.95,167.09
shooter108,3,125,130.52,165.48
shooter108,3,126,130.13,165.6
shooter108,3,127,129.46,166.38
shooter108,3,128,128.95,165.43
shooter108,3,129,128.5,165.78
shooter108,3,130,127.89,166.01
shooter108,3,131,127.92,165.51
shooter108,4,0,114.86,163.88
shooter108,4,1,115.11,164.71
shooter108,4,2,115.13,164.69
shooter108,4,3,114.87,163.66
shooter108,4,4,113.34,163.55
shooter108,4,5,114.69,164.32
shooter108,4,6,114.12,163.1
shooter108,4,7,114.61,163.72
shooter108,4,8,113.85,162.85
shooter108,4,9,112.82,161.38
shooter108,4,10,112.92,160.8
shooter108,4,11,112.37,160.09
shooter108,4,12,111.35,160.78
shooter108,4,13,111.24,159.13
shooter108,4,14,110.05,159.17
shooter108,4,15,109.25,158.16
shooter108,4,16,109.94,157.95
shooter108,4,17,108.62,156.99
shooter108,4,18,108.72,154.77
shooter108,4,19,107.51,154.44
shooter108,4,20,107.45,153.9
shooter108,4,21,106.6,153.54
shooter108,4,22,105.91,152.4
shooter108,4,23,104.49,151.1
shooter108,4,24,104.79,150.63
shooter108,4,25,102.9,148.87
shooter108,4,26,102.89,147.1
shooter108,4,27,101.5,147.71
shooter108,4,28,100.19,145.99
shooter108,4,29,100.18,145.53
shooter108,4,30,99.06,143.66
shooter108,4,31,97.85,143.03
shooter108,4,32,97.3,141.5
shooter108,4,33,96.07,140.66
shooter108,4,34,96.95,139.14
shooter108,4,35,95.49,139.36
shooter108,4,36,93.8,137.48
shooter108,4,37,94.25,136.59
shooter108,4,38,93.21,135.79
shooter108,4,39,92.76,135.07
shooter108,4,40,91.81,134.51
shooter108,4,41,90.11,133.91
shooter108,4,42,89.77,133.12
shooter108,4,43,90.31,131.88
shooter108,4,44,89.71,131.3
shooter108,4,45,89.18,129.96
shooter108,4,46,87.2,130.11
shooter108,4,47,88.31,130.26
shooter108,4,48,87.15,128.91
shooter108,4,49,87.27,129.4
shooter108,4,50,86.07,127.42
shooter108,4,51,86.75,128.23
shooter108,4,52,86.9,127.86
shooter108,4,53,85.21,127.56
shooter108,4,54,86.07,127.32
shooter108,4,55,85.56,126.74
shooter108,4,56,85.16,127.25
shooter108,4,57,85.16,126.74
shooter108,4,58,85.16,126.91
shooter108,4,59,85.16,126.74
shooter108,4,60,85.34,127.19
shooter108,4,61,88.33,129.46
shooter108,4,62,89.61,129.31
shooter108,4,63,92.29,130.71
shooter108,4,64,94.77,131.74
shooter108,4,65,97.81,134.23
shooter108,4,66,101.9,136.2
shooter108,4,67,104.33,138.45
shooter108,4,68,109.07,139.72
shooter108,4,69,114.09,141.21
shooter108,4,70,119.28,142.92
shooter108,4,71,122.82,145.46
shooter108,4,72,128.66,148.32
shooter108,4,73,132.86,151.15
shooter108,4,74,136.87,151.43
shooter108,4,75,141.15,154.03
shooter108,4,76,144.73,156.47
shooter108,4,77,149.61,158.04
shooter108,4,78,152.07,159.8
shooter108,4,79,156.03,160.86
shooter108,4,80,158.44,161.71
shooter108,4,81,162.22,163.19
shooter108,4,82,162.88,163.81
shooter108,4,83,164.47,165.06
shooter108,4,84,165.06,164.34
shooter108,4,85,165.58,165.12
shooter108,4,86,165.25,165.12
shooter108,4,87,166.06,165.12
shooter108,4,88,165.71,164.57
shooter108,4,89,165.31,165.12
shooter108,4,90,166.04,164.53
shooter108,4,91,164.37,165.12
shooter108,4,92,165.98,164.18
shooter108,4,93,164.41,165.12
shooter108,4,94,165.99,164.22
shooter108,4,95,166.11,164.59
shooter108,4,96,152.22,165.12
shooter108,4,97,150.22,164.82
shooter108,4,98,150.83,164.11
shooter108,4,99,151.04,163.51
shooter108,4,100,150.07,163.43
shooter108,4,101,149.3,163.88
shooter108,4,102,149.12,164.28
shooter108,4,103,147.94,164.1
shooter108,4,104,148.37,164.87
shooter108,4,105,147.04,164.44
shooter108,4,106,147.87,164.65
shooter108,4,107,146.96,163.71
shooter108,4,108,146.16,163.46
shooter108,4,109,145.41,163.58
shooter108,4,110,146.82,163.07
shooter108,4,111,145.69,162.62
shooter108,4,112,145.47,163.75
shooter108,4,113,145.34,163.31
shooter108,4,114,144.63,162.47
shooter108,4,115,143.81,162.58
shooter108,4,116,143.84,162.01
shooter108,4,117,142.69,162.55
shooter108,4,118,142.9,162.01
shooter108,4,119,141.79,162.91
shooter108,4,120,142.81,162.09
shooter108,4,121,141.6,161.73
shooter108,4,122,140.65,162.28
shooter108,4,123,141.06,162.46
shooter108,4,124,139.56,162.16
shooter108,4,125,139.85,161.4
shooter108,4,126,140.31,161.0
shooter108,4,127,139.72,161.5
shooter108,4,128,139.19,161.7
shooter108,4,129,138.32,161.91
shooter108,4,130,137.87,160.76
shooter108,4,131,136.6,161.08
shooter108,4,132,137.38,160.24
shooter108,4,133,136.93,159.74
shooter108,4,134,135.39,159.98
shooter108,4,135,135.25,159.42
shooter108,4,136,134.6,160.33
shooter108,4,137,134.69,159.99
shooter108,4,138,133.79,160.53
shooter108,4,139,134.21,160.35
shooter108,4,140,133.93,159.4
shooter108,4,141,133.45,160.36
shooter108,4,142,132.58,159.35
shooter108,4,143,132.83,158.95
shooter108,4,144,133.01,160.85
shooter108,4,145,131.56,158.94
shooter108,4,146,131.21,159.55
shooter108,4,147,131.27,160.14
shooter108,4,148,130.25,159.6
shooter108,5,0,139.72,167.33
shooter108,5,1,136.14,167.41
shooter108,5,2,137.17,168.13
shooter108,5,3,139.4,168.13
shooter108,5,4,137.87,168.13
shooter108,5,5,137.36,167.98
shooter108,5,6,137.11,167.78
shooter108,5,7,138.22,165.35
shooter108,5,8,135.29,165.03
shooter108,5,9,132.7,165.21
shooter108,5,10,133.81,161.36
shooter108,5,11,134.66,161.59
shooter108,5,12,132.49,164.1
shooter108,5,13,130.63,160.91
shooter108,5,14,131.91,157.19
shooter108,5,15,129.73,158.37
shooter108,5,16,131.88,155.92
shooter108,5,17,127.27,156.07
shooter108,5,18,128.47,156.15
shooter108,5,19,126.49,154.84
shooter108,5,20,122.59,153.66
shooter108,5,21,123.9,149.71
shooter108,5,22,120.19,151.15
shooter108,5,23,123.69,147.53
shooter108,5,24,122.29,148.66
shooter108,5,25,117.12,148.99
shooter108,5,26,118.76,144.75
shooter108,5,27,120.48,148.4
shooter108,5,28,115.39,145.61
shooter108,5,29,118.09,142.08
shooter108,5,30,112.59,142.12
shooter108,5,31,110.77,139.35
shooter108,5,32,112.99,137.96
shooter108,5,33,110.36,142.43
shooter108,5,34,113.36,140.13
shooter108,5,35,111.34,139.96
shooter108,5,36,110.67,138.28
shooter108,5,37,109.9,139.3
shooter108,5,38,109.3,138.62
shooter108,5,39,109.14,133.84
shooter108,5,40,108.16,133.84
shooter108,5,41,108.7,134.17
shooter108,5,42,106.65,133.84
shooter108,5,43,105.42,134.34
shooter108,5,44,105.54,133.84
shooter108,5,45,105.42,135.66
shooter108,5,46,105.42,133.84
shooter108,5,47,105.42,135.67
shooter108,5,48,105.42,133.84
shooter108,5,49,105.42,133.84
shooter108,5,50,108.65,137.15
shooter108,5,51,109.16,135.43
shooter108,5,52,107.86,137.91
shooter108,5,53,112.96,139.78
shooter108,5,54,114.68,135.78
shooter108,5,55,116.03,138.33
shooter108,5,56,113.17,138.75
shooter108,5,57,117.5,140.0
shooter108,5,58,120.45,146.54
shooter108,5,59,124.59,147.21
shooter108,5,60,126.75,146.13
shooter108,5,61,129.77,149.67
shooter108,5,62,133.11,152.69
shooter108,5,63,137.03,150.13
shooter108,5,64,137.48,150.51
shooter108,5,65,142.41,156.97
shooter108,5,66,144.62,157.93
shooter108,5,67,144.43,156.07
shooter108,5,68,149.85,159.5
shooter108,5,69,148.11,158.89
shooter108,5,70,150.64,162.83
shooter108,5,71,157.74,164.28
shooter108,5,72,156.27,163.12
shooter108,5,73,158.15,167.09
shooter108,5,74,162.55,166.07
shooter108,5,75,160.23,168.13
shooter108,5,76,160.44,168.13
shooter108,5,77,160.17,167.52
shooter108,5,78,163.26,166.81
shooter108,5,79,163.26,168.13
shooter108,5,80,160.09,168.13
shooter108,5,81,164.02,168.13
shooter108,5,82,160.55,166.78
shooter108,5,83,161.5,168.13
shooter108,5,84,158.09,168.13
shooter108,5,85,149.29,165.76
shooter108,5,86,149.65,165.93
shooter108,5,87,148.16,168.13
shooter108,5,88,147.08,165.45
shooter108,5,89,146.53,168.13
shooter108,5,90,144.92,168.13
shooter108,5,91,144.55,165.01
shooter108,5,92,146.43,167.19
shooter108,5,93,143.89,165.77
shooter108,5,94,144.0,167.29
shooter108,5,95,143.25,165.72
shooter108,5,96,146.67,168.13
shooter108,5,97,144.16,168.13
shooter108,5,98,144.38,168.13
shooter108,5,99,144.16,164.98
shooter108,5,100,142.64,165.98
shooter108,5,101,141.65,168.13
shooter108,5,102,141.75,165.66
shooter108,5,103,142.27,165.56
shooter108,5,104,140.81,168.13
shooter108,5,105,139.08,167.64
shooter108,5,106,143.34,168.05
shooter108,5,107,141.85,165.19
shooter108,5,108,137.46,166.12
shooter108,5,109,142.09,165.18
shooter108,5,110,137.28,165.04
shooter108,5,111,136.45,162.97
shooter108,5,112,136.5,167.12
shooter108,5,113,140.66,164.28
shooter108,5,114,135.99,165.29
shooter108,5,115,138.98,166.82
shooter108,5,116,137.72,166.19
shooter108,5,117,136.57,162.62
shooter108,5,118,135.25,165.02
shooter108,5,119,133.22,164.17
shooter108,5,120,136.52,162.64
shooter108,5,121,134.23,161.22
shooter108,5,122,134.67,164.65
shooter108,5,123,131.37,165.46
shooter108,5,124,135.32,166.34
shooter108,5,125,134.41,162.73
shooter108,5,126,133.04,162.92
shooter108,5,127,132.44,161.43
shooter108,5,128,131.08,166.29
shooter108,5,129,130.71,165.42
shooter108,5,130,128.67,166.01
shooter108,5,131,131.98,163.19
shooter108,5,132,127.73,161.44
shooter108,5,133,127.07,163.58
shooter108,5,134,126.85,162.35
shooter108,5,135,127.48,162.19
shooter108,5,136,129.28,160.58
shooter108,5,137,129.55,160.53
shooter108,6,0,136.54,166.06
shooter108,6,1,135.98,165.81
shooter108,6,2,135.38,166.0
shooter108,6,3,136.06,165.23
shooter108,6,4,135.86,165.48
shooter108,6,5,135.35,163.93
shooter108,6,6,133.44,164.07
shooter108,6,7,133.41,163.42
shooter108,6,8,131.56,161.79
shooter108,6,9,130.72,162.29
shooter108,6,10,129.64,161.14
shooter108,6,11,128.43,160.37
shooter108,6,12,127.75,158.35
shooter108,6,13,126.49,158.25
shooter108,6,14,125.79,156.08
shooter108,6,15,123.62,156.23
shooter108,6,16,121.76,153.16
shooter108,6,17,121.85,153.14
shooter108,6,18,120.14,150.9
shooter108,6,19,117.06,150.87
shooter108,6,20,115.94,148.93
shooter108,6,21,113.95,148.71
shooter108,6,22,113.93,147.5
shooter108,6,23,111.15,145.31
shooter108,6,24,109.07,145.04
shooter108,6,25,108.8,143.67
shooter108,6,26,107.29,142.1
shooter108,6,27,104.91,140.92
shooter108,6,28,103.69,139.71
shooter108,6,29,102.57,138.54
shooter108,6,30,101.04,138.65
shooter108,6,31,99.93,137.98
shooter108,6,32,99.89,137.15
shooter108,6,33,98.82,137.62
shooter108,6,34,97.83,135.46
shooter108,6,35,97.05,136.62
shooter108,6,36,96.07,136.27
shooter108,6,37,95.19,136.03
shooter108,6,38,95.5,135.46
shooter108,6,39,94.51,135.46
shooter108,6,40,94.51,136.56
shooter108,6,41,94.51,136.79
shooter108,6,42,95.23,137.62
shooter108,6,43,95.72,137.24
shooter108,6,44,96.7,138.86
shooter108,6,45,98.5,139.71
shooter108,6,46,101.41,141.43
shooter108,6,47,102.62,143.05
shooter108,6,48,106.16,143.38
shooter108,6,49,110.26,144.97
shooter108,6,50,113.7,146.37
shooter108,6,51,117.14,148.3
shooter108,6,52,120.78,150.2
shooter108,6,53,126.42,151.61
shooter108,6,54,129.59,153.92
shooter108,6,55,134.78,156.26
shooter108,6,56,138.77,158.15
shooter108,6,57,143.0,158.84
shooter108,6,58,145.2,159.82
shooter108,6,59,149.76,162.56
shooter108,6,60,152.68,163.09
shooter108,6,61,155.72,163.94
shooter108,6,62,158.34,165.36
shooter108,6,63,160.78,167.18
shooter108,6,64,162.57,166.63
shooter108,6,65,164.28,167.73
shooter108,6,66,164.38,167.14
shooter108,6,67,165.04,167.73
shooter108,6,68,164.62,167.04
shooter108,6,69,165.13,167.73
shooter108,6,70,163.61,167.73
shooter108,6,71,164.96,167.73
shooter108,6,72,164.0,167.73
shooter108,6,73,164.33,167.68
shooter108,6,74,151.56,166.88
shooter108,6,75,150.66,167.73
shooter108,6,76,150.53,167.01
shooter108,6,77,150.68,167.73
shooter108,6,78,148.5,167.73
shooter108,6,79,148.74,167.45
shooter108,6,80,149.49,167.08
shooter108,6,81,148.91,167.56
shooter108,6,82,148.07,166.62
shooter108,6,83,146.9,166.93
shooter108,6,84,146.7,167.28
shooter108,6,85,147.36,166.72
shooter108,6,86,146.64,166.24
shooter108,6,87,145.41,167.27
shooter108,6,88,144.7,166.85
shooter108,6,89,145.6,166.76
shooter108,6,90,144.79,167.73
shooter108,6,91,145.17,166.08
shooter108,6,92,143.65,166.1
shooter108,6,93,143.14,167.47
shooter108,6,94,142.62,165.91
shooter108,6,95,142.6,167.42
shooter108,6,96,141.89,166.86
shooter108,6,97,140.99,166.5
shooter108,6,98,141.06,165.93
shooter108,6,99,140.48,166.02
shooter108,6,100,141.27,166.88
shooter108,6,101,139.71,165.27
shooter108,6,102,139.76,166.62
shooter108,6,103,139.79,166.66
shooter108,6,104,138.34,166.35
shooter108,6,105,138.7,164.97
shooter108,6,106,138.93,166.28
shooter108,6,107,138.01,166.17
shooter108,6,108,137.4,164.68
shooter108,6,109,137.72,166.37
shooter108,6,110,137.53,164.78
shooter108,6,111,136.88,166.37
shooter108,6,112,135.66,164.53
shooter108,6,113,135.66,164.8
shooter108,6,114,135.09,165.64
shooter108,6,115,134.25,164.48
shooter108,6,116,134.11,164.51
shooter108,6,117,134.5,164.11
shooter108,6,118,133.04,165.69
shooter108,6,119,133.82,164.06
shooter108,6,120,133.62,165.2
shooter108,6,121,131.85,165.06
shooter108,6,122,131.09,164.87
shooter108,6,123,132.35,164.56
shooter108,6,124,130.38,164.37
shooter108,6,125,131.18,165.65
shooter108,6,126,129.32,165.28
shooter108,6,127,129.31,165.53
shooter108,6,128,128.96,165.12
shooter108,6,129,128.63,165.29
shooter108,6,130,129.48,165.55
shooter108,6,131,127.59,164.51
shooter108,6,132,127.19,165.4
shooter108,6,133,127.82,163.67
shooter108,6,134,127.94,163.79
shooter108,6,135,126.42,164.56
shooter108,7,0,124.81,169.49
shooter108,7,1,122.99,169.94
shooter108,7,2,124.18,169.55
shooter108,7,3,123.34,169.8
shooter108,7,4,123.37,169.98
shooter108,7,5,123.97,168.76
shooter108,7,6,122.86,169.03
shooter108,7,7,121.98,168.85
shooter108,7,8,122.83,168.17
shooter108,7,9,120.95,166.09
shooter108,7,10,121.0,165.43
shooter108,7,11,121.02,166.52
shooter108,7,12,120.28,165.49
shooter108,7,13,120.06,165.18
shooter108,7,14,118.96,163.02
shooter108,7,15,118.33,163.14
shooter108,7,16,117.55,162.26
shooter108,7,17,117.91,161.42
shooter108,7,18,115.42,160.1
shooter108,7,19,116.49,157.98
shooter108,7,20,114.53,158.01
shooter108,7,21,113.72,156.78
shooter108,7,22,113.6,155.15
shooter108,7,23,112.07,153.78
shooter108,7,24,111.66,154.0
shooter108,7,25,111.36,151.38
shooter108,7,26,110.36,150.8
shooter108,7,27,108.81,150.05
shooter108,7,28,108.32,149.6
shooter108,7,29,106.78,147.86
shooter108,7,30,106.67,146.0
shooter108,7,31,104.58,144.4
shooter108,7,32,103.46,143.82
shooter108,7,33,103.6,142.69
shooter108,7,34,102.11,142.7
shooter108,7,35,102.31,140.79
shooter108,7,36,100.26,139.25
shooter108,7,37,99.3,139.84
shooter108,7,38,99.88,137.22
shooter108,7,39,98.81,136.32
shooter108,7,40,99.03,136.45
shooter108,7,41,96.96,134.86
shooter108,7,42,96.09,134.35
shooter108,7,43,95.31,135.3
shooter108,7,44,95.61,134.41
shooter108,7,45,94.42,133.69
shooter108,7,46,95.31,133.01
shooter108,7,47,93.48,131.34
shooter108,7,48,94.81,132.55
shooter108,7,49,93.73,131.51
shooter108,7,50,93.76,131.03
shooter108,7,51,92.74,131.03
shooter108,7,52,92.74,131.07
shooter108,7,53,92.74,131.03
shooter108,7,54,92.81,131.03
shooter108,7,55,92.74,131.33
shooter108,7,56,92.74,132.36
shooter108,7,57,93.47,132.51
shooter108,7,58,96.36,134.98
shooter108,7,59,96.95,135.85
shooter108,7,60,99.2,138.48
shooter108,7,61,102.63,139.8
shooter108,7,62,105.91,142.33
shooter108,7,63,109.88,145.11
shooter108,7,64,114.3,147.61
shooter108,7,65,118.47,148.85
shooter108,7,66,122.99,152.37
shooter108,7,67,126.28,155.43
shooter108,7,68,130.39,156.64
shooter108,7,69,136.09,159.63
shooter108,7,70,138.95,161.66
shooter108,7,71,142.89,164.5
shooter108,7,72,146.56,165.51
shooter108,7,73,150.07,168.13
shooter108,7,74,151.48,168.89
shooter108,7,75,154.97,169.78
shooter108,7,76,155.27,170.02
shooter108,7,77,156.82,171.06
shooter108,7,78,156.82,171.06
shooter108,7,79,157.27,170.89
shooter108,7,80,156.57,170.61
shooter108,7,81,157.49,171.06
shooter108,7,82,156.74,171.06
shooter108,7,83,157.55,171.06
shooter108,7,84,157.32,170.34
shooter108,7,85,156.98,171.06
shooter108,7,86,156.3,171.06
shooter108,7,87,156.32,171.06
shooter108,7,88,157.78,171.06
shooter108,7,89,143.67,170.04
shooter108,7,90,141.7,171.06
shooter108,7,91,141.43,170.49
shooter108,7,92,140.83,170.65
shooter108,7,93,140.62,169.46
shooter108,7,94,140.4,169.23
shooter108,7,95,141.1,169.33
shooter108,7,96,139.21,169.65
shooter108,7,97,140.38,169.31
shooter108,7,98,140.16,170.1
shooter108,7,99,138.38,168.19
shooter108,7,100,138.33,168.16
shooter108,7,101,138.08,168.48
shooter108,7,102,137.03,167.99
shooter108,7,103,137.68,168.29
shooter108,7,104,136.98,168.73
shooter108,7,105,135.64,169.1
shooter108,7,106,136.81,167.34
shooter108,7,107,135.22,167.28
shooter108,7,108,134.53,168.1
shooter108,7,109,135.78,166.92
shooter108,7,110,133.63,167.59
shooter108,7,111,133.14,167.17
shooter108,7,112,133.1,167.53
shooter108,7,113,132.86,165.7
shooter108,7,114,132.69,167.41
shooter108,7,115,132.79,167.2
shooter108,7,116,131.75,165.14
shooter108,7,117,131.74,165.92
shooter108,7,118,130.23,165.55
shooter108,7,119,130.59,165.09
shooter108,7,120,131.31,166.38
shooter108,7,121,130.57,164.62
shooter108,7,122,130.1,164.64
shooter108,7,123,128.83,163.99
shooter108,7,124,128.8,164.99
shooter108,7,125,129.11,165.42
shooter108,7,126,128.78,164.82
shooter108,7,127,128.04,164.76
shooter108,7,128,127.13,163.48
shooter108,7,129,125.97,164.68
shooter108,7,130,125.66,163.97
shooter108,7,131,125.02,164.01
shooter108,7,132,125.34,164.16
shooter108,7,133,124.27,164.87
shooter108,7,134,124.69,164.35
shooter108,7,135,124.62,164.17
shooter108,7,136,124.21,163.63
shooter108,7,137,123.73,162.8
shooter108,7,138,122.67,163.78
shooter108,7,139,122.86,164.01
shooter108,7,140,123.38,164.1
shooter108,8,0,122.74,166.89
shooter108,8,1,123.75,166.26
shooter108,8,2,123.29,167.86
shooter108,8,3,123.63,166.99
shooter108,8,4,122.44,166.75
shooter108,8,5,123.53,165.96
shooter108,8,6,121.79,165.34
shooter108,8,7,122.42,164.11
shooter108,8,8,121.11,163.71
shooter108,8,9,120.05,163.49
shooter108,8,10,119.91,162.33
shooter108,8,11,118.71,161.07
shooter108,8,12,116.98,161.15
shooter108,8,13,117.16,160.0
shooter108,8,14,115.91,158.89
shooter108,8,15,114.84,158.54
shooter108,8,16,114.11,157.06
shooter108,8,17,112.84,154.72
shooter108,8,18,111.15,155.07
shooter108,8,19,109.91,153.33
shooter108,8,20,108.63,152.2
shooter108,8,21,108.14,151.75
shooter108,8,22,106.45,148.99
shooter108,8,23,104.97,148.79
shooter108,8,24,105.19,146.99
shooter108,8,25,102.97,145.35
shooter108,8,26,101.84,145.04
shooter108,8,27,102.21,143.66
shooter108,8,28,100.97,142.07
shooter108,8,29,100.19,142.07
shooter108,8,30,98.52,140.78
shooter108,8,31,98.28,140.16
shooter108,8,32,98.2,138.52
shooter108,8,33,96.26,138.57
shooter108,8,34,95.28,138.06
shooter108,8,35,95.0,137.48
shooter108,8,36,96.06,137.49
shooter108,8,37,94.55,137.63
shooter108,8,38,94.71,135.92
shooter108,8,39,94.66,135.92
shooter108,8,40,94.55,136.68
shooter108,8,41,94.55,135.92
shooter108,8,42,95.27,136.98
shooter108,8,43,96.99,136.71
shooter108,8,44,96.65,137.18
shooter108,8,45,98.93,136.5
shooter108,8,46,99.64,137.69
shooter108,8,47,102.1,139.25
shooter108,8,48,104.03,140.21
shooter108,8,49,107.11,141.92
shooter108,8,50,109.63,143.72
shooter108,8,51,113.76,143.6
shooter108,8,52,116.19,145.59
shooter108,8,53,119.28,148.08
shooter108,8,54,123.16,149.69
shooter108,8,55,127.02,151.36
shooter108,8,56,129.1,152.7
shooter108,8,57,131.98,155.17
shooter108,8,58,135.37,155.61
shooter108,8,59,140.08,156.8
shooter108,8,60,143.15,158.45
shooter108,8,61,145.35,160.59
shooter108,8,62,147.46,162.78
shooter108,8,63,150.78,163.42
shooter108,8,64,153.38,164.97
shooter108,8,65,154.77,165.55
shooter108,8,66,156.06,167.2
shooter108,8,67,158.02,166.87
shooter108,8,68,159.93,168.22
shooter108,8,69,161.07,168.0
shooter108,8,70,160.28,168.84
shooter108,8,71,161.07,168.99
shooter108,8,72,160.67,168.99
shooter108,8,73,160.77,168.99
shooter108,8,74,160.86,168.99
shooter108,8,75,159.94,168.99
shooter108,8,76,158.64,168.51
shooter108,8,77,158.74,168.13
shooter108,8,78,159.5,167.98
shooter108,8,79,158.69,168.2
shooter108,8,80,157.93,168.2
shooter108,8,81,147.24,168.99
shooter108,8,82,146.21,168.99
shooter108,8,83,145.75,168.04
shooter108,8,84,146.53,168.99
shooter108,8,85,145.27,168.99
shooter108,8,86,144.62,168.12
shooter108,8,87,144.49,168.99
shooter108,8,88,145.11,168.99
shooter108,8,89,143.23,168.99
shooter108,8,90,142.84,168.49
shooter108,8,91,142.78,167.66
shooter108,8,92,141.79,167.26
shooter108,8,93,141.42,168.69
shooter108,8,94,140.89,167.15
shooter108,8,95,140.76,167.36
shooter108,8,96,141.35,166.9
shooter108,8,97,140.06,167.25
shooter108,8,98,140.03,166.36
shooter108,8,99,140.28,167.64
shooter108,8,100,138.53,166.91
shooter108,8,101,138.49,166.62
shooter108,8,102,139.66,166.39
shooter108,8,103,138.46,166.7
shooter108,8,104,138.19,166.97
shooter108,8,105,137.5,167.09
shooter108,8,106,138.0,166.85
shooter108,8,107,135.96,165.93
shooter108,8,108,135.4,166.59
shooter108,8,109,136.5,165.86
shooter108,8,110,134.48,165.95
shooter108,8,111,135.19,165.91
shooter108,8,112,133.67,165.24
shooter108,8,113,133.97,165.3
shooter108,8,114,134.17,165.6
shooter108,8,115,133.56,164.72
shooter108,8,116,133.19,165.49
shooter108,8,117,131.98,164.6
shooter108,8,118,131.86,164.96
shooter108,8,119,132.29,165.37
shooter108,8,120,130.52,163.64
shooter108,8,121,131.26,163.99
shooter108,8,122,130.7,164.54
shooter108,8,123,129.96,163.55
shooter108,8,124,129.54,163.67
shooter108,8,125,130.07,164.69
shooter108,8,126,128.83,163.17
shooter108,8,127,127.83,164.28
shooter108,8,128,129.19,163.07
shooter108,8,129,127.13,163.18
shooter108,8,130,128.06,163.68
shooter108,8,131,126.1,164.78
shooter108,8,132,126.4,163.91
shooter108,8,133,126.3,163.41
shooter108,8,134,124.93,163.58
shooter108,8,135,125.94,163.88
shooter108,8,136,124.59,163.96
shooter108,8,137,124.75,163.25
shooter108,8,138,124.85,163.11
shooter108,9,0,128.89,165.2
shooter108,9,1,129.44,165.46
shooter108,9,2,127.88,166.79
shooter108,9,3,129.27,166.45
shooter108,9,4,127.58,165.17
shooter108,9,5,127.33,164.76
shooter108,9,6,128.45,164.37
shooter108,9,7,126.88,164.15
shooter108,9,8,127.16,163.72
shooter108,9,9,126.39,164.63
shooter108,9,10,126.81,162.4
shooter108,9,11,125.94,163.58
shooter108,9,12,124.42,161.32
shooter108,9,13,124.72,162.26
shooter108,9,14,122.84,160.79
shooter108,9,15,122.88,159.38
shooter108,9,16,122.38,160.09
shooter108,9,17,121.47,158.23
shooter108,9,18,120.54,158.66
shooter108,9,19,120.02,157.58
shooter108,9,20,118.58,157.18
shooter108,9,21,118.42,156.0
shooter108,9,22,115.92,153.93
shooter108,9,23,115.4,153.35
shooter108,9,24,115.3,153.0
shooter108,9,25,113.39,151.3
shooter108,9,26,112.7,150.82
shooter108,9,27,112.4,149.26
shooter108,9,28,110.97,149.16
shooter108,9,29,109.31,147.58
shooter108,9,30,108.35,146.07
shooter108,9,31,107.67,146.97
shooter108,9,32,106.76,145.81
shooter108,9,33,105.54,143.83
shooter108,9,34,106.07,142.6
shooter108,9,35,104.13,142.96
shooter108,9,36,104.36,141.1
shooter108,9,37,103.92,141.06
shooter108,9,38,101.9,140.64
shooter108,9,39,102.47,138.88
shooter108,9,40,100.25,138.2
shooter108,9,41,100.55,137.08
shooter108,9,42,100.67,136.97
shooter108,9,43,99.78,136.94
shooter108,9,44,98.15,135.52
shooter108,9,45,97.78,136.61
shooter108,9,46,97.42,135.7
shooter108,9,47,98.47,134.27
shooter108,9,48,96.86,134.57
shooter108,9,49,97.14,134.0
shooter108,9,50,96.86,133.73
shooter108,9,51,96.86,133.9
shooter108,9,52,96.86,133.53
shooter108,9,53,96.86,133.53
shooter108,9,54,97.97,133.53
shooter108,9,55,98.75,133.53
shooter108,9,56,100.33,134.44
shooter108,9,57,102.42,135.85
shooter108,9,58,104.46,136.17
shooter108,9,59,107.93,138.11
shooter108,9,60,110.41,138.81
shooter108,9,61,113.66,139.94
shooter108,9,62,116.52,143.02
shooter108,9,63,119.78,143.46
shooter108,9,64,125.06,145.69
shooter108,9,65,128.93,149.63
shooter108,9,66,131.48,151.32
shooter108,9,67,135.45,154.16
shooter108,9,68,139.06,154.81
shooter108,9,69,143.16,158.24
shooter108,9,70,145.41,159.23
shooter108,9,71,149.97,161.35
shooter108,9,72,150.82,164.18
shooter108,9,73,154.98,164.71
shooter108,9,74,155.13,166.5
shooter108,9,75,157.18,167.94
shooter108,9,76,158.17,168.5
shooter108,9,77,158.87,167.37
shooter108,9,78,159.58,168.5
shooter108,9,79,159.19,168.5
shooter108,9,80,158.21,168.5
shooter108,9,81,159.64,168.44
shooter108,9,82,157.86,167.6
shooter108,9,83,157.21,167.5
shooter108,9,84,156.81,168.5
shooter108,9,85,145.51,168.34
shooter108,9,86,146.02,168.5
shooter108,9,87,143.81,167.77
shooter108,9,88,144.83,167.76
shooter108,9,89,143.5,168.37
shooter108,9,90,143.02,168.5
shooter108,9,91,143.59,167.72
shooter108,9,92,143.28,167.75
shooter108,9,93,142.5,168.14
shooter108,9,94,141.38,167.05
shooter108,9,95,140.59,167.67
shooter108,9,96,141.65,167.96
shooter108,9,97,140.98,166.78
shooter108,9,98,140.23,167.98
shooter108,9,99,139.41,166.73
shooter108,9,100,140.1,167.99
shooter108,9,101,138.32,168.07
shooter108,9,102,139.07,168.06
shooter108,9,103,138.76,167.65
shooter108,9,104,137.43,167.34
shooter108,9,105,137.55,166.75
shooter108,9,106,137.22,166.89
shooter108,9,107,136.96,166.13
shooter108,9,108,137.18,167.28
shooter108,9,109,136.07,165.82
shooter108,9,110,134.71,166.51
shooter108,9,111,134.87,166.6
shooter108,9,112,135.04,166.8
shooter108,9,113,134.05,166.09
shooter108,9,114,134.52,166.2
shooter108,9,115,132.96,166.4
shooter108,9,116,132.47,166.98
shooter108,9,117,132.24,166.39
shooter108,9,118,133.13,165.46
shooter108,9,119,132.34,166.56
shooter108,9,120,131.62,164.89
shooter108,9,121,130.78,165.24
shooter108,9,122,131.62,164.83
shooter108,9,123,131.16,165.43
shooter108,9,124,129.78,165.73
shooter108,9,125,130.09,165.45
shooter108,9,126,130.01,165.93
shooter108,9,127,128.41,165.38
shooter108,9,128,128.04,164.64
shooter108,9,129,128.07,165.18
shooter108,9,130,127.4,165.52
shooter108,9,131,127.7,165.0
shooter108,9,132,126.85,164.82
shooter108,9,133,125.8,164.95
shooter108,9,134,125.69,164.94
shooter108,9,135,125.92,164.42
shooter108,9,136,124.29,165.47
shooter108,9,137,124.46,164.14
shooter108,9,138,123.41,163.76
shooter108,9,139,124.62,165.15
shooter108,9,140,122.81,165.32
shooter108,9,141,122.33,164.91
shooter108,9,142,123.35,164.54
shooter108,9,143,121.56,165.54
shooter108,9,144,122.35,164.33
shooter108,9,145,121.34,164.4
shooter108,10,0,137.46,167.65
shooter108,10,1,137.59,168.67
shooter108,10,2,138.37,168.67
shooter108,10,3,136.86,168.32
shooter108,10,4,136.44,167.48
shooter108,10,5,136.32,167.83
shooter108,10,6,135.46,167.04
shooter108,10,7,135.34,166.76
shooter108,10,8,134.94,165.51
shooter108,10,9,132.44,165.64
shooter108,10,10,132.16,163.46
shooter108,10,11,130.07,163.18
shooter108,10,12,129.06,162.61
shooter108,10,13,127.89,161.75
shooter108,10,14,127.02,160.76
shooter108,10,15,125.49,158.52
shooter108,10,16,124.13,157.95
shooter108,10,17,122.9,155.92
shooter108,10,18,120.02,155.39
shooter108,10,19,119.49,153.19
shooter108,10,20,117.68,152.39
shooter108,10,21,114.83,152.1
shooter108,10,22,113.69,150.59
shooter108,10,23,111.39,148.69
shooter108,10,24,109.87,146.72
shooter108,10,25,108.65,145.98
shooter108,10,26,106.98,144.25
shooter108,10,27,106.77,142.93
shooter108,10,28,105.27,143.46
shooter108,10,29,103.23,141.54
shooter108,10,30,102.19,139.7
shooter108,10,31,101.45,139.98
shooter108,10,32,99.09,137.79
shooter108,10,33,98.23,137.59
shooter108,10,34,97.49,136.49
shooter108,10,35,97.14,135.68
shooter108,10,36,96.11,135.81
shooter108,10,37,93.98,135.67
shooter108,10,38,94.72,134.78
shooter108,10,39,93.36,135.11
shooter108,10,40,93.3,135.07
shooter108,10,41,93.46,134.7
shooter108,10,42,93.3,134.04
shooter108,10,43,93.3,135.16
shooter108,10,44,95.02,135.75
shooter108,10,45,98.38,135.95
shooter108,10,46,100.71,137.44
shooter108,10,47,106.38,140.68
shooter108,10,48,110.54,143.39
shooter108,10,49,116.28,146.08
shooter108,10,50,121.11,148.64
shooter108,10,51,128.87,152.01
shooter108,10,52,134.8,154.78
shooter108,10,53,139.2,157.61
shooter108,10,54,145.62,159.11
shooter108,10,55,150.83,162.41
shooter108,10,56,153.76,163.69
shooter108,10,57,158.14,165.53
shooter108,10,58,161.24,167.71
shooter108,10,59,162.12,167.5
shooter108,10,60,162.63,168.67
shooter108,10,61,161.62,168.57
shooter108,10,62,163.26,168.67
shooter108,10,63,163.27,167.94
shooter108,10,64,161.52,168.67
shooter108,10,65,161.96,168.56
shooter108,10,66,162.24,168.67
shooter108,10,67,162.68,168.67
shooter108,10,68,147.95,168.58
shooter108,10,69,147.9,168.58
shooter108,10,70,148.43,168.67
shooter108,10,71,147.25,168.67
shooter108,10,72,147.24,167.9
shooter108,10,73,146.75,168.67
shooter108,10,74,147.18,167.87
shooter108,10,75,145.11,167.63
shooter108,10,76,146.33,167.63
shooter108,10,77,145.16,167.65
shooter108,10,78,145.44,167.48
shooter108,10,79,143.47,168.45
shooter108,10,80,144.11,167.79
shooter108,10,81,144.11,168.51
shooter108,10,82,143.6,166.65
shooter108,10,83,141.65,167.61
shooter108,10,84,142.13,166.47
shooter108,10,85,141.06,167.09
shooter108,10,86,140.74,166.84
shooter108,10,87,141.44,167.33
shooter108,10,88,141.54,167.35
shooter108,10,89,140.5,166.22
shooter108,10,90,139.03,166.03
shooter108,10,91,138.92,166.37
shooter108,10,92,138.79,165.9
shooter108,10,93,137.88,166.66
shooter108,10,94,138.93,166.23
shooter108,10,95,137.22,166.74
shooter108,10,96,136.69,166.94
shooter108,10,97,137.48,165.63
shooter108,10,98,135.88,166.59
shooter108,10,99,136.05,166.21
shooter108,10,100,135.86,164.85
shooter108,10,101,134.59,166.13
shooter108,10,102,135.14,165.32
shooter108,10,103,134.59,165.68
shooter108,10,104,134.57,165.57
shooter108,10,105,133.27,165.85
shooter108,10,106,133.14,165.51
shooter108,10,107,133.35,165.55
shooter108,10,108,131.7,164.47
shooter108,10,109,131.46,165.69
shooter108,10,110,131.4,165.0
shooter108,10,111,130.64,165.16
shooter108,10,112,130.11,165.26
shooter108,10,113,131.6,163.73
shooter108,10,114,130.14,164.1
shooter108,10,115,129.9,165.05
shooter108,10,116,128.94,165.18
shooter108,10,117,128.05,164.81
shooter108,10,118,129.13,164.23
shooter108,10,119,128.68,163.73
shooter108,10,120,128.78,164.26
shooter108,10,121,126.47,163.98
shooter108,10,122,126.3,164.95
shooter108,10,123,127.05,164.3
shooter108,10,124,125.89,163.95
shooter109,1,0,138.72,162.65
shooter109,1,1,138.93,162.31
shooter109,1,2,137.75,162.16
shooter109,1,3,137.89,163.11
shooter109,1,4,138.65,161.84
shooter109,1,5,138.64,163.18
shooter109,1,6,136.58,162.68
shooter109,1,7,136.25,160.31
shooter109,1,8,137.52,161.13
shooter109,1,9,135.45,159.55
shooter109,1,10,136.56,159.0
shooter109,1,11,135.65,158.02
shooter109,1,12,133.58,158.36
shooter109,1,13,132.84,157.59
shooter109,1,14,133.85,154.93
shooter109,1,15,131.62,154.38
shooter109,1,16,131.36,153.68
shooter109,1,17,129.9,152.73
shooter109,1,18,129.74,150.73
shooter109,1,19,129.3,151.04
shooter109,1,20,127.99,150.04
shooter109,1,21,125.8,147.75
shooter109,1,22,125.92,147.41
shooter109,1,23,125.05,145.77
shooter109,1,24,123.12,144.32
shooter109,1,25,123.23,143.49
shooter109,1,26,121.93,141.51
shooter109,1,27,119.68,140.37
shooter109,1,28,120.54,138.54
shooter109,1,29,118.52,138.14
shooter109,1,30,117.1,135.79
shooter109,1,31,115.82,134.72
shooter109,1,32,115.43,133.99
shooter109,1,33,114.36,132.63
shooter109,1,34,113.42,131.2
shooter109,1,35,113.52,130.01
shooter109,1,36,112.37,130.29
shooter109,1,37,110.52,128.75
shooter109,1,38,110.88,127.37
shooter109,1,39,110.17,127.4
shooter109,1,40,109.05,126.52
shooter109,1,41,109.36,124.32
shooter109,1,42,107.33,124.51
shooter109,1,43,106.33,123.35
shooter109,1,44,105.76,123.24
shooter109,1,45,105.9,123.09
shooter109,1,46,105.86,121.24
shooter109,1,47,104.77,121.9
shooter109,1,48,105.39,121.24
shooter109,1,49,105.85,121.47
shooter109,1,50,105.49,121.24
shooter109,1,51,105.15,121.24
shooter109,1,52,104.77,121.44
shooter109,1,53,105.39,121.24
shooter109,1,54,105.4,122.79
shooter109,1,55,106.01,122.1
shooter109,1,56,106.92,124.2
shooter109,1,57,107.9,125.19
shooter109,1,58,110.5,125.64
shooter109,1,59,112.25,127.59
shooter109,1,60,113.72,128.94
shooter109,1,61,116.4,132.09
shooter109,1,62,120.01,133.99
shooter109,1,63,121.69,134.8
shooter109,1,64,124.89,136.97
shooter109,1,65,127.33,140.7
shooter109,1,66,130.38,141.57
shooter109,1,67,134.62,144.0
shooter109,1,68,136.31,146.99
shooter109,1,69,139.78,147.93
shooter109,1,70,144.14,151.83
shooter109,1,71,146.0,152.03
shooter109,1,72,148.99,155.64
shooter109,1,73,151.64,156.49
shooter109,1,74,153.13,157.76
shooter109,1,75,155.65,159.76
shooter109,1,76,157.65,162.32
shooter109,1,77,158.98,162.61
shooter109,1,78,160.38,162.65
shooter109,1,79,162.23,165.19
shooter109,1,80,162.03,164.16
shooter109,1,81,162.55,164.32
shooter109,1,82,163.45,165.32
shooter109,1,83,149.35,165.32
shooter109,1,84,149.27,164.61
shooter109,1,85,147.7,164.64
shooter109,1,86,148.66,165.32
shooter109,1,87,148.55,165.32
shooter109,1,88,147.5,164.74
shooter109,1,89,147.73,165.28
shooter109,1,90,146.45,164.53
shooter109,1,91,145.41,164.96
shooter109,1,92,145.61,164.57
shooter109,1,93,145.34,165.06
shooter109,1,94,145.78,165.23
shooter109,1,95,144.32,164.31
shooter109,1,96,143.88,163.8
shooter109,1,97,144.63,164.11
shooter109,1,98,142.95,164.79
shooter109,1,99,143.33,164.72
shooter109,1,100,142.3,164.59
shooter109,1,101,143.15,164.83
shooter109,1,102,141.23,164.38
shooter109,1,103,141.9,164.52
shooter109,1,104,141.15,163.69
shooter109,1,105,141.61,162.74
shooter109,1,106,141.24,163.34
shooter109,1,107,140.44,162.36
shooter109,1,108,138.66,161.97
shooter109,1,109,138.99,162.23
shooter109,1,110,139.36,162.19
shooter109,1,111,138.53,162.71
shooter109,1,112,138.61,161.85
shooter109,1,113,138.05,160.96
shooter109,1,114,136.68,162.62
shooter109,1,115,136.04,161.79
shooter109,1,116,135.9,160.87
shooter109,1,117,136.24,160.78
shooter109,1,118,135.41,160.36
shooter109,1,119,134.14,161.76
shooter109,1,120,135.13,160.24
shooter109,1,121,133.34,161.51
shooter109,1,122,133.67,160.0
shooter109,1,123,133.37,160.92
shooter109,1,124,133.06,159.19
shooter109,1,125,131.93,160.0
shooter109,1,126,132.75,159.63
shooter109,1,127,132.55,159.43
shooter109,1,128,131.85,160.62
shooter109,1,129,131.95,159.96
shooter109,1,130,130.17,158.91
shooter109,1,131,129.57,159.8
shooter109,1,132,128.98,158.45
shooter109,1,133,129.89,159.95
shooter109,1,134,128.37,158.86
shooter109,1,135,129.53,158.31
shooter109,1,136,128.45,158.41
shooter109,1,137,128.46,158.11
shooter109,1,138,127.32,159.6
shooter109,1,139,127.52,158.31
shooter109,1,140,126.54,157.94
shooter109,1,141,126.33,159.25
shooter109,1,142,126.4,158.03
shooter109,1,143,124.93,157.78
shooter109,1,144,125.82,158.92
shooter109,2,0,136.73,169.05
shooter109,2,1,135.21,170.86
shooter109,2,2,136.4,170.25
shooter109,2,3,135.51,169.36
shooter109,2,4,134.45,168.3
shooter109,2,5,134.61,168.21
shooter109,2,6,135.29,167.43
shooter109,2,7,134.61,167.65
shooter109,2,8,133.81,167.34
shooter109,2,9,132.47,165.85
shooter109,2,10,132.17,166.02
shooter109,2,11,130.67,165.8
shooter109,2,12,130.66,164.96
shooter109,2,13,128.98,163.66
shooter109,2,14,129.16,161.84
shooter109,2,15,127.9,160.94
shooter109,2,16,126.2,159.7
shooter109,2,17,125.65,157.81
shooter109,2,18,123.84,157.96
shooter109,2,19,122.33,156.32
shooter109,2,20,121.28,154.93
shooter109,2,21,120.12,152.75
shooter109,2,22,118.79,151.24
shooter109,2,23,118.43,151.29
shooter109,2,24,117.27,148.5
shooter109,2,25,115.43,146.88
shooter109,2,26,115.21,146.57
shooter109,2,27,113.75,145.32
shooter109,2,28,110.87,142.75
shooter109,2,29,110.37,141.54
shooter109,2,30,110.04,141.33
shooter109,2,31,107.46,140.27
shooter109,2,32,106.6,138.04
shooter109,2,33,106.6,137.39
shooter109,2,34,105.16,135.2
shooter109,2,35,104.21,134.77
shooter109,2,36,103.29,133.33
shooter109,2,37,100.92,132.8
shooter109,2,38,101.07,131.62
shooter109,2,39,100.43,129.65
shooter109,2,40,98.49,128.46
shooter109,2,41,97.41,128.93
shooter109,2,42,97.03,126.6
shooter109,2,43,97.57,127.19
shooter109,2,44,96.97,126.15
shooter109,2,45,96.93,124.8
shooter109,2,46,95.42,125.56
shooter109,2,47,95.75,124.76
shooter109,2,48,95.15,125.21
shooter109,2,49,96.06,124.1
shooter109,2,50,95.15,124.1
shooter109,2,51,95.9,124.1
shooter109,2,52,95.74,124.1
shooter109,2,53,96.61,125.16
shooter109,2,54,98.32,125.52
shooter109,2,55,102.03,126.32
shooter109,2,56,103.33,129.67
shooter109,2,57,107.69,129.85
shooter109,2,58,109.93,132.56
shooter109,2,59,114.13,136.05
shooter109,2,60,117.45,138.26
shooter109,2,61,121.1,140.41
shooter109,2,62,126.28,144.64
shooter109,2,63,130.18,146.71
shooter109,2,64,134.57,148.75
shooter109,2,65,139.09,151.75
shooter109,2,66,142.59,156.56
shooter109,2,67,146.98,158.05
shooter109,2,68,150.81,161.77
shooter109,2,69,153.03,162.68
shooter109,2,70,156.56,165.1
shooter109,2,71,158.67,168.45
shooter109,2,72,160.71,170.34
shooter109,2,73,162.55,169.75
shooter109,2,74,164.9,170.92
shooter109,2,75,164.65,172.34
shooter109,2,76,165.74,172.34
shooter109,2,77,152.26,172.15
shooter109,2,78,150.36,171.72
shooter109,2,79,151.09,172.34
shooter109,2,80,149.56,171.65
shooter109,2,81,149.36,171.81
shooter109,2,82,150.72,171.9
shooter109,2,83,149.25,171.5
shooter109,2,84,147.99,172.26
shooter109,2,85,149.24,171.83
shooter109,2,86,148.97,172.32
shooter109,2,87,147.84,171.8
shooter109,2,88,147.75,171.24
shooter109,2,89,147.5,172.34
shooter109,2,90,147.01,171.92
shooter109,2,91,146.13,171.48
shooter109,2,92,146.41,170.8
shooter109,2,93,145.39,171.89
shooter109,2,94,144.46,172.19
shooter109,2,95,143.55,171.85
shooter109,2,96,143.86,172.05
shooter109,2,97,142.91,170.7
shooter109,2,98,142.47,172.25
shooter109,2,99,142.88,170.65
shooter109,2,100,143.43,170.67
shooter109,2,101,141.35,171.07
shooter109,2,102,141.29,169.97
shooter109,2,103,142.0,170.75
shooter109,2,104,140.74,170.17
shooter109,2,105,141.06,171.18
shooter109,2,106,140.22,171.11
shooter109,2,107,139.95,170.73
shooter109,2,108,138.66,170.25
shooter109,2,109,138.64,169.93
shooter109,2,110,138.78,170.87
shooter109,2,111,137.19,170.14
shooter109,2,112,137.12,170.03
shooter109,2,113,137.11,169.17
shooter109,2,114,137.29,169.3
shooter109,2,115,136.56,169.49
shooter109,2,116,136.58,170.09
shooter109,2,117,136.19,170.3
shooter109,2,118,134.4,170.51
shooter109,2,119,135.74,169.3
shooter109,2,120,135.19,169.28
shooter109,2,121,133.68,169.83
shooter109,2,122,133.71,168.87
shooter109,2,123,132.96,169.24
shooter109,2,124,133.75,169.46
shooter109,2,125,132.31,168.51
shooter109,2,126,131.93,168.55
shooter109,2,127,132.56,168.65
shooter109,2,128,131.54,169.04
shooter109,2,129,130.22,168.39
shooter109,2,130,130.79,168.22
shooter109,2,131,130.73,168.07
shooter109,2,132,129.42,169.36
shooter109,2,133,129.39,169.49
shooter109,2,134,129.19,169.5
shooter109,2,135,128.56,169.32
shooter109,2,136,129.14,167.94
shooter109,2,137,127.75,167.85
shooter109,2,138,127.63,168.66
shooter109,3,0,142.58,164.06
shooter109,3,1,141.7,163.62
shooter109,3,2,141.52,164.22
shooter109,3,3,142.2,162.83
shooter109,3,4,141.47,163.13
shooter109,3,5,141.16,163.12
shooter109,3,6,140.32,162.24
shooter109,3,7,139.38,161.07
shooter109,3,8,139.3,160.35
shooter109,3,9,139.66,159.91
shooter109,3,10,137.57,160.05
shooter109,3,11,136.74,159.65
shooter109,3,12,135.59,158.78
shooter109,3,13,135.37,158.27
shooter109,3,14,134.01,156.09
shooter109,3,15,133.78,155.41
shooter109,3,16,131.6,155.74
shooter109,3,17,130.71,154.82
shooter109,3,18,129.19,153.68
shooter109,3,19,127.96,152.75
shooter109,3,20,128.29,152.14
shooter109,3,21,127.23,151.04
shooter109,3,22,125.69,149.37
shooter109,3,23,124.62,147.63
shooter109,3,24,121.78,145.92
shooter109,3,25,122.13,146.06
shooter109,3,26,119.98,144.57
shooter109,3,27,119.32,142.91
shooter109,3,28,117.75,141.97
shooter109,3,29,115.98,142.35
shooter109,3,30,114.6,139.57
shooter109,3,31,113.11,140.0
shooter109,3,32,112.55,139.24
shooter109,3,33,111.6,137.86
shooter109,3,34,111.5,135.68
shooter109,3,35,108.58,136.37
shooter109,3,36,108.71,135.15
shooter109,3,37,107.66,133.61
shooter109,3,38,105.79,133.58
shooter109,3,39,105.61,131.91
shooter109,3,40,105.06,132.43
shooter109,3,41,104.54,132.25
shooter109,3,42,103.43,130.98
shooter109,3,43,102.51,131.39
shooter109,3,44,102.59,129.99
shooter109,3,45,103.31,130.51
shooter109,3,46,102.96,130.1
shooter109,3,47,101.98,129.24
shooter109,3,48,102.31,130.1
shooter109,3,49,101.98,129.24
shooter109,3,50,101.98,129.24
shooter109,3,51,102.18,130.4
shooter109,3,52,103.13,129.98
shooter109,3,53,105.04,130.57
shooter109,3,54,108.34,132.16
shooter109,3,55,110.74,134.18
shooter109,3,56,112.94,135.0
shooter109,3,57,115.57,137.07
shooter109,3,58,119.82,140.67
shooter109,3,59,122.1,141.89
shooter109,3,60,125.64,144.78
shooter109,3,61,129.28,145.83
shooter109,3,62,134.57,147.9
shooter109,3,63,138.04,151.57
shooter109,3,64,141.51,152.93
shooter109,3,65,145.22,155.29
shooter109,3,66,147.35,158.38
shooter109,3,67,150.88,158.89
shooter109,3,68,154.49,160.88
shooter109,3,69,157.09,162.67
shooter109,3,70,158.3,162.81
shooter109,3,71,159.13,165.05
shooter109,3,72,161.99,165.23
shooter109,3,73,161.54,165.11
shooter109,3,74,161.99,165.9
shooter109,3,75,160.04,165.82
shooter109,3,76,158.65,165.9
shooter109,3,77,148.2,165.9
shooter109,3,78,147.81,165.9
shooter109,3,79,146.66,165.63
shooter109,3,80,146.11,165.9
shooter109,3,81,146.45,165.9
shooter109,3,82,145.86,164.86
shooter109,3,83,145.2,165.02
shooter109,3,84,144.63,165.19
shooter109,3,85,145.51,164.89
shooter109,3,86,145.36,165.67
shooter109,3,87,143.7,165.34
shooter109,3,88,143.99,165.9
shooter109,3,89,143.92,165.53
shooter109,3,90,141.84,164.97
shooter109,3,91,143.21,165.9
shooter109,3,92,141.99,165.48
shooter109,3,93,141.7,164.55
shooter109,3,94,141.27,164.52
shooter109,3,95,140.28,165.65
shooter109,3,96,140.95,165.24
shooter109,3,97,140.45,165.44
shooter109,3,98,138.78,165.84
shooter109,3,99,139.32,165.44
shooter109,3,100,139.7,165.74
shooter109,3,101,139.13,165.44
shooter109,3,102,138.24,165.24
shooter109,3,103,136.99,164.1
shooter109,3,104,136.88,164.73
shooter109,3,105,136.09,164.57
shooter109,3,106,137.03,164.72
shooter109,3,107,136.55,164.35
shooter109,3,108,136.41,164.74
shooter109,3,109,134.32,164.22
shooter109,3,110,135.72,164.48
shooter109,3,111,135.32,164.09
shooter109,3,112,134.34,165.04
shooter109,3,113,134.35,163.91
shooter109,3,114,133.07,164.56
shooter109,3,115,132.42,164.26
shooter109,3,116,131.7,163.74
shooter109,3,117,131.05,164.52
shooter109,3,118,130.67,164.69
shooter109,3,119,131.57,164.29
shooter109,3,120,130.46,164.61
shooter109,3,121,129.5,163.52
shooter109,3,122,129.21,164.42
shooter109,3,123,129.92,164.28
shooter109,3,124,130.07,164.0
shooter109,3,125,128.61,164.09
shooter109,3,126,128.95,163.82
shooter109,3,127,128.94,163.34
shooter109,3,128,128.01,163.37
shooter109,3,129,127.64,163.05
shooter109,3,130,127.02,163.5
shooter109,3,131,127.35,162.77
shooter109,3,132,125.59,163.56
shooter109,3,133,126.16,163.05
shooter109,3,134,125.02,162.71
shooter109,3,135,124.1,162.27
shooter109,3,136,124.87,162.45
shooter109,3,137,124.65,163.19
shooter109,3,138,124.32,162.62
shooter109,3,139,124.03,161.92
shooter109,3,140,123.28,162.5
shooter109,3,141,122.45,162.55
shooter109,3,142,122.87,162.27
shooter109,3,143,121.01,162.36
shooter109,3,144,120.34,163.19
shooter109,3,145,120.65,163.26
shooter109,3,146,120.55,163.69
shooter109,3,147,120.35,162.0
shooter109,4,0,115.47,168.02
shooter109,4,1,115.39,168.46
shooter109,4,2,116.15,168.35
shooter109,4,3,115.58,167.12
shooter109,4,4,115.02,167.48
shooter109,4,5,116.18,166.47
shooter109,4,6,116.24,166.84
shooter109,4,7,114.64,165.9
shooter109,4,8,115.18,165.9
shooter109,4,9,115.68,165.37
shooter109,4,10,113.88,163.31
shooter109,4,11,114.4,163.82
shooter109,4,12,112.82,162.39
shooter109,4,13,113.89,160.56
shooter109,4,14,111.52,159.11
shooter109,4,15,111.58,159.43
shooter109,4,16,112.38,157.41
shooter109,4,17,111.17,156.29
shooter109,4,18,109.64,155.73
shooter109,4,19,110.16,153.45
shooter109,4,20,109.71,152.95
shooter109,4,21,108.2,152.4
shooter109,4,22,106.83,149.5
shooter109,4,23,106.32,149.32
shooter109,4,24,106.95,146.98
shooter109,4,25,104.63,146.97
shooter109,4,26,104.17,144.58
shooter109,4,27,103.07,143.97
shooter109,4,28,102.21,142.33
shooter109,4,29,102.26,141.17
shooter109,4,30,101.23,138.98
shooter109,4,31,99.74,137.45
shooter109,4,32,99.15,135.1
shooter109,4,33,98.15,134.65
shooter109,4,34,97.35,133.2
shooter109,4,35,96.88,131.96
shooter109,4,36,97.25,129.63
shooter109,4,37,95.05,129.1
shooter109,4,38,94.89,127.61
shooter109,4,39,94.69,126.62
shooter109,4,40,94.34,125.51
shooter109,4,41,93.52,123.72
shooter109,4,42,93.48,122.86
shooter109,4,43,91.41,121.55
shooter109,4,44,90.25,121.25
shooter109,4,45,89.73,120.33
shooter109,4,46,89.28,118.41
shooter109,4,47,90.51,117.48
shooter109,4,48,89.19,117.53
shooter109,4,49,89.18,117.0
shooter109,4,50,89.11,114.82
shooter109,4,51,88.42,115.07
shooter109,4,52,87.18,114.33
shooter109,4,53,87.78,114.81
shooter109,4,54,86.6,113.29
shooter109,4,55,85.75,114.2
shooter109,4,56,86.35,113.77
shooter109,4,57,86.9,114.02
shooter109,4,58,86.5,113.29
shooter109,4,59,85.75,113.42
shooter109,4,60,86.48,114.38
shooter109,4,61,85.75,115.26
shooter109,4,62,86.41,116.72
shooter109,4,63,86.59,117.56
shooter109,4,64,87.76,118.54
shooter109,4,65,89.99,122.35
shooter109,4,66,93.62,122.81
shooter109,4,67,96.83,127.15
shooter109,4,68,98.79,128.45
shooter109,4,69,102.38,131.79
shooter109,4,70,106.29,135.68
shooter109,4,71,112.01,138.19
shooter109,4,72,116.09,141.11
shooter109,4,73,120.79,143.68
shooter109,4,74,124.45,146.67
shooter109,4,75,129.17,149.13
shooter109,4,76,135.37,153.1
shooter109,4,77,139.04,155.5
shooter109,4,78,142.43,157.62
shooter109,4,79,146.19,160.25
shooter109,4,80,149.67,163.43
shooter109,4,81,152.3,165.04
shooter109,4,82,154.78,165.7
shooter109,4,83,158.11,167.99
shooter109,4,84,158.65,167.81
shooter109,4,85,159.77,168.1
shooter109,4,86,160.29,168.58
shooter109,4,87,159.7,168.58
shooter109,4,88,159.79,168.1
shooter109,4,89,160.33,168.0
shooter109,4,90,158.85,168.58
shooter109,4,91,159.72,168.58
shooter109,4,92,158.43,168.58
shooter109,4,93,158.05,168.58
shooter109,4,94,145.44,168.58
shooter109,4,95,146.26,167.54
shooter109,4,96,145.31,168.58
shooter109,4,97,145.63,167.75
shooter109,4,98,143.96,167.46
shooter109,4,99,144.5,168.58
shooter109,4,100,142.92,167.11
shooter109,4,101,142.96,167.04
shooter109,4,102,143.31,167.52
shooter109,4,103,141.8,168.51
shooter109,4,104,142.04,168.58
shooter109,4,105,142.01,166.88
shooter109,4,106,141.95,167.34
shooter109,4,107,141.5,167.92
shooter109,4,108,139.99,167.64
shooter109,4,109,139.44,166.72
shooter109,4,110,139.64,166.8
shooter109,4,111,138.97,167.22
shooter109,4,112,138.7,166.0
shooter109,4,113,138.37,167.33
shooter109,4,114,138.08,166.25
shooter109,4,115,137.93,167.24
shooter109,4,116,136.51,166.84
shooter109,4,117,136.69,166.64
shooter109,4,118,136.22,166.77
shooter109,4,119,135.76,165.26
shooter109,4,120,136.47,165.52
shooter109,4,121,134.99,165.92
shooter109,4,122,134.39,166.31
shooter109,4,123,135.39,166.34
shooter109,4,124,134.06,165.29
shooter109,4,125,133.26,166.0
shooter109,4,126,133.99,164.74
shooter109,4,127,133.4,164.35
shooter109,4,128,133.58,164.57
shooter109,4,129,133.05,165.77
shooter109,4,130,132.28,164.95
shooter109,4,131,130.81,164.72
shooter109,4,132,131.06,165.15
shooter109,4,133,129.93,163.58
shooter109,4,134,130.39,163.7
shooter109,4,135,130.72,163.58
shooter109,4,136,128.5,163.53
shooter109,4,137,129.84,164.12
shooter109,4,138,128.77,163.69
shooter109,4,139,127.59,164.63
shooter109,4,140,128.6,164.66
shooter109,4,141,127.56,164.77
shooter109,4,142,126.99,163.25
shooter109,4,143,126.69,163.81
shooter109,4,144,125.58,162.85
shooter109,4,145,125.12,163.19
shooter109,4,146,125.81,163.9
shooter109,4,147,125.85,163.47
shooter109,4,148,125.08,163.98
shooter109,4,149,124.97,164.25
shooter109,4,150,124.58,162.67
shooter109,4,151,122.55,164.42
shooter109,4,152,123.63,162.62
shooter109,4,153,123.23,164.49
shooter109,5,0,132.27,165.33
shooter109,5,1,131.97,164.24
shooter109,5,2,132.84,164.1
shooter109,5,3,132.97,165.07
shooter109,5,4,133.08,163.76
shooter109,5,5,131.77,163.55
shooter109,5,6,132.7,163.87
shooter109,5,7,132.47,163.53
shooter109,5,8,131.83,164.03
shooter109,5,9,129.88,162.29
shooter109,5,10,129.58,162.02
shooter109,5,11,130.91,162.06
shooter109,5,12,129.84,161.68
shooter109,5,13,129.04,160.06
shooter109,5,14,128.97,159.91
shooter109,5,15,126.59,159.15
shooter109,5,16,127.34,157.71
shooter109,5,17,126.4,156.51
shooter109,5,18,126.03,156.76
shooter109,5,19,125.1,155.03
shooter109,5,20,123.69,154.19
shooter109,5,21,122.02,153.73
shooter109,5,22,122.83,151.91
shooter109,5,23,121.65,151.05
shooter109,5,24,119.92,150.41
shooter109,5,25,120.25,150.21
shooter109,5,26,117.96,148.92
shooter109,5,27,117.13,146.92
shooter109,5,28,117.37,145.78
shooter109,5,29,115.78,146.03
shooter109,5,30,115.23,144.24
shooter109,5,31,114.27,143.18
shooter109,5,32,112.58,140.8
shooter109,5,33,111.07,139.78
shooter109,5,34,111.25,139.04
shooter109,5,35,109.6,139.03
shooter109,5,36,108.77,138.07
shooter109,5,37,107.78,135.55
shooter109,5,38,105.79,135.53
shooter109,5,39,104.95,134.81
shooter109,5,40,105.2,133.8
shooter109,5,41,104.69,131.96
shooter109,5,42,103.17,130.59
shooter109,5,43,101.82,131.05
shooter109,5,44,101.46,128.78
shooter109,5,45,101.42,127.86
shooter109,5,46,99.38,126.93
shooter109,5,47,99.59,126.79
shooter109,5,48,99.21,125.19
shooter109,5,49,98.02,125.4
shooter109,5,50,97.81,125.49
shooter109,5,51,97.84,123.99
shooter109,5,52,96.0,124.34
shooter109,5,53,95.39,123.7
shooter109,5,54,94.83,123.0
shooter109,5,55,95.8,122.22
shooter109,5,56,95.83,122.4
shooter109,5,57,95.14,121.44
shooter109,5,58,95.49,120.62
shooter109,5,59,94.78,121.73
shooter109,5,60,94.14,120.74
shooter109,5,61,94.14,121.46
shooter109,5,62,94.14,120.62
shooter109,5,63,94.76,120.62
shooter109,5,64,95.28,121.77
shooter109,5,65,96.63,122.26
shooter109,5,66,98.27,122.93
shooter109,5,67,100.48,125.13
shooter109,5,68,103.85,125.99
shooter109,5,69,107.3,126.8
shooter109,5,70,111.03,130.2
shooter109,5,71,113.94,131.15
shooter109,5,72,119.23,134.36
shooter109,5,73,122.53,136.27
shooter109,5,74,127.1,138.95
shooter109,5,75,132.77,143.06
shooter109,5,76,137.79,143.98
shooter109,5,77,142.37,147.91
shooter109,5,78,145.3,150.25
shooter109,5,79,150.06,151.85
shooter109,5,80,155.2,155.71
shooter109,5,81,159.21,156.45
shooter109,5,82,162.21,159.11
shooter109,5,83,164.45,161.48
shooter109,5,84,168.22,163.01
shooter109,5,85,169.63,163.45
shooter109,5,86,171.99,165.54
shooter109,5,87,174.09,166.24
shooter109,5,88,173.86,166.03
shooter109,5,89,174.86,166.24
shooter109,5,90,174.84,165.97
shooter109,5,91,174.19,165.94
shooter109,5,92,173.8,166.16
shooter109,5,93,174.62,165.6
shooter109,5,94,173.63,166.24
shooter109,5,95,174.04,165.5
shooter109,5,96,172.82,165.15
shooter109,5,97,172.92,165.99
shooter109,5,98,173.37,165.23
shooter109,5,99,160.11,166.16
shooter109,5,100,159.99,166.04
shooter109,5,101,160.89,165.23
shooter109,5,102,159.5,165.39
shooter109,5,103,158.8,164.9
shooter109,5,104,159.85,165.98
shooter109,5,105,157.66,165.32
shooter109,5,106,158.28,166.1
shooter109,5,107,158.24,165.87
shooter109,5,108,157.83,165.3
shooter109,5,109,156.74,164.52
shooter109,5,110,155.55,165.05
shooter109,5,111,156.74,164.99
shooter109,5,112,156.27,164.93
shooter109,5,113,154.73,166.1
shooter109,5,114,154.54,164.44
shooter109,5,115,154.49,164.57
shooter109,5,116,153.29,165.62
shooter109,5,117,154.3,165.72
shooter109,5,118,154.1,164.73
shooter109,5,119,152.48,164.79
shooter109,5,120,153.31,163.73
shooter109,5,121,152.66,165.16
shooter109,5,122,152.12,164.66
shooter109,5,123,152.2,164.34
shooter109,5,124,150.51,163.91
shooter109,5,125,151.29,164.11
shooter109,5,126,149.26,164.62
shooter109,5,127,149.62,163.23
shooter109,5,128,149.36,164.01
shooter109,5,129,148.11,162.99
shooter109,5,130,148.93,164.39
shooter109,5,131,148.01,163.2
shooter109,5,132,147.57,164.52
shooter109,5,133,147.42,163.6
shooter109,5,134,146.13,163.49
shooter109,5,135,145.86,163.24
shooter109,5,136,145.42,163.49
shooter109,5,137,146.56,163.08
shooter109,5,138,145.81,163.08
shooter109,5,139,144.92,162.7
shooter109,5,140,144.78,162.95
shooter109,5,141,144.36,163.84
shooter109,5,142,143.18,162.67
shooter109,5,143,142.43,163.79
shooter109,5,144,142.97,163.84
shooter109,5,145,141.99,163.42
shooter109,5,146,142.81,162.13
shooter109,5,147,141.13,163.17
shooter109,5,148,141.41,163.7
shooter109,5,149,140.7,162.76
shooter109,5,150,140.95,162.59
shooter109,5,151,140.96,162.66
shooter109,6,0,128.81,168.16
shooter109,6,1,130.35,167.03
shooter109,6,2,130.26,168.48
shooter109,6,3,128.91,166.62
shooter109,6,4,129.51,165.93
shooter109,6,5,128.76,167.0
shooter109,6,6,128.77,165.08
shooter109,6,7,127.06,163.99
shooter109,6,8,127.09,164.2
shooter109,6,9,125.29,164.11
shooter109,6,10,124.38,161.68
shooter109,6,11,125.26,160.85
shooter109,6,12,123.18,159.32
shooter109,6,13,122.51,158.69
shooter109,6,14,121.07,156.89
shooter109,6,15,121.3,156.04
shooter109,6,16,119.21,154.37
shooter109,6,17,117.67,153.78
shooter109,6,18,117.38,151.75
shooter109,6,19,115.4,150.23
shooter109,6,20,114.33,148.27
shooter109,6,21,113.97,146.33
shooter109,6,22,113.36,144.78
shooter109,6,23,111.78,143.6
shooter109,6,24,109.37,141.43
shooter109,6,25,108.61,139.79
shooter109,6,26,108.48,138.79
shooter109,6,27,106.38,136.86
shooter109,6,28,106.29,135.67
shooter109,6,29,104.78,134.95
shooter109,6,30,104.69,134.19
shooter109,6,31,102.79,131.87
shooter109,6,32,103.15,131.89
shooter109,6,33,101.38,129.31
shooter109,6,34,101.37,130.34
shooter109,6,35,99.75,128.54
shooter109,6,36,99.93,127.72
shooter109,6,37,99.09,127.45
shooter109,6,38,98.75,126.57
shooter109,6,39,98.81,126.03
shooter109,6,40,98.75,125.69
shooter109,6,41,98.75,126.7
shooter109,6,42,99.53,125.69
shooter109,6,43,99.88,125.81
shooter109,6,44,100.11,126.81
shooter109,6,45,100.84,125.98
shooter109,6,46,102.38,127.51
shooter109,6,47,103.85,128.32
shooter109,6,48,106.51,129.23
shooter109,6,49,109.26,131.76
shooter109,6,50,110.46,133.1
shooter109,6,51,112.76,134.92
shooter109,6,52,115.84,136.18
shooter109,6,53,119.51,137.59
shooter109,6,54,121.74,140.37
shooter109,6,55,125.72,141.17
shooter109,6,56,128.41,144.81
shooter109,6,57,131.72,145.35
shooter109,6,58,136.23,149.13
shooter109,6,59,140.08,151.08
shooter109,6,60,141.69,152.01
shooter109,6,61,144.87,154.22
shooter109,6,62,148.0,156.85
shooter109,6,63,151.82,158.47
shooter109,6,64,153.92,161.41
shooter109,6,65,156.51,161.73
shooter109,6,66,158.68,163.69
shooter109,6,67,161.44,164.72
shooter109,6,68,161.33,165.62
shooter109,6,69,163.0,166.85
shooter109,6,70,164.56,168.81
shooter109,6,71,165.58,169.08
shooter109,6,72,165.32,169.09
shooter109,6,73,166.25,169.09
shooter109,6,74,166.21,168.57
shooter109,6,75,166.33,168.13
shooter109,6,76,165.96,169.05
shooter109,6,77,164.71,168.12
shooter109,6,78,152.96,168.03
shooter109,6,79,152.32,169.09
shooter109,6,80,151.17,168.28
shooter109,6,81,151.36,169.03
shooter109,6,82,151.56,169.01
shooter109,6,83,150.78,169.09
shooter109,6,84,150.27,168.51
shooter109,6,85,148.89,169.09
shooter109,6,86,149.71,168.35
shooter109,6,87,148.43,167.74
shooter109,6,88,148.5,168.09
shooter109,6,89,148.21,167.41
shooter109,6,90,147.48,168.23
shooter109,6,91,146.38,168.7
shooter109,6,92,147.04,168.7
shooter109,6,93,145.74,167.5
shooter109,6,94,145.38,167.15
shooter109,6,95,144.7,167.21
shooter109,6,96,145.29,168.71
shooter109,6,97,143.88,167.26
shooter109,6,98,143.94,167.39
shooter109,6,99,144.63,166.58
shooter109,6,100,143.36,167.9
shooter109,6,101,143.84,167.11
shooter109,6,102,142.64,166.28
shooter109,6,103,141.61,166.95
shooter109,6,104,142.37,167.32
shooter109,6,105,141.16,166.73
shooter109,6,106,141.98,167.62
shooter109,6,107,140.17,167.32
shooter109,6,108,140.89,166.5
shooter109,6,109,139.84,167.25
shooter109,6,110,140.13,166.9
shooter109,6,111,138.42,165.92
shooter109,6,112,138.92,166.63
shooter109,6,113,137.48,166.01
shooter109,6,114,138.46,165.99
shooter109,6,115,136.92,165.87
shooter109,6,116,136.91,166.35
shooter109,6,117,136.96,166.51
shooter109,6,118,136.21,165.24
shooter109,6,119,136.41,165.81
shooter109,6,120,135.83,165.72
shooter109,6,121,134.31,166.18
shooter109,6,122,135.2,165.25
shooter109,6,123,134.1,164.69
shooter109,6,124,134.05,164.67
shooter109,6,125,132.88,164.33
shooter109,6,126,132.9,164.4
shooter109,6,127,133.28,164.77
shooter109,6,128,133.1,164.36
shooter109,6,129,132.73,165.88
shooter109,6,130,131.85,164.85
shooter109,6,131,130.21,164.86
shooter109,7,0,139.02,161.98
shooter109,7,1,138.02,162.09
shooter109,7,2,138.16,162.26
shooter109,7,3,138.68,161.57
shooter109,7,4,137.28,160.96
shooter109,7,5,138.27,161.11
shooter109,7,6,138.17,160.2
shooter109,7,7,137.29,159.46
shooter109,7,8,135.74,158.12
shooter109,7,9,135.27,158.73
shooter109,7,10,134.85,158.57
shooter109,7,11,134.03,157.44
shooter109,7,12,133.68,156.08
shooter109,7,13,131.71,155.68
shooter109,7,14,130.17,155.2
shooter109,7,15,129.29,154.19
shooter109,7,16,129.28,152.7
shooter109,7,17,127.53,151.47
shooter109,7,18,126.8,150.54
shooter109,7,19,125.31,150.54
shooter109,7,20,124.57,148.03
shooter109,7,21,122.42,148.37
shooter109,7,22,122.09,145.99
shooter109,7,23,120.75,146.52
shooter109,7,24,119.47,144.42
shooter109,7,25,118.5,143.97
shooter109,7,26,116.53,142.96
shooter109,7,27,115.87,142.08
shooter109,7,28,114.44,141.16
shooter109,7,29,113.88,138.75
shooter109,7,30,112.91,138.35
shooter109,7,31,112.02,137.43
shooter109,7,32,110.54,137.59
shooter109,7,33,110.54,136.84
shooter109,7,34,110.03,135.4
shooter109,7,35,108.96,135.78
shooter109,7,36,108.1,134.27
shooter109,7,37,108.48,133.86
shooter109,7,38,108.01,133.56
shooter109,7,39,107.16,133.92
shooter109,7,40,107.24,132.82
shooter109,7,41,107.03,133.79
shooter109,7,42,107.6,133.24
shooter109,7,43,107.43,132.82
shooter109,7,44,108.37,132.82
shooter109,7,45,110.89,133.88
shooter109,7,46,112.68,134.65
shooter109,7,47,113.63,134.74
shooter109,7,48,116.97,135.36
shooter109,7,49,118.67,136.78
shooter109,7,50,120.88,138.27
shooter109,7,51,125.03,139.62
shooter109,7,52,126.83,142.14
shooter109,7,53,130.26,143.21
shooter109,7,54,135.26,146.05
shooter109,7,55,137.79,147.27
shooter109,7,56,140.65,149.55
shooter109,7,57,144.36,152.11
shooter109,7,58,147.73,153.0
shooter109,7,59,150.87,154.25
shooter109,7,60,153.11,156.72
shooter109,7,61,155.77,158.19
shooter109,7,62,158.42,160.18
shooter109,7,63,160.59,161.57
shooter109,7,64,162.86,162.32
shooter109,7,65,163.14,163.66
shooter109,7,66,165.08,162.86
shooter109,7,67,165.11,163.17
shooter109,7,68,165.11,163.81
shooter109,7,69,163.7,163.81
shooter109,7,70,164.39,163.25
shooter109,7,71,164.52,162.93
shooter109,7,72,150.22,163.81
shooter109,7,73,150.1,163.29
shooter109,7,74,150.66,163.04
shooter109,7,75,150.53,163.24
shooter109,7,76,148.68,162.76
shooter109,7,77,148.84,162.41
shooter109,7,78,148.19,162.85
shooter109,7,79,149.24,162.8
shooter109,7,80,148.27,163.61
shooter109,7,81,147.46,162.73
shooter109,7,82,147.83,163.19
shooter109,7,83,146.79,163.03
shooter109,7,84,147.13,162.98
shooter109,7,85,145.39,163.07
shooter109,7,86,144.56,162.05
shooter109,7,87,144.97,161.08
shooter109,7,88,144.12,160.76
shooter109,7,89,144.98,160.87
shooter109,7,90,143.98,161.95
shooter109,7,91,143.09,161.24
shooter109,7,92,143.66,160.17
shooter109,7,93,142.76,159.94
shooter109,7,94,142.32,161.25
shooter109,7,95,141.27,160.29
shooter109,7,96,142.5,159.39
shooter109,7,97,141.43,160.62
shooter109,7,98,141.42,160.06
shooter109,7,99,140.83,159.36
shooter109,7,100,139.92,159.12
shooter109,7,101,138.53,159.33
shooter109,7,102,139.44,158.45
shooter109,7,103,137.91,159.58
shooter109,7,104,139.23,158.95
shooter109,7,105,137.41,158.47
shooter109,7,106,137.24,158.37
shooter109,7,107,137.21,158.81
shooter109,7,108,136.72,156.66
shooter109,7,109,136.62,156.52
shooter109,7,110,136.48,157.88
shooter109,7,111,136.03,156.58
shooter109,7,112,135.93,157.38
shooter109,7,113,134.65,156.88
shooter109,7,114,134.38,156.39
shooter109,7,115,134.66,156.1
shooter109,7,116,133.07,157.08
shooter109,7,117,132.6,155.77
shooter109,7,118,131.73,155.66
shooter109,7,119,132.79,156.15
shooter109,7,120,132.29,155.44
shooter109,7,121,131.06,156.44
shooter109,7,122,130.37,157.1
shooter109,7,123,129.8,156.58
shooter109,7,124,130.29,156.27
shooter109,7,125,129.3,155.85
shooter109,8,0,124.96,159.47
shooter109,8,1,120.92,160.86
shooter109,8,2,122.75,161.05
shooter109,8,3,125.1,160.87
shooter109,8,4,123.94,162.33
shooter109,8,5,120.31,160.82
shooter109,8,6,123.52,161.71
shooter109,8,7,122.54,157.33
shooter109,8,8,119.6,159.27
shooter109,8,9,119.49,156.64
shooter109,8,10,118.67,158.28
shooter109,8,11,122.04,158.55
shooter109,8,12,116.43,158.94
shooter109,8,13,119.49,156.72
shooter109,8,14,116.84,154.9
shooter109,8,15,118.04,153.39
shooter109,8,16,117.71,156.68
shooter109,8,17,116.61,151.24
shooter109,8,18,114.96,149.38
shooter109,8,19,111.28,148.94
shooter109,8,20,109.36,153.21
shooter109,8,21,108.57,151.69
shooter109,8,22,109.48,147.19
shooter109,8,23,106.51,144.31
shooter109,8,24,105.97,147.9
shooter109,8,25,102.73,144.11
shooter109,8,26,105.77,141.47
shooter109,8,27,100.72,143.12
shooter109,8,28,101.0,141.98
shooter109,8,29,101.46,140.69
shooter109,8,30,100.07,141.54
shooter109,8,31,101.23,141.12
shooter109,8,32,98.85,139.29
shooter109,8,33,98.69,135.23
shooter109,8,34,94.87,134.54
shooter109,8,35,92.99,139.0
shooter109,8,36,95.85,134.17
shooter109,8,37,91.55,134.85
shooter109,8,38,94.93,132.81
shooter109,8,39,94.94,132.81
shooter109,8,40,90.4,133.92
shooter109,8,41,92.74,132.81
shooter109,8,42,90.34,134.3
shooter109,8,43,89.43,132.81
shooter109,8,44,89.59,134.68
shooter109,8,45,90.64,133.46
shooter109,8,46,92.5,132.81
shooter109,8,47,89.43,134.84
shooter109,8,48,89.43,136.12
shooter109,8,49,89.43,132.81
shooter109,8,50,90.27,136.65
shooter109,8,51,95.41,137.92
shooter109,8,52,100.06,139.91
shooter109,8,53,104.57,138.06
shooter109,8,54,111.45,140.18
shooter109,8,55,112.56,144.03
shooter109,8,56,121.68,145.05
shooter109,8,57,126.91,149.08
shooter109,8,58,136.79,154.37
shooter109,8,59,138.78,153.4
shooter109,8,60,145.58,155.6
shooter109,8,61,154.69,156.61
shooter109,8,62,156.96,159.04
shooter109,8,63,162.79,162.33
shooter109,8,64,166.89,162.33
shooter109,8,65,166.06,161.67
shooter109,8,66,166.89,162.33
shooter109,8,67,155.74,160.5
shooter109,8,68,153.97,162.33
shooter109,8,69,150.27,161.18
shooter109,8,70,153.52,161.35
shooter109,8,71,151.39,161.85
shooter109,8,72,152.61,159.73
shooter109,8,73,151.08,161.19
shooter109,8,74,148.45,162.33
shooter109,8,75,151.58,159.6
shooter109,8,76,146.3,160.55
shooter109,8,77,151.22,160.37
shooter109,8,78,150.4,160.42
shooter109,8,79,150.91,162.33
shooter109,8,80,144.9,162.33
shooter109,8,81,146.92,162.33
shooter109,8,82,144.9,162.33
shooter109,8,83,145.73,162.33
shooter109,8,84,145.25,162.0
shooter109,8,85,146.28,161.62
shooter109,8,86,144.91,162.33
shooter109,8,87,147.68,162.33
shooter109,8,88,143.16,161.92
shooter109,8,89,143.6,160.93
shooter109,8,90,144.89,162.21
shooter109,8,91,141.95,159.01
shooter109,8,92,144.23,161.28
shooter109,8,93,143.74,161.0
shooter109,8,94,143.36,161.0
shooter109,8,95,142.74,160.76
shooter109,8,96,143.19,162.1
shooter109,8,97,143.86,162.04
shooter109,8,98,137.82,159.38
shooter109,8,99,140.07,159.41
shooter109,8,100,141.57,157.3
shooter109,8,101,136.29,157.78
shooter109,8,102,139.16,158.58
shooter109,8,103,139.45,161.5
shooter109,8,104,136.24,161.59
shooter109,8,105,137.09,158.2
shooter109,8,106,139.03,161.83
shooter109,8,107,134.29,158.77
shooter109,8,108,134.3,161.21
shooter109,8,109,138.0,159.13
shooter109,8,110,137.55,160.52
shooter109,8,111,135.83,158.29
shooter109,8,112,134.39,156.49
shooter109,8,113,132.12,157.5
shooter109,8,114,135.96,160.08
shooter109,8,115,132.14,161.33
shooter109,8,116,135.77,159.51
shooter109,8,117,134.55,160.28
shooter109,8,118,129.98,155.68
shooter109,8,119,132.9,160.09
shooter109,8,120,134.21,160.48
shooter109,8,121,133.57,157.88
shooter109,8,122,131.57,158.31
shooter109,8,123,128.52,155.61
shooter109,8,124,131.17,156.29
shooter109,8,125,130.69,155.54
shooter109,8,126,129.82,159.54
shooter109,8,127,127.48,159.92
shooter109,8,128,130.89,155.74
shooter109,8,129,128.11,160.59
shooter109,8,130,126.47,160.07
shooter109,8,131,125.82,158.47
shooter109,8,132,125.58,160.87
shooter109,8,133,126.26,160.28
shooter109,8,134,124.48,156.31
shooter109,8,135,125.79,160.7
shooter109,9,0,129.68,160.97
shooter109,9,1,128.47,162.24
shooter109,9,2,130.26,162.09
shooter109,9,3,130.17,162.12
shooter109,9,4,128.93,161.75
shooter109,9,5,129.17,160.63
shooter109,9,6,129.07,161.28
shooter109,9,7,127.21,160.65
shooter109,9,8,126.68,158.99
shooter109,9,9,127.38,159.16
shooter109,9,10,126.56,158.52
shooter109,9,11,126.19,157.05
shooter109,9,12,125.31,155.45
shooter109,9,13,124.92,154.96
shooter109,9,14,123.03,155.29
shooter109,9,15,122.38,153.73
shooter109,9,16,121.61,152.79
shooter109,9,17,121.12,151.96
shooter109,9,18,120.94,149.41
shooter109,9,19,120.2,149.79
shooter109,9,20,118.43,147.71
shooter109,9,21,117.91,146.98
shooter109,9,22,116.37,144.93
shooter109,9,23,115.8,143.75
shooter109,9,24,115.8,142.61
shooter109,9,25,113.53,141.39
shooter109,9,26,113.65,139.65
shooter109,9,27,111.25,138.99
shooter109,9,28,110.97,138.53
shooter109,9,29,110.73,137.94
shooter109,9,30,110.12,135.16
shooter109,9,31,108.94,134.09
shooter109,9,32,108.72,134.27
shooter109,9,33,107.88,133.57
shooter109,9,34,106.77,132.52
shooter109,9,35,105.57,132.44
shooter109,9,36,104.99,130.22
shooter109,9,37,104.93,130.05
shooter109,9,38,104.5,130.32
shooter109,9,39,103.52,129.19
shooter109,9,40,103.13,128.66
shooter109,9,41,102.34,129.0
shooter109,9,42,102.2,127.52
shooter109,9,43,102.41,127.47
shooter109,9,44,102.99,127.47
shooter109,9,45,102.76,127.47
shooter109,9,46,102.2,128.38
shooter109,9,47,102.93,127.71
shooter109,9,48,103.24,129.11
shooter109,9,49,106.05,130.66
shooter109,9,50,108.99,131.39
shooter109,9,51,111.89,134.71
shooter109,9,52,115.4,136.0
shooter109,9,53,119.97,139.23
shooter109,9,54,123.44,141.51
shooter109,9,55,128.81,143.15
shooter109,9,56,133.62,146.59
shooter109,9,57,139.15,149.2
shooter109,9,58,145.01,150.83
shooter109,9,59,148.26,153.05
shooter109,9,60,152.32,156.34
shooter109,9,61,157.56,157.95
shooter109,9,62,161.01,159.7
shooter109,9,63,162.97,160.14
shooter109,9,64,164.59,161.91
shooter109,9,65,165.88,162.24
shooter109,9,66,166.41,162.24
shooter109,9,67,153.07,161.78
shooter109,9,68,151.39,162.09
shooter109,9,69,152.41,162.24
shooter109,9,70,151.52,161.6
shooter109,9,71,151.29,162.24
shooter109,9,72,149.58,161.68
shooter109,9,73,150.85,162.24
shooter109,9,74,149.67,161.43
shooter109,9,75,148.93,162.24
shooter109,9,76,148.61,162.17
shooter109,9,77,148.0,162.24
shooter109,9,78,147.34,162.24
shooter109,9,79,146.68,161.02
shooter109,9,80,146.74,161.16
shooter109,9,81,146.8,160.97
shooter109,9,82,146.74,161.79
shooter109,9,83,146.48,162.24
shooter109,9,84,145.8,160.74
shooter109,9,85,144.44,162.13
shooter109,9,86,144.67,161.37
shooter109,9,87,144.74,162.24
shooter109,9,88,144.5,161.13
shooter109,9,89,143.26,162.24
shooter109,9,90,144.07,161.33
shooter109,9,91,143.4,162.13
shooter109,9,92,143.11,161.33
shooter109,9,93,142.34,160.68
shooter109,9,94,141.44,161.52
shooter109,9,95,142.08,160.81
shooter109,9,96,141.61,160.37
shooter109,9,97,141.07,160.63
shooter109,9,98,140.79,161.34
shooter109,9,99,140.44,160.98
shooter109,9,100,139.7,159.79
shooter109,9,101,138.21,161.04
shooter109,9,102,138.49,160.15
shooter109,9,103,138.24,159.38
shooter109,9,104,138.16,159.43
shooter109,9,105,137.2,159.19
shooter109,9,106,136.84,160.34
shooter109,9,107,137.4,159.43
shooter109,9,108,135.91,159.04
shooter109,9,109,134.87,159.52
shooter109,9,110,135.63,160.46
shooter109,9,111,134.54,159.92
shooter109,9,112,133.91,159.57
shooter109,9,113,134.27,160.01
shooter109,9,114,134.52,158.64
shooter109,9,115,132.84,160.21
shooter109,9,116,132.55,158.75
shooter109,9,117,132.34,158.39
shooter109,9,118,132.39,159.04
shooter109,9,119,131.4,158.39
shooter109,9,120,131.06,158.58
shooter109,9,121,131.21,159.69
shooter109,9,122,131.38,159.0
shooter109,9,123,129.64,158.18
shooter109,9,124,129.78,159.43
shooter109,9,125,129.8,159.55
shooter109,9,126,128.23,159.93
shooter109,9,127,129.05,158.43
shooter109,9,128,127.72,159.83
shooter109,10,0,132.26,166.32
shooter109,10,1,130.72,167.11
shooter109,10,2,131.46,167.15
shooter109,10,3,131.57,166.59
shooter109,10,4,130.42,166.52
shooter109,10,5,130.08,165.26
shooter109,10,6,130.88,165.65
shooter109,10,7,128.84,165.15
shooter109,10,8,128.44,163.91
shooter109,10,9,128.38,162.27
shooter109,10,10,128.52,161.5
shooter109,10,11,127.15,161.31
shooter109,10,12,126.04,160.94
shooter109,10,13,125.54,159.51
shooter109,10,14,124.75,159.09
shooter109,10,15,124.43,157.96
shooter109,10,16,123.79,155.71
shooter109,10,17,121.73,154.41
shooter109,10,18,121.51,154.36
shooter109,10,19,120.48,152.35
shooter109,10,20,119.56,152.32
shooter109,10,21,118.11,150.91
shooter109,10,22,115.9,148.78
shooter109,10,23,116.09,147.73
shooter109,10,24,114.9,146.95
shooter109,10,25,113.8,145.68
shooter109,10,26,112.04,143.74
shooter109,10,27,110.57,143.27
shooter109,10,28,109.67,141.09
shooter109,10,29,108.66,138.87
shooter109,10,30,107.53,138.68
shooter109,10,31,106.65,137.91
shooter109,10,32,105.3,137.17
shooter109,10,33,104.74,134.29
shooter109,10,34,105.27,133.9
shooter109,10,35,103.42,133.17
shooter109,10,36,102.24,132.8
shooter109,10,37,102.2,131.57
shooter109,10,38,100.96,129.77
shooter109,10,39,99.39,130.26
shooter109,10,40,99.79,129.17
shooter109,10,41,98.73,129.01
shooter109,10,42,98.76,128.35
shooter109,10,43,97.51,126.48
shooter109,10,44,97.75,127.76
shooter109,10,45,96.91,126.44
shooter109,10,46,96.91,127.29
shooter109,10,47,97.43,126.15
shooter109,10,48,96.91,126.15
shooter109,10,49,96.91,126.15
shooter109,10,50,96.91,126.15
shooter109,10,51,97.9,128.0
shooter109,10,52,98.36,127.27
shooter109,10,53,99.96,127.66
shooter109,10,54,100.74,130.23
shooter109,10,55,103.26,130.54
shooter109,10,56,103.61,132.15
shooter109,10,57,106.71,134.43
shooter109,10,58,108.41,135.0
shooter109,10,59,110.8,135.87
shooter109,10,60,114.19,138.91
shooter109,10,61,117.46,140.82
shooter109,10,62,120.0,141.72
shooter109,10,63,122.18,144.4
shooter109,10,64,125.63,146.05
shooter109,10,65,128.16,147.43
shooter109,10,66,132.08,149.96
shooter109,10,67,134.74,153.13
shooter109,10,68,137.42,153.84
shooter109,10,69,139.94,155.56
shooter109,10,70,144.57,158.79
shooter109,10,71,145.56,159.36
shooter109,10,72,148.57,162.06
shooter109,10,73,150.6,163.4
shooter109,10,74,153.31,163.9
shooter109,10,75,154.57,164.9
shooter109,10,76,157.26,165.41
shooter109,10,77,157.57,166.35
shooter109,10,78,158.54,167.1
shooter109,10,79,159.36,168.05
shooter109,10,80,159.98,168.14
shooter109,10,81,160.54,168.49
shooter109,10,82,159.63,168.08
shooter109,10,83,160.27,168.32
shooter109,10,84,159.41,167.69
shooter109,10,85,158.61,167.96
shooter109,10,86,158.37,168.49
shooter109,10,87,146.59,168.49
shooter109,10,88,145.9,168.07
shooter109,10,89,145.77,168.36
shooter109,10,90,145.97,168.04
shooter109,10,91,144.03,168.49
shooter109,10,92,144.33,167.74
shooter109,10,93,143.97,168.3
shooter109,10,94,143.24,167.19
shooter109,10,95,143.22,167.5
shooter109,10,96,143.07,167.57
shooter109,10,97,142.71,166.6
shooter109,10,98,142.48,167.43
shooter109,10,99,140.89,167.27
shooter109,10,100,141.26,166.29
shooter109,10,101,141.46,167.82
shooter109,10,102,140.45,165.86
shooter109,10,103,140.45,167.31
shooter109,10,104,139.92,166.34
shooter109,10,105,139.27,165.64
shooter109,10,106,138.1,165.25
shooter109,10,107,138.81,166.25
shooter109,10,108,138.21,166.19
shooter109,10,109,136.75,165.86
shooter109,10,110,136.75,165.18
shooter109,10,111,136.06,164.51
shooter109,10,112,136.68,165.57
shooter109,10,113,135.17,165.56
shooter109,10,114,136.42,164.42
shooter109,10,115,136.23,165.15
shooter109,10,116,135.89,164.57
shooter109,10,117,133.99,164.19
shooter109,10,118,134.13,164.19
shooter109,10,119,134.52,163.02
shooter109,10,120,133.71,162.9
shooter109,10,121,132.54,163.95
shooter109,10,122,133.21,164.29
shooter109,10,123,132.29,163.22
shooter109,10,124,132.2,162.18
shooter109,10,125,132.28,162.07
shooter109,10,126,131.94,162.74
shooter109,10,127,130.55,163.0
shooter109,10,128,129.45,161.89
shooter109,10,129,129.98,161.54
shooter109,10,130,129.63,162.83
shooter109,10,131,129.08,161.57
shooter109,10,132,128.38,162.07
shooter109,10,133,128.3,162.59
shooter109,10,134,127.81,161.31
shooter109,10,135,128.23,161.88
shooter109,10,136,127.62,161.17
shooter109,10,137,126.33,161.6
shooter109,10,138,126.28,162.7
shooter109,10,139,125.87,162.22
shooter109,10,140,125.36,160.88
shooter109,10,141,124.06,161.1
shooter110,1,0,133.14,162.39
shooter110,1,1,132.78,162.61
shooter110,1,2,133.61,161.87
shooter110,1,3,133.5,161.88
shooter110,1,4,132.84,161.25
shooter110,1,5,132.68,162.34
shooter110,1,6,131.51,161.69
shooter110,1,7,131.98,161.68
shooter110,1,8,132.27,160.29
shooter110,1,9,131.4,161.23
shooter110,1,10,131.56,159.49
shooter110,1,11,130.62,158.98
shooter110,1,12,130.15,159.65
shooter110,1,13,128.89,158.45
shooter110,1,14,127.65,158.39
shooter110,1,15,128.42,157.11
shooter110,1,16,127.17,155.67
shooter110,1,17,126.9,155.25
shooter110,1,18,125.51,155.44
shooter110,1,19,124.35,153.94
shooter110,1,20,122.85,153.59
shooter110,1,21,122.49,151.7
shooter110,1,22,121.99,151.34
shooter110,1,23,121.73,151.39
shooter110,1,24,120.6,150.75
shooter110,1,25,119.02,148.67
shooter110,1,26,117.94,147.51
shooter110,1,27,116.15,146.36
shooter110,1,28,115.83,145.72
shooter110,1,29,116.13,146.3
shooter110,1,30,114.7,144.7
shooter110,1,31,113.32,143.55
shooter110,1,32,113.06,143.72
shooter110,1,33,110.46,142.96
shooter110,1,34,111.43,141.34
shooter110,1,35,110.03,141.67
shooter110,1,36,107.8,140.08
shooter110,1,37,108.35,138.99
shooter110,1,38,106.3,139.61
shooter110,1,39,106.63,137.5
shooter110,1,40,105.21,138.6
shooter110,1,41,104.33,137.29
shooter110,1,42,104.49,137.39
shooter110,1,43,103.48,135.45
shooter110,1,44,102.15,135.45
shooter110,1,45,103.13,136.05
shooter110,1,46,101.52,135.65
shooter110,1,47,101.78,135.44
shooter110,1,48,101.36,134.06
shooter110,1,49,99.91,134.53
shooter110,1,50,101.49,134.06
shooter110,1,51,100.15,134.06
shooter110,1,52,99.82,134.06
shooter110,1,53,99.82,134.56
shooter110,1,54,100.05,134.38
shooter110,1,55,99.82,134.15
shooter110,1,56,99.82,135.78
shooter110,1,57,100.41,136.73
shooter110,1,58,101.37,136.24
shooter110,1,59,101.5,138.06
shooter110,1,60,102.81,139.05
shooter110,1,61,103.8,138.91
shooter110,1,62,105.51,140.95
shooter110,1,63,108.06,142.65
shooter110,1,64,109.29,143.56
shooter110,1,65,111.27,143.5
shooter110,1,66,113.52,146.06
shooter110,1,67,116.47,147.85
shooter110,1,68,118.77,148.99
shooter110,1,69,120.92,149.28
shooter110,1,70,123.86,150.93
shooter110,1,71,126.37,153.73
shooter110,1,72,127.56,154.51
shooter110,1,73,130.62,156.82
shooter110,1,74,132.75,157.03
shooter110,1,75,136.14,159.08
shooter110,1,76,137.12,158.67
shooter110,1,77,139.14,161.34
shooter110,1,78,141.34,162.34
shooter110,1,79,142.92,162.19
shooter110,1,80,144.81,162.82
shooter110,1,81,145.09,164.63
shooter110,1,82,145.77,164.85
shooter110,1,83,147.07,164.84
shooter110,1,84,147.37,164.72
shooter110,1,85,147.37,164.92
shooter110,1,86,147.35,164.92
shooter110,1,87,146.85,164.74
shooter110,1,88,145.88,164.88
shooter110,1,89,147.34,164.07
shooter110,1,90,146.48,164.92
shooter110,1,91,145.19,164.92
shooter110,1,92,145.53,164.48
shooter110,1,93,133.49,164.34
shooter110,1,94,132.4,164.17
shooter110,1,95,133.03,163.95
shooter110,1,96,132.47,164.92
shooter110,1,97,131.24,164.92
shooter110,1,98,132.35,164.27
shooter110,1,99,131.87,163.54
shooter110,1,100,130.1,163.51
shooter110,1,101,130.05,164.56
shooter110,1,102,130.56,163.45
shooter110,1,103,129.18,163.64
shooter110,1,104,129.88,164.76
shooter110,1,105,127.97,163.9
shooter110,1,106,128.62,164.24
shooter110,1,107,127.97,162.71
shooter110,1,108,127.06,163.05
shooter110,1,109,127.41,164.05
shooter110,1,110,125.62,163.76
shooter110,1,111,125.63,163.45
shooter110,1,112,125.29,163.05
shooter110,1,113,124.6,162.28
shooter110,1,114,124.04,162.78
shooter110,1,115,124.28,161.57
shooter110,1,116,123.61,161.74
shooter110,1,117,123.04,162.23
shooter110,1,118,122.68,161.06
shooter110,1,119,123.62,161.38
shooter110,1,120,121.76,161.07
shooter110,1,121,122.62,161.32
shooter110,1,122,120.88,162.2
shooter110,1,123,120.45,162.24
shooter110,1,124,120.85,160.54
shooter110,1,125,120.33,160.53
shooter110,1,126,120.26,161.63
shooter110,1,127,120.18,160.14
shooter110,1,128,118.99,161.15
shooter110,1,129,118.36,159.7
shooter110,1,130,119.21,160.7
shooter110,1,131,117.5,159.81
shooter110,1,132,118.37,160.65
shooter110,1,133,117.54,160.07
shooter110,1,134,116.55,159.28
shooter110,1,135,116.2,159.61
shooter110,1,136,115.91,159.73
shooter110,1,137,115.95,160.58
shooter110,1,138,116.33,159.45
shooter110,1,139,114.61,158.7
shooter110,1,140,115.45,159.42
shooter110,1,141,113.58,158.66
shooter110,1,142,113.0,159.9
shooter110,1,143,113.43,159.73
shooter110,1,144,113.92,158.25
shooter110,1,145,112.54,159.11
shooter110,1,146,112.77,159.27
shooter110,1,147,111.72,158.32
shooter110,1,148,112.07,159.03
shooter110,1,149,111.6,158.66
shooter110,1,150,110.94,158.66
shooter110,1,151,110.4,158.77
shooter110,1,152,109.81,158.79
shooter110,1,153,110.28,159.05
shooter110,1,154,109.08,158.53
shooter110,1,155,108.24,159.07
shooter110,2,0,122.78,165.66
shooter110,2,1,121.39,165.46
shooter110,2,2,125.95,164.43
shooter110,2,3,126.07,165.21
shooter110,2,4,124.1,163.62
shooter110,2,5,125.51,163.52
shooter110,2,6,124.09,162.94
shooter110,2,7,122.03,162.76
shooter110,2,8,119.8,162.22
shooter110,2,9,124.11,162.99
shooter110,2,10,121.92,161.22
shooter110,2,11,119.25,160.59
shooter110,2,12,117.2,159.35
shooter110,2,13,120.49,158.5
shooter110,2,14,119.73,157.99
shooter110,2,15,117.36,156.97
shooter110,2,16,119.26,156.5
shooter110,2,17,114.71,155.27
shooter110,2,18,117.14,154.32
shooter110,2,19,114.36,154.31
shooter110,2,20,114.06,153.94
shooter110,2,21,114.21,151.12
shooter110,2,22,112.75,151.54
shooter110,2,23,108.55,150.49
shooter110,2,24,111.08,149.39
shooter110,2,25,108.18,148.67
shooter110,2,26,104.3,147.39
shooter110,2,27,107.18,147.34
shooter110,2,28,105.26,144.95
shooter110,2,29,104.64,144.77
shooter110,2,30,103.07,144.35
shooter110,2,31,100.21,144.13
shooter110,2,32,100.17,142.6
shooter110,2,33,102.94,142.95
shooter110,2,34,99.16,141.74
shooter110,2,35,100.93,141.31
shooter110,2,36,99.87,141.1
shooter110,2,37,97.52,140.54
shooter110,2,38,97.52,139.8
shooter110,2,39,97.66,140.05
shooter110,2,40,100.34,139.18
shooter110,2,41,100.47,140.08
shooter110,2,42,97.52,139.18
shooter110,2,43,97.52,139.64
shooter110,2,44,97.52,139.18
shooter110,2,45,97.52,140.4
shooter110,2,46,99.11,141.54
shooter110,2,47,100.79,143.06
shooter110,2,48,104.76,145.65
shooter110,2,49,105.96,148.02
shooter110,2,50,113.28,149.74
shooter110,2,51,114.61,151.36
shooter110,2,52,118.52,154.75
shooter110,2,53,126.47,156.74
shooter110,2,54,127.47,158.5
shooter110,2,55,129.98,159.89
shooter110,2,56,134.21,162.22
shooter110,2,57,140.86,163.19
shooter110,2,58,142.64,163.9
shooter110,2,59,144.46,165.73
shooter110,2,60,142.97,166.22
shooter110,2,61,145.89,166.22
shooter110,2,62,145.13,166.22
shooter110,2,63,145.3,166.22
shooter110,2,64,144.73,166.22
shooter110,2,65,145.34,165.29
shooter110,2,66,146.59,165.18
shooter110,2,67,145.86,166.22
shooter110,2,68,132.56,166.22
shooter110,2,69,131.84,166.03
shooter110,2,70,129.3,165.02
shooter110,2,71,131.32,165.21
shooter110,2,72,128.24,165.28
shooter110,2,73,131.17,166.05
shooter110,2,74,129.2,165.7
shooter110,2,75,129.58,164.85
shooter110,2,76,130.87,165.57
shooter110,2,77,127.53,166.22
shooter110,2,78,125.49,165.27
shooter110,2,79,129.84,164.6
shooter110,2,80,126.28,165.36
shooter110,2,81,126.13,165.96
shooter110,2,82,125.07,164.23
shooter110,2,83,125.41,164.21
shooter110,2,84,125.62,164.92
shooter110,2,85,127.15,164.36
shooter110,2,86,126.01,165.35
shooter110,2,87,124.37,164.87
shooter110,2,88,125.47,163.63
shooter110,2,89,125.58,164.96
shooter110,2,90,120.44,164.38
shooter110,2,91,123.24,163.97
shooter110,2,92,119.55,163.37
shooter110,2,93,120.74,164.04
shooter110,2,94,123.06,164.42
shooter110,2,95,122.84,162.59
shooter110,2,96,122.99,163.14
shooter110,2,97,120.28,164.15
shooter110,2,98,117.39,162.93
shooter110,2,99,117.25,162.13
shooter110,2,100,117.56,162.15
shooter110,2,101,117.92,163.22
shooter110,2,102,118.45,163.14
shooter110,2,103,118.77,161.87
shooter110,2,104,115.47,161.98
shooter110,2,105,115.22,162.58
shooter110,2,106,114.73,162.73
shooter110,2,107,117.82,161.59
shooter110,2,108,114.7,162.11
shooter110,2,109,113.49,162.24
shooter110,2,110,114.68,161.15
shooter110,2,111,113.18,161.43
shooter110,2,112,113.51,162.76
shooter110,2,113,115.83,162.62
shooter110,2,114,112.49,161.46
shooter110,2,115,111.14,162.5
shooter110,2,116,111.08,161.99
shooter110,2,117,109.5,162.66
shooter110,2,118,114.3,162.6
shooter110,2,119,112.67,161.88
shooter110,2,120,110.87,161.57
shooter110,2,121,111.06,160.91
shooter110,2,122,108.81,161.68
shooter110,3,0,130.78,163.6
shooter110,3,1,130.79,163.52
shooter110,3,2,130.23,163.76
shooter110,3,3,131.16,164.33
shooter110,3,4,130.63,163.77
shooter110,3,5,129.89,164.23
shooter110,3,6,129.69,164.21
shooter110,3,7,129.24,162.76
shooter110,3,8,128.99,163.94
shooter110,3,9,128.7,161.95
shooter110,3,10,127.8,162.02
shooter110,3,11,128.22,162.76
shooter110,3,12,127.85,161.1
shooter110,3,13,126.4,160.75
shooter110,3,14,126.1,161.81
shooter110,3,15,125.82,161.21
shooter110,3,16,123.59,160.51
shooter110,3,17,122.79,158.72
shooter110,3,18,121.74,158.34
shooter110,3,19,121.63,157.74
shooter110,3,20,120.53,157.08
shooter110,3,21,120.08,158.05
shooter110,3,22,118.94,155.84
shooter110,3,23,117.48,156.4
shooter110,3,24,116.92,154.39
shooter110,3,25,115.23,154.75
shooter110,3,26,115.27,153.18
shooter110,3,27,113.75,152.53
shooter110,3,28,112.44,152.25
shooter110,3,29,111.36,153.01
shooter110,3,30,111.67,151.82
shooter110,3,31,109.76,151.24
shooter110,3,32,109.62,149.93
shooter110,3,33,108.97,150.2
shooter110,3,34,107.4,149.54
shooter110,3,35,105.74,148.54
shooter110,3,36,105.8,148.44
shooter110,3,37,103.84,148.29
shooter110,3,38,104.48,147.98
shooter110,3,39,103.55,147.58
shooter110,3,40,102.04,146.11
shooter110,3,41,101.02,144.78
shooter110,3,42,101.18,144.78
shooter110,3,43,100.22,144.35
shooter110,3,44,98.73,144.22
shooter110,3,45,99.37,144.04
shooter110,3,46,97.97,144.38
shooter110,3,47,98.59,143.86
shooter110,3,48,98.0,143.91
shooter110,3,49,96.49,144.39
shooter110,3,50,96.1,143.15
shooter110,3,51,96.08,143.15
shooter110,3,52,96.65,143.5
shooter110,3,53,95.6,143.15
shooter110,3,54,95.6,143.22
shooter110,3,55,95.95,144.27
shooter110,3,56,95.6,143.38
shooter110,3,57,95.6,144.91
shooter110,3,58,97.26,146.49
shooter110,3,59,98.17,146.56
shooter110,3,60,100.15,148.01
shooter110,3,61,101.91,148.29
shooter110,3,62,105.27,150.26
shooter110,3,63,108.44,151.13
shooter110,3,64,111.61,153.73
shooter110,3,65,116.36,155.34
shooter110,3,66,118.3,157.62
shooter110,3,67,122.84,158.54
shooter110,3,68,127.5,158.76
shooter110,3,69,129.84,161.82
shooter110,3,70,134.73,162.12
shooter110,3,71,136.86,164.07
shooter110,3,72,139.11,164.21
shooter110,3,73,141.36,166.07
shooter110,3,74,143.74,167.1
shooter110,3,75,146.32,165.91
shooter110,3,76,146.61,167.15
shooter110,3,77,146.61,167.16
shooter110,3,78,145.79,166.73
shooter110,3,79,146.41,166.83
shooter110,3,80,146.27,167.16
shooter110,3,81,145.84,166.7
shooter110,3,82,145.47,166.15
shooter110,3,83,146.03,167.16
shooter110,3,84,145.95,167.16
shooter110,3,85,146.55,166.48
shooter110,3,86,145.88,167.16
shooter110,3,87,145.06,167.16
shooter110,3,88,145.01,167.16
shooter110,3,89,146.29,166.79
shooter110,3,90,146.18,166.17
shooter110,3,91,145.12,165.98
shooter110,3,92,133.34,167.16
shooter110,3,93,132.54,167.16
shooter110,3,94,131.12,166.87
shooter110,3,95,130.99,166.32
shooter110,3,96,131.96,165.98
shooter110,3,97,130.43,166.52
shooter110,3,98,129.68,165.03
shooter110,3,99,129.86,165.96
shooter110,3,100,128.82,166.16
shooter110,3,101,129.59,166.2
shooter110,3,102,129.2,165.48
shooter110,3,103,128.81,165.95
shooter110,3,104,128.04,164.54
shooter110,3,105,127.8,164.69
shooter110,3,106,126.65,164.39
shooter110,3,107,127.37,164.66
shooter110,3,108,125.5,164.54
shooter110,3,109,125.32,164.47
shooter110,3,110,126.4,164.53
shooter110,3,111,125.93,164.34
shooter110,3,112,124.63,164.32
shooter110,3,113,124.21,164.72
shooter110,3,114,123.04,163.36
shooter110,3,115,123.73,163.65
shooter110,3,116,122.07,162.82
shooter110,3,117,122.24,162.75
shooter110,3,118,122.05,163.78
shooter110,3,119,122.6,164.19
shooter110,3,120,122.35,162.93
shooter110,3,121,121.96,162.99
shooter110,3,122,121.21,162.49
shooter110,3,123,119.79,162.23
shooter110,3,124,118.9,163.6
shooter110,3,125,119.26,162.86
shooter110,3,126,118.6,163.01
shooter110,3,127,118.92,163.26
shooter110,3,128,117.95,162.56
shooter110,3,129,118.59,161.64
shooter110,3,130,117.16,162.61
shooter110,3,131,116.77,162.58
shooter110,3,132,117.13,161.82
shooter110,3,133,116.39,162.14
shooter110,3,134,115.32,161.79
shooter110,3,135,115.76,161.4
shooter110,3,136,115.14,162.01
shooter110,3,137,113.82,161.09
shooter110,3,138,114.14,161.18
shooter110,3,139,114.65,161.27
shooter110,3,140,112.83,161.64
shooter110,3,141,112.84,162.06
shooter110,3,142,112.16,161.54
shooter110,3,143,112.28,161.72
shooter110,3,144,112.76,160.82
shooter110,3,145,111.03,161.38
shooter110,3,146,111.68,160.38
shooter110,3,147,111.29,161.08
shooter110,3,148,109.73,161.52
shooter110,3,149,110.36,160.49
shooter110,3,150,110.39,161.94
shooter110,4,0,122.98,163.34
shooter110,4,1,121.88,163.34
shooter110,4,2,122.8,164.87
shooter110,4,3,122.85,164.68
shooter110,4,4,122.74,163.54
shooter110,4,5,122.01,163.56
shooter110,4,6,121.47,163.43
shooter110,4,7,120.63,162.4
shooter110,4,8,119.27,162.06
shooter110,4,9,119.58,162.04
shooter110,4,10,118.92,159.76
shooter110,4,11,117.2,158.95
shooter110,4,12,117.67,159.37
shooter110,4,13,115.75,158.41
shooter110,4,14,115.76,156.46
shooter110,4,15,114.58,155.73
shooter110,4,16,114.4,155.49
shooter110,4,17,112.09,154.07
shooter110,4,18,110.9,153.79
shooter110,4,19,110.57,152.56
shooter110,4,20,109.26,150.72
shooter110,4,21,107.51,149.92
shooter110,4,22,107.24,148.7
shooter110,4,23,106.63,146.41
shooter110,4,24,105.09,145.88
shooter110,4,25,102.82,144.71
shooter110,4,26,101.66,144.43
shooter110,4,27,101.08,143.21
shooter110,4,28,100.1,140.38
shooter110,4,29,99.5,140.79
shooter110,4,30,96.56,139.19
shooter110,4,31,96.27,136.89
shooter110,4,32,96.0,136.54
shooter110,4,33,93.12,136.51
shooter110,4,34,93.74,134.44
shooter110,4,35,91.66,134.12
shooter110,4,36,91.15,132.98
shooter110,4,37,89.58,132.17
shooter110,4,38,89.47,131.14
shooter110,4,39,88.72,130.4
shooter110,4,40,86.4,130.55
shooter110,4,41,86.78,128.95
shooter110,4,42,84.61,127.96
shooter110,4,43,84.46,127.93
shooter110,4,44,84.41,128.14
shooter110,4,45,83.98,127.28
shooter110,4,46,83.03,127.53
shooter110,4,47,82.45,126.72
shooter110,4,48,81.99,126.92
shooter110,4,49,81.99,126.72
shooter110,4,50,81.99,126.92
shooter110,4,51,81.99,127.55
shooter110,4,52,81.99,128.33
shooter110,4,53,81.99,129.4
shooter110,4,54,83.91,129.83
shooter110,4,55,83.94,131.81
shooter110,4,56,86.3,133.04
shooter110,4,57,87.99,134.81
shooter110,4,58,90.46,136.97
shooter110,4,59,94.82,138.96
shooter110,4,60,97.71,140.41
shooter110,4,61,101.45,144.13
shooter110,4,62,105.48,146.13
shooter110,4,63,110.24,147.56
shooter110,4,64,113.54,150.09
shooter110,4,65,116.93,153.01
shooter110,4,66,121.22,154.94
shooter110,4,67,125.54,157.34
shooter110,4,68,129.84,158.71
shooter110,4,69,131.28,161.06
shooter110,4,70,134.41,160.96
shooter110,4,71,137.07,163.23
shooter110,4,72,139.86,163.7
shooter110,4,73,139.54,164.26
shooter110,4,74,141.43,165.21
shooter110,4,75,141.43,165.21
shooter110,4,76,140.91,164.57
shooter110,4,77,141.7,164.31
shooter110,4,78,141.17,165.21
shooter110,4,79,140.22,164.5
shooter110,4,80,140.32,165.21
shooter110,4,81,140.26,164.66
shooter110,4,82,140.12,164.89
shooter110,4,83,140.83,164.11
shooter110,4,84,140.52,165.05
shooter110,4,85,128.07,164.3
shooter110,4,86,127.05,164.73
shooter110,4,87,126.33,165.21
shooter110,4,88,125.37,164.24
shooter110,4,89,126.42,164.93
shooter110,4,90,124.58,163.99
shooter110,4,91,124.63,164.72
shooter110,4,92,124.97,163.99
shooter110,4,93,124.76,164.69
shooter110,4,94,122.97,164.78
shooter110,4,95,123.65,164.9
shooter110,4,96,122.3,164.88
shooter110,4,97,123.14,163.42
shooter110,4,98,122.69,163.1
shooter110,4,99,122.33,162.83
shooter110,4,100,120.56,164.07
shooter110,4,101,121.15,162.9
shooter110,4,102,120.11,164.01
shooter110,4,103,120.22,164.23
shooter110,4,104,120.81,162.49
shooter110,4,105,118.61,162.65
shooter110,4,106,119.22,163.03
shooter110,4,107,117.96,162.73
shooter110,4,108,118.25,162.62
shooter110,4,109,117.87,162.09
shooter110,4,110,117.34,163.33
shooter110,4,111,117.31,162.81
shooter110,4,112,117.58,161.66
shooter110,4,113,116.84,161.26
shooter110,4,114,116.75,162.68
shooter110,4,115,114.81,161.1
shooter110,4,116,116.02,162.74
shooter110,4,117,114.24,161.95
shooter110,4,118,113.3,162.67
shooter110,4,119,113.7,162.28
shooter110,4,120,112.92,162.45
shooter110,4,121,113.55,162.08
shooter110,4,122,111.8,161.68
shooter110,4,123,112.33,160.82
shooter110,4,124,111.41,161.87
shooter110,4,125,110.84,161.55
shooter110,4,126,111.78,161.23
shooter110,4,127,110.66,161.41
shooter110,4,128,109.88,160.72
shooter110,4,129,110.32,161.04
shooter110,4,130,110.14,160.46
shooter110,4,131,108.91,161.01
shooter110,4,132,107.99,161.12
shooter110,4,133,109.22,161.9
shooter110,5,0,118.27,161.84
shooter110,5,1,123.43,161.18
shooter110,5,2,121.57,161.11
shooter110,5,3,119.58,161.58
shooter110,5,4,122.07,160.48
shooter110,5,5,117.37,159.68
shooter110,5,6,117.12,160.9
shooter110,5,7,117.08,160.24
shooter110,5,8,119.95,158.24
shooter110,5,9,117.23,157.88
shooter110,5,10,117.99,158.89
shooter110,5,11,114.82,157.16
shooter110,5,12,117.33,157.33
shooter110,5,13,116.67,155.52
shooter110,5,14,113.49,154.94
shooter110,5,15,111.36,155.37
shooter110,5,16,112.95,155.08
shooter110,5,17,109.74,153.34
shooter110,5,18,108.1,151.62
shooter110,5,19,109.88,151.18
shooter110,5,20,108.22,150.31
shooter110,5,21,108.79,150.9
shooter110,5,22,104.77,149.02
shooter110,5,23,103.3,149.22
shooter110,5,24,104.72,148.2
shooter110,5,25,104.01,146.53
shooter110,5,26,101.23,144.84
shooter110,5,27,100.36,145.92
shooter110,5,28,97.43,143.19
shooter110,5,29,98.51,144.1
shooter110,5,30,100.49,142.46
shooter110,5,31,94.47,141.52
shooter110,5,32,96.3,141.04
shooter110,5,33,92.14,140.28
shooter110,5,34,93.18,140.33
shooter110,5,35,95.03,139.53
shooter110,5,36,93.17,138.37
shooter110,5,37,89.6,138.43
shooter110,5,38,91.24,137.76
shooter110,5,39,89.24,138.42
shooter110,5,40,89.78,138.04
shooter110,5,41,91.76,137.23
shooter110,5,42,89.24,137.72
shooter110,5,43,89.29,136.52
shooter110,5,44,89.39,136.52
shooter110,5,45,91.4,136.52
shooter110,5,46,89.24,137.31
shooter110,5,47,89.83,136.79
shooter110,5,48,89.24,138.37
shooter110,5,49,89.34,138.43
shooter110,5,50,92.03,138.61
shooter110,5,51,97.43,140.92
shooter110,5,52,96.19,142.51
shooter110,5,53,104.83,143.82
shooter110,5,54,105.24,146.3
shooter110,5,55,111.47,147.72
shooter110,5,56,111.69,149.01
shooter110,5,57,116.38,151.59
shooter110,5,58,122.72,152.64
shooter110,5,59,124.55,155.48
shooter110,5,60,129.08,156.08
shooter110,5,61,134.41,158.45
shooter110,5,62,136.67,159.39
shooter110,5,63,140.62,160.04
shooter110,5,64,138.53,162.18
shooter110,5,65,143.58,162.54
shooter110,5,66,144.94,163.67
shooter110,5,67,145.47,163.86
shooter110,5,68,145.47,163.91
shooter110,5,69,146.79,163.31
shooter110,5,70,147.49,163.91
shooter110,5,71,143.78,163.8
shooter110,5,72,143.01,163.76
shooter110,5,73,142.81,162.78
shooter110,5,74,143.29,163.33
shooter110,5,75,146.26,163.91
shooter110,5,76,144.8,163.91
shooter110,5,77,144.38,163.64
shooter110,5,78,147.72,163.47
shooter110,5,79,147.64,163.23
shooter110,5,80,145.45,163.53
shooter110,5,81,144.95,163.65
shooter110,5,82,143.8,162.36
shooter110,5,83,144.91,163.21
shooter110,5,84,144.6,162.12
shooter110,5,85,128.51,161.54
shooter110,5,86,132.62,161.47
shooter110,5,87,130.3,161.25
shooter110,5,88,128.61,161.54
shooter110,5,89,130.87,161.06
shooter110,5,90,129.16,160.79
shooter110,5,91,127.95,160.73
shooter110,5,92,127.05,160.32
shooter110,5,93,125.62,160.74
shooter110,5,94,127.89,161.5
shooter110,5,95,126.72,160.77
shooter110,5,96,124.31,159.59
shooter110,5,97,128.54,160.01
shooter110,5,98,128.12,159.91
shooter110,5,99,125.81,159.2
shooter110,5,100,127.5,159.4
shooter110,5,101,124.96,159.13
shooter110,5,102,122.68,159.24
shooter110,5,103,124.38,159.45
shooter110,5,104,122.75,158.82
shooter110,5,105,123.18,157.82
shooter110,5,106,125.89,157.6
shooter110,5,107,121.8,159.08
shooter110,5,108,120.57,158.52
shooter110,5,109,119.64,158.27
shooter110,5,110,123.77,158.61
shooter110,5,111,118.16,157.71
shooter110,5,112,123.11,156.62
shooter110,5,113,117.64,157.76
shooter110,5,114,121.39,156.51
shooter110,5,115,118.23,157.39
shooter110,5,116,117.57,156.74
shooter110,5,117,116.75,155.88
shooter110,5,118,116.08,155.83
shooter110,5,119,115.27,156.4
shooter110,5,120,115.4,156.72
shooter110,5,121,117.6,155.8
shooter110,5,122,117.09,155.6
shooter110,5,123,114.96,156.08
shooter110,5,124,116.95,156.89
shooter110,5,125,117.09,156.81
shooter110,5,126,117.95,156.59
shooter110,5,127,114.31,156.06
shooter110,5,128,113.52,156.08
shooter110,6,0,120.87,160.02
shooter110,6,1,121.67,160.02
shooter110,6,2,121.99,158.96
shooter110,6,3,120.59,158.83
shooter110,6,4,121.24,158.54
shooter110,6,5,121.1,159.42
shooter110,6,6,120.0,157.83
shooter110,6,7,118.45,157.18
shooter110,6,8,117.96,157.31
shooter110,6,9,118.03,157.87
shooter110,6,10,117.57,155.91
shooter110,6,11,114.97,156.04
shooter110,6,12,114.6,154.12
shooter110,6,13,113.37,154.27
shooter110,6,14,112.65,153.35
shooter110,6,15,112.18,153.1
shooter110,6,16,110.45,151.8
shooter110,6,17,109.24,149.65
shooter110,6,18,108.14,149.23
shooter110,6,19,106.64,147.41
shooter110,6,20,105.66,146.87
shooter110,6,21,103.15,147.29
shooter110,6,22,101.62,145.21
shooter110,6,23,101.87,144.99
shooter110,6,24,99.81,142.25
shooter110,6,25,98.1,142.92
shooter110,6,26,97.08,141.92
shooter110,6,27,96.17,140.44
shooter110,6,28,93.83,138.38
shooter110,6,29,93.39,138.94
shooter110,6,30,91.36,138.06
shooter110,6,31,91.71,135.77
shooter110,6,32,90.01,136.4
shooter110,6,33,89.47,135.48
shooter110,6,34,88.31,133.37
shooter110,6,35,87.58,133.05
shooter110,6,36,85.8,132.28
shooter110,6,37,84.63,132.02
shooter110,6,38,85.46,132.28
shooter110,6,39,84.85,131.79
shooter110,6,40,84.33,130.0
shooter110,6,41,84.12,130.42
shooter110,6,42,83.01,130.14
shooter110,6,43,82.6,129.79
shooter110,6,44,83.03,130.21
shooter110,6,45,82.39,129.74
shooter110,6,46,83.28,129.74
shooter110,6,47,84.31,130.05
shooter110,6,48,85.44,131.88
shooter110,6,49,87.25,131.79
shooter110,6,50,90.52,133.33
shooter110,6,51,94.27,135.91
shooter110,6,52,96.41,137.41
shooter110,6,53,100.72,138.99
shooter110,6,54,105.72,140.22
shooter110,6,55,110.51,142.98
shooter110,6,56,114.7,145.16
shooter110,6,57,119.14,146.86
shooter110,6,58,122.59,148.22
shooter110,6,59,127.56,150.9
shooter110,6,60,132.49,153.08
shooter110,6,61,135.09,155.69
shooter110,6,62,138.35,156.78
shooter110,6,63,141.04,156.83
shooter110,6,64,143.24,158.25
shooter110,6,65,144.92,159.45
shooter110,6,66,146.41,159.77
shooter110,6,67,146.41,160.02
shooter110,6,68,146.42,160.02
shooter110,6,69,145.88,160.02
shooter110,6,70,146.54,160.02
shooter110,6,71,144.94,159.8
shooter110,6,72,144.62,160.02
shooter110,6,73,144.98,160.02
shooter110,6,74,145.91,159.8
shooter110,6,75,145.15,158.86
shooter110,6,76,144.78,158.96
shooter110,6,77,144.12,159.01
shooter110,6,78,143.73,160.02
shooter110,6,79,144.84,159.66
shooter110,6,80,143.57,160.02
shooter110,6,81,132.83,159.22
shooter110,6,82,132.63,158.13
shooter110,6,83,131.93,158.78
shooter110,6,84,130.68,157.91
shooter110,6,85,130.39,159.35
shooter110,6,86,129.46,157.95
shooter110,6,87,130.95,157.63
shooter110,6,88,130.28,158.1
shooter110,6,89,129.02,158.53
shooter110,6,90,129.59,157.77
shooter110,6,91,127.72,156.66
shooter110,6,92,127.09,157.9
shooter110,6,93,126.88,156.32
shooter110,6,94,127.98,157.29
shooter110,6,95,126.13,157.14
shooter110,6,96,125.55,156.16
shooter110,6,97,125.38,156.47
shooter110,6,98,125.44,155.42
shooter110,6,99,125.2,155.82
shooter110,6,100,124.28,156.33
shooter110,6,101,125.02,155.5
shooter110,6,102,124.93,154.88
shooter110,6,103,123.19,155.99
shooter110,6,104,124.07,155.98
shooter110,6,105,123.45,156.09
shooter110,6,106,123.18,155.99
shooter110,6,107,121.13,155.11
shooter110,6,108,122.28,154.82
shooter110,6,109,121.38,155.07
shooter110,6,110,119.89,155.38
shooter110,6,111,120.92,154.66
shooter110,6,112,119.49,155.61
shooter110,6,113,120.2,154.83
shooter110,6,114,119.46,154.1
shooter110,6,115,118.79,155.02
shooter110,6,116,117.46,153.69
shooter110,6,117,118.79,155.23
shooter110,6,118,116.91,154.01
shooter110,6,119,117.87,154.68
shooter110,6,120,117.19,154.56
shooter110,7,0,139.95,163.04
shooter110,7,1,139.35,163.5
shooter110,7,2,140.03,164.08
shooter110,7,3,138.6,163.54
shooter110,7,4,138.37,162.58
shooter110,7,5,138.99,162.52
shooter110,7,6,138.31,163.16
shooter110,7,7,137.6,161.95
shooter110,7,8,137.13,161.19
shooter110,7,9,136.57,161.31
shooter110,7,10,134.61,160.16
shooter110,7,11,133.99,160.43
shooter110,7,12,133.29,160.69
shooter110,7,13,132.4,160.04
shooter110,7,14,132.8,158.69
shooter110,7,15,130.92,158.56
shooter110,7,16,130.08,157.71
shooter110,7,17,128.2,157.24
shooter110,7,18,128.64,156.32
shooter110,7,19,125.77,155.58
shooter110,7,20,124.73,153.42
shooter110,7,21,124.98,152.44
shooter110,7,22,122.38,151.35
shooter110,7,23,122.45,151.71
shooter110,7,24,120.3,151.37
shooter110,7,25,119.87,150.6
shooter110,7,26,117.14,149.41
shooter110,7,27,116.44,148.47
shooter110,7,28,115.44,146.94
shooter110,7,29,114.46,145.91
shooter110,7,30,113.63,145.39
shooter110,7,31,111.21,143.27
shooter110,7,32,110.82,143.94
shooter110,7,33,108.62,142.81
shooter110,7,34,108.76,140.99
shooter110,7,35,107.92,141.1
shooter110,7,36,105.07,140.24
shooter110,7,37,104.1,139.84
shooter110,7,38,104.53,139.2
shooter110,7,39,103.78,137.33
shooter110,7,40,102.44,137.77
shooter110,7,41,101.24,135.87
shooter110,7,42,101.1,135.69
shooter110,7,43,99.46,135.33
shooter110,7,44,100.22,135.44
shooter110,7,45,99.37,135.15
shooter110,7,46,98.95,132.96
shooter110,7,47,98.47,134.02
shooter110,7,48,98.28,133.96
shooter110,7,49,96.8,133.83
shooter110,7,50,97.77,132.27
shooter110,7,51,96.8,132.27
shooter110,7,52,96.8,132.37
shooter110,7,53,96.8,133.1
shooter110,7,54,96.88,132.27
shooter110,7,55,98.05,132.41
shooter110,7,56,99.23,133.78
shooter110,7,57,99.84,133.33
shooter110,7,58,101.84,134.55
shooter110,7,59,103.63,136.39
shooter110,7,60,106.31,136.45
shooter110,7,61,108.33,137.76
shooter110,7,62,110.96,139.44
shooter110,7,63,113.58,141.91
shooter110,7,64,115.92,142.92
shooter110,7,65,117.7,144.91
shooter110,7,66,120.86,147.15
shooter110,7,67,123.42,149.77
shooter110,7,68,125.2,152.41
shooter110,7,69,129.33,153.78
shooter110,7,70,130.09,156.2
shooter110,7,71,134.06,158.35
shooter110,7,72,134.2,159.58
shooter110,7,73,137.41,160.88
shooter110,7,74,138.1,160.93
shooter110,7,75,140.66,162.91
shooter110,7,76,141.55,163.43
shooter110,7,77,140.71,164.55
shooter110,7,78,141.16,165.04
shooter110,7,79,142.27,165.04
shooter110,7,80,141.57,164.36
shooter110,7,81,141.3,165.04
shooter110,7,82,143.2,165.04
shooter110,7,83,142.53,165.04
shooter110,7,84,141.29,164.23
shooter110,7,85,142.25,165.02
shooter110,7,86,141.58,164.68
shooter110,7,87,142.87,165.04
shooter110,7,88,141.32,165.04
shooter110,7,89,142.0,165.04
shooter110,7,90,141.74,164.11
shooter110,7,91,143.22,165.04
shooter110,7,92,141.41,163.9
shooter110,7,93,142.7,163.63
shooter110,7,94,128.23,164.95
shooter110,7,95,128.5,164.12
shooter110,7,96,126.9,164.07
shooter110,7,97,127.78,163.62
shooter110,7,98,127.57,162.96
shooter110,7,99,125.7,163.13
shooter110,7,100,125.36,164.15
shooter110,7,101,126.4,162.94
shooter110,7,102,124.94,164.35
shooter110,7,103,125.34,163.8
shooter110,7,104,124.95,163.79
shooter110,7,105,123.49,163.69
shooter110,7,106,122.83,163.24
shooter110,7,107,122.8,162.58
shooter110,7,108,122.85,163.33
shooter110,7,109,122.26,162.2
shooter110,7,110,122.34,161.38
shooter110,7,111,121.57,162.23
shooter110,7,112,121.68,161.09
shooter110,7,113,119.88,162.03
shooter110,7,114,120.15,162.55
shooter110,7,115,118.9,161.74
shooter110,7,116,118.71,160.65
shooter110,7,117,118.73,160.34
shooter110,7,118,119.47,160.62
shooter110,7,119,118.03,160.04
shooter110,7,120,117.42,160.73
shooter110,7,121,117.81,160.99
shooter110,7,122,117.48,160.59
shooter110,7,123,116.63,160.35
shooter110,7,124,115.85,159.83
shooter110,7,125,115.47,159.16
shooter110,7,126,114.84,159.94
shooter110,7,127,114.8,159.35
shooter110,7,128,114.01,158.98
shooter110,7,129,114.56,159.55
shooter110,7,130,114.66,158.85
shooter110,7,131,112.98,158.3
shooter110,7,132,112.55,158.8
shooter110,7,133,113.47,158.29
shooter110,7,134,112.41,159.06
shooter110,7,135,112.33,157.58
shooter110,7,136,112.25,159.08
shooter110,7,137,111.4,158.19
shooter110,7,138,111.15,157.2
shooter110,7,139,110.04,157.34
shooter110,7,140,110.75,158.88
shooter110,7,141,109.88,157.98
shooter110,7,142,108.21,158.37
shooter110,7,143,108.86,158.53
shooter110,7,144,107.46,157.34
shooter110,7,145,107.91,157.73
shooter110,7,146,106.65,157.89
shooter110,7,147,107.32,158.23
shooter110,7,148,106.58,157.35
shooter110,7,149,106.38,158.38
shooter110,7,150,106.17,157.67
shooter110,7,151,104.97,158.18
shooter110,7,152,104.71,156.59
shooter110,7,153,104.63,157.35
shooter110,8,0,136.08,167.51
shooter110,8,1,135.95,167.47
shooter110,8,2,134.81,166.88
shooter110,8,3,135.34,166.64
shooter110,8,4,135.64,166.59
shooter110,8,5,133.49,166.3
shooter110,8,6,133.12,165.53
shooter110,8,7,133.38,164.27
shooter110,8,8,133.09,163.77
shooter110,8,9,131.14,163.57
shooter110,8,10,131.3,162.24
shooter110,8,11,129.19,161.85
shooter110,8,12,128.32,160.42
shooter110,8,13,128.09,159.48
shooter110,8,14,125.76,159.89
shooter110,8,15,124.79,158.26
shooter110,8,16,124.08,157.67
shooter110,8,17,121.31,155.04
shooter110,8,18,119.49,154.46
shooter110,8,19,119.72,152.79
shooter110,8,20,117.4,151.6
shooter110,8,21,116.66,150.5
shooter110,8,22,114.9,150.32
shooter110,8,23,112.79,148.3
shooter110,8,24,110.98,148.57
shooter110,8,25,109.45,146.88
shooter110,8,26,107.29,145.25
shooter110,8,27,106.36,145.37
shooter110,8,28,105.63,143.68
shooter110,8,29,104.53,142.38
shooter110,8,30,103.09,141.88
shooter110,8,31,101.77,141.21
shooter110,8,32,98.62,140.16
shooter110,8,33,98.41,140.15
shooter110,8,34,96.65,138.3
shooter110,8,35,96.44,137.79
shooter110,8,36,96.13,138.15
shooter110,8,37,95.12,137.24
shooter110,8,38,94.32,137.51
shooter110,8,39,92.63,136.86
shooter110,8,40,92.31,136.09
shooter110,8,41,91.39,136.2
shooter110,8,42,91.56,135.89
shooter110,8,43,90.96,135.89
shooter110,8,44,91.63,136.44
shooter110,8,45,90.96,137.09
shooter110,8,46,91.75,139.12
shooter110,8,47,93.25,140.64
shooter110,8,48,94.0,142.99
shooter110,8,49,97.21,143.31
shooter110,8,50,100.82,146.31
shooter110,8,51,104.7,148.54
shooter110,8,52,107.18,151.23
shooter110,8,53,112.54,152.89
shooter110,8,54,116.51,156.08
shooter110,8,55,120.67,158.77
shooter110,8,56,124.74,160.31
shooter110,8,57,129.65,163.02
shooter110,8,58,132.81,164.06
shooter110,8,59,136.65,165.81
shooter110,8,60,138.44,168.12
shooter110,8,61,139.77,167.26
shooter110,8,62,142.32,168.3
shooter110,8,63,142.32,168.94
shooter110,8,64,141.71,168.23
shooter110,8,65,141.56,168.72
shooter110,8,66,141.67,168.8
shooter110,8,67,141.84,168.94
shooter110,8,68,142.38,168.94
shooter110,8,69,141.94,168.94
shooter110,8,70,140.82,168.94
shooter110,8,71,140.78,168.42
shooter110,8,72,142.0,168.53
shooter110,8,73,140.69,168.94
shooter110,8,74,140.52,167.62
shooter110,8,75,139.97,168.94
shooter110,8,76,141.4,168.94
shooter110,8,77,141.22,168.93
shooter110,8,78,140.32,167.03
shooter110,8,79,139.53,167.92
shooter110,8,80,140.97,168.3
shooter110,8,81,139.49,167.1
shooter110,8,82,128.24,167.5
shooter110,8,83,128.6,166.67
shooter110,8,84,127.01,166.25
shooter110,8,85,126.88,167.53
shooter110,8,86,127.04,167.61
shooter110,8,87,126.67,165.62
shooter110,8,88,125.85,165.54
shooter110,8,89,125.39,166.29
shooter110,8,90,124.96,165.1
shooter110,8,91,124.69,166.0
shooter110,8,92,124.01,165.99
shooter110,8,93,123.43,165.19
shooter110,8,94,123.15,165.69
shooter110,8,95,123.08,164.21
shooter110,8,96,122.48,164.4
shooter110,8,97,122.49,165.23
shooter110,8,98,122.18,163.6
shooter110,8,99,122.51,163.81
shooter110,8,100,121.35,164.31
shooter110,8,101,121.19,163.38
shooter110,8,102,119.52,163.68
shooter110,8,103,120.44,164.22
shooter110,8,104,119.54,162.92
shooter110,8,105,119.85,163.09
shooter110,8,106,119.66,162.1
shooter110,8,107,117.78,163.34
shooter110,8,108,118.78,162.49
shooter110,8,109,117.86,163.36
shooter110,8,110,117.6,161.69
shooter110,8,111,116.66,162.96
shooter110,8,112,116.03,162.91
shooter110,8,113,116.52,162.73
shooter110,8,114,114.56,162.54
shooter110,8,115,115.2,161.46
shooter110,8,116,113.87,161.74
shooter110,8,117,113.83,161.61
shooter110,8,118,114.37,161.26
shooter110,8,119,114.03,161.7
shooter110,8,120,113.9,162.07
shooter110,8,121,113.15,161.6
shooter110,8,122,112.67,162.57
shooter110,8,123,112.81,162.02
shooter110,8,124,111.59,161.49
shooter110,9,0,130.09,167.13
shooter110,9,1,129.34,165.8
shooter110,9,2,130.61,165.17
shooter110,9,3,129.67,165.29
shooter110,9,4,128.33,166.34
shooter110,9,5,129.28,164.47
shooter110,9,6,128.61,164.83
shooter110,9,7,127.5,164.41
shooter110,9,8,126.29,163.72
shooter110,9,9,126.68,161.29
shooter110,9,10,124.47,160.38
shooter110,9,11,124.16,161.37
shooter110,9,12,124.0,159.41
shooter110,9,13,122.95,157.4
shooter110,9,14,121.54,156.19
shooter110,9,15,119.19,156.58
shooter110,9,16,118.7,155.56
shooter110,9,17,118.57,153.57
shooter110,9,18,117.12,152.02
shooter110,9,19,116.1,151.43
shooter110,9,20,113.4,148.83
shooter110,9,21,113.95,149.35
shooter110,9,22,111.34,146.86
shooter110,9,23,110.38,145.55
shooter110,9,24,110.26,144.65
shooter110,9,25,108.28,143.07
shooter110,9,26,107.69,142.69
shooter110,9,27,106.49,142.37
shooter110,9,28,106.15,141.03
shooter110,9,29,103.83,140.55
shooter110,9,30,102.88,138.9
shooter110,9,31,103.19,138.61
shooter110,9,32,102.93,138.29
shooter110,9,33,102.49,137.93
shooter110,9,34,100.93,136.95
shooter110,9,35,101.17,137.78
shooter110,9,36,100.15,136.95
shooter110,9,37,99.93,136.95
shooter110,9,38,99.93,136.95
shooter110,9,39,99.93,137.79
shooter110,9,40,99.93,137.28
shooter110,9,41,100.33,138.04
shooter110,9,42,101.42,140.1
shooter110,9,43,104.01,141.18
shooter110,9,44,104.51,142.32
shooter110,9,45,107.89,145.01
shooter110,9,46,110.39,146.8
shooter110,9,47,112.25,147.67
shooter110,9,48,115.61,149.88
shooter110,9,49,117.75,152.17
shooter110,9,50,120.17,155.44
shooter110,9,51,124.57,156.99
shooter110,9,52,127.32,158.04
shooter110,9,53,129.86,161.12
shooter110,9,54,133.39,161.78
shooter110,9,55,135.47,163.15
shooter110,9,56,137.0,165.62
shooter110,9,57,138.07,166.33
shooter110,9,58,141.17,166.85
shooter110,9,59,142.33,167.6
shooter110,9,60,142.33,167.93
shooter110,9,61,142.33,167.93
shooter110,9,62,142.18,167.62
shooter110,9,63,141.48,167.76
shooter110,9,64,142.66,167.93
shooter110,9,65,142.05,167.04
shooter110,9,66,141.61,167.06
shooter110,9,67,141.71,167.67
shooter110,9,68,141.21,167.09
shooter110,9,69,140.14,167.93
shooter110,9,70,141.18,167.37
shooter110,9,71,139.71,167.93
shooter110,9,72,139.97,167.93
shooter110,9,73,139.68,167.37
shooter110,9,74,139.88,167.93
shooter110,9,75,140.86,166.46
shooter110,9,76,127.49,167.32
shooter110,9,77,127.64,167.27
shooter110,9,78,128.05,166.44
shooter110,9,79,127.86,165.94
shooter110,9,80,127.2,166.8
shooter110,9,81,127.26,166.64
shooter110,9,82,126.32,166.79
shooter110,9,83,126.02,165.78
shooter110,9,84,124.97,165.59
shooter110,9,85,124.33,167.05
shooter110,9,86,124.25,165.18
shooter110,9,87,124.47,166.82
shooter110,9,88,123.83,166.12
shooter110,9,89,123.67,165.79
shooter110,9,90,122.99,165.07
shooter110,9,91,122.8,165.98
shooter110,9,92,121.24,165.92
shooter110,9,93,121.18,165.4
shooter110,9,94,121.25,165.23
shooter110,9,95,119.76,164.65
shooter110,9,96,121.15,163.67
shooter110,9,97,119.41,165.37
shooter110,9,98,118.71,163.26
shooter110,9,99,119.46,164.08
shooter110,9,100,118.12,163.69
shooter110,9,101,118.45,164.37
shooter110,9,102,117.43,164.15
shooter110,9,103,116.86,163.81
shooter110,9,104,117.6,162.58
shooter110,9,105,116.51,162.78
shooter110,9,106,116.48,162.37
shooter110,9,107,115.36,164.03
shooter110,9,108,115.63,162.21
shooter110,9,109,114.97,163.79
shooter110,9,110,113.83,161.98
shooter110,9,111,114.78,163.38
shooter110,9,112,114.03,162.72
shooter110,9,113,114.38,163.15
shooter110,9,114,113.75,162.67
shooter110,9,115,112.87,162.87
shooter110,9,116,111.42,162.73
shooter110,9,117,112.43,161.73
shooter110,9,118,111.63,163.02
shooter110,9,119,111.8,162.4
shooter110,9,120,110.89,161.47
shooter110,9,121,109.33,161.65
shooter110,9,122,110.56,162.08
shooter110,9,123,110.13,162.76
shooter110,9,124,108.33,162.58
shooter110,9,125,109.1,161.58
shooter110,10,0,131.67,163.77
shooter110,10,1,131.21,163.04
shooter110,10,2,130.05,162.02
shooter110,10,3,130.02,162.71
shooter110,10,4,129.45,163.36
shooter110,10,5,130.15,161.37
shooter110,10,6,129.44,162.78
shooter110,10,7,127.91,162.41
shooter110,10,8,126.63,161.11
shooter110,10,9,125.98,160.15
shooter110,10,10,125.94,158.95
shooter110,10,11,123.81,158.36
shooter110,10,12,123.58,158.45
shooter110,10,13,122.54,158.55
shooter110,10,14,121.43,158.14
shooter110,10,15,118.98,155.79
shooter110,10,16,118.28,155.66
shooter110,10,17,116.87,154.85
shooter110,10,18,116.16,153.76
shooter110,10,19,113.94,153.2
shooter110,10,20,112.3,153.08
shooter110,10,21,110.21,151.2
shooter110,10,22,109.82,149.68
shooter110,10,23,108.14,149.82
shooter110,10,24,106.8,147.63
shooter110,10,25,105.17,148.54
shooter110,10,26,104.12,147.63
shooter110,10,27,102.67,145.04
shooter110,10,28,100.11,145.08
shooter110,10,29,98.49,144.72
shooter110,10,30,98.66,143.23
shooter110,10,31,96.97,142.45
shooter110,10,32,96.29,142.67
shooter110,10,33,94.22,140.46
shooter110,10,34,94.11,140.36
shooter110,10,35,91.46,138.88
shooter110,10,36,91.52,138.65
shooter110,10,37,90.55,139.2
shooter110,10,38,88.88,138.42
shooter110,10,39,88.67,137.76
shooter110,10,40,88.11,136.37
shooter110,10,41,87.93,137.51
shooter110,10,42,89.05,136.13
shooter110,10,43,88.92,136.38
shooter110,10,44,87.93,136.03
shooter110,10,45,89.02,136.1
shooter110,10,46,89.03,136.03
shooter110,10,47,89.77,136.03
shooter110,10,48,89.06,136.27
shooter110,10,49,90.14,136.35
shooter110,10,50,92.51,137.32
shooter110,10,51,93.09,137.51
shooter110,10,52,95.1,138.78
shooter110,10,53,96.49,137.81
shooter110,10,54,97.84,138.56
shooter110,10,55,99.8,139.75
shooter110,10,56,102.87,140.56
shooter110,10,57,104.68,142.4
shooter110,10,58,106.69,142.83
shooter110,10,59,109.63,143.6
shooter110,10,60,111.73,145.31
shooter110,10,61,114.38,146.98
shooter110,10,62,117.35,148.63
shooter110,10,63,119.49,149.34
shooter110,10,64,123.04,151.65
shooter110,10,65,124.65,151.38
shooter110,10,66,128.1,153.25
shooter110,10,67,130.3,153.94
shooter110,10,68,132.73,156.23
shooter110,10,69,134.73,156.13
shooter110,10,70,136.54,158.76
shooter110,10,71,138.41,159.29
shooter110,10,72,140.3,159.92
shooter110,10,73,141.31,160.74
shooter110,10,74,142.86,161.19
shooter110,10,75,143.85,161.2
shooter110,10,76,146.44,163.59
shooter110,10,77,146.16,163.84
shooter110,10,78,147.82,162.91
shooter110,10,79,147.48,163.17
shooter110,10,80,147.66,163.71
shooter110,10,81,148.64,164.15
shooter110,10,82,149.37,164.15
shooter110,10,83,148.32,164.15
shooter110,10,84,149.43,163.14
shooter110,10,85,147.59,164.15
shooter110,10,86,148.49,163.41
shooter110,10,87,147.83,163.69
shooter110,10,88,148.15,164.15
shooter110,10,89,147.55,164.15
shooter110,10,90,147.56,163.95
shooter110,10,91,148.9,164.15
shooter110,10,92,148.76,162.95
shooter110,10,93,147.85,162.92
shooter110,10,94,149.22,163.01
shooter110,10,95,148.78,163.16
shooter110,10,96,148.06,163.98
shooter110,10,97,134.46,163.55
shooter110,10,98,133.83,163.25
shooter110,10,99,134.5,163.88
shooter110,10,100,133.43,162.86
shooter110,10,101,132.31,162.3
shooter110,10,102,132.04,162.83
shooter110,10,103,131.83,163.47
shooter110,10,104,131.65,162.78
shooter110,10,105,131.63,163.68
shooter110,10,106,131.97,163.33
shooter110,10,107,130.16,163.09
shooter110,10,108,129.9,162.94
shooter110,10,109,128.89,162.45
shooter110,10,110,129.19,162.97
shooter110,10,111,129.39,162.23
shooter110,10,112,129.57,161.68
shooter110,10,113,128.72,161.21
shooter110,10,114,127.08,162.32
shooter110,10,115,128.22,161.32
shooter110,10,116,127.72,162.04
shooter110,10,117,126.02,162.3
shooter110,10,118,127.11,161.01
shooter110,10,119,126.27,160.78
shooter110,10,120,126.01,160.32
shooter110,10,121,124.96,160.81
shooter110,10,122,124.04,161.06
shooter110,10,123,124.84,160.26
shooter110,10,124,123.79,160.49
shooter110,10,125,124.37,160.49
shooter110,10,126,122.35,159.85
shooter110,10,127,122.35,159.25
shooter110,10,128,122.71,159.53
shooter110,10,129,121.98,160.6
shooter110,10,130,121.31,159.46
shooter110,10,131,121.44,158.84
shooter110,10,132,121.11,159.57
shooter110,10,133,120.39,160.0
shooter110,10,134,119.48,160.06
shooter110,10,135,119.68,159.3
shooter110,10,136,119.13,159.54
shooter110,10,137,119.24,159.82
shooter110,10,138,118.55,160.04
shooter110,10,139,117.83,159.49
shooter110,10,140,116.48,159.53
shooter110,10,141,116.37,158.3
shooter110,10,142,116.31,158.9
shooter110,10,143,116.44,159.79
shooter110,10,144,116.42,158.3
shooter110,10,145,116.36,158.57
shooter110,10,146,115.24,159.28
shooter110,10,147,115.1,159.71
shooter110,10,148,114.48,158.01
shooter110,10,149,113.7,159.63
shooter110,10,150,113.66,158.32
shooter111,1,0,154.0,175.22
shooter111,1,1,152.53,175.85
shooter111,1,2,152.11,174.72
shooter111,1,3,152.17,175.27
shooter111,1,4,151.48,174.41
shooter111,1,5,151.3,172.68
shooter111,1,6,151.65,172.98
shooter111,1,7,150.47,171.72
shooter111,1,8,150.83,170.76
shooter111,1,9,149.29,169.99
shooter111,1,10,149.09,169.92
shooter111,1,11,148.19,168.63
shooter111,1,12,146.09,167.25
shooter111,1,13,144.92,165.88
shooter111,1,14,145.42,164.32
shooter111,1,15,144.01,163.89
shooter111,1,16,141.78,162.51
shooter111,1,17,141.58,160.64
shooter111,1,18,139.63,158.12
shooter111,1,19,137.81,157.76
shooter111,1,20,136.85,155.94
shooter111,1,21,136.59,152.89
shooter111,1,22,134.54,151.66
shooter111,1,23,133.52,149.96
shooter111,1,24,131.38,149.09
shooter111,1,25,129.98,147.02
shooter111,1,26,128.97,144.87
shooter111,1,27,128.16,143.19
shooter111,1,28,127.66,142.07
shooter111,1,29,126.28,140.96
shooter111,1,30,123.9,139.17
shooter111,1,31,122.6,137.26
shooter111,1,32,121.83,136.62
shooter111,1,33,122.07,136.1
shooter111,1,34,120.44,133.25
shooter111,1,35,120.13,132.83
shooter111,1,36,118.44,131.5
shooter111,1,37,118.14,130.25
shooter111,1,38,117.49,130.73
shooter111,1,39,116.97,130.16
shooter111,1,40,116.16,128.32
shooter111,1,41,115.29,127.79
shooter111,1,42,115.34,127.17
shooter111,1,43,116.2,127.64
shooter111,1,44,115.07,127.17
shooter111,1,45,115.07,127.17
shooter111,1,46,116.07,127.17
shooter111,1,47,115.66,127.99
shooter111,1,48,116.07,129.09
shooter111,1,49,116.11,128.22
shooter111,1,50,118.37,130.64
shooter111,1,51,119.88,131.99
shooter111,1,52,121.4,132.12
shooter111,1,53,121.4,135.24
shooter111,1,54,124.55,136.43
shooter111,1,55,125.31,138.2
shooter111,1,56,127.8,140.55
shooter111,1,57,129.11,141.97
shooter111,1,58,131.34,143.72
shooter111,1,59,134.33,146.9
shooter111,1,60,136.36,149.9
shooter111,1,61,139.63,152.67
shooter111,1,62,140.55,154.11
shooter111,1,63,144.07,156.17
shooter111,1,64,145.49,158.25
shooter111,1,65,147.02,162.14
shooter111,1,66,149.32,162.92
shooter111,1,67,152.35,166.35
shooter111,1,68,154.35,166.84
shooter111,1,69,154.5,168.3
shooter111,1,70,156.8,170.34
shooter111,1,71,158.35,172.32
shooter111,1,72,159.78,173.28
shooter111,1,73,160.84,175.43
shooter111,1,74,161.98,175.52
shooter111,1,75,161.43,175.25
shooter111,1,76,161.45,176.49
shooter111,1,77,162.34,176.49
shooter111,1,78,163.19,176.49
shooter111,1,79,162.39,176.49
shooter111,1,80,161.71,176.49
shooter111,1,81,162.82,176.49
shooter111,1,82,162.4,176.17
shooter111,1,83,161.94,176.28
shooter111,1,84,161.22,176.2
shooter111,1,85,162.73,176.26
shooter111,1,86,162.57,175.39
shooter111,1,87,161.64,175.78
shooter111,1,88,161.62,176.49
shooter111,1,89,161.61,176.49
shooter111,1,90,162.39,175.25
shooter111,1,91,161.61,176.49
shooter111,1,92,161.62,176.49
shooter111,1,93,161.73,174.99
shooter111,1,94,162.92,176.49
shooter111,1,95,148.26,176.49
shooter111,1,96,147.69,176.04
shooter111,1,97,147.48,176.29
shooter111,1,98,147.58,175.3
shooter111,1,99,147.51,175.7
shooter111,1,100,147.32,175.94
shooter111,1,101,145.91,175.52
shooter111,1,102,145.46,174.92
shooter111,1,103,144.8,175.52
shooter111,1,104,145.3,175.81
shooter111,1,105,144.65,175.71
shooter111,1,106,143.67,174.21
shooter111,1,107,143.58,174.74
shooter111,1,108,142.55,173.83
shooter111,1,109,143.13,174.92
shooter111,1,110,141.84,174.04
shooter111,1,111,141.64,175.32
shooter111,1,112,140.68,174.6
shooter111,1,113,140.58,174.06
shooter111,1,114,140.13,174.62
shooter111,1,115,140.81,173.47
shooter111,1,116,140.33,173.14
shooter111,1,117,139.62,173.03
shooter111,1,118,138.91,173.91
shooter111,1,119,139.52,174.42
shooter111,1,120,139.11,172.99
shooter111,1,121,138.15,173.96
shooter111,1,122,137.86,172.42
shooter111,1,123,137.73,172.95
shooter111,1,124,137.19,173.46
shooter111,1,125,135.79,173.71
shooter111,1,126,135.95,173.84
shooter111,1,127,134.84,173.13
shooter111,1,128,135.76,172.7
shooter111,1,129,135.05,171.8
shooter111,1,130,135.3,172.15
shooter111,1,131,133.21,173.36
shooter111,1,132,133.56,172.59
shooter111,1,133,133.59,172.03
shooter111,1,134,133.47,171.77
shooter111,1,135,133.05,171.42
shooter111,1,136,131.34,172.63
shooter111,1,137,132.5,171.88
shooter111,1,138,132.1,172.86
shooter111,1,139,131.68,171.83
shooter111,1,140,130.57,172.5
shooter111,1,141,130.6,171.07
shooter111,1,142,128.69,171.06
shooter111,1,143,128.65,171.25
shooter111,1,144,127.92,171.04
shooter111,1,145,128.35,172.57
shooter111,1,146,128.87,172.2
shooter111,1,147,127.84,171.24
shooter111,1,148,127.06,171.55
shooter111,1,149,127.33,171.56
shooter111,1,150,126.44,171.68
shooter111,1,151,125.86,170.65
shooter111,1,152,125.8,171.13
shooter111,1,153,125.16,170.59
shooter111,1,154,125.02,172.26
shooter111,1,155,124.95,171.22
shooter111,2,0,111.02,173.35
shooter111,2,1,109.95,172.83
shooter111,2,2,108.67,172.36
shooter111,2,3,109.37,171.77
shooter111,2,4,108.98,171.88
shooter111,2,5,108.81,172.29
shooter111,2,6,109.14,170.23
shooter111,2,7,108.61,169.76
shooter111,2,8,106.13,169.9
shooter111,2,9,106.85,168.88
shooter111,2,10,105.43,168.62
shooter111,2,11,107.78,165.82
shooter111,2,12,106.17,166.41
shooter111,2,13,107.09,164.92
shooter111,2,14,102.97,163.75
shooter111,2,15,103.87,161.62
shooter111,2,16,102.21,160.07
shooter111,2,17,100.97,158.02
shooter111,2,18,104.32,158.03
shooter111,2,19,99.7,155.2
shooter111,2,20,99.17,153.7
shooter111,2,21,99.51,152.13
shooter111,2,22,98.24,151.6
shooter111,2,23,101.15,148.7
shooter111,2,24,100.7,147.2
shooter111,2,25,96.44,146.06
shooter111,2,26,94.23,144.54
shooter111,2,27,95.13,142.53
shooter111,2,28,94.22,140.2
shooter111,2,29,93.16,137.32
shooter111,2,30,89.6,135.83
shooter111,2,31,89.37,134.23
shooter111,2,32,88.57,132.78
shooter111,2,33,88.97,130.94
shooter111,2,34,89.5,129.53
shooter111,2,35,90.45,127.65
shooter111,2,36,85.72,126.65
shooter111,2,37,88.21,123.72
shooter111,2,38,84.18,124.08
shooter111,2,39,82.28,122.31
shooter111,2,40,85.27,119.88
shooter111,2,41,81.98,118.67
shooter111,2,42,85.57,118.54
shooter111,2,43,85.04,117.29
shooter111,2,44,79.5,115.1
shooter111,2,45,79.5,113.41
shooter111,2,46,79.1,114.33
shooter111,2,47,82.85,112.81
shooter111,2,48,78.41,112.13
shooter111,2,49,81.12,110.64
shooter111,2,50,78.41,111.17
shooter111,2,51,79.52,110.18
shooter111,2,52,78.41,109.65
shooter111,2,53,80.47,109.93
shooter111,2,54,79.53,109.24
shooter111,2,55,78.41,109.24
shooter111,2,56,78.41,109.66
shooter111,2,57,78.41,109.99
shooter111,2,58,79.31,111.24
shooter111,2,59,81.97,111.24
shooter111,2,60,80.56,111.8
shooter111,2,61,85.37,112.99
shooter111,2,62,82.86,114.94
shooter111,2,63,89.04,115.77
shooter111,2,64,91.81,118.55
shooter111,2,65,92.91,120.17
shooter111,2,66,97.98,122.26
shooter111,2,67,97.88,124.25
shooter111,2,68,103.07,127.29
shooter111,2,69,102.56,128.92
shooter111,2,70,107.93,132.69
shooter111,2,71,113.58,134.74
shooter111,2,72,119.44,138.73
shooter111,2,73,123.96,140.75
shooter111,2,74,125.81,144.05
shooter111,2,75,131.55,146.96
shooter111,2,76,135.27,149.77
shooter111,2,77,139.12,152.45
shooter111,2,78,139.05,153.79
shooter111,2,79,145.03,156.49
shooter111,2,80,148.71,159.73
shooter111,2,81,153.97,161.7
shooter111,2,82,156.01,164.01
shooter111,2,83,160.43,166.16
shooter111,2,84,164.01,166.88
shooter111,2,85,164.09,168.64
shooter111,2,86,167.71,171.04
shooter111,2,87,168.22,172.27
shooter111,2,88,170.17,173.7
shooter111,2,89,170.51,174.27
shooter111,2,90,172.25,173.88
shooter111,2,91,172.25,173.96
shooter111,2,92,172.25,174.94
shooter111,2,93,171.12,174.68
shooter111,2,94,171.95,174.94
shooter111,2,95,174.11,174.94
shooter111,2,96,174.45,174.94
shooter111,2,97,174.71,174.83
shooter111,2,98,173.03,174.35
shooter111,2,99,172.9,174.72
shooter111,2,100,168.98,174.07
shooter111,2,101,172.82,173.68
shooter111,2,102,170.29,174.47
shooter111,2,103,173.29,174.21
shooter111,2,104,168.07,173.34
shooter111,2,105,173.5,174.61
shooter111,2,106,170.69,174.34
shooter111,2,107,168.45,173.07
shooter111,2,108,171.19,174.22
shooter111,2,109,171.63,172.83
shooter111,2,110,172.05,173.55
shooter111,2,111,171.48,173.61
shooter111,2,112,170.48,173.22
shooter111,2,113,167.55,173.56
shooter111,2,114,160.43,172.67
shooter111,2,115,160.75,172.16
shooter111,2,116,159.12,172.54
shooter111,2,117,154.26,172.09
shooter111,2,118,158.18,171.53
shooter111,2,119,154.87,172.0
shooter111,2,120,158.62,171.29
shooter111,2,121,152.83,171.65
shooter111,2,122,152.6,171.73
shooter111,2,123,152.74,171.93
shooter111,2,124,155.77,171.9
shooter111,2,125,154.76,171.36
shooter111,2,126,154.81,171.65
shooter111,2,127,152.17,170.81
shooter111,2,128,154.93,170.96
shooter111,2,129,151.93,170.92
shooter111,2,130,149.65,170.88
shooter111,2,131,153.05,170.59
shooter111,2,132,151.23,170.74
shooter111,2,133,151.21,169.75
shooter111,2,134,149.56,170.58
shooter111,2,135,151.11,169.35
shooter111,2,136,146.66,168.57
shooter111,2,137,149.0,168.69
shooter111,2,138,148.21,169.34
shooter111,2,139,149.73,168.15
shooter111,2,140,146.45,168.35
shooter111,2,141,145.85,168.71
shooter111,2,142,145.97,169.14
shooter111,2,143,146.53,168.16
shooter111,2,144,144.51,168.93
shooter111,2,145,146.96,169.06
shooter111,2,146,144.44,169.23
shooter111,2,147,144.58,169.0
shooter111,2,148,145.0,168.16
shooter111,2,149,143.51,169.65
shooter111,3,0,113.62,167.64
shooter111,3,1,113.31,168.96
shooter111,3,2,113.99,168.09
shooter111,3,3,114.49,167.95
shooter111,3,4,112.71,166.3
shooter111,3,5,114.01,166.26
shooter111,3,6,113.91,165.59
shooter111,3,7,111.95,165.82
shooter111,3,8,111.22,164.18
shooter111,3,9,111.61,163.58
shooter111,3,10,111.81,163.2
shooter111,3,11,110.92,162.13
shooter111,3,12,108.85,159.15
shooter111,3,13,109.41,158.67
shooter111,3,14,108.94,157.55
shooter111,3,15,107.06,156.24
shooter111,3,16,107.0,154.99
shooter111,3,17,105.84,153.04
shooter111,3,18,104.39,151.35
shooter111,3,19,104.89,148.45
shooter111,3,20,102.63,147.78
shooter111,3,21,102.95,146.22
shooter111,3,22,101.76,144.75
shooter111,3,23,99.88,142.87
shooter111,3,24,99.95,140.89
shooter111,3,25,97.67,139.44
shooter111,3,26,97.2,138.83
shooter111,3,27,96.43,136.03
shooter111,3,28,96.79,135.47
shooter111,3,29,96.02,133.7
shooter111,3,30,93.94,132.04
shooter111,3,31,93.59,130.72
shooter111,3,32,93.89,129.78
shooter111,3,33,92.59,129.22
shooter111,3,34,90.77,126.88
shooter111,3,35,90.84,127.57
shooter111,3,36,90.38,126.52
shooter111,3,37,89.68,125.01
shooter111,3,38,89.69,123.78
shooter111,3,39,89.77,123.77
shooter111,3,40,89.39,123.77
shooter111,3,41,88.49,123.77
shooter111,3,42,89.09,123.77
shooter111,3,43,88.59,124.93
shooter111,3,44,88.49,125.04
shooter111,3,45,88.49,126.53
shooter111,3,46,90.31,127.62
shooter111,3,47,92.75,129.75
shooter111,3,48,96.03,132.64
shooter111,3,49,100.9,134.08
shooter111,3,50,105.51,137.89
shooter111,3,51,110.66,141.44
shooter111,3,52,116.9,144.79
shooter111,3,53,123.5,147.15
shooter111,3,54,129.86,151.32
shooter111,3,55,136.44,153.89
shooter111,3,56,142.88,156.53
shooter111,3,57,148.6,159.46
shooter111,3,58,152.97,162.55
shooter111,3,59,159.2,164.53
shooter111,3,60,162.35,166.08
shooter111,3,61,166.38,167.84
shooter111,3,62,169.49,170.5
shooter111,3,63,169.6,170.75
shooter111,3,64,170.52,170.75
shooter111,3,65,169.86,170.75
shooter111,3,66,171.44,170.75
shooter111,3,67,170.31,170.72
shooter111,3,68,171.0,170.63
shooter111,3,69,169.5,170.63
shooter111,3,70,169.74,170.16
shooter111,3,71,169.49,170.75
shooter111,3,72,170.97,170.47
shooter111,3,73,169.53,170.75
shooter111,3,74,171.14,169.82
shooter111,3,75,170.6,169.58
shooter111,3,76,171.07,170.06
shooter111,3,77,170.04,169.73
shooter111,3,78,170.25,170.75
shooter111,3,79,169.23,170.27
shooter111,3,80,170.09,169.8
shooter111,3,81,170.32,170.28
shooter111,3,82,169.31,169.82
shooter111,3,83,171.05,169.24
shooter111,3,84,169.07,169.52
shooter111,3,85,156.05,169.21
shooter111,3,86,156.35,169.81
shooter111,3,87,155.72,170.07
shooter111,3,88,154.8,168.86
shooter111,3,89,155.89,169.48
shooter111,3,90,153.9,169.54
shooter111,3,91,154.26,168.76
shooter111,3,92,152.95,168.89
shooter111,3,93,152.43,168.52
shooter111,3,94,152.9,168.44
shooter111,3,95,153.13,168.48
shooter111,3,96,152.18,168.07
shooter111,3,97,151.31,168.34
shooter111,3,98,150.35,168.76
shooter111,3,99,151.8,167.94
shooter111,3,100,149.94,168.93
shooter111,3,101,150.27,167.37
shooter111,3,102,148.75,167.73
shooter111,3,103,148.51,167.93
shooter111,3,104,148.26,167.72
shooter111,3,105,147.74,168.43
shooter111,3,106,148.18,167.09
shooter111,3,107,147.51,167.1
shooter111,3,108,147.92,167.45
shooter111,3,109,146.15,167.37
shooter111,3,110,146.38,167.67
shooter111,3,111,145.98,167.6
shooter111,3,112,145.18,165.96
shooter111,3,113,144.51,167.4
shooter111,3,114,143.94,167.24
shooter111,3,115,143.56,166.92
shooter111,3,116,143.92,166.33
shooter111,3,117,142.83,167.46
shooter111,3,118,143.11,167.07
shooter111,3,119,142.79,166.07
shooter111,3,120,142.41,166.13
shooter111,3,121,141.5,166.91
shooter111,3,122,141.72,167.3
shooter111,3,123,141.1,166.43
shooter111,3,124,141.9,167.19
shooter111,3,125,139.61,166.19
shooter111,3,126,139.23,166.21
shooter111,4,0,113.39,171.78
shooter111,4,1,112.19,172.47
shooter111,4,2,112.08,172.61
shooter111,4,3,113.1,171.63
shooter111,4,4,112.03,171.0
shooter111,4,5,111.68,171.12
shooter111,4,6,109.94,170.56
shooter111,4,7,109.41,168.76
shooter111,4,8,108.15,168.39
shooter111,4,9,106.33,165.37
shooter111,4,10,106.23,164.18
shooter111,4,11,103.8,162.33
shooter111,4,12,102.53,161.36
shooter111,4,13,100.24,159.97
shooter111,4,14,99.56,157.27
shooter111,4,15,98.11,155.84
shooter111,4,16,95.55,154.33
shooter111,4,17,94.86,152.2
shooter111,4,18,91.57,150.12
shooter111,4,19,90.94,147.99
shooter111,4,20,88.79,146.66
shooter111,4,21,87.37,144.03
shooter111,4,22,85.2,142.35
shooter111,4,23,82.95,140.41
shooter111,4,24,81.1,138.24
shooter111,4,25,80.31,134.79
shooter111,4,26,78.79,133.8
shooter111,4,27,76.84,131.74
shooter111,4,28,75.73,129.5
shooter111,4,29,74.02,128.87
shooter111,4,30,72.43,126.72
shooter111,4,31,71.12,126.13
shooter111,4,32,71.49,125.42
shooter111,4,33,70.83,123.52
shooter111,4,34,70.28,123.74
shooter111,4,35,69.68,122.63
shooter111,4,36,69.24,122.12
shooter111,4,37,69.24,120.76
shooter111,4,38,69.24,121.73
shooter111,4,39,69.65,120.76
shooter111,4,40,71.98,121.62
shooter111,4,41,74.17,120.76
shooter111,4,42,76.87,121.59
shooter111,4,43,78.12,123.05
shooter111,4,44,82.93,125.35
shooter111,4,45,86.25,127.41
shooter111,4,46,89.8,128.95
shooter111,4,47,95.11,131.32
shooter111,4,48,100.38,132.89
shooter111,4,49,104.12,136.9
shooter111,4,50,109.76,138.54
shooter111,4,51,114.28,142.44
shooter111,4,52,119.49,145.14
shooter111,4,53,124.69,147.32
shooter111,4,54,129.71,150.27
shooter111,4,55,136.23,153.91
shooter111,4,56,140.04,157.33
shooter111,4,57,145.85,159.57
shooter111,4,58,150.69,162.57
shooter111,4,59,154.78,165.24
shooter111,4,60,157.45,166.21
shooter111,4,61,160.45,168.63
shooter111,4,62,163.99,170.52
shooter111,4,63,165.88,171.19
shooter111,4,64,168.17,173.5
shooter111,4,65,169.94,173.26
shooter111,4,66,170.91,174.41
shooter111,4,67,170.91,174.41
shooter111,4,68,170.28,174.41
shooter111,4,69,171.47,174.41
shooter111,4,70,171.54,174.41
shooter111,4,71,170.84,173.68
shooter111,4,72,170.58,174.41
shooter111,4,73,170.7,174.0
shooter111,4,74,169.55,174.28
shooter111,4,75,171.0,174.41
shooter111,4,76,169.54,173.9
shooter111,4,77,170.37,173.38
shooter111,4,78,169.39,173.24
shooter111,4,79,170.27,173.72
shooter111,4,80,170.27,173.03
shooter111,4,81,170.16,172.98
shooter111,4,82,169.45,172.62
shooter111,4,83,169.72,172.88
shooter111,4,84,169.61,172.75
shooter111,4,85,169.77,172.69
shooter111,4,86,169.24,172.64
shooter111,4,87,169.17,172.44
shooter111,4,88,169.43,171.8
shooter111,4,89,168.32,172.67
shooter111,4,90,157.21,171.69
shooter111,4,91,155.81,172.12
shooter111,4,92,156.56,171.36
shooter111,4,93,155.49,170.77
shooter111,4,94,155.99,171.29
shooter111,4,95,154.09,169.96
shooter111,4,96,154.43,171.32
shooter111,4,97,153.44,170.31
shooter111,4,98,154.45,169.16
shooter111,4,99,152.56,169.59
shooter111,4,100,152.88,169.96
shooter111,4,101,151.72,168.46
shooter111,4,102,152.71,168.64
shooter111,4,103,151.27,169.77
shooter111,4,104,151.5,168.44
shooter111,4,105,150.25,167.85
shooter111,4,106,150.21,167.55
shooter111,4,107,149.34,168.41
shooter111,4,108,149.81,168.12
shooter111,4,109,148.32,168.14
shooter111,4,110,149.9,168.6
shooter111,4,111,148.34,166.66
shooter111,4,112,148.37,166.8
shooter111,4,113,147.28,166.74
shooter111,4,114,146.82,167.01
shooter111,4,115,147.6,166.29
shooter111,4,116,147.03,166.77
shooter111,4,117,146.4,167.5
shooter111,4,118,146.21,166.12
shooter111,4,119,144.66,167.56
shooter111,4,120,145.78,167.49
shooter111,4,121,144.42,166.66
shooter111,4,122,144.85,167.32
shooter111,4,123,144.18,167.01
shooter111,4,124,142.88,166.29
shooter111,5,0,121.07,169.62
shooter111,5,1,120.22,169.02
shooter111,5,2,119.28,169.92
shooter111,5,3,120.08,168.15
shooter111,5,4,119.62,168.28
shooter111,5,5,118.44,168.62
shooter111,5,6,119.68,168.78
shooter111,5,7,118.95,166.4
shooter111,5,8,117.05,166.93
shooter111,5,9,118.41,165.01
shooter111,5,10,116.21,165.45
shooter111,5,11,115.24,164.15
shooter111,5,12,115.38,163.25
shooter111,5,13,114.06,163.31
shooter111,5,14,114.11,161.68
shooter111,5,15,112.76,159.58
shooter111,5,16,111.63,160.01
shooter111,5,17,112.31,157.31
shooter111,5,18,110.07,156.9
shooter111,5,19,109.26,155.59
shooter111,5,20,108.03,154.6
shooter111,5,21,108.11,152.34
shooter111,5,22,105.81,151.56
shooter111,5,23,104.64,150.03
shooter111,5,24,105.12,148.25
shooter111,5,25,102.69,147.81
shooter111,5,26,103.01,145.08
shooter111,5,27,101.43,143.64
shooter111,5,28,100.91,143.07
shooter111,5,29,98.41,140.84
shooter111,5,30,99.23,140.79
shooter111,5,31,96.96,138.51
shooter111,5,32,95.57,137.41
shooter111,5,33,96.1,136.71
shooter111,5,34,94.09,135.94
shooter111,5,35,93.64,134.42
shooter111,5,36,93.37,132.16
shooter111,5,37,91.61,131.65
shooter111,5,38,91.22,131.53
shooter111,5,39,91.19,130.97
shooter111,5,40,90.51,129.62
shooter111,5,41,90.29,128.82
shooter111,5,42,90.21,127.73
shooter111,5,43,89.09,127.36
shooter111,5,44,88.9,126.79
shooter111,5,45,88.55,125.81
shooter111,5,46,88.55,125.81
shooter111,5,47,88.55,126.22
shooter111,5,48,88.55,125.87
shooter111,5,49,88.55,125.81
shooter111,5,50,89.52,126.67
shooter111,5,51,88.85,125.81
shooter111,5,52,89.82,126.86
shooter111,5,53,91.47,127.53
shooter111,5,54,93.22,128.27
shooter111,5,55,95.42,129.04
shooter111,5,56,97.34,129.85
shooter111,5,57,100.04,130.19
shooter111,5,58,101.14,131.66
shooter111,5,59,103.1,133.37
shooter111,5,60,107.41,133.84
shooter111,5,61,110.03,135.78
shooter111,5,62,111.72,136.27
shooter111,5,63,114.88,138.67
shooter111,5,64,118.91,139.47
shooter111,5,65,121.97,142.21
shooter111,5,66,125.87,143.39
shooter111,5,67,128.55,144.86
shooter111,5,68,133.48,146.91
shooter111,5,69,136.04,149.39
shooter111,5,70,139.95,151.59
shooter111,5,71,142.09,151.57
shooter111,5,72,146.39,153.62
shooter111,5,73,150.13,156.4
shooter111,5,74,151.59,157.78
shooter111,5,75,155.64,158.87
shooter111,5,76,157.92,161.05
shooter111,5,77,161.1,162.92
shooter111,5,78,164.31,163.04
shooter111,5,79,166.41,164.74
shooter111,5,80,168.67,164.94
shooter111,5,81,169.51,167.81
shooter111,5,82,172.44,168.42
shooter111,5,83,173.45,168.6
shooter111,5,84,173.55,170.21
shooter111,5,85,176.08,169.16
shooter111,5,86,175.14,170.37
shooter111,5,87,175.49,170.37
shooter111,5,88,176.57,170.37
shooter111,5,89,175.58,170.37
shooter111,5,90,175.71,169.74
shooter111,5,91,175.54,169.52
shooter111,5,92,177.25,169.68
shooter111,5,93,175.56,170.37
shooter111,5,94,176.19,170.06
shooter111,5,95,175.86,170.3
shooter111,5,96,176.09,169.21
shooter111,5,97,175.97,170.09
shooter111,5,98,177.14,169.87
shooter111,5,99,176.88,170.05
shooter111,5,100,177.1,169.66
shooter111,5,101,176.75,168.98
shooter111,5,102,175.95,168.84
shooter111,5,103,175.64,170.37
shooter111,5,104,176.3,169.77
shooter111,5,105,175.94,169.76
shooter111,5,106,176.49,170.2
shooter111,5,107,175.26,169.36
shooter111,5,108,176.59,169.38
shooter111,5,109,175.74,169.08
shooter111,5,110,176.05,168.27
shooter111,5,111,177.06,168.42
shooter111,5,112,162.0,169.44
shooter111,5,113,161.41,168.44
shooter111,5,114,161.19,167.83
shooter111,5,115,161.07,168.94
shooter111,5,116,161.04,167.33
shooter111,5,117,161.53,168.3
shooter111,5,118,160.91,168.29
shooter111,5,119,160.2,167.36
shooter111,5,120,159.81,166.95
shooter111,5,121,158.54,167.37
shooter111,5,122,159.43,167.85
shooter111,5,123,158.25,167.98
shooter111,5,124,157.1,167.7
shooter111,5,125,158.27,166.16
shooter111,5,126,156.98,166.25
shooter111,5,127,155.88,166.91
shooter111,5,128,156.64,166.96
shooter111,5,129,155.24,165.44
shooter111,5,130,154.75,165.58
shooter111,5,131,154.51,165.36
shooter111,5,132,154.73,165.74
shooter111,5,133,153.76,166.3
shooter111,5,134,152.85,166.72
shooter111,5,135,153.14,164.9
shooter111,5,136,152.44,165.64
shooter111,5,137,152.59,165.27
shooter111,5,138,152.09,165.23
shooter111,5,139,150.93,164.48
shooter111,5,140,150.86,164.84
shooter111,5,141,150.53,164.69
shooter111,5,142,150.54,165.55
shooter111,5,143,150.81,165.33
shooter111,5,144,149.21,165.26
shooter111,5,145,148.69,164.97
shooter111,5,146,147.97,164.57
shooter111,5,147,148.78,164.33
shooter111,5,148,147.82,163.83
shooter111,5,149,148.11,164.07
shooter111,5,150,147.75,164.19
shooter111,5,151,146.06,165.69
shooter111,5,152,146.41,165.67
shooter111,5,153,147.11,165.26
shooter111,6,0,137.59,175.3
shooter111,6,1,137.21,175.63
shooter111,6,2,137.23,174.59
shooter111,6,3,136.75,175.11
shooter111,6,4,136.1,175.63
shooter111,6,5,136.55,173.4
shooter111,6,6,136.26,173.02
shooter111,6,7,136.42,172.93
shooter111,6,8,135.37,172.24
shooter111,6,9,134.38,172.1
shooter111,6,10,133.99,171.19
shooter111,6,11,133.94,170.7
shooter111,6,12,132.53,168.93
shooter111,6,13,131.84,169.05
shooter111,6,14,130.19,167.09
shooter111,6,15,128.92,166.49
shooter111,6,16,129.78,164.52
shooter111,6,17,127.42,164.86
shooter111,6,18,126.51,163.28
shooter111,6,19,124.94,161.17
shooter111,6,20,124.6,160.64
shooter111,6,21,123.88,158.95
shooter111,6,22,122.58,158.35
shooter111,6,23,121.71,157.25
shooter111,6,24,119.34,154.09
shooter111,6,25,118.15,153.37
shooter111,6,26,118.2,151.44
shooter111,6,27,115.92,150.94
shooter111,6,28,115.42,148.03
shooter111,6,29,113.73,147.56
shooter111,6,30,111.62,146.71
shooter111,6,31,111.94,144.31
shooter111,6,32,109.46,143.75
shooter111,6,33,108.9,140.93
shooter111,6,34,106.96,141.06
shooter111,6,35,106.46,139.42
shooter111,6,36,105.29,137.27
shooter111,6,37,103.66,135.43
shooter111,6,38,104.08,134.93
shooter111,6,39,101.4,133.99
shooter111,6,40,101.07,131.73
shooter111,6,41,99.35,132.2
shooter111,6,42,99.82,130.78
shooter111,6,43,98.6,130.14
shooter111,6,44,98.08,127.88
shooter111,6,45,97.69,127.25
shooter111,6,46,97.23,126.04
shooter111,6,47,97.1,125.36
shooter111,6,48,96.43,124.42
shooter111,6,49,94.96,123.77
shooter111,6,50,95.44,124.34
shooter111,6,51,94.4,122.86
shooter111,6,52,94.4,122.51
shooter111,6,53,94.4,122.95
shooter111,6,54,94.4,123.08
shooter111,6,55,94.56,123.11
shooter111,6,56,94.94,122.51
shooter111,6,57,95.99,122.51
shooter111,6,58,97.63,123.11
shooter111,6,59,97.35,123.78
shooter111,6,60,99.27,123.82
shooter111,6,61,100.51,124.58
shooter111,6,62,102.8,127.34
shooter111,6,63,106.65,127.07
shooter111,6,64,107.23,129.0
shooter111,6,65,110.24,130.64
shooter111,6,66,113.5,133.85
shooter111,6,67,116.21,135.09
shooter111,6,68,119.82,138.14
shooter111,6,69,123.91,140.13
shooter111,6,70,126.61,142.31
shooter111,6,71,129.35,143.54
shooter111,6,72,133.26,146.31
shooter111,6,73,136.99,149.71
shooter111,6,74,139.03,152.49
shooter111,6,75,143.29,154.71
shooter111,6,76,146.28,157.24
shooter111,6,77,149.62,158.95
shooter111,6,78,151.3,160.87
shooter111,6,79,155.43,163.08
shooter111,6,80,158.21,164.99
shooter111,6,81,160.48,166.27
shooter111,6,82,161.77,168.31
shooter111,6,83,163.74,169.45
shooter111,6,84,166.7,170.83
shooter111,6,85,168.07,172.47
shooter111,6,86,170.03,174.17
shooter111,6,87,169.98,174.84
shooter111,6,88,170.25,175.3
shooter111,6,89,171.38,175.63
shooter111,6,90,171.38,175.63
shooter111,6,91,171.38,175.51
shooter111,6,92,171.77,175.63
shooter111,6,93,170.85,174.74
shooter111,6,94,170.61,175.63
shooter111,6,95,170.38,175.63
shooter111,6,96,170.66,175.07
shooter111,6,97,171.34,175.63
shooter111,6,98,170.5,175.02
shooter111,6,99,171.7,175.47
shooter111,6,100,170.38,175.63
shooter111,6,101,171.2,175.63
shooter111,6,102,170.83,175.46
shooter111,6,103,170.15,175.5
shooter111,6,104,170.79,174.41
shooter111,6,105,171.54,175.53
shooter111,6,106,171.47,175.29
shooter111,6,107,170.11,174.16
shooter111,6,108,170.55,174.17
shooter111,6,109,169.73,175.63
shooter111,6,110,170.32,174.13
shooter111,6,111,169.97,175.48
shooter111,6,112,171.14,174.16
shooter111,6,113,170.49,174.31
shooter111,6,114,156.75,174.54
shooter111,6,115,157.96,174.6
shooter111,6,116,156.97,174.25
shooter111,6,117,155.45,173.86
shooter111,6,118,156.38,174.07
shooter111,6,119,155.5,174.37
shooter111,6,120,154.78,173.67
shooter111,6,121,153.97,173.87
shooter111,6,122,153.74,173.44
shooter111,6,123,153.11,173.25
shooter111,6,124,153.99,173.09
shooter111,6,125,152.53,172.85
shooter111,6,126,152.52,173.82
shooter111,6,127,153.12,174.18
shooter111,6,128,152.77,172.17
shooter111,6,129,151.96,172.41
shooter111,6,130,151.58,173.86
shooter111,6,131,151.47,172.53
shooter111,6,132,150.77,172.53
shooter111,6,133,149.68,173.0
shooter111,6,134,148.5,172.29
shooter111,6,135,148.4,172.49
shooter111,6,136,148.47,173.23
shooter111,6,137,147.71,172.48
shooter111,6,138,147.44,172.62
shooter111,6,139,146.5,171.65
shooter111,6,140,147.08,171.67
shooter111,6,141,146.28,172.87
shooter111,6,142,145.7,172.86
shooter111,6,143,146.0,172.59
shooter111,6,144,144.93,171.17
shooter111,6,145,144.93,172.51
shooter111,6,146,144.07,170.87
shooter111,6,147,144.54,171.99
shooter111,6,148,144.49,172.11
shooter111,6,149,142.54,171.58
shooter111,6,150,143.62,171.66
shooter111,6,151,143.28,172.17
shooter111,6,152,143.11,172.46
shooter111,6,153,142.44,171.03
shooter111,6,154,141.48,170.93
shooter111,6,155,140.12,171.91
shooter111,7,0,121.4,175.46
shooter111,7,1,120.78,176.8
shooter111,7,2,121.0,175.2
shooter111,7,3,119.84,175.44
shooter111,7,4,120.79,174.35
shooter111,7,5,120.29,174.09
shooter111,7,6,118.99,174.52
shooter111,7,7,119.61,173.17
shooter111,7,8,117.36,171.72
shooter111,7,9,116.36,171.33
shooter111,7,10,117.05,168.91
shooter111,7,11,115.86,167.16
shooter111,7,12,113.96,166.99
shooter111,7,13,113.06,163.79
shooter111,7,14,111.96,163.71
shooter111,7,15,110.93,160.41
shooter111,7,16,110.38,159.13
shooter111,7,17,108.37,157.41
shooter111,7,18,108.09,155.42
shooter111,7,19,107.01,153.31
shooter111,7,20,105.98,151.05
shooter111,7,21,105.12,148.83
shooter111,7,22,102.09,148.36
shooter111,7,23,100.68,145.7
shooter111,7,24,99.58,143.1
shooter111,7,25,98.67,140.96
shooter111,7,26,97.75,139.39
shooter111,7,27,95.43,137.63
shooter111,7,28,95.55,135.97
shooter111,7,29,94.86,133.45
shooter111,7,30,92.26,133.47
shooter111,7,31,90.64,130.39
shooter111,7,32,91.03,129.16
shooter111,7,33,90.01,128.22
shooter111,7,34,87.57,126.04
shooter111,7,35,87.79,124.32
shooter111,7,36,86.18,123.76
shooter111,7,37,86.17,123.08
shooter111,7,38,85.63,122.75
shooter111,7,39,83.98,121.03
shooter111,7,40,83.49,121.44
shooter111,7,41,83.71,120.25
shooter111,7,42,83.26,120.23
shooter111,7,43,83.55,119.51
shooter111,7,44,82.58,119.51
shooter111,7,45,83.02,119.51
shooter111,7,46,82.38,119.67
shooter111,7,47,82.91,120.69
shooter111,7,48,82.57,122.43
shooter111,7,49,83.75,122.31
shooter111,7,50,85.72,123.39
shooter111,7,51,86.49,126.42
shooter111,7,52,88.57,127.87
shooter111,7,53,91.05,129.52
shooter111,7,54,95.57,131.12
shooter111,7,55,98.17,133.4
shooter111,7,56,101.79,136.85
shooter111,7,57,105.59,137.59
shooter111,7,58,108.8,141.57
shooter111,7,59,112.33,143.92
shooter111,7,60,116.26,147.37
shooter111,7,61,120.89,149.29
shooter111,7,62,125.27,151.47
shooter111,7,63,129.32,155.18
shooter111,7,64,132.74,158.26
shooter111,7,65,137.31,160.7
shooter111,7,66,140.61,161.98
shooter111,7,67,144.17,164.48
shooter111,7,68,147.54,167.55
shooter111,7,69,150.38,169.35
shooter111,7,70,153.74,170.11
shooter111,7,71,157.57,172.12
shooter111,7,72,158.92,173.56
shooter111,7,73,162.51,175.08
shooter111,7,74,162.63,176.44
shooter111,7,75,163.97,178.63
shooter111,7,76,165.83,178.68
shooter111,7,77,165.92,177.81
shooter111,7,78,166.68,178.83
shooter111,7,79,165.75,178.7
shooter111,7,80,166.63,178.83
shooter111,7,81,166.04,178.83
shooter111,7,82,166.58,177.87
shooter111,7,83,165.72,178.83
shooter111,7,84,165.42,177.75
shooter111,7,85,165.37,178.83
shooter111,7,86,165.49,178.83
shooter111,7,87,166.8,178.83
shooter111,7,88,166.06,177.6
shooter111,7,89,166.36,177.6
shooter111,7,90,166.81,177.15
shooter111,7,91,165.43,177.2
shooter111,7,92,166.69,176.93
shooter111,7,93,166.39,176.77
shooter111,7,94,166.31,177.64
shooter111,7,95,166.54,176.51
shooter111,7,96,164.99,177.04
shooter111,7,97,165.77,177.44
shooter111,7,98,165.61,175.88
shooter111,7,99,165.91,176.94
shooter111,7,100,165.01,177.0
shooter111,7,101,164.74,176.37
shooter111,7,102,166.38,176.05
shooter111,7,103,165.31,176.37
shooter111,7,104,164.79,175.77
shooter111,7,105,151.94,175.53
shooter111,7,106,152.47,175.92
shooter111,7,107,151.18,175.79
shooter111,7,108,150.85,174.65
shooter111,7,109,151.98,174.55
shooter111,7,110,149.74,175.12
shooter111,7,111,149.65,174.41
shooter111,7,112,150.22,174.51
shooter111,7,113,148.91,173.09
shooter111,7,114,148.44,172.95
shooter111,7,115,148.79,173.64
shooter111,7,116,148.67,174.04
shooter111,7,117,147.74,172.87
shooter111,7,118,148.04,173.99
shooter111,7,119,147.71,173.43
shooter111,7,120,146.93,173.33
shooter111,7,121,146.44,173.29
shooter111,7,122,146.51,171.99
shooter111,7,123,144.51,172.02
shooter111,7,124,145.1,171.48
shooter111,7,125,143.94,171.89
shooter111,7,126,143.72,171.1
shooter111,7,127,144.78,172.44
shooter111,7,128,142.49,172.47
shooter111,7,129,142.69,171.22
shooter111,7,130,141.99,171.71
shooter111,7,131,142.42,172.03
shooter111,7,132,142.57,172.13
shooter111,7,133,141.26,172.56
shooter111,7,134,141.75,171.0
shooter111,7,135,140.56,171.09
shooter111,8,0,122.0,174.65
shooter111,8,1,121.75,174.65
shooter111,8,2,121.24,173.95
shooter111,8,3,121.48,174.65
shooter111,8,4,121.51,172.84
shooter111,8,5,120.45,174.11
shooter111,8,6,119.19,173.3
shooter111,8,7,118.65,171.41
shooter111,8,8,119.11,170.49
shooter111,8,9,118.79,171.43
shooter111,8,10,116.46,168.72
shooter111,8,11,117.13,169.52
shooter111,8,12,114.81,167.31
shooter111,8,13,114.12,166.0
shooter111,8,14,114.08,165.34
shooter111,8,15,113.1,163.72
shooter111,8,16,111.18,162.12
shooter111,8,17,110.76,161.19
shooter111,8,18,109.33,159.12
shooter111,8,19,108.13,156.95
shooter111,8,20,106.85,156.95
shooter111,8,21,104.58,154.72
shooter111,8,22,102.55,153.43
shooter111,8,23,101.49,151.54
shooter111,8,24,99.97,149.94
shooter111,8,25,98.97,147.46
shooter111,8,26,97.27,147.2
shooter111,8,27,96.39,144.54
shooter111,8,28,95.71,143.81
shooter111,8,29,93.54,141.92
shooter111,8,30,92.64,140.1
shooter111,8,31,91.24,137.97
shooter111,8,32,89.8,135.52
shooter111,8,33,89.82,134.57
shooter111,8,34,89.17,133.78
shooter111,8,35,87.78,131.67
shooter111,8,36,86.74,129.83
shooter111,8,37,86.43,129.35
shooter111,8,38,85.08,127.37
shooter111,8,39,82.93,126.5
shooter111,8,40,82.56,125.79
shooter111,8,41,82.77,124.0
shooter111,8,42,82.22,123.06
shooter111,8,43,82.14,122.41
shooter111,8,44,80.4,122.42
shooter111,8,45,81.75,122.44
shooter111,8,46,80.6,120.49
shooter111,8,47,81.27,120.99
shooter111,8,48,80.39,119.72
shooter111,8,49,80.39,120.2
shooter111,8,50,81.32,119.72
shooter111,8,51,82.59,119.72
shooter111,8,52,84.78,120.44
shooter111,8,53,88.69,121.02
shooter111,8,54,90.84,120.84
shooter111,8,55,94.1,124.07
shooter111,8,56,98.54,124.7
shooter111,8,57,103.48,127.83
shooter111,8,58,107.4,131.02
shooter111,8,59,112.1,133.72
shooter111,8,60,118.92,137.31
shooter111,8,61,122.93,140.49
shooter111,8,62,129.64,144.11
shooter111,8,63,133.14,146.78
shooter111,8,64,139.52,150.53
shooter111,8,65,144.55,154.3
shooter111,8,66,148.28,157.87
shooter111,8,67,153.74,161.3
shooter111,8,68,157.26,164.02
shooter111,8,69,160.9,167.03
shooter111,8,70,165.06,168.28
shooter111,8,71,167.87,170.76
shooter111,8,72,168.41,173.39
shooter111,8,73,170.97,173.15
shooter111,8,74,170.83,173.7
shooter111,8,75,171.83,174.65
shooter111,8,76,171.0,174.04
shooter111,8,77,171.83,174.55
shooter111,8,78,171.88,174.65
shooter111,8,79,171.31,174.56
shooter111,8,80,172.06,174.65
shooter111,8,81,171.55,174.65
shooter111,8,82,170.22,174.47
shooter111,8,83,170.17,174.65
shooter111,8,84,170.82,173.93
shooter111,8,85,170.16,173.74
shooter111,8,86,169.36,174.54
shooter111,8,87,169.27,174.26
shooter111,8,88,169.91,173.53
shooter111,8,89,170.0,173.68
shooter111,8,90,170.13,173.3
shooter111,8,91,170.21,173.2
shooter111,8,92,170.49,173.36
shooter111,8,93,170.1,174.35
shooter111,8,94,169.0,174.06
shooter111,8,95,169.22,173.29
shooter111,8,96,168.45,173.1
shooter111,8,97,158.77,172.08
shooter111,8,98,157.5,172.81
shooter111,8,99,156.53,173.0
shooter111,8,100,157.08,173.17
shooter111,8,101,156.21,172.19
shooter111,8,102,156.82,173.18
shooter111,8,103,154.58,172.89
shooter111,8,104,154.7,171.23
shooter111,8,105,155.51,172.74
shooter111,8,106,154.15,171.24
shooter111,8,107,153.45,172.51
shooter111,8,108,153.64,171.79
shooter111,8,109,153.36,171.22
shooter111,8,110,151.82,171.14
shooter111,8,111,151.75,171.27
shooter111,8,112,151.45,171.71
shooter111,8,113,150.92,171.58
shooter111,8,114,150.8,170.62
shooter111,8,115,150.3,171.38
shooter111,8,116,150.69,170.52
shooter111,8,117,150.03,170.31
shooter111,8,118,149.29,169.87
shooter111,8,119,148.43,170.95
shooter111,8,120,148.47,170.45
shooter111,8,121,147.59,170.0
shooter111,8,122,148.73,170.39
shooter111,8,123,146.78,170.73
shooter111,8,124,147.75,169.34
shooter111,8,125,146.86,169.68
shooter111,8,126,146.85,169.62
shooter111,8,127,146.61,168.98
shooter111,8,128,146.04,169.47
shooter111,8,129,145.21,170.3
shooter111,8,130,144.16,169.27
shooter111,8,131,144.55,170.38
shooter111,9,0,122.57,172.57
shooter111,9,1,121.94,171.16
shooter111,9,2,120.66,172.18
shooter111,9,3,121.98,171.78
shooter111,9,4,122.0,171.21
shooter111,9,5,121.05,171.4
shooter111,9,6,121.01,170.57
shooter111,9,7,119.92,169.99
shooter111,9,8,119.77,169.69
shooter111,9,9,119.85,168.5
shooter111,9,10,119.45,166.76
shooter111,9,11,117.32,165.69
shooter111,9,12,116.46,165.34
shooter111,9,13,116.47,163.71
shooter111,9,14,115.75,163.51
shooter111,9,15,115.72,162.59
shooter111,9,16,113.36,160.23
shooter111,9,17,114.0,160.17
shooter111,9,18,112.65,158.48
shooter111,9,19,112.04,157.56
shooter111,9,20,110.71,154.54
shooter111,9,21,110.29,153.6
shooter111,9,22,108.58,152.47
shooter111,9,23,107.38,151.2
shooter111,9,24,106.93,149.97
shooter111,9,25,105.51,148.39
shooter111,9,26,104.18,145.54
shooter111,9,27,104.35,144.37
shooter111,9,28,102.93,143.44
shooter111,9,29,100.84,140.75
shooter111,9,30,100.89,140.91
shooter111,9,31,98.9,139.02
shooter111,9,32,98.26,137.75
shooter111,9,33,96.85,136.5
shooter111,9,34,95.68,133.69
shooter111,9,35,95.32,132.87
shooter111,9,36,94.73,132.07
shooter111,9,37,93.36,131.21
shooter111,9,38,92.07,129.9
shooter111,9,39,91.63,127.6
shooter111,9,40,90.87,127.65
shooter111,9,41,90.85,126.01
shooter111,9,42,89.58,125.39
shooter111,9,43,89.47,125.79
shooter111,9,44,88.78,123.43
shooter111,9,45,87.87,122.73
shooter111,9,46,88.37,122.83
shooter111,9,47,87.83,123.31
shooter111,9,48,87.52,121.83
shooter111,9,49,86.75,121.83
shooter111,9,50,86.39,121.83
shooter111,9,51,86.7,121.83
shooter111,9,52,87.34,121.83
shooter111,9,53,86.39,123.26
shooter111,9,54,87.1,124.36
shooter111,9,55,87.77,125.11
shooter111,9,56,90.6,125.89
shooter111,9,57,91.8,128.96
shooter111,9,58,95.37,130.75
shooter111,9,59,99.21,133.87
shooter111,9,60,103.96,137.38
shooter111,9,61,108.66,139.03
shooter111,9,62,113.76,142.1
shooter111,9,63,119.06,145.63
shooter111,9,64,124.0,148.74
shooter111,9,65,128.88,152.43
shooter111,9,66,135.78,155.9
shooter111,9,67,140.0,159.71
shooter111,9,68,144.63,161.09
shooter111,9,69,149.38,164.39
shooter111,9,70,154.4,167.94
shooter111,9,71,158.02,169.33
shooter111,9,72,161.68,171.6
shooter111,9,73,164.12,172.31
shooter111,9,74,164.96,172.55
shooter111,9,75,166.46,173.35
shooter111,9,76,167.24,174.18
shooter111,9,77,167.65,174.18
shooter111,9,78,167.73,174.1
shooter111,9,79,165.91,174.13
shooter111,9,80,167.56,174.01
shooter111,9,81,167.33,173.11
shooter111,9,82,166.39,173.21
shooter111,9,83,166.7,174.18
shooter111,9,84,165.78,172.99
shooter111,9,85,166.42,173.53
shooter111,9,86,166.58,174.13
shooter111,9,87,165.82,173.52
shooter111,9,88,164.78,174.18
shooter111,9,89,165.43,172.54
shooter111,9,90,165.93,174.11
shooter111,9,91,165.76,172.52
shooter111,9,92,165.2,172.54
shooter111,9,93,166.07,173.06
shooter111,9,94,164.21,173.61
shooter111,9,95,164.16,172.56
shooter111,9,96,164.24,172.18
shooter111,9,97,165.2,172.25
shooter111,9,98,153.77,171.49
shooter111,9,99,153.39,172.82
shooter111,9,100,153.2,172.82
shooter111,9,101,151.93,172.19
shooter111,9,102,151.28,171.57
shooter111,9,103,151.44,171.75
shooter111,9,104,150.66,171.46
shooter111,9,105,150.49,170.3
shooter111,9,106,149.32,170.82
shooter111,9,107,149.43,171.19
shooter111,9,108,149.19,171.41
shooter111,9,109,148.01,170.27
shooter111,9,110,149.43,171.04
shooter111,9,111,147.12,170.76
shooter111,9,112,148.48,170.95
shooter111,9,113,146.4,170.92
shooter111,9,114,147.56,168.88
shooter111,9,115,146.54,169.53
shooter111,9,116,145.43,170.07
shooter111,9,117,145.1,170.04
shooter111,9,118,144.94,168.43
shooter111,9,119,145.43,169.36
shooter111,9,120,143.73,169.83
shooter111,9,121,143.52,168.37
shooter111,9,122,144.03,168.51
shooter111,9,123,143.47,168.51
shooter111,9,124,142.68,168.43
shooter111,9,125,141.56,168.68
shooter111,9,126,142.16,167.61
shooter111,9,127,141.1,168.98
shooter111,9,128,141.46,167.61
shooter111,9,129,140.39,168.95
shooter111,9,130,141.4,167.31
shooter111,9,131,140.22,168.82
shooter111,9,132,139.78,167.94
shooter111,9,133,139.91,168.53
shooter111,9,134,139.83,167.57
shooter111,10,0,124.47,168.97
shooter111,10,1,124.95,168.92
shooter111,10,2,123.22,168.47
shooter111,10,3,124.2,169.94
shooter111,10,4,122.75,168.71
shooter111,10,5,123.4,167.94
shooter111,10,6,121.69,167.92
shooter111,10,7,120.72,166.47
shooter111,10,8,120.19,164.82
shooter111,10,9,120.25,164.14
shooter111,10,10,119.99,162.94
shooter111,10,11,118.9,161.48
shooter111,10,12,117.32,160.79
shooter111,10,13,116.27,158.02
shooter111,10,14,115.1,156.57
shooter111,10,15,113.08,155.37
shooter111,10,16,111.11,153.09
shooter111,10,17,110.55,153.19
shooter111,10,18,108.05,150.44
shooter111,10,19,107.95,147.76
shooter111,10,20,105.6,147.07
shooter111,10,21,103.79,145.61
shooter111,10,22,103.43,143.05
shooter111,10,23,100.44,141.41
shooter111,10,24,100.66,140.08
shooter111,10,25,99.13,137.42
shooter111,10,26,96.99,136.47
shooter111,10,27,95.77,134.91
shooter111,10,28,93.05,133.7
shooter111,10,29,92.52,132.39
shooter111,10,30,92.14,131.1
shooter111,10,31,89.19,128.16
shooter111,10,32,88.62,128.34
shooter111,10,33,87.69,126.96
shooter111,10,34,87.36,125.36
shooter111,10,35,86.53,125.6
shooter111,10,36,84.46,124.73
shooter111,10,37,84.07,123.95
shooter111,10,38,84.69,122.3
shooter111,10,39,82.93,122.3
shooter111,10,40,82.73,123.21
shooter111,10,41,82.66,122.3
shooter111,10,42,83.22,122.3
shooter111,10,43,82.66,122.35
shooter111,10,44,82.66,123.62
shooter111,10,45,83.78,123.4
shooter111,10,46,84.04,125.51
shooter111,10,47,87.75,127.54
shooter111,10,48,89.87,127.69
shooter111,10,49,92.17,130.26
shooter111,10,50,94.93,131.67
shooter111,10,51,97.91,133.19
shooter111,10,52,102.61,135.57
shooter111,10,53,106.17,138.09
shooter111,10,54,111.42,140.83
shooter111,10,55,115.07,142.77
shooter111,10,56,120.99,145.96
shooter111,10,57,125.07,146.78
shooter111,10,58,130.33,150.88
shooter111,10,59,134.51,152.45
shooter111,10,60,139.48,154.46
shooter111,10,61,144.51,156.06
shooter111,10,62,148.97,158.63
shooter111,10,63,154.25,160.91
shooter111,10,64,156.82,163.76
shooter111,10,65,159.87,165.08
shooter111,10,66,163.92,165.17
shooter111,10,67,166.26,167.0
shooter111,10,68,169.67,168.4
shooter111,10,69,170.14,169.96
shooter111,10,70,172.74,170.36
shooter111,10,71,173.09,169.67
shooter111,10,72,173.09,170.36
shooter111,10,73,172.86,169.62
shooter111,10,74,173.0,170.35
shooter111,10,75,173.02,169.49
shooter111,10,76,172.73,169.78
shooter111,10,77,173.06,170.36
shooter111,10,78,173.29,169.98
shooter111,10,79,172.83,170.36
shooter111,10,80,172.98,170.36
shooter111,10,81,173.45,169.48
shooter111,10,82,172.69,168.87
shooter111,10,83,172.49,169.81
shooter111,10,84,172.11,170.06
shooter111,10,85,171.84,169.47
shooter111,10,86,172.12,170.22
shooter111,10,87,172.31,169.81
shooter111,10,88,172.99,169.18
shooter111,10,89,171.85,168.03
shooter111,10,90,172.78,168.52
shooter111,10,91,171.5,168.68
shooter111,10,92,171.62,168.03
shooter111,10,93,171.91,169.04
shooter111,10,94,172.16,168.05
shooter111,10,95,171.54,167.44
shooter111,10,96,171.37,168.42
shooter111,10,97,172.23,167.9
shooter111,10,98,158.91,166.91
shooter111,10,99,158.52,167.4
shooter111,10,100,157.91,167.55
shooter111,10,101,157.63,166.89
shooter111,10,102,156.86,166.42
shooter111,10,103,156.63,167.03
shooter111,10,104,156.77,166.86
shooter111,10,105,156.33,165.35
shooter111,10,106,156.7,165.63
shooter111,10,107,156.16,166.3
shooter111,10,108,154.1,165.31
shooter111,10,109,154.15,166.64
shooter111,10,110,155.07,164.9
shooter111,10,111,153.52,165.94
shooter111,10,112,153.45,166.31
shooter111,10,113,153.44,164.89
shooter111,10,114,152.78,165.3
shooter111,10,115,151.3,164.2
shooter111,10,116,151.3,165.14
shooter111,10,117,150.69,165.79
shooter111,10,118,150.43,165.68
shooter111,10,119,149.98,164.5
shooter111,10,120,150.54,165.26
shooter111,10,121,149.7,165.22
shooter111,10,122,148.62,164.19
shooter111,10,123,148.25,165.15
shooter111,10,124,149.59,163.82
shooter111,10,125,147.6,165.45
shooter112,1,0,138.56,172.88
shooter112,1,1,137.84,172.17
shooter112,1,2,137.98,172.93
shooter112,1,3,137.38,171.56
shooter112,1,4,137.33,172.48
shooter112,1,5,137.2,170.51
shooter112,1,6,135.35,170.19
shooter112,1,7,136.05,169.22
shooter112,1,8,135.16,168.61
shooter112,1,9,133.27,167.6
shooter112,1,10,133.38,167.61
shooter112,1,11,132.11,165.75
shooter112,1,12,129.26,164.44
shooter112,1,13,128.02,163.65
shooter112,1,14,128.04,163.25
shooter112,1,15,126.82,161.48
shooter112,1,16,124.33,159.61
shooter112,1,17,123.35,158.06
shooter112,1,18,121.92,157.98
shooter112,1,19,120.19,156.5
shooter112,1,20,117.87,154.55
shooter112,1,21,116.58,153.21
shooter112,1,22,116.18,151.16
shooter112,1,23,113.1,150.17
shooter112,1,24,112.62,149.18
shooter112,1,25,111.07,147.81
shooter112,1,26,110.17,145.51
shooter112,1,27,108.72,144.79
shooter112,1,28,107.16,143.03
shooter112,1,29,104.93,142.21
shooter112,1,30,102.56,140.84
shooter112,1,31,101.72,139.75
shooter112,1,32,100.88,137.42
shooter112,1,33,98.84,136.65
shooter112,1,34,97.75,135.53
shooter112,1,35,97.32,134.96
shooter112,1,36,96.54,134.15
shooter112,1,37,96.11,133.8
shooter112,1,38,96.1,132.94
shooter112,1,39,94.41,132.4
shooter112,1,40,93.22,132.04
shooter112,1,41,93.81,130.95
shooter112,1,42,93.22,130.93
shooter112,1,43,94.08,130.93
shooter112,1,44,93.22,130.93
shooter112,1,45,93.22,130.93
shooter112,1,46,94.39,130.99
shooter112,1,47,94.83,131.45
shooter112,1,48,96.21,132.82
shooter112,1,49,96.99,134.42
shooter112,1,50,99.33,135.45
shooter112,1,51,100.88,135.21
shooter112,1,52,104.77,137.54
shooter112,1,53,106.48,138.15
shooter112,1,54,109.19,141.41
shooter112,1,55,113.27,142.43
shooter112,1,56,116.55,144.07
shooter112,1,57,119.46,146.63
shooter112,1,58,124.27,148.62
shooter112,1,59,127.2,151.75
shooter112,1,60,131.38,152.06
shooter112,1,61,133.7,156.01
shooter112,1,62,137.73,156.66
shooter112,1,63,140.88,158.51
shooter112,1,64,144.19,161.66
shooter112,1,65,146.6,163.08
shooter112,1,66,149.9,165.58
shooter112,1,67,153.93,166.48
shooter112,1,68,156.36,167.87
shooter112,1,69,157.08,168.58
shooter112,1,70,158.8,171.19
shooter112,1,71,160.56,171.56
shooter112,1,72,162.88,172.17
shooter112,1,73,162.98,172.93
shooter112,1,74,164.23,172.02
shooter112,1,75,164.23,172.93
shooter112,1,76,164.51,172.93
shooter112,1,77,164.7,172.93
shooter112,1,78,162.87,172.93
shooter112,1,79,164.36,172.79
shooter112,1,80,164.31,172.93
shooter112,1,81,163.39,172.93
shooter112,1,82,162.74,171.82
shooter112,1,83,163.14,172.93
shooter112,1,84,162.49,172.75
shooter112,1,85,163.58,172.93
shooter112,1,86,162.65,172.93
shooter112,1,87,163.01,171.93
shooter112,1,88,162.48,171.58
shooter112,1,89,161.69,171.86
shooter112,1,90,161.96,172.89
shooter112,1,91,162.57,172.93
shooter112,1,92,150.0,172.67
shooter112,1,93,149.51,172.83
shooter112,1,94,150.34,172.28
shooter112,1,95,148.7,172.04
shooter112,1,96,149.35,172.88
shooter112,1,97,147.59,171.01
shooter112,1,98,148.41,171.6
shooter112,1,99,147.66,171.22
shooter112,1,100,146.27,170.81
shooter112,1,101,145.76,171.68
shooter112,1,102,145.83,170.89
shooter112,1,103,146.14,171.19
shooter112,1,104,145.15,170.43
shooter112,1,105,144.57,170.83
shooter112,1,106,144.79,170.34
shooter112,1,107,145.14,171.63
shooter112,1,108,143.07,170.77
shooter112,1,109,143.72,171.22
shooter112,1,110,143.85,170.48
shooter112,1,111,142.71,169.48
shooter112,1,112,143.16,170.67
shooter112,1,113,142.03,169.27
shooter112,1,114,141.78,169.85
shooter112,1,115,141.61,170.05
shooter112,1,116,140.03,170.41
shooter112,1,117,140.35,170.54
shooter112,1,118,140.06,169.04
shooter112,1,119,138.67,169.86
shooter112,1,120,138.94,169.37
shooter112,1,121,139.17,169.86
shooter112,1,122,137.31,170.1
shooter112,1,123,137.66,169.19
shooter112,1,124,136.72,168.61
shooter112,1,125,136.38,169.54
shooter112,1,126,136.66,168.91
shooter112,1,127,135.29,169.53
shooter112,1,128,135.68,168.82
shooter112,1,129,134.48,169.48
shooter112,1,130,135.88,167.56
shooter112,1,131,135.4,168.93
shooter112,1,132,133.65,168.08
shooter112,1,133,132.96,168.66
shooter112,1,134,132.93,169.14
shooter112,1,135,132.09,168.51
shooter112,1,136,133.1,168.64
shooter112,1,137,132.38,167.41
shooter112,1,138,131.92,167.39
shooter112,1,139,132.13,168.16
shooter112,1,140,131.65,167.84
shooter112,1,141,130.45,167.17
shooter112,1,142,130.45,168.38
shooter112,1,143,129.71,168.3
shooter112,1,144,129.68,167.07
shooter112,1,145,128.33,166.97
shooter112,1,146,128.23,167.62
shooter112,1,147,127.73,168.13
shooter112,2,0,113.86,173.9
shooter112,2,1,114.06,173.43
shooter112,2,2,114.26,173.87
shooter112,2,3,114.62,173.9
shooter112,2,4,112.98,172.45
shooter112,2,5,113.41,172.36
shooter112,2,6,113.9,172.73
shooter112,2,7,112.67,172.01
shooter112,2,8,112.4,172.14
shooter112,2,9,112.42,169.55
shooter112,2,10,111.74,170.46
shooter112,2,11,110.73,168.83
shooter112,2,12,110.99,167.39
shooter112,2,13,108.44,166.96
shooter112,2,14,107.73,165.74
shooter112,2,15,107.7,164.17
shooter112,2,16,106.35,163.1
shooter112,2,17,105.61,162.03
shooter112,2,18,104.6,161.31
shooter112,2,19,104.78,159.09
shooter112,2,20,103.3,157.78
shooter112,2,21,103.18,156.91
shooter112,2,22,101.04,156.28
shooter112,2,23,100.8,155.42
shooter112,2,24,98.99,152.08
shooter112,2,25,97.6,152.57
shooter112,2,26,97.95,150.57
shooter112,2,27,95.86,149.56
shooter112,2,28,95.97,147.41
shooter112,2,29,94.98,145.85
shooter112,2,30,93.96,145.09
shooter112,2,31,92.86,143.24
shooter112,2,32,92.51,142.58
shooter112,2,33,89.99,141.25
shooter112,2,34,90.82,139.24
shooter112,2,35,88.24,138.08
shooter112,2,36,88.28,136.64
shooter112,2,37,88.36,135.95
shooter112,2,38,86.31,134.84
shooter112,2,39,86.75,133.73
shooter112,2,40,85.61,131.58
shooter112,2,41,85.55,132.46
shooter112,2,42,83.37,130.36
shooter112,2,43,83.88,129.4
shooter112,2,44,82.7,128.63
shooter112,2,45,81.97,127.72
shooter112,2,46,82.98,127.94
shooter112,2,47,82.83,126.65
shooter112,2,48,82.59,126.5
shooter112,2,49,82.42,126.49
shooter112,2,50,82.47,126.49
shooter112,2,51,81.84,127.52
shooter112,2,52,81.84,126.49
shooter112,2,53,83.43,126.49
shooter112,2,54,84.51,127.21
shooter112,2,55,85.37,128.02
shooter112,2,56,88.1,128.93
shooter112,2,57,90.31,129.8
shooter112,2,58,94.63,131.98
shooter112,2,59,97.08,132.72
shooter112,2,60,101.68,134.85
shooter112,2,61,106.04,138.57
shooter112,2,62,110.94,139.74
shooter112,2,63,114.41,141.66
shooter112,2,64,120.01,144.35
shooter112,2,65,124.4,147.99
shooter112,2,66,127.92,149.43
shooter112,2,67,133.49,152.56
shooter112,2,68,138.22,155.13
shooter112,2,69,142.25,157.48
shooter112,2,70,147.27,160.43
shooter112,2,71,150.77,162.03
shooter112,2,72,156.06,164.89
shooter112,2,73,158.62,166.02
shooter112,2,74,161.39,169.67
shooter112,2,75,164.94,170.48
shooter112,2,76,167.72,170.7
shooter112,2,77,169.66,171.95
shooter112,2,78,170.87,173.78
shooter112,2,79,171.13,173.9
shooter112,2,80,171.13,173.9
shooter112,2,81,171.1,173.19
shooter112,2,82,170.79,173.9
shooter112,2,83,171.85,173.43
shooter112,2,84,170.15,173.05
shooter112,2,85,171.03,173.53
shooter112,2,86,170.37,173.9
shooter112,2,87,171.54,173.48
shooter112,2,88,170.48,172.82
shooter112,2,89,171.48,172.93
shooter112,2,90,171.57,173.84
shooter112,2,91,170.02,173.63
shooter112,2,92,171.14,173.88
shooter112,2,93,170.29,173.61
shooter112,2,94,156.94,173.4
shooter112,2,95,156.28,173.28
shooter112,2,96,156.56,173.9
shooter112,2,97,155.62,173.9
shooter112,2,98,156.01,172.87
shooter112,2,99,155.69,173.32
shooter112,2,100,154.52,171.97
shooter112,2,101,153.34,171.88
shooter112,2,102,153.06,172.38
shooter112,2,103,153.08,173.15
shooter112,2,104,154.04,173.39
shooter112,2,105,152.52,172.81
shooter112,2,106,152.82,172.75
shooter112,2,107,152.8,171.29
shooter112,2,108,151.21,172.98
shooter112,2,109,151.25,171.19
shooter112,2,110,151.43,172.8
shooter112,2,111,150.56,171.08
shooter112,2,112,149.15,170.75
shooter112,2,113,150.07,171.7
shooter112,2,114,149.94,170.69
shooter112,2,115,149.27,170.4
shooter112,2,116,148.84,171.57
shooter112,2,117,148.44,171.6
shooter112,2,118,147.76,170.6
shooter112,2,119,146.63,170.97
shooter112,2,120,147.55,170.97
shooter112,2,121,145.59,170.01
shooter112,2,122,146.58,170.47
shooter112,2,123,145.25,170.76
shooter112,2,124,145.48,171.16
shooter112,2,125,145.34,170.13
shooter112,2,126,144.93,170.59
shooter112,2,127,143.25,170.11
shooter112,2,128,143.75,170.43
shooter112,2,129,142.56,170.51
shooter112,2,130,141.95,169.91
shooter112,2,131,142.36,168.89
shooter112,2,132,142.91,170.45
shooter112,2,133,142.49,169.83
shooter112,2,134,141.28,169.76
shooter112,2,135,141.27,169.52
shooter112,2,136,139.83,168.79
shooter112,2,137,139.38,169.36
shooter112,2,138,139.94,169.41
shooter112,2,139,139.7,169.06
shooter112,2,140,139.21,168.55
shooter112,2,141,137.54,169.75
shooter112,2,142,137.64,169.11
shooter112,2,143,136.62,169.57
shooter112,2,144,137.7,168.25
shooter112,2,145,136.35,169.15
shooter112,2,146,136.19,168.28
shooter112,2,147,136.09,169.6
shooter112,3,0,123.06,175.69
shooter112,3,1,124.35,174.28
shooter112,3,2,122.62,174.39
shooter112,3,3,123.39,174.68
shooter112,3,4,123.97,174.04
shooter112,3,5,123.44,173.8
shooter112,3,6,121.78,174.23
shooter112,3,7,122.64,172.94
shooter112,3,8,121.48,173.36
shooter112,3,9,122.02,173.34
shooter112,3,10,120.81,171.32
shooter112,3,11,120.15,170.59
shooter112,3,12,118.42,169.42
shooter112,3,13,118.19,168.61
shooter112,3,14,117.77,168.5
shooter112,3,15,117.6,167.76
shooter112,3,16,116.36,166.17
shooter112,3,17,116.15,165.43
shooter112,3,18,113.61,164.0
shooter112,3,19,113.24,163.98
shooter112,3,20,112.82,162.26
shooter112,3,21,111.95,161.77
shooter112,3,22,110.62,160.19
shooter112,3,23,109.37,158.61
shooter112,3,24,107.66,157.85
shooter112,3,25,107.84,155.33
shooter112,3,26,107.17,155.4
shooter112,3,27,105.9,153.45
shooter112,3,28,104.59,152.42
shooter112,3,29,103.36,151.12
shooter112,3,30,102.55,149.86
shooter112,3,31,101.48,148.82
shooter112,3,32,98.87,146.32
shooter112,3,33,98.52,145.77
shooter112,3,34,98.5,143.66
shooter112,3,35,97.44,142.68
shooter112,3,36,96.16,141.34
shooter112,3,37,94.39,140.92
shooter112,3,38,94.43,139.73
shooter112,3,39,92.39,139.0
shooter112,3,40,91.5,137.24
shooter112,3,41,91.29,136.58
shooter112,3,42,90.57,135.8
shooter112,3,43,89.38,133.27
shooter112,3,44,89.18,133.47
shooter112,3,45,88.74,131.76
shooter112,3,46,87.07,130.79
shooter112,3,47,86.73,131.34
shooter112,3,48,87.06,129.06
shooter112,3,49,87.07,129.78
shooter112,3,50,86.59,128.95
shooter112,3,51,84.75,128.48
shooter112,3,52,85.36,127.38
shooter112,3,53,85.61,126.93
shooter112,3,54,84.73,126.18
shooter112,3,55,85.05,125.86
shooter112,3,56,84.73,126.52
shooter112,3,57,85.3,125.5
shooter112,3,58,84.77,125.51
shooter112,3,59,86.54,125.5
shooter112,3,60,88.19,125.5
shooter112,3,61,90.53,126.87
shooter112,3,62,92.45,126.69
shooter112,3,63,96.01,127.42
shooter112,3,64,99.5,130.13
shooter112,3,65,102.06,131.77
shooter112,3,66,106.47,134.53
shooter112,3,67,110.31,135.35
shooter112,3,68,116.17,138.07
shooter112,3,69,118.89,142.42
shooter112,3,70,124.37,144.55
shooter112,3,71,128.43,147.58
shooter112,3,72,132.68,150.05
shooter112,3,73,138.22,154.47
shooter112,3,74,142.11,157.43
shooter112,3,75,146.12,159.53
shooter112,3,76,148.93,161.69
shooter112,3,77,152.85,165.82
shooter112,3,78,156.15,168.02
shooter112,3,79,159.39,169.42
shooter112,3,80,162.89,171.5
shooter112,3,81,163.97,172.69
shooter112,3,82,165.49,173.47
shooter112,3,83,166.18,175.32
shooter112,3,84,167.54,175.69
shooter112,3,85,168.01,175.69
shooter112,3,86,167.72,175.69
shooter112,3,87,168.9,175.58
shooter112,3,88,168.05,175.69
shooter112,3,89,167.33,175.08
shooter112,3,90,167.49,175.69
shooter112,3,91,168.01,175.0
shooter112,3,92,166.88,174.87
shooter112,3,93,168.62,175.69
shooter112,3,94,167.95,174.65
shooter112,3,95,167.76,174.75
shooter112,3,96,168.18,175.69
shooter112,3,97,167.12,174.91
shooter112,3,98,166.74,175.69
shooter112,3,99,167.91,174.47
shooter112,3,100,166.97,174.85
shooter112,3,101,166.65,174.77
shooter112,3,102,168.46,174.87
shooter112,3,103,168.16,174.65
shooter112,3,104,166.79,174.51
shooter112,3,105,154.8,174.29
shooter112,3,106,152.75,173.57
shooter112,3,107,153.82,174.67
shooter112,3,108,152.64,174.28
shooter112,3,109,152.45,173.97
shooter112,3,110,152.35,173.53
shooter112,3,111,150.81,174.78
shooter112,3,112,152.03,173.35
shooter112,3,113,150.1,174.6
shooter112,3,114,151.29,173.08
shooter112,3,115,149.19,174.46
shooter112,3,116,148.95,173.24
shooter112,3,117,148.33,173.34
shooter112,3,118,148.61,172.75
shooter112,3,119,148.59,173.91
shooter112,3,120,148.26,172.47
shooter112,3,121,148.27,173.24
shooter112,3,122,147.27,171.7
shooter112,3,123,146.83,172.65
shooter112,3,124,146.06,172.9
shooter112,3,125,146.31,172.23
shooter112,3,126,146.43,172.46
shooter112,3,127,144.92,172.59
shooter112,3,128,144.52,171.94
shooter112,3,129,144.1,171.26
shooter112,3,130,143.46,171.51
shooter112,3,131,143.74,172.07
shooter112,3,132,142.42,171.04
shooter112,3,133,143.48,171.66
shooter112,3,134,141.69,170.59
shooter112,3,135,141.36,172.06
shooter112,3,136,140.75,171.31
shooter112,3,137,140.97,170.96
shooter112,3,138,141.33,171.56
shooter112,3,139,141.23,171.45
shooter112,3,140,139.88,169.97
shooter112,3,141,139.08,170.32
shooter112,3,142,139.66,170.56
shooter112,3,143,139.19,170.26
shooter112,3,144,138.77,170.16
shooter112,3,145,137.9,170.17
shooter112,3,146,137.74,169.71
shooter112,3,147,136.33,169.62
shooter112,3,148,136.31,169.86
shooter112,3,149,137.26,169.45
shooter112,3,150,135.09,170.31
shooter112,3,151,135.21,169.57
shooter112,3,152,134.66,169.39
shooter112,3,153,134.07,170.92
shooter112,3,154,135.26,170.42
shooter112,4,0,115.12,169.51
shooter112,4,1,114.84,169.78
shooter112,4,2,113.57,169.37
shooter112,4,3,113.51,170.54
shooter112,4,4,113.66,169.8
shooter112,4,5,113.01,169.01
shooter112,4,6,112.23,168.4
shooter112,4,7,112.1,167.22
shooter112,4,8,111.92,166.75
shooter112,4,9,109.95,164.41
shooter112,4,10,108.74,163.27
shooter112,4,11,108.91,162.66
shooter112,4,12,107.75,161.72
shooter112,4,13,107.34,160.31
shooter112,4,14,105.92,159.06
shooter112,4,15,104.08,157.04
shooter112,4,16,103.37,154.34
shooter112,4,17,102.61,152.65
shooter112,4,18,100.33,151.36
shooter112,4,19,98.4,150.03
shooter112,4,20,98.36,148.0
shooter112,4,21,95.88,145.36
shooter112,4,22,96.43,144.44
shooter112,4,23,93.63,143.39
shooter112,4,24,92.79,140.55
shooter112,4,25,92.72,139.7
shooter112,4,26,89.8,137.37
shooter112,4,27,88.51,136.42
shooter112,4,28,87.61,135.25
shooter112,4,29,88.33,132.88
shooter112,4,30,87.31,132.66
shooter112,4,31,85.22,131.34
shooter112,4,32,85.09,129.53
shooter112,4,33,84.3,129.72
shooter112,4,34,82.33,128.64
shooter112,4,35,81.99,127.38
shooter112,4,36,82.78,125.9
shooter112,4,37,80.9,126.14
shooter112,4,38,81.27,125.64
shooter112,4,39,80.79,125.64
shooter112,4,40,80.95,125.64
shooter112,4,41,80.79,126.6
shooter112,4,42,80.79,125.64
shooter112,4,43,80.81,127.2
shooter112,4,44,83.85,127.78
shooter112,4,45,83.7,128.91
shooter112,4,46,86.32,130.52
shooter112,4,47,88.75,131.04
shooter112,4,48,91.33,133.08
shooter112,4,49,95.46,134.27
shooter112,4,50,98.01,136.23
shooter112,4,51,102.32,138.76
shooter112,4,52,106.13,139.93
shooter112,4,53,110.93,142.67
shooter112,4,54,115.14,144.8
shooter112,4,55,118.34,147.09
shooter112,4,56,123.86,149.99
shooter112,4,57,128.39,151.79
shooter112,4,58,133.04,154.21
shooter112,4,59,137.43,157.5
shooter112,4,60,141.14,159.65
shooter112,4,61,144.54,162.31
shooter112,4,62,147.96,164.2
shooter112,4,63,152.57,165.91
shooter112,4,64,155.82,167.18
shooter112,4,65,156.99,167.78
shooter112,4,66,160.33,168.86
shooter112,4,67,161.5,171.44
shooter112,4,68,163.34,172.29
shooter112,4,69,164.76,171.97
shooter112,4,70,165.31,172.42
shooter112,4,71,165.92,172.44
shooter112,4,72,164.93,171.73
shooter112,4,73,165.86,172.44
shooter112,4,74,165.65,171.76
shooter112,4,75,165.91,172.32
shooter112,4,76,164.39,172.44
shooter112,4,77,164.71,172.44
shooter112,4,78,165.3,172.44
shooter112,4,79,165.18,171.6
shooter112,4,80,164.51,171.91
shooter112,4,81,164.39,172.22
shooter112,4,82,165.25,172.03
shooter112,4,83,163.83,172.44
shooter112,4,84,163.33,171.2
shooter112,4,85,164.79,170.67
shooter112,4,86,164.36,171.18
shooter112,4,87,163.07,171.3
shooter112,4,88,152.63,170.9
shooter112,4,89,151.02,170.62
shooter112,4,90,151.77,170.35
shooter112,4,91,150.98,170.54
shooter112,4,92,150.29,170.9
shooter112,4,93,150.78,169.66
shooter112,4,94,150.14,170.93
shooter112,4,95,148.38,170.32
shooter112,4,96,149.13,169.08
shooter112,4,97,148.9,168.75
shooter112,4,98,148.0,168.63
shooter112,4,99,147.07,168.54
shooter112,4,100,146.59,169.48
shooter112,4,101,147.67,169.91
shooter112,4,102,146.19,168.13
shooter112,4,103,145.96,168.27
shooter112,4,104,145.72,169.27
shooter112,4,105,144.32,168.39
shooter112,4,106,143.88,168.08
shooter112,4,107,143.72,168.02
shooter112,4,108,143.05,167.14
shooter112,4,109,144.32,167.23
shooter112,4,110,142.42,168.59
shooter112,4,111,142.17,167.82
shooter112,4,112,142.39,166.99
shooter112,4,113,142.71,168.2
shooter112,4,114,140.62,166.99
shooter112,4,115,140.55,166.38
shooter112,4,116,141.15,167.94
shooter112,4,117,140.36,167.26
shooter112,4,118,140.11,167.37
shooter112,4,119,138.55,165.84
shooter112,4,120,139.85,166.31
shooter112,4,121,138.88,167.59
shooter112,4,122,138.99,165.98
shooter112,4,123,138.85,167.39
shooter112,4,124,137.98,167.17
shooter112,4,125,136.18,166.38
shooter112,5,0,119.71,170.95
shooter112,5,1,119.01,171.66
shooter112,5,2,117.83,171.84
shooter112,5,3,117.66,171.98
shooter112,5,4,118.5,171.77
shooter112,5,5,119.2,171.67
shooter112,5,6,117.66,169.63
shooter112,5,7,117.55,171.09
shooter112,5,8,118.15,170.55
shooter112,5,9,117.84,168.12
shooter112,5,10,117.76,168.05
shooter112,5,11,117.16,168.26
shooter112,5,12,116.24,166.95
shooter112,5,13,116.47,165.2
shooter112,5,14,115.33,165.05
shooter112,5,15,114.79,164.61
shooter112,5,16,113.08,164.27
shooter112,5,17,113.39,163.18
shooter112,5,18,111.97,162.4
shooter112,5,19,113.07,160.39
shooter112,5,20,110.66,159.96
shooter112,5,21,110.6,157.45
shooter112,5,22,111.3,157.15
shooter112,5,23,110.22,156.79
shooter112,5,24,109.45,155.46
shooter112,5,25,108.66,153.9
shooter112,5,26,106.63,151.7
shooter112,5,27,106.38,150.56
shooter112,5,28,106.68,150.36
shooter112,5,29,106.16,148.46
shooter112,5,30,104.35,147.28
shooter112,5,31,103.45,147.14
shooter112,5,32,102.69,144.33
shooter112,5,33,102.61,143.94
shooter112,5,34,101.4,142.51
shooter112,5,35,100.18,141.0
shooter112,5,36,100.25,140.33
shooter112,5,37,99.92,139.24
shooter112,5,38,99.45,138.9
shooter112,5,39,98.25,137.82
shooter112,5,40,97.6,137.0
shooter112,5,41,96.97,136.96
shooter112,5,42,97.11,135.4
shooter112,5,43,95.91,134.95
shooter112,5,44,96.69,134.28
shooter112,5,45,94.96,133.38
shooter112,5,46,95.55,132.39
shooter112,5,47,94.22,133.08
shooter112,5,48,94.49,131.71
shooter112,5,49,94.29,131.6
shooter112,5,50,92.95,131.26
shooter112,5,51,93.11,131.56
shooter112,5,52,92.64,130.8
shooter112,5,53,92.98,130.59
shooter112,5,54,93.64,130.59
shooter112,5,55,92.91,131.35
shooter112,5,56,93.06,131.06
shooter112,5,57,92.64,133.27
shooter112,5,58,93.07,134.47
shooter112,5,59,95.08,134.78
shooter112,5,60,96.26,137.18
shooter112,5,61,99.52,140.68
shooter112,5,62,103.79,141.98
shooter112,5,63,108.59,144.8
shooter112,5,64,115.38,147.49
shooter112,5,65,119.57,150.12
shooter112,5,66,125.56,153.96
shooter112,5,67,131.88,157.48
shooter112,5,68,138.26,160.17
shooter112,5,69,144.69,161.65
shooter112,5,70,150.14,165.2
shooter112,5,71,155.26,167.13
shooter112,5,72,160.13,169.8
shooter112,5,73,165.51,171.05
shooter112,5,74,168.24,173.58
shooter112,5,75,171.1,174.27
shooter112,5,76,171.42,174.43
shooter112,5,77,172.56,174.43
shooter112,5,78,173.4,174.43
shooter112,5,79,171.49,174.31
shooter112,5,80,172.07,174.43
shooter112,5,81,171.67,174.43
shooter112,5,82,170.97,174.43
shooter112,5,83,171.94,174.43
shooter112,5,84,171.81,174.43
shooter112,5,85,171.23,174.11
shooter112,5,86,171.41,173.3
shooter112,5,87,171.13,174.43
shooter112,5,88,171.15,174.43
shooter112,5,89,171.8,174.43
shooter112,5,90,171.41,174.43
shooter112,5,91,170.42,173.88
shooter112,5,92,170.22,174.43
shooter112,5,93,171.07,174.24
shooter112,5,94,169.95,173.99
shooter112,5,95,159.38,173.15
shooter112,5,96,158.83,173.94
shooter112,5,97,157.27,173.32
shooter112,5,98,157.96,174.06
shooter112,5,99,156.34,174.43
shooter112,5,100,155.61,173.97
shooter112,5,101,157.08,172.95
shooter112,5,102,156.28,173.29
shooter112,5,103,155.34,173.41
shooter112,5,104,155.65,173.65
shooter112,5,105,153.71,172.41
shooter112,5,106,154.64,173.08
shooter112,5,107,154.67,173.67
shooter112,5,108,154.0,171.92
shooter112,5,109,152.82,173.23
shooter112,5,110,152.25,173.45
shooter112,5,111,152.94,173.19
shooter112,5,112,151.34,173.37
shooter112,5,113,152.23,172.98
shooter112,5,114,150.6,172.36
shooter112,5,115,149.81,172.19
shooter112,5,116,149.63,171.21
shooter112,5,117,149.8,171.09
shooter112,5,118,148.62,172.24
shooter112,5,119,148.72,171.42
shooter112,5,120,149.37,171.4
shooter112,5,121,147.35,172.31
shooter112,5,122,147.99,170.83
shooter112,5,123,147.17,171.09
shooter112,5,124,147.25,171.81
shooter112,5,125,146.54,170.41
shooter112,5,126,146.91,171.31
shooter112,5,127,145.56,170.36
shooter112,5,128,145.38,171.63
shooter112,5,129,144.22,171.3
shooter112,5,130,144.54,171.18
shooter112,5,131,143.39,170.33
shooter112,5,132,143.93,171.26
shooter112,5,133,143.21,170.35
shooter112,5,134,143.53,170.82
shooter112,5,135,142.4,169.8
shooter112,5,136,142.42,169.75
shooter112,5,137,140.88,169.89
shooter112,5,138,141.78,169.88
shooter112,5,139,141.87,169.65
shooter112,5,140,140.46,169.58
shooter112,5,141,139.18,171.06
shooter112,5,142,139.97,170.37
shooter112,5,143,138.65,170.47
shooter112,5,144,138.9,169.76
shooter112,5,145,137.62,169.27
shooter112,5,146,138.05,171.07
shooter112,5,147,138.51,169.21
shooter112,5,148,136.63,170.73
shooter112,5,149,136.96,170.4
shooter112,5,150,136.07,169.87
shooter112,5,151,135.68,170.54
shooter112,5,152,136.05,170.57
shooter112,5,153,135.86,170.8
shooter112,6,0,117.44,167.99
shooter112,6,1,117.53,167.95
shooter112,6,2,119.08,168.06
shooter112,6,3,117.25,167.58
shooter112,6,4,117.5,166.71
shooter112,6,5,117.65,166.81
shooter112,6,6,116.59,166.45
shooter112,6,7,117.88,165.34
shooter112,6,8,117.59,166.35
shooter112,6,9,116.34,166.11
shooter112,6,10,115.54,165.76
shooter112,6,11,116.47,163.74
shooter112,6,12,115.55,162.85
shooter112,6,13,114.71,162.26
shooter112,6,14,113.89,162.97
shooter112,6,15,113.59,161.92
shooter112,6,16,112.39,161.42
shooter112,6,17,112.13,160.93
shooter112,6,18,111.93,158.76
shooter112,6,19,110.67,158.19
shooter112,6,20,110.5,158.17
shooter112,6,21,109.86,156.2
shooter112,6,22,109.12,155.76
shooter112,6,23,107.98,154.69
shooter112,6,24,106.42,154.03
shooter112,6,25,106.65,153.83
shooter112,6,26,106.08,151.07
shooter112,6,27,103.81,150.83
shooter112,6,28,104.6,150.76
shooter112,6,29,103.88,148.53
shooter112,6,30,102.52,148.29
shooter112,6,31,100.59,147.65
shooter112,6,32,100.88,145.27
shooter112,6,33,99.49,143.94
shooter112,6,34,98.61,142.94
shooter112,6,35,97.31,141.95
shooter112,6,36,97.94,141.54
shooter112,6,37,96.9,140.14
shooter112,6,38,95.96,139.77
shooter112,6,39,95.16,139.57
shooter112,6,40,94.56,137.78
shooter112,6,41,94.01,137.3
shooter112,6,42,93.47,135.77
shooter112,6,43,92.15,136.13
shooter112,6,44,92.19,134.62
shooter112,6,45,91.06,133.55
shooter112,6,46,92.03,134.52
shooter112,6,47,91.11,133.52
shooter112,6,48,91.29,132.7
shooter112,6,49,90.22,132.3
shooter112,6,50,89.37,131.21
shooter112,6,51,89.42,130.51
shooter112,6,52,89.25,130.52
shooter112,6,53,89.34,130.83
shooter112,6,54,89.92,130.81
shooter112,6,55,89.25,129.85
shooter112,6,56,89.25,129.21
shooter112,6,57,89.25,129.75
shooter112,6,58,89.99,129.63
shooter112,6,59,91.55,129.21
shooter112,6,60,92.15,129.23
shooter112,6,61,94.21,129.21
shooter112,6,62,98.02,130.32
shooter112,6,63,100.23,132.03
shooter112,6,64,103.31,132.39
shooter112,6,65,107.5,134.52
shooter112,6,66,110.07,135.63
shooter112,6,67,115.62,137.17
shooter112,6,68,119.63,140.44
shooter112,6,69,123.17,142.34
shooter112,6,70,127.71,145.13
shooter112,6,71,131.98,147.22
shooter112,6,72,137.14,149.91
shooter112,6,73,139.93,151.01
shooter112,6,74,145.4,154.31
shooter112,6,75,148.66,156.13
shooter112,6,76,153.4,159.1
shooter112,6,77,157.32,160.84
shooter112,6,78,159.11,161.7
shooter112,6,79,162.3,164.37
shooter112,6,80,164.97,166.29
shooter112,6,81,167.05,166.58
shooter112,6,82,167.89,168.35
shooter112,6,83,169.92,169.35
shooter112,6,84,170.71,168.33
shooter112,6,85,170.71,169.35
shooter112,6,86,171.07,169.35
shooter112,6,87,170.73,168.59
shooter112,6,88,169.89,168.86
shooter112,6,89,169.53,169.35
shooter112,6,90,170.51,169.35
shooter112,6,91,170.39,169.35
shooter112,6,92,170.73,169.35
shooter112,6,93,169.85,169.31
shooter112,6,94,169.2,169.02
shooter112,6,95,169.21,168.22
shooter112,6,96,169.62,169.18
shooter112,6,97,169.2,168.25
shooter112,6,98,168.84,169.35
shooter112,6,99,168.6,167.95
shooter112,6,100,169.12,167.86
shooter112,6,101,156.39,169.2
shooter112,6,102,157.24,167.74
shooter112,6,103,156.62,168.25
shooter112,6,104,154.88,169.2
shooter112,6,105,155.62,168.82
shooter112,6,106,154.67,167.6
shooter112,6,107,155.16,167.53
shooter112,6,108,154.13,168.1
shooter112,6,109,152.92,167.78
shooter112,6,110,152.5,166.92
shooter112,6,111,153.64,166.88
shooter112,6,112,153.15,168.05
shooter112,6,113,151.88,167.01
shooter112,6,114,151.64,167.79
shooter112,6,115,151.2,166.45
shooter112,6,116,151.24,167.14
shooter112,6,117,150.26,166.82
shooter112,6,118,149.16,166.33
shooter112,6,119,149.16,166.76
shooter112,6,120,149.25,165.66
shooter112,6,121,148.41,166.99
shooter112,6,122,148.94,166.63
shooter112,6,123,148.81,165.59
shooter112,6,124,146.99,166.05
shooter112,6,125,147.89,166.56
shooter112,6,126,147.14,165.47
shooter112,6,127,146.48,165.23
shooter112,6,128,145.17,165.98
shooter112,6,129,145.33,164.26
shooter112,6,130,146.1,165.51
shooter112,6,131,145.01,164.45
shooter112,6,132,144.49,165.29
shooter112,6,133,142.98,164.67
shooter112,6,134,143.15,163.73
shooter112,6,135,143.09,165.33
shooter112,6,136,142.99,164.57
shooter112,6,137,143.02,164.01
shooter112,6,138,141.83,164.69
shooter112,6,139,141.06,164.19
shooter112,6,140,140.67,163.18
shooter112,6,141,139.99,164.33
shooter112,6,142,139.6,164.9
shooter112,6,143,139.52,163.33
shooter112,6,144,140.04,164.55
shooter112,6,145,138.94,164.01
shooter112,6,146,139.43,162.87
shooter112,6,147,139.21,164.12
shooter112,6,148,137.06,163.5
shooter112,6,149,137.93,164.17
shooter112,6,150,136.28,163.82
shooter112,6,151,135.85,162.53
shooter112,6,152,135.86,162.75
shooter112,6,153,135.11,163.19
shooter112,6,154,135.84,163.44
shooter112,6,155,135.54,164.34
shooter112,7,0,104.46,176.38
shooter112,7,1,104.14,176.53
shooter112,7,2,103.66,176.53
shooter112,7,3,102.5,175.2
shooter112,7,4,102.6,175.03
shooter112,7,5,102.2,174.38
shooter112,7,6,102.44,175.13
shooter112,7,7,101.81,173.42
shooter112,7,8,100.6,173.85
shooter112,7,9,100.0,173.39
shooter112,7,10,99.68,171.66
shooter112,7,11,99.54,171.26
shooter112,7,12,97.24,170.75
shooter112,7,13,97.52,169.42
shooter112,7,14,97.08,167.07
shooter112,7,15,95.56,166.22
shooter112,7,16,93.87,165.48
shooter112,7,17,93.33,163.65
shooter112,7,18,92.44,162.81
shooter112,7,19,91.06,162.33
shooter112,7,20,88.34,159.92
shooter112,7,21,87.33,158.1
shooter112,7,22,86.03,156.4
shooter112,7,23,84.6,156.42
shooter112,7,24,84.69,153.57
shooter112,7,25,82.51,151.98
shooter112,7,26,82.14,151.17
shooter112,7,27,80.76,149.47
shooter112,7,28,79.22,147.8
shooter112,7,29,77.05,146.68
shooter112,7,30,76.32,145.17
shooter112,7,31,74.58,142.7
shooter112,7,32,75.19,141.95
shooter112,7,33,72.87,141.15
shooter112,7,34,71.37,139.1
shooter112,7,35,70.15,139.01
shooter112,7,36,70.4,136.2
shooter112,7,37,69.49,135.5
shooter112,7,38,69.38,134.68
shooter112,7,39,67.17,133.32
shooter112,7,40,65.95,131.26
shooter112,7,41,66.75,131.23
shooter112,7,42,65.21,131.23
shooter112,7,43,64.74,129.28
shooter112,7,44,65.45,127.95
shooter112,7,45,64.42,127.1
shooter112,7,46,63.79,127.29
shooter112,7,47,64.69,126.34
shooter112,7,48,63.62,127.23
shooter112,7,49,63.62,127.15
shooter112,7,50,63.62,126.9
shooter112,7,51,64.02,125.83
shooter112,7,52,66.37,125.83
shooter112,7,53,69.45,125.83
shooter112,7,54,72.57,125.95
shooter112,7,55,75.39,127.88
shooter112,7,56,79.72,128.6
shooter112,7,57,83.02,130.19
shooter112,7,58,87.53,133.95
shooter112,7,59,92.28,136.34
shooter112,7,60,98.28,139.36
shooter112,7,61,103.43,141.13
shooter112,7,62,108.61,145.36
shooter112,7,63,115.91,147.67
shooter112,7,64,119.91,150.33
shooter112,7,65,126.64,154.4
shooter112,7,66,130.61,157.85
shooter112,7,67,136.57,160.75
shooter112,7,68,141.59,164.43
shooter112,7,69,145.04,166.32
shooter112,7,70,148.6,169.95
shooter112,7,71,153.01,170.44
shooter112,7,72,155.86,173.57
shooter112,7,73,157.51,175.46
shooter112,7,74,159.26,175.77
shooter112,7,75,159.58,176.53
shooter112,7,76,160.82,176.53
shooter112,7,77,161.57,175.56
shooter112,7,78,160.14,176.53
shooter112,7,79,160.72,176.53
shooter112,7,80,161.12,175.47
shooter112,7,81,161.36,176.25
shooter112,7,82,159.9,175.47
shooter112,7,83,160.91,175.93
shooter112,7,84,160.97,176.53
shooter112,7,85,160.09,176.53
shooter112,7,86,159.75,176.52
shooter112,7,87,161.36,175.8
shooter112,7,88,160.54,175.78
shooter112,7,89,159.77,174.97
shooter112,7,90,160.79,175.47
shooter112,7,91,160.37,176.26
shooter112,7,92,159.76,175.62
shooter112,7,93,160.16,175.41
shooter112,7,94,146.47,174.52
shooter112,7,95,146.57,176.05
shooter112,7,96,145.83,174.64
shooter112,7,97,144.83,174.7
shooter112,7,98,145.49,174.45
shooter112,7,99,145.28,174.3
shooter112,7,100,144.43,174.69
shooter112,7,101,143.15,174.59
shooter112,7,102,142.83,174.38
shooter112,7,103,144.11,173.16
shooter112,7,104,142.2,174.79
shooter112,7,105,142.03,174.12
shooter112,7,106,142.4,174.28
shooter112,7,107,142.2,172.67
shooter112,7,108,142.04,174.04
shooter112,7,109,140.61,173.44
shooter112,7,110,141.4,172.83
shooter112,7,111,139.23,171.7
shooter112,7,112,140.27,171.98
shooter112,7,113,138.76,172.98
shooter112,7,114,139.69,171.88
shooter112,7,115,139.16,172.31
shooter112,7,116,138.54,172.24
shooter112,7,117,137.83,172.16
shooter112,7,118,136.65,171.2
shooter112,7,119,136.74,172.09
shooter112,7,120,135.49,170.69
shooter112,7,121,136.44,171.61
shooter112,7,122,134.85,170.63
shooter112,7,123,134.74,170.1
shooter112,7,124,134.31,170.16
shooter112,7,125,135.0,170.93
shooter112,7,126,133.82,170.42
shooter112,7,127,133.69,169.32
shooter112,7,128,132.64,169.16
shooter112,7,129,132.49,170.16
shooter112,7,130,132.44,169.14
shooter112,7,131,131.41,168.96
shooter112,7,132,132.0,169.93
shooter112,7,133,131.12,168.98
shooter112,7,134,131.79,168.37
shooter112,7,135,129.91,168.99
shooter112,7,136,129.81,169.19
shooter112,7,137,130.47,169.18
shooter112,7,138,129.99,168.02
shooter112,7,139,128.79,168.75
shooter112,7,140,127.67,168.5
shooter112,7,141,127.84,168.63
shooter112,7,142,127.79,167.77
shooter112,7,143,126.73,168.25
shooter112,7,144,126.2,168.91
shooter112,7,145,126.48,167.86
shooter112,7,146,125.37,169.52
shooter112,7,147,126.37,169.58
shooter112,8,0,115.34,174.09
shooter112,8,1,115.44,173.41
shooter112,8,2,115.46,173.07
shooter112,8,3,116.25,174.63
shooter112,8,4,115.63,174.35
shooter112,8,5,115.12,173.76
shooter112,8,6,115.27,171.83
shooter112,8,7,115.14,171.87
shooter112,8,8,113.0,170.84
shooter112,8,9,113.59,169.94
shooter112,8,10,112.0,168.83
shooter112,8,11,110.78,168.8
shooter112,8,12,110.18,167.36
shooter112,8,13,109.58,166.27
shooter112,8,14,109.64,163.37
shooter112,8,15,107.82,162.79
shooter112,8,16,107.06,161.77
shooter112,8,17,104.83,160.46
shooter112,8,18,103.8,159.46
shooter112,8,19,104.42,156.5
shooter112,8,20,103.07,154.82
shooter112,8,21,101.2,154.88
shooter112,8,22,99.44,152.56
shooter112,8,23,97.93,151.07
shooter112,8,24,98.61,150.23
shooter112,8,25,95.48,148.42
shooter112,8,26,94.76,146.88
shooter112,8,27,94.48,144.32
shooter112,8,28,93.84,143.75
shooter112,8,29,91.07,142.02
shooter112,8,30,91.29,141.01
shooter112,8,31,89.34,139.66
shooter112,8,32,89.01,137.36
shooter112,8,33,86.86,136.86
shooter112,8,34,87.46,136.03
shooter112,8,35,86.26,135.14
shooter112,8,36,85.92,133.45
shooter112,8,37,84.25,134.26
shooter112,8,38,84.31,132.43
shooter112,8,39,82.97,132.15
shooter112,8,40,82.34,132.01
shooter112,8,41,81.01,131.74
shooter112,8,42,82.02,130.8
shooter112,8,43,80.86,130.8
shooter112,8,44,80.96,130.8
shooter112,8,45,80.86,130.8
shooter112,8,46,80.99,131.06
shooter112,8,47,80.4,132.74
shooter112,8,48,81.12,133.92
shooter112,8,49,82.33,134.84
shooter112,8,50,84.85,137.84
shooter112,8,51,87.69,138.84
shooter112,8,52,92.33,143.01
shooter112,8,53,97.07,144.99
shooter112,8,54,101.74,147.86
shooter112,8,55,106.74,150.18
shooter112,8,56,113.28,153.6
shooter112,8,57,120.51,156.41
shooter112,8,58,127.04,160.38
shooter112,8,59,132.04,161.45
shooter112,8,60,139.47,164.89
shooter112,8,61,143.88,168.03
shooter112,8,62,150.43,169.78
shooter112,8,63,155.13,171.78
shooter112,8,64,158.24,174.13
shooter112,8,65,162.32,174.38
shooter112,8,66,163.85,174.59
shooter112,8,67,164.92,176.36
shooter112,8,68,165.64,176.36
shooter112,8,69,164.73,176.36
shooter112,8,70,164.81,175.63
shooter112,8,71,164.67,175.38
shooter112,8,72,165.36,176.04
shooter112,8,73,165.4,176.36
shooter112,8,74,165.53,175.37
shooter112,8,75,165.52,175.79
shooter112,8,76,165.34,175.8
shooter112,8,77,164.82,175.4
shooter112,8,78,165.16,175.36
shooter112,8,79,163.75,176.36
shooter112,8,80,164.52,176.36
shooter112,8,81,163.09,175.68
shooter112,8,82,163.06,175.48
shooter112,8,83,163.13,175.04
shooter112,8,84,162.75,175.62
shooter112,8,85,164.34,175.45
shooter112,8,86,163.21,176.36
shooter112,8,87,163.96,175.17
shooter112,8,88,162.97,175.47
shooter112,8,89,163.29,175.96
shooter112,8,90,151.28,175.17
shooter112,8,91,152.14,176.02
shooter112,8,92,149.91,175.83
shooter112,8,93,150.83,174.38
shooter112,8,94,150.94,175.94
shooter112,8,95,150.22,174.88
shooter112,8,96,149.9,174.26
shooter112,8,97,148.44,175.39
shooter112,8,98,148.34,175.4
shooter112,8,99,147.31,173.97
shooter112,8,100,147.39,174.45
shooter112,8,101,146.26,175.45
shooter112,8,102,147.4,174.91
shooter112,8,103,147.35,174.55
shooter112,8,104,146.44,174.41
shooter112,8,105,146.26,174.53
shooter112,8,106,145.27,174.54
shooter112,8,107,144.22,173.28
shooter112,8,108,144.88,173.73
shooter112,8,109,143.64,174.03
shooter112,8,110,143.56,174.35
shooter112,8,111,144.04,174.3
shooter112,8,112,142.59,173.94
shooter112,8,113,142.02,173.82
shooter112,8,114,141.1,173.31
shooter112,8,115,142.04,174.16
shooter112,8,116,140.67,174.25
shooter112,8,117,141.12,174.04
shooter112,8,118,140.17,174.02
shooter112,8,119,140.62,174.03
shooter112,8,120,140.42,172.54
shooter112,8,121,138.71,173.1
shooter112,8,122,139.42,173.08
shooter112,8,123,137.75,172.93
shooter112,8,124,137.32,173.6
shooter112,8,125,137.5,172.5
shooter112,8,126,136.89,172.12
shooter112,8,127,137.81,172.3
shooter112,8,128,137.05,171.99
shooter112,8,129,136.82,172.47
shooter112,8,130,134.91,171.86
shooter112,8,131,135.67,171.77
shooter112,8,132,135.05,172.46
shooter112,8,133,133.64,172.73
shooter112,8,134,134.63,172.72
shooter112,8,135,134.35,171.67
shooter112,8,136,134.07,173.41
shooter112,8,137,133.72,171.7
shooter112,8,138,131.66,172.77
shooter112,8,139,132.8,173.22
shooter112,8,140,132.53,173.21
shooter112,9,0,136.79,175.73
shooter112,9,1,137.64,174.14
shooter112,9,2,137.41,174.72
shooter112,9,3,136.71,175.34
shooter112,9,4,135.73,173.36
shooter112,9,5,135.8,173.69
shooter112,9,6,134.12,173.7
shooter112,9,7,134.34,171.15
shooter112,9,8,133.59,170.77
shooter112,9,9,130.94,169.1
shooter112,9,10,130.97,169.24
shooter112,9,11,128.34,167.47
shooter112,9,12,127.47,167.21
shooter112,9,13,126.77,165.29
shooter112,9,14,123.45,163.64
shooter112,9,15,121.77,162.72
shooter112,9,16,121.78,159.58
shooter112,9,17,118.4,159.26
shooter112,9,18,116.97,157.5
shooter112,9,19,115.39,155.71
shooter112,9,20,112.68,153.95
shooter112,9,21,111.24,151.23
shooter112,9,22,110.75,150.94
shooter112,9,23,108.39,148.92
shooter112,9,24,106.46,147.57
shooter112,9,25,105.4,146.2
shooter112,9,26,103.13,144.0
shooter112,9,27,101.89,143.35
shooter112,9,28,101.61,140.25
shooter112,9,29,99.89,138.72
shooter112,9,30,98.28,138.13
shooter112,9,31,97.17,136.76
shooter112,9,32,96.88,136.38
shooter112,9,33,95.6,134.9
shooter112,9,34,94.42,134.89
shooter112,9,35,94.06,134.7
shooter112,9,36,93.55,133.76
shooter112,9,37,94.54,132.6
shooter112,9,38,93.55,133.41
shooter112,9,39,93.7,132.78
shooter112,9,40,94.67,132.17
shooter112,9,41,97.49,132.17
shooter112,9,42,98.76,133.52
shooter112,9,43,102.52,133.49
shooter112,9,44,106.19,135.47
shooter112,9,45,110.34,137.08
shooter112,9,46,113.66,140.87
shooter112,9,47,119.17,142.22
shooter112,9,48,123.25,146.05
shooter112,9,49,129.58,149.59
shooter112,9,50,132.87,152.16
shooter112,9,51,139.08,155.58
shooter112,9,52,143.92,159.83
shooter112,9,53,149.38,163.04
shooter112,9,54,152.46,165.92
shooter112,9,55,156.19,168.43
shooter112,9,56,161.22,169.9
shooter112,9,57,163.2,171.54
shooter112,9,58,165.52,174.02
shooter112,9,59,166.8,176.09
shooter112,9,60,168.99,175.42
shooter112,9,61,168.99,176.22
shooter112,9,62,169.29,176.22
shooter112,9,63,169.63,176.22
shooter112,9,64,169.44,176.01
shooter112,9,65,168.57,176.22
shooter112,9,66,167.91,176.22
shooter112,9,67,168.85,176.22
shooter112,9,68,168.73,175.84
shooter112,9,69,167.44,175.96
shooter112,9,70,169.07,175.18
shooter112,9,71,167.86,175.73
shooter112,9,72,167.97,175.31
shooter112,9,73,168.06,174.96
shooter112,9,74,168.77,175.35
shooter112,9,75,167.21,175.76
shooter112,9,76,167.53,175.22
shooter112,9,77,167.71,174.87
shooter112,9,78,168.61,175.49
shooter112,9,79,154.87,174.81
shooter112,9,80,154.39,174.61
shooter112,9,81,155.06,176.22
shooter112,9,82,154.11,175.24
shooter112,9,83,152.72,175.81
shooter112,9,84,152.34,174.46
shooter112,9,85,152.88,174.95
shooter112,9,86,152.12,174.12
shooter112,9,87,150.81,174.68
shooter112,9,88,151.29,175.41
shooter112,9,89,151.87,175.45
shooter112,9,90,151.08,174.61
shooter112,9,91,150.31,174.05
shooter112,9,92,149.18,174.85
shooter112,9,93,149.06,174.57
shooter112,9,94,149.98,174.14
shooter112,9,95,148.91,174.05
shooter112,9,96,147.74,174.0
shooter112,9,97,148.27,173.59
shooter112,9,98,146.57,173.86
shooter112,9,99,146.73,172.85
shooter112,9,100,146.05,173.78
shooter112,9,101,146.98,173.55
shooter112,9,102,146.26,173.31
shooter112,9,103,145.38,173.03
shooter112,9,104,144.81,173.54
shooter112,9,105,145.31,173.19
shooter112,9,106,143.58,172.35
shooter112,9,107,142.94,172.82
shooter112,9,108,144.09,172.15
shooter112,9,109,143.7,172.69
shooter112,9,110,142.08,172.93
shooter112,9,111,141.58,172.58
shooter112,9,112,142.23,172.43
shooter112,9,113,140.68,172.25
shooter112,9,114,141.23,172.4
shooter112,9,115,140.99,171.73
shooter112,9,116,140.43,173.54
shooter112,9,117,139.64,172.62
shooter112,9,118,140.02,172.75
shooter112,9,119,139.85,171.81
shooter112,9,120,139.0,173.27
shooter112,9,121,138.03,172.54
shooter112,9,122,138.78,172.21
shooter112,9,123,137.29,172.8
shooter112,9,124,136.22,171.98
shooter112,9,125,135.96,173.23
shooter112,10,0,123.0,167.35
shooter112,10,1,123.16,166.77
shooter112,10,2,122.74,167.42
shooter112,10,3,123.25,166.35
shooter112,10,4,121.83,166.0
shooter112,10,5,122.02,166.97
shooter112,10,6,122.57,166.41
shooter112,10,7,121.95,164.93
shooter112,10,8,120.27,164.91
shooter112,10,9,118.91,164.63
shooter112,10,10,118.68,162.05
shooter112,10,11,117.52,162.22
shooter112,10,12,115.58,160.58
shooter112,10,13,116.36,160.69
shooter112,10,14,113.87,158.25
shooter112,10,15,112.79,158.53
shooter112,10,16,111.75,156.22
shooter112,10,17,111.18,155.55
shooter112,10,18,109.69,155.05
shooter112,10,19,107.14,152.32
shooter112,10,20,106.79,152.78
shooter112,10,21,105.73,150.08
shooter112,10,22,104.03,149.37
shooter112,10,23,101.5,148.54
shooter112,10,24,100.95,146.04
shooter112,10,25,100.21,145.73
shooter112,10,26,97.62,144.28
shooter112,10,27,97.04,143.18
shooter112,10,28,96.08,142.13
shooter112,10,29,94.85,140.46
shooter112,10,30,92.68,139.08
shooter112,10,31,91.97,137.76
shooter112,10,32,91.54,138.23
shooter112,10,33,89.96,136.16
shooter112,10,34,89.39,135.0
shooter112,10,35,88.81,133.68
shooter112,10,36,87.37,134.28
shooter112,10,37,87.81,133.11
shooter112,10,38,88.32,131.79
shooter112,10,39,86.79,132.63
shooter112,10,40,86.51,132.23
shooter112,10,41,86.51,131.73
shooter112,10,42,86.51,130.78
shooter112,10,43,86.6,130.25
shooter112,10,44,87.93,130.25
shooter112,10,45,88.34,130.25
shooter112,10,46,89.05,130.59
shooter112,10,47,90.54,130.25
shooter112,10,48,92.68,131.19
shooter112,10,49,94.2,132.19
shooter112,10,50,96.92,133.49
shooter112,10,51,99.26,133.39
shooter112,10,52,102.56,136.3
shooter112,10,53,105.66,137.0
shooter112,10,54,109.46,138.92
shooter112,10,55,111.6,141.44
shooter112,10,56,116.34,141.8
shooter112,10,57,119.1,145.23
shooter112,10,58,123.02,147.12
shooter112,10,59,126.32,149.58
shooter112,10,60,130.26,150.48
shooter112,10,61,133.36,152.04
shooter112,10,62,135.38,153.86
shooter112,10,63,139.34,157.41
shooter112,10,64,143.47,158.0
shooter112,10,65,145.34,160.14
shooter112,10,66,148.72,163.18
shooter112,10,67,151.17,163.61
shooter112,10,68,152.21,164.55
shooter112,10,69,155.08,166.77
shooter112,10,70,155.63,166.79
shooter112,10,71,156.12,168.09
shooter112,10,72,158.32,167.9
shooter112,10,73,158.62,168.85
shooter112,10,74,158.62,169.04
shooter112,10,75,157.87,169.04
shooter112,10,76,158.66,168.76
shooter112,10,77,158.8,168.65
shooter112,10,78,158.54,169.04
shooter112,10,79,157.85,169.04
shooter112,10,80,157.77,169.04
shooter112,10,81,158.04,169.04
shooter112,10,82,157.23,168.28
shooter112,10,83,158.44,168.96
shooter112,10,84,156.85,169.04
shooter112,10,85,157.52,168.84
shooter112,10,86,158.17,168.26
shooter112,10,87,157.41,169.04
shooter112,10,88,157.78,167.78
shooter112,10,89,156.64,167.74
shooter112,10,90,156.95,168.82
shooter112,10,91,157.39,167.41
shooter112,10,92,157.65,167.29
shooter112,10,93,157.06,167.85
shooter112,10,94,144.11,167.8
shooter112,10,95,143.51,167.85
shooter112,10,96,144.5,168.29
shooter112,10,97,143.53,167.85
shooter112,10,98,142.39,168.04
shooter112,10,99,142.59,166.61
shooter112,10,100,141.47,167.03
shooter112,10,101,141.03,168.23
shooter112,10,102,142.26,167.05
shooter112,10,103,141.11,166.53
shooter112,10,104,140.12,167.96
shooter112,10,105,140.98,166.69
shooter112,10,106,140.82,166.72
shooter112,10,107,140.19,166.11
shooter112,10,108,139.52,166.87
shooter112,10,109,139.54,165.86
shooter112,10,110,137.61,166.57
shooter112,10,111,138.58,166.76
shooter112,10,112,137.14,166.46
shooter112,10,113,136.08,165.24
shooter112,10,114,135.68,165.12
shooter112,10,115,135.6,166.56
shooter112,10,116,136.38,166.6
shooter112,10,117,136.21,164.98
shooter112,10,118,134.28,165.38
shooter112,10,119,135.31,165.86
shooter112,10,120,134.73,166.15
shooter112,10,121,132.92,166.23
shooter112,10,122,133.88,165.75
shooter112,10,123,132.1,164.59
shooter112,10,124,132.15,165.78
shooter112,10,125,132.28,165.92
shooter112,10,126,132.64,164.86
shooter112,10,127,130.63,165.11
shooter112,10,128,130.72,164.42
shooter112,10,129,130.77,164.67
shooter112,10,130,130.7,165.78
shooter112,10,131,130.65,164.21
shooter112,10,132,129.36,165.55
shooter112,10,133,129.7,164.22
