frame_idx,timestamp_ms,lm_0_x,lm_0_y,lm_0_z,lm_0_vis,lm_1_x,lm_1_y,lm_1_z,lm_1_vis,lm_2_x,lm_2_y,lm_2_z,lm_2_vis,lm_3_x,lm_3_y,lm_3_z,lm_3_vis,lm_4_x,lm_4_y,lm_4_z,lm_4_vis,lm_5_x,lm_5_y,lm_5_z,lm_5_vis,lm_6_x,lm_6_y,lm_6_z,lm_6_vis,lm_7_x,lm_7_y,lm_7_z,lm_7_vis,lm_8_x,lm_8_y,lm_8_z,lm_8_vis,lm_9_x,lm_9_y,lm_9_z,lm_9_vis,lm_10_x,lm_10_y,lm_10_z,lm_10_vis,lm_11_x,lm_11_y,lm_11_z,lm_11_vis,lm_12_x,lm_12_y,lm_12_z,lm_12_vis,lm_13_x,lm_13_y,lm_13_z,lm_13_vis,lm_14_x,lm_14_y,lm_14_z,lm_14_vis,lm_15_x,lm_15_y,lm_15_z,lm_15_vis,lm_16_x,lm_16_y,lm_16_z,lm_16_vis,lm_17_x,lm_17_y,lm_17_z,lm_17_vis,lm_18_x,lm_18_y,lm_18_z,lm_18_vis,lm_19_x,lm_19_y,lm_19_z,lm_19_vis,lm_20_x,lm_20_y,lm_20_z,lm_20_vis,lm_21_x,lm_21_y,lm_21_z,lm_21_vis,lm_22_x,lm_22_y,lm_22_z,lm_22_vis,lm_23_x,lm_23_y,lm_23_z,lm_23_vis,lm_24_x,lm_24_y,lm_24_z,lm_24_vis,lm_25_x,lm_25_y,lm_25_z,lm_25_vis,lm_26_x,lm_26_y,lm_26_z,lm_26_vis,lm_27_x,lm_27_y,lm_27_z,lm_27_vis,lm_28_x,lm_28_y,lm_28_z,lm_28_vis,lm_29_x,lm_29_y,lm_29_z,lm_29_vis,lm_30_x,lm_30_y,lm_30_z,lm_30_vis,lm_31_x,lm_31_y,lm_31_z,lm_31_vis,lm_32_x,lm_32_y,lm_32_z,lm_32_vis
0,0.0,0.22438805869647444,0.595452687570027,-0.06815499608360596,0.9996231453759332,0.22608329781464162,0.5869696807293663,-0.06186353362032357,0.9993716208707719,0.22608933526845215,0.5864320269652777,-0.06190027447328689,0.9993455197129932,0.2260213146607081,0.5856225561527979,-0.061949280667163174,0.9993839278107598,0.22457128408409302,0.5855528087843035,-0.07687516616923477,0.999513506889343,0.22358166000672744,0.5841786974952334,-0.07689015460865847,0.9994945057800839,0.222491992371423,0.582574242637271,-0.07690165316065159,0.9995297874723161,0.21955889498903633,0.5809125375180018,-0.027249350689262923,0.9979963997999827,0.21554236504293622,0.5790087410381862,-0.09446357580877492,0.9988929998307006,0.22069759844314488,0.6003865131310052,-0.053213949980480416,0.9985987104120709,0.21875110587903443,0.5982191520077841,-0.073084369745283,0.9990410932472772,0.20117729121730443,0.6058610039097925,0.03391083604877901,0.9994341631730397,0.19736314884253908,0.6133952609130318,-0.12196756899356843,0.9998318070457101,0.1952796443587258,0.6651261463051753,0.08263535052537922,0.3341814999779066,0.18652965767042978,0.6798559384686607,-0.14660101100092848,0.9833161646411536,0.2202415888508162,0.7057292333671027,0.06318305415056998,0.7585310652142481,0.19723317098049892,0.7385408892518002,-0.13592601727162099,0.9606307659830364,0.22528797104245143,0.7120050901458381,0.06685626205234296,0.7516057860283625,0.20099983754612158,0.7550504973956519,-0.15150975861719682,0.939344908509936,0.226890371314117,0.7132168170951663,0.04839533186029818,0.772458581697373,0.20565602183341986,0.7527287460508801,-0.1453465572780088,0.9346896807352699,0.22506898428712577,0.7125805375121891,0.054883434925050954,0.7548826010454271,0.20403578664575303,0.7470034701483591,-0.13303489308981678,0.8970018355619339,0.1675243753762473,0.6926414029938838,0.0524701647283066,0.9972412557828991,0.16112733738763,0.6978090618337904,-0.052454446486773935,0.9984758425326576,0.19893782160111845,0.7522722823279243,0.08214049112229123,0.5129988456056231,0.1850094851993379,0.7698204588322414,-0.06815794935183869,0.9921942268099104,0.1866725963496027,0.8332789753164568,0.124192390768301,0.6933912024611516,0.1743671063865934,0.8642627781345733,-0.049409547510246475,0.9920395641099841,0.1787160666925567,0.8453843380723685,0.12734100843469312,0.6376353913829439,0.16857830435037613,0.8795774096534366,-0.048819936457134464,0.9654032588005066,0.19995303487493893,0.8602574907598041,0.12112927188475933,0.7960880583240875,0.19447119427578793,0.8790730025087085,-0.07368853315711026,0.9863197803497319
1,16.7,0.22429563424416962,0.5953417718410494,-0.046941840622041986,0.9995535867554801,0.22574053811175482,0.5867967052119119,-0.04114527840699478,0.9992853701114655,0.22564330271312177,0.5861981979438239,-0.04118225916421846,0.9992790647915435,0.2254717733178821,0.5853552520275116,-0.04122199670278609,0.999353677034378,0.2244514503649303,0.5856191430773057,-0.05762812069484173,0.9994476480143408,0.2235275102513177,0.5843202131135123,-0.0576409984912192,0.9994279912539894,0.22250810265541088,0.5827893785067968,-0.05766346438654838,0.9994835002081736,0.21911038245473582,0.5805728903838566,-0.01056732972418628,0.9979554797921862,0.21581032659326282,0.5791448525020054,-0.08421986390437405,0.9988302631037581,0.22033363687140603,0.6000874085085731,-0.03345178653086943,0.9985511984143939,0.21862754438604637,0.5981840022972652,-0.0550657705004727,0.9990461128098624,0.20085977656500684,0.6065015750271935,0.0459853298962116,0.9994133072240015,0.1973542624286243,0.6136284087385453,-0.11448108724185402,0.9998385225023546,0.19526100478002006,0.6653771315302169,0.08638158919555804,0.3205356033785003,0.1863984476242747,0.6804635141577039,-0.13436098716088712,0.9835141812052046,0.2191568059580668,0.7043137422629767,0.06809981486627033,0.7280469664505551,0.19767715143305917,0.7396957789148607,-0.12172721752098636,0.9613893670695167,0.2241608117307936,0.7102196982928689,0.0720896508012499,0.722905286720821,0.2017045542597771,0.755393024001803,-0.1360889965934413,0.9407399594783787,0.22615741725478866,0.7113204768725805,0.055351292182292254,0.7435506113937922,0.20582967890160425,0.7530237776892527,-0.1294150852731297,0.9358853740351539,0.22400200686284477,0.7106470125062126,0.06037056100155626,0.7262961140700752,0.20421638126884192,0.747393399477005,-0.11847946792840967,0.8976838631289348,0.16764488709824438,0.6920869222709114,0.05246696248650552,0.997064573424203,0.16143604793718894,0.6975014337471555,-0.05243924579450062,0.9983849270003187,0.19241158770663405,0.7576044755322592,0.07552314044109415,0.5042105274541038,0.18500247704131265,0.7714481140886037,-0.060700037117515336,0.9920663067272733,0.18312221126897002,0.8383801920073377,0.11513464951089455,0.6869912445545194,0.17423568878855028,0.8655935696193152,-0.04075201920100624,0.9918093809059689,0.17633749118873057,0.8515536487102512,0.11793891393712595,0.6366494553429739,0.16852995966162002,0.8804344705172948,-0.040260777808725876,0.9662677092211587,0.1997922680207662,0.8620107599667142,0.10871165671518873,0.7916948156697413,0.195442730826991,0.8798026272228787,-0.06616453640162949,0.9859628677368169
2,33.3,0.22411579851593305,0.5948399135044646,-0.031954481532531186,0.9994974306651525,0.22534450782196866,0.5863059077944075,-0.026506003524575994,0.9992186512265887,0.22517114345516487,0.5856797269412451,-0.02654295607603028,0.999226957559586,0.22492443876607093,0.5848367043903896,-0.02657570736482747,0.9993330665997098,0.22423121758869718,0.5853166069303243,-0.043928287391151774,0.999397094760622,0.22335926230464664,0.5840979559080942,-0.04393983632326135,0.9993769143308916,0.22239617364747194,0.5826547827039448,-0.043970059869544914,0.9994502578462874,0.21865011645214893,0.580086214201791,0.00135398396689973,0.9979349970817567,0.21593847125768667,0.5790220584188189,-0.07641317855034563,0.9987925759383616,0.2199703029223851,0.599461121218545,-0.019454259558447845,0.9985245338508063,0.2184697080935752,0.5977912885802135,-0.04216553590127407,0.9990608564444953,0.20056236216000153,0.6069868973323279,0.05473361616688114,0.9993945189884736,0.19729323152984893,0.6136927178927833,-0.10867682950837275,0.9998456750597277,0.19530746872935978,0.6651356603418079,0.08923716364162311,0.3064223740782057,0.18616973821605962,0.6807546785899571,-0.12510977685451516,0.9836871325969696,0.21820045262575163,0.7027699436460224,0.07177445771438734,0.6972389008317676,0.1980660547103201,0.7396930243287773,-0.11151277114238065,0.9622552948338645,0.22324817521231521,0.7084841472761977,0.07587070071271489,0.6941794923373634,0.20241833265338627,0.7546727955341341,-0.12504707542913304,0.9422792920044495,0.2255359951938903,0.709547838994435,0.0604660234280995,0.7144957567964282,0.20618530149970735,0.7521440982818605,-0.11810666908110898,0.9372640209538595,0.2231310212186405,0.7088150084018708,0.06448383469666753,0.6975003566060751,0.20455732835190643,0.746710526091712,-0.10806784459522802,0.8988614678382877,0.1677543914743834,0.6916343356881827,0.05237226640539512,0.9969102314540319,0.16170529063258865,0.697160303592682,-0.05233518433357989,0.9983102040631436,0.1875185498169491,0.7619559807436806,0.07001358776220255,0.49507624549525137,0.18491314245121823,0.7729503256934034,-0.05521905661693646,0.991929692881448,0.1802086776920728,0.8427408805915293,0.10719319166881702,0.6811472007206507,0.17409786156245646,0.8667016327381136,-0.03440019661294566,0.9916611015796664,0.17434781896216536,0.8570013472012115,0.10966546194893978,0.6367103500025613,0.16847361943551475,0.881157560007913,-0.03396853179271736,0.9672628854002272,0.19948509654828483,0.8637420492512842,0.0980373738067491,0.7875943354197916,0.19609338045120248,0.880452892610005,-0.06055159627326901,0.985706405980247
3,50.0,0.2238485515117647,0.5939471125602727,-0.02319291881507353,0.9994546771049507,0.22489520694528323,0.5854972884768536,-0.01794570897306716,0.9991714642161422,0.2246728574945815,0.5848766139575418,-0.017982365208722307,0.999189198017121,0.22437931100527458,0.5840669132414322,-0.018010412653287265,0.9993220965067553,0.2239105857553938,0.5846452003433595,-0.03577566625816484,0.9993618471281875,0.22307691616671443,0.5835119258789794,-0.035786668104784855,0.9993412750107908,0.22215620534760627,0.5821704552287151,-0.03582143960964115,0.9994300603866584,0.2181780969812758,0.579452508971805,0.008514590383995154,0.9979349516686946,0.21592679903620782,0.578640358788627,-0.07104351974668963,0.9987799383345111,0.2196075965960822,0.5985076512609214,-0.011221369063215605,0.9985187167213084,0.21827759700162086,0.5970410108566289,-0.03438366594768708,0.9990853241511761,0.20028504800228858,0.6073169708251958,0.06015569486078766,0.999377798466456,0.19718005614621315,0.6135881883757459,-0.10455479579312468,0.9998532647178293,0.1954190362067451,0.6644017327399485,0.0912020738635745,0.291841812077023,0.18584352944578458,0.6807294317654207,-0.11884738008181263,0.9838350188164491,0.21737252885387073,0.7010978375162402,0.0742069826949211,0.6661068683578859,0.1983998808122818,0.7385326254935497,-0.10528267813580383,0.9632285492760801,0.2225500614870164,0.7067984370958242,0.07819941178673795,0.6654284028779898,0.2031411727269492,0.7528898119926458,-0.11838399512427203,0.9439629060881486,0.22502610513142193,0.7078989034607301,0.06373952559771996,0.6852940179052812,0.20672288962772928,0.7500897078287039,-0.1114213087019467,0.9388256214913875,0.22245602735451306,0.707084525199164,0.06722325601038484,0.668495328653427,0.20505862789494667,0.7449548499924801,-0.1018000230902718,0.9005346496899929,0.16785288850466423,0.6912836432456975,0.052186076484975405,0.9967782298723864,0.1619350654738291,0.6967856713703706,-0.05214226210401175,0.9982516737211324,0.18425870793206367,0.7653267979621893,0.06561183308561648,0.485595999729066,0.18474148142905475,0.7743270936466404,-0.05171500785010205,0.9917843852724355,0.17793199561891115,0.8463610410690314,0.1003680172420684,0.6758590709595458,0.173953624708312,0.8675869674909689,-0.030354079746064706,0.9915947261310766,0.17274705001286111,0.8617274335452495,0.10252065247013463,0.6378180753617064,0.1684092836720604,0.8817466781252912,-0.02994319840910891,0.9683887873377126,0.19903152045749498,0.8654513586135144,0.08910642315944042,0.7837866175742383,0.19642314314842238,0.8810237986700882,-0.056849712772028826,0.9855503950800222
4,66.7,0.22343389264174884,0.5926282349086948,-0.02286906017079241,0.9994180912063242,0.22433617569151393,0.5842687515985402,-0.017583524187405917,0.9991359597160709,0.2240963634990512,0.58367760692324,-0.017618536550019482,0.9991571165266497,0.22378992537657438,0.5829282942272371,-0.01764464985934043,0.9993166469392329,0.22344566384951287,0.5835694443611876,-0.03459685331299194,0.9993350761277342,0.222639994961875,0.5825544652484715,-0.034608103334903745,0.9993139306704211,0.2217503360339575,0.5813634509132026,-0.034642879984208536,0.999419496172951,0.21762564565454226,0.578615126155672,0.009764979604542973,0.9979447694051841,0.21571127147901642,0.578040114470891,-0.06649853927748549,0.9987894410178783,0.21918770812806646,0.5971715421903705,-0.010674573658477701,0.9985285713559112,0.21801446236315244,0.5959474501155676,-0.03275439905978386,0.9991189184642981,0.20000388721625023,0.6075133738063635,0.06207599260267761,0.9993594487508145,0.19704756779330132,0.6133071723438449,-0.10075824707746513,0.9998617172241218,0.1956279476483664,0.6628231519744514,0.09348103191171381,0.274991014883632,0.18538406633195437,0.680262026332674,-0.11440403759479531,0.983842265038264,0.21651809556143642,0.6989675504820693,0.07770087534473061,0.6321791041465037,0.198342514889581,0.7358874082565313,-0.10292670556477146,0.9644837521371394,0.22208727683339816,0.7050748609361199,0.08152696170977189,0.634727021058401,0.20361415758019413,0.7497024450983325,-0.11614535216774266,0.9460987079711195,0.22459116081396754,0.706303749765669,0.06725642865612398,0.6538705854188833,0.20725988348325108,0.7466110842568539,-0.10978512394995925,0.9409078842117679,0.2219416520425253,0.705460335527148,0.07081606948659538,0.6372195084889734,0.20556446838946585,0.7419217342422127,-0.09978670875231432,0.9033231252715708,0.16782545049985262,0.6909817088217967,0.05187589125264262,0.9966598323413312,0.16211142994108665,0.6963551583744236,-0.0518278919515156,0.9981971383094795,0.1836090059507462,0.7676936615081067,0.05898306252700946,0.47442329781396086,0.18434248580819096,0.7758590692565561,-0.05142601331075036,0.9915342189016805,0.17586296158177522,0.849813430082231,0.08683670418603086,0.6706079783893771,0.173799936260496,0.8682760170527873,-0.028837719133922052,0.9915940250669214,0.17113738755385094,0.866940271286738,0.08819221598761429,0.6407886544863388,0.16835437147390286,0.8821124519620629,-0.0282021983570996,0.9696950600260787,0.19830771854945606,0.8681169123876669,0.07384260885772256,0.7797111925624671,0.1959771180436726,0.8817300824891958,-0.054233976240669016,0.9854686175073903
5,83.3,0.2230215909935181,0.5908715157281789,-0.027061155065894148,0.9994075355075661,0.2238281333730336,0.5827764215923495,-0.0216606426097098,0.9991347477549606,0.2235979849383946,0.5822669012205945,-0.021696085110306754,0.9991540511449186,0.22330528923443402,0.5816288476898561,-0.02172306126781874,0.9993284032458357,0.2229426517373041,0.5820985691887997,-0.038313906639814405,0.9993364300046655,0.22213568644864234,0.5811778051512586,-0.038326685982091116,0.9993151766913284,0.2212514834744591,0.5801141403970269,-0.03835972274343176,0.9994296119326644,0.21719217513288785,0.5776460937091287,0.00681054896752661,0.997992328235082,0.2154369936102914,0.5770717859268193,-0.06763037684417911,0.9988337102390479,0.21887391947564638,0.5955036197389879,-0.014476615891215357,0.9985697553271347,0.21777730754443592,0.5944092983291267,-0.036111834148565954,0.9991651688303274,0.19977438520817542,0.6074591931842627,0.06018167911540899,0.9993504626410356,0.19679560122035814,0.6128509981291639,-0.10122630745172508,0.9998702775864381,0.19590337006818695,0.6611480343909495,0.09244363506635037,0.2599704386222932,0.1848493147464027,0.6796450217564906,-0.11599673543657585,0.9839563256218327,0.21608282199927753,0.6971668288821271,0.07540441127050496,0.6014191309611007,0.1986695556413561,0.7323698798815415,-0.10640689588728412,0.9655933153061647,0.22189901059582137,0.7034717315719246,0.07858742028474813,0.6068352404094882,0.20448236167430892,0.745772852784112,-0.12009433763367797,0.947943031787873,0.2243863067456656,0.7048617913609464,0.06432832103400007,0.6253471346128558,0.20827538981324167,0.7420257557006115,-0.11400739139034644,0.9427006273042595,0.2217611046064469,0.7039411749158592,0.06849413187730885,0.6086580838475912,0.2065188735723497,0.73784028064637,-0.1034567994730814,0.9057609098298216,0.16793784215336766,0.6909108729589557,0.05150211478273077,0.9965753129550396,0.16225775295779832,0.6959406449681242,-0.05145337166530749,0.9981826089677364,0.18328834715343673,0.7691410921868829,0.05981770548082537,0.4648061465649381,0.1840367771330335,0.7769678575651993,-0.05155191286688763,0.9914282162984219,0.1750069849547887,0.8519773511659537,0.08861711905116132,0.6669382452964787,0.17361887579872506,0.8688160606793002,-0.029948853488479366,0.991721519402096,0.1705964981090456,0.8701545255524777,0.09002770909241274,0.6438477578617283,0.16824462300255197,0.8825384491965891,-0.029400687930839425,0.9710991865112675,0.1975359888303849,0.8692059176308775,0.07510043396836241,0.7769078073047462,0.19585992892583226,0.8821123923574181,-0.05563095761906537,0.9855607606115803
6,100.0,0.22262943997269602,0.5890700050762725,-0.031213800555893376,0.9994162746838169,0.22331391487802793,0.5813586428051907,-0.025749786269097116,0.9991566396894915,0.22310243901752305,0.5809547078041808,-0.025784458122437928,0.9991734765824826,0.22283298557712933,0.5804412733940856,-0.025811859406530878,0.9993526680128922,0.22242460435345077,0.5805277852785025,-0.04216115726601513,0.9993553672518056,0.22161787251631435,0.5796315556480776,-0.042174536025240336,0.9993347497213462,0.2207368378128326,0.5786334531647823,-0.04220473322839967,0.9994509731020254,0.2168184625250954,0.5767843155633839,0.0034712821236878126,0.9980723034767884,0.21512234636715497,0.5758920567376277,-0.06986738954271594,0.9988930594353456,0.21860308093684075,0.5938688630149482,-0.018358327448368086,0.998632666610537,0.21754774947961186,0.5927481622922992,-0.03969855163069001,0.9992170958291924,0.19965266684691127,0.6074601411819462,0.057585760596252665,0.9993477634021222,0.1964699555011024,0.6123252539407644,-0.10270964638108307,0.9998779864538291,0.19622821183431732,0.6598515766007564,0.08989597892477405,0.24889094276087645,0.1843558741467341,0.6789519985516871,-0.11774978786706933,0.9843000883147837,0.21590468713215433,0.6956494620868143,0.07091660620201207,0.5768320901053297,0.19940070169312626,0.7287481114977887,-0.10907820966981714,0.9666960977372675,0.22175850612776637,0.7022699174426856,0.07325017523197906,0.5842652661459791,0.20556699732939418,0.7418947475297115,-0.12294908329134904,0.9496792838686996,0.22422705235935408,0.7036522740409493,0.05963722740610446,0.6022702938034425,0.20964178371997122,0.7373349240848002,-0.11706693612393887,0.9444043607938863,0.22167583093756738,0.7024247050285344,0.06413160087097264,0.5854757343019763,0.20779688656330125,0.733609401044392,-0.10622591135047738,0.9080791757220321,0.16828506333487386,0.6909102882657737,0.051102084063348346,0.9965266954331179,0.1624080999976114,0.6954730465298612,-0.05105492454909147,0.9981834434327632,0.18336264647188655,0.7695191729636426,0.060081724964437075,0.4582360954511736,0.1838738982166564,0.777451614538829,-0.05217571574307627,0.9914356640407025,0.17535012818518153,0.8525903026262927,0.08979314778532307,0.6654546998796014,0.173516611258189,0.8688053460348226,-0.032029200167883035,0.9919363373801828,0.17070814541408008,0.8701209880056842,0.09127307009129304,0.6475402911504113,0.16817096088613792,0.8827345853760136,-0.03153663935760659,0.9725199994586771,0.19708909094333663,0.8694681411697757,0.07568975183225818,0.775798176016127,0.1958299612715132,0.8820626934369411,-0.057900843698354035,0.9857796061606641
7,116.7,0.22235856950283064,0.5874038196745377,-0.03503027097100306,0.9994340709277569,0.22294471022628617,0.5799919792584015,-0.029576848660196598,0.9991885622342435,0.22275800719147654,0.5796674858956115,-0.029609890299893582,0.9992038692746851,0.2225156405142377,0.5792444603783748,-0.029636839493399597,0.9993829301425396,0.22203380508082268,0.5789877431733272,-0.045882793409483806,0.9993805998847605,0.221226140856743,0.5780795642307831,-0.04589652536170827,0.9993602378027786,0.22033901725496582,0.577098267418998,-0.045924553913729564,0.9994749852589205,0.2165795940728416,0.5758403454508104,0.00020751662807361735,0.9981705773444409,0.2148307540587018,0.5745998791285928,-0.07270916977099015,0.9989546906380433,0.218465362985929,0.5922836405890333,-0.021967996266626193,0.998707158224924,0.2173876854635422,0.5910638003122243,-0.043165627512193896,0.9992704079264694,0.1996322508369175,0.6073365097954164,0.05478099751330562,0.9993575868152444,0.19611934324105595,0.611743841852461,-0.10461972334555225,0.9998848296347126,0.19653820636726577,0.6586338451930459,0.08729330947001782,0.24141040941079472,0.18394593326818387,0.6783332058361604,-0.1190675167100771,0.9847352249281753,0.21591920157273625,0.6941759785016381,0.0667046216272173,0.5602900329090305,0.20021676804338198,0.7258357632727855,-0.11082024304639734,0.9678968077614201,0.22157871368385512,0.7008477108819149,0.06813780182883858,0.5691263306708567,0.20642686174029412,0.7389876189686009,-0.12477382024129241,0.9515236190387188,0.22409060455503937,0.7021645988736839,0.055746581937585596,0.586751432645889,0.21082341812905825,0.7338183891205565,-0.11932365525336501,0.9462760970706038,0.22161348944618606,0.7005877296129868,0.06029278855948226,0.5694959930011207,0.20892749655814413,0.730297187964122,-0.10813665177140924,0.9107320535750623,0.16870487587792546,0.6907906929651901,0.050759865059739104,0.9965096201215479,0.16254105028652022,0.6949536175954915,-0.050712805241346394,0.9981758424213961,0.18346395308063157,0.7694998497054697,0.05811634659767155,0.4541536796660654,0.18381983964216156,0.7775465846061712,-0.05285785542357539,0.9914167154402966,0.1755847980578742,0.8534958277429858,0.08621651927630113,0.6656778710229061,0.17347938319047304,0.8687419266927816,-0.03312877680928937,0.9921111833481568,0.17086055874824535,0.8700882451874875,0.08747583450306036,0.6522768764268789,0.16815084999515909,0.8827704020908907,-0.03260194066734543,0.9737402569679994,0.19694568571590257,0.87048717056002,0.07090998050712409,0.7757322078659427,0.19587250266756345,0.8820851388431736,-0.059230059385299724,0.9859283566474921
8,133.3,0.22208182300840124,0.5860414192790081,-0.035954183943214896,0.9994508226712552,0.22259156902631141,0.578880715937842,-0.030532874965242,0.9992202406837833,0.22242207044646872,0.5786003413654514,-0.03056620637930577,0.9992331010954729,0.22219807335308633,0.578225774424417,-0.030594316000739755,0.9994116539046884,0.22166153362819144,0.5777286574954082,-0.04674234507339345,0.9994052336329513,0.22085214157899236,0.5767808159192407,-0.046755688353663435,0.9993846388090233,0.21995903409662718,0.575771930671874,-0.046782648456948184,0.9994979983284368,0.21633915248371322,0.5749606802350002,-0.0007486673601393018,0.9982651074727383,0.21453793488797704,0.5733988937877478,-0.07327415936049966,0.9990126717658278,0.2182599625417166,0.5909682824498135,-0.022890101142582456,0.9987774831908097,0.21717048259008515,0.5896120553924928,-0.043974820524454145,0.9993192780585523,0.19957302439780478,0.6071450596763979,0.053923566781339236,0.999366624014719,0.19581716756025963,0.6111937704540439,-0.10496867093301962,0.9998906850814826,0.19689596834636883,0.6574646177746006,0.08467067387842003,0.23479180534680702,0.1836669757252649,0.6777356352124899,-0.11863910868054353,0.9850819877215802,0.21607407501765674,0.6928004253478283,0.0629826060363225,0.5457407576697217,0.20082646679310584,0.7237577381588169,-0.11037353710049683,0.9689504447437475,0.22142533887000326,0.6993262029829483,0.06393331537644073,0.5558399813515803,0.20695631631783093,0.7373767665454325,-0.12416590147075209,0.9531347325869977,0.2240321700062072,0.7004500741050362,0.05275231723984086,0.5731184510957632,0.2114622585830236,0.7317255451565703,-0.11908570073899778,0.947914225714548,0.22159402072429674,0.6987980235190623,0.056981695017644385,0.5554095080920632,0.20965408427374718,0.7282677179291139,-0.10782156813712354,0.9131492064112714,0.16911268801916224,0.690594525564285,0.05035638223801344,0.9964404418354951,0.1626725501957395,0.6944072303317848,-0.05030933288591252,0.9981149662108655,0.1834524763481959,0.7695275970867708,0.05421872791789831,0.44741017052105525,0.18377023083823082,0.7777973527000069,-0.05268440679425289,0.99110838345119,0.1756694948389418,0.8547829645020627,0.07938930711575923,0.6617322989872528,0.17348648465815059,0.8688025048800884,-0.03390966861375743,0.9920429757663188,0.1710120545966286,0.8701783503804894,0.08030098321891972,0.6539115252948947,0.16818195368562439,0.8828756837617789,-0.03347782001254107,0.9745970907665441,0.19684120870771876,0.8720320974077505,0.06288403361326177,0.772196097033365,0.19607549338113708,0.8822180231412258,-0.06057616802198551,0.9856739697002237
9,150.0,0.22184437300477725,0.5847750277746295,-0.036759204985130425,0.9994734923044848,0.22226934702623474,0.5777146276973547,-0.03131844804045702,0.9992601161911381,0.22210742958954416,0.577444522153764,-0.031351721801218556,0.9992706463450485,0.22189208226544532,0.5770905188151773,-0.03138086137672268,0.9994450438590283,0.22133700975349985,0.5765506909007122,-0.047559712436937185,0.9994358562287837,0.2205218197334382,0.5755968093872075,-0.047572547303778814,0.9994153749375123,0.2196163868620284,0.574588415168581,-0.04759799156870164,0.9995253313155409,0.21610004916077585,0.5740384885243011,-0.0014166802173436054,0.9983738547279728,0.21421745987165558,0.572349221933456,-0.07406758481547951,0.999076772303809,0.21806673776535776,0.5898043797129681,-0.02363621851518042,0.9988533088139132,0.21696323298272646,0.5884364900134862,-0.044792805399213556,0.9993687527520323,0.19946589072545384,0.6068991678101681,0.05351284323703679,0.9993786017100024,0.19559903868607126,0.610662957032522,-0.1055473738483021,0.9998963191395722,0.19713904034523752,0.6562918992269612,0.08349854995807018,0.22806357273033706,0.18352017161392042,0.6770670215288803,-0.11874362613473628,0.9854372654642384,0.21603564492293784,0.6912867426872259,0.06340233946130394,0.532257267407009,0.20117548959595832,0.7226665388970153,-0.1101904436945916,0.96997999009632,0.22125906461761125,0.6976964785939177,0.06466909143186755,0.5435228092329847,0.2072977664924805,0.736650909696307,-0.12394725424902789,0.9546562717074447,0.223926929490907,0.6986711053621206,0.053203174046107735,0.560428048883166,0.21173015875475765,0.730735424019042,-0.11891509237743568,0.9494587410063978,0.22145781914393123,0.696969608465831,0.05737192254690901,0.5422495461645584,0.210015484974498,0.7272022536822733,-0.10766481182404936,0.9155128144082575,0.1694344644035613,0.6903741359710698,0.05001360940791315,0.9963897807257522,0.1628084941988901,0.6939125827380594,-0.04996456205844882,0.9980265044030696,0.18334296842416142,0.7696088978222444,0.048259839060760715,0.4399894603661132,0.183732127859479,0.7780567208925888,-0.0517460643535569,0.9905992405755187,0.1755802886826653,0.8560267771993371,0.06912675358000261,0.656285425027212,0.1735215946322397,0.86895977031617,-0.03307137549633074,0.9917687347957074,0.17098394674914236,0.8706054261752544,0.06956330704547115,0.6549396912256882,0.1682585059177309,0.8830534049442842,-0.03277549546744145,0.9751593697638745,0.1965672373771669,0.8740414977073675,0.05088260255399208,0.7674613623392019,0.19643758805025205,0.8823781978516358,-0.06087648744384452,0.9850805117970429
10,166.7,0.22155496903828228,0.5833548960231603,-0.037060587001698383,0.9994946434384306,0.22188426908992603,0.5762425575937548,-0.03157403426510949,0.999297377609072,0.22172463436921452,0.5759693128722059,-0.03160754999234565,0.999305656978063,0.22150988663945897,0.575630556969416,-0.031637681648135206,0.9994760467892608,0.22095181473663889,0.5751327843893146,-0.047826039649191396,0.9994645601227177,0.22013207063788473,0.5742018506640484,-0.047838353684970344,0.9994442746752792,0.21920896427971992,0.5732126661709381,-0.047862888269481235,0.9995509357679465,0.2157233364525297,0.5729276878493177,-0.0015476621296589407,0.998476275375912,0.21375847004708803,0.571236786388216,-0.07420187478973758,0.9991363826252173,0.21784437767096942,0.5884693037895934,-0.023889190561714645,0.9989227283568617,0.21673054638363082,0.5871133690788637,-0.045079123228788404,0.9994136974925094,0.1993957197382338,0.6065889426640106,0.05355462201294449,0.9993881753512799,0.19541273301556011,0.6101687039647787,-0.10571861089695075,0.999901005199978,0.1972744308766866,0.6552204404558459,0.08418007265953796,0.22153140462580198,0.18341376313141428,0.6763074568339762,-0.11839737139997036,0.9857422510782885,0.2161607791980109,0.6900849058514554,0.06702778665792379,0.5214106866291595,0.20119684650784458,0.7213015442802797,-0.10978375481707717,0.9709943305878419,0.22133927402042225,0.6964313473020286,0.06900396198034292,0.5337616659346085,0.20722292150769928,0.735649880908785,-0.12348721531175441,0.9561464247249428,0.22403657294455046,0.6974935730298365,0.05698464349621822,0.5503836047081724,0.2115261022533691,0.7297774893896926,-0.11860342146385291,0.9509879691260209,0.22149794513270984,0.6956492917878292,0.06090452255947253,0.5317378129277914,0.20985985511825214,0.725865971474421,-0.1073205063030834,0.9179060090155835,0.16968330102307466,0.6901418566703801,0.04968989498558502,0.9963401783080336,0.16296188036600762,0.6935201599484403,-0.04963819806774461,0.9979197922207068,0.1832801834458398,0.7697142618043088,0.04460495054012256,0.4322300383022857,0.18371371712003448,0.7782415577343538,-0.05085388375889691,0.989973581972577,0.17549224410738276,0.8563387876465214,0.06301153735035947,0.6495534493809659,0.1735997902495522,0.8690836685044432,-0.03196406781318644,0.9913613569168824,0.17091592436745068,0.8706879871232175,0.0632439404726029,0.654914844603766,0.1683824942225503,0.8831682716097158,-0.03177410772158988,0.9754544439769934,0.19627050487768094,0.8756985948199324,0.044832170009613065,0.7616005823725751,0.19681446467127134,0.8825041623342611,-0.060255013228881965,0.9842726616632378
11,183.3,0.22130251782281074,0.5818189127104627,-0.03910462646966892,0.9995206055187051,0.2215255484694528,0.5745135687646415,-0.033561262080357215,0.9993398076012028,0.2213688485679174,0.5742243698665078,-0.03359411896339487,0.9993457709039968,0.22115390144643343,0.573894804432279,-0.03362492977508479,0.9995093317258933,0.2205869569664911,0.5734833535693945,-0.0497311992304666,0.9994972745577501,0.21975890795389827,0.5725769712811428,-0.04974342226272541,0.9994772445587892,0.21881054057961433,0.5716198001589098,-0.0497670789204893,0.9995791940462029,0.21534722475778506,0.5716234672637217,-0.0031576545304796196,0.9985817245074688,0.21325633071717776,0.5700057404381892,-0.07543112727857776,0.999197837852297,0.21767535096123122,0.5870540170442495,-0.02576552295968648,0.9989915149552488,0.21653823696431676,0.5857239904857822,-0.04685968816989947,0.9994570754823238,0.19932505701269435,0.6060017290569492,0.05241443270019126,0.9993991624741334,0.19526165794758585,0.609749365420569,-0.1063135028595017,0.9999055067698168,0.19730373365538476,0.6541876594225571,0.08358821237371088,0.2142238184100107,0.18335583947953737,0.6756724431401213,-0.11891056916543424,0.9859545429547636,0.21579843404747207,0.6887381587709704,0.06911068338723414,0.510617744354975,0.2010791060470401,0.7201402017048432,-0.11013522815136689,0.9718069661231274,0.22095892259052835,0.6945549419948038,0.07181245265972051,0.5244274210362211,0.20693377795673568,0.7345503795714611,-0.1238453679141545,0.9573916310355783,0.22378920586336243,0.6955923665137523,0.05894403745021143,0.5408055555252806,0.21118545106479114,0.7287153686795922,-0.11912422414336894,0.9522738882473545,0.2212904287236079,0.6940721103123261,0.06280250332894785,0.5217615252449402,0.20955380584512456,0.7244169882365641,-0.10773098468780526,0.9199575781822211,0.16983399220875345,0.6899237320536664,0.04941855229082565,0.9963047163827086,0.16324099188759225,0.6932945137932192,-0.04936621426826435,0.9978413979212449,0.18322403232256584,0.7698155811854777,0.044884672299737055,0.4251006870042713,0.18368340319111248,0.778471089544751,-0.04919039635431202,0.9893510937690743,0.1755137031986601,0.8560333280336295,0.06573046956743517,0.6427293760435926,0.17373905082543706,0.869185368220012,-0.02952918215166957,0.9908974709964941,0.17095990408034564,0.8703372506868277,0.06627452781512629,0.6538905614898323,0.16853402200199322,0.883262353284019,-0.02933033449309215,0.9755295770508909,0.19599404576278884,0.876179286411831,0.0483530044910454,0.7557812588555478,0.19706580539544438,0.8825539946556097,-0.05789774159590407,0.983408382960729
12,200.0,0.22115910904748115,0.5802265575953897,-0.04017889659319608,0.9995441890898212,0.22128390769163783,0.5727153902962099,-0.03473826143003648,0.9993769469715308,0.22112697859605168,0.5724061982972285,-0.034768851030440584,0.9993811079433994,0.22090986229124537,0.5720747056461519,-0.03479692836602531,0.9995387139774512,0.22034366286936277,0.5717940926551823,-0.05096625802772389,0.9995261288824544,0.21951123220579982,0.5709320931207571,-0.05097879664528941,0.9995061528115052,0.21854558445158473,0.5700264346031919,-0.05100351057591896,0.9996039271354683,0.21506037456648705,0.5702255992662344,-0.004369813483208421,0.998673135326023,0.2128639526310423,0.5687490673292255,-0.07681458230529517,0.9992516211100995,0.21761829725333637,0.5855603615442916,-0.026822579226323553,0.9990515879222333,0.216455135317076,0.584315759795053,-0.04795884163606738,0.9994955800828487,0.19928871024222616,0.6052449515887673,0.051224435901358056,0.9994098515737632,0.19515519057001401,0.6094458528927399,-0.10693528751532244,0.9999099004836316,0.19725594634101518,0.6535586147081289,0.0829171091318131,0.20666133931704944,0.18334631621837627,0.6751743100938348,-0.11894261375779207,0.9861243934858421,0.2151472816864651,0.6875614353588654,0.07012822266135903,0.49910329920905017,0.20119167793364767,0.7193097415424534,-0.10986200542677024,0.972477384975979,0.2203179271448228,0.6929186951546447,0.07314858124369672,0.514556881927309,0.20678117729368678,0.7334872030076531,-0.12353037226767775,0.9584636404400787,0.22332906652064566,0.6937957434427175,0.05975599072518807,0.5307196676731114,0.2110199623164678,0.7278065880139674,-0.11877911325011942,0.9533931698117943,0.22084183281376266,0.6925865213076279,0.06364882027819048,0.5114564881438304,0.20932675330411835,0.7232078058379042,-0.10743480849833723,0.9217171669006354,0.16994427854106553,0.689748434793382,0.04926549998067678,0.9962980576923923,0.1636566072702409,0.6932446559270229,-0.04921343550086025,0.9978052945364096,0.18338291843732213,0.7696936726570135,0.04799231106326697,0.4198936834221798,0.18370727556092412,0.7786088841302059,-0.04803107980461351,0.9888524469875162,0.1757417243151439,0.8554726470084424,0.07271814913976765,0.6382951509384887,0.17394818649405536,0.8692425489425666,-0.027155813361917244,0.9905157969111495,0.17110612704640354,0.869793974217915,0.07368358579419913,0.6535767401967735,0.16871757663431633,0.8832933845974156,-0.026839054411365894,0.9755230659530283,0.19590257037253622,0.876067289284298,0.056596718018963266,0.752035816510519,0.19712577405430037,0.8825951076689227,-0.05566511249967988,0.982726284435818
13,216.7,0.22107151150703447,0.5786540451503939,-0.04262790172582584,0.9995639920234687,0.22109750055131472,0.5709100138573424,-0.0372887958018553,0.9994065250669214,0.22093582224278238,0.5705787624631613,-0.0373149680949393,0.9994093520300736,0.22071200822080903,0.5702420558248251,-0.037337981519244993,0.9995626381465375,0.2201658991121112,0.5701023482141045,-0.05354706960774607,0.9995495762143825,0.21934002850736908,0.5693007338614695,-0.053560663014650386,0.9995295916284841,0.21836621349766155,0.5684587983858022,-0.053587132798773945,0.9996239429428471,0.21482448634647203,0.5687625294639955,-0.0066538260296164576,0.998744828360422,0.21258860471702773,0.5674659638177785,-0.07915539897623522,0.9992950047765468,0.217601517836253,0.5840506014369787,-0.029148843671594368,0.9991008213588177,0.21643386071636578,0.5829257652873089,-0.050262505986860856,0.999528782708305,0.1992076784372331,0.6042676028751196,0.04936652222559569,0.9994154884701691,0.19512911211876655,0.6091818298612326,-0.10863999986932399,0.9999145155861271,0.19712524328913023,0.6530849365960989,0.08138505156551094,0.19879120091597252,0.18339191093331306,0.6748253078687763,-0.11971669856991096,0.9862522000358226,0.21434524797257937,0.6867248245647981,0.06793784971038505,0.4839961202371692,0.20149899309589764,0.7189055312247508,-0.11042793662775138,0.9729441432725822,0.21951206879956398,0.691704996994564,0.07077523533787052,0.5010933279991154,0.20682775264694592,0.7329872931752891,-0.1241507501829239,0.959244384652093,0.2226687016941254,0.6925808475131086,0.05731065092342245,0.5169679735388079,0.2110354318505243,0.7274299320720496,-0.11950978991531198,0.9542156997181127,0.22022302448749556,0.6915653575034373,0.061382765393881614,0.4978827223891307,0.2093506405750912,0.7226469743819469,-0.10803729082856867,0.9229520445778263,0.17017914993422384,0.6894925435384119,0.04931844717689926,0.9963184339659562,0.16411336121105025,0.6931981529508324,-0.04926806847964019,0.9978250208355139,0.1835955367201852,0.7693367912655791,0.05267362970681421,0.4178206381343663,0.18377529652345762,0.7786448399225876,-0.04780679870219461,0.9886088541575848,0.1759862587565469,0.8546540935834255,0.08303692901418329,0.6379089610917232,0.1742436829067413,0.8691763906251823,-0.02574985163907212,0.9903878370920824,0.17126430854910907,0.869171233404251,0.08454576684605514,0.6551150225457696,0.168900340085938,0.8832869756789441,-0.025301822328141776,0.9756806833403459,0.19589827316147956,0.8752482817286543,0.06659300855937463,0.7515158710025611,0.19707835359232778,0.8825111247244342,-0.053812077535050296,0.9824814086868657
14,233.3,0.2210602916422346,0.5772509291058499,-0.04425135006507241,0.9995724558830269,0.22101213108925608,0.5693661854380657,-0.038994190238771015,0.9994225870995301,0.22084451998983126,0.5690170611654013,-0.03901809187872072,0.9994240119343719,0.22061512725693855,0.5686630294436504,-0.03903771582103914,0.999577198709761,0.22008737779798976,0.5686426389785044,-0.05538227657477065,0.9995624394643882,0.2192692990813938,0.5678901672363286,-0.055396582221701074,0.9995420319693435,0.2182942245687759,0.5670844032650906,-0.05542503386026341,0.9996356623513365,0.21469922931421387,0.567368777025314,-0.008334886604210456,0.9987895375206365,0.21247768189225893,0.5662128613108685,-0.08141735089676727,0.9993248014223015,0.21761830789702294,0.582722127437592,-0.030738612903015976,0.999132780801683,0.21644426598435373,0.5817310838472279,-0.05198765687999275,0.9995535328274688,0.19912775499480126,0.6033463988985338,0.04793231685956323,0.9994093066170109,0.19513990552652463,0.6088253032593505,-0.11057290754147946,0.999918392726354,0.1969690415121262,0.652967370691754,0.07910352342185525,0.18966558575630202,0.1834441579523542,0.6744272964341305,-0.12043718035732005,0.9863218296141859,0.21375064480872397,0.6864795571281801,0.06330123171210293,0.4633272474720368,0.2021557000421344,0.7184217657361718,-0.11109247058629997,0.9731285572052009,0.21886845358780468,0.6912882980846229,0.06578552048830763,0.48219578606741803,0.20745639573960095,0.732660401435126,-0.12488493145931344,0.9595974882443753,0.222081060920443,0.6922653629666289,0.052286178760585375,0.49771510277475667,0.2115093874079842,0.7270012838499891,-0.1203482626449495,0.9545563885143832,0.21970593219711684,0.6914779203278683,0.056636950089818,0.4792625449952629,0.20980760384173636,0.7221895853678391,-0.10875637580951063,0.9233859749067405,0.17039647627444507,0.6892417300315135,0.04937556953657245,0.9963112161273056,0.16466304163138085,0.6930481677963625,-0.04932804654041929,0.9978359625453048,0.1837891858248485,0.7694074937275484,0.05466685674729806,0.41327168260301894,0.18393544497944073,0.778685317153023,-0.047236916742154564,0.9883037152744483,0.1761906324397951,0.8543915039017093,0.08693412194649386,0.6362468174525674,0.17457595538525367,0.8690845285143177,-0.024640128814748377,0.9902428303446096,0.17133838364056192,0.8690518140792853,0.08852732962086093,0.6550578333082657,0.169113392631213,0.8832905661492126,-0.024190536212353494,0.9757775806245357,0.19598178707418,0.8743659314655128,0.0689862649000827,0.7503831329799839,0.19699655544190195,0.8823972997211281,-0.05266248789571584,0.9822445227986298
15,250.0,0.22106403396243157,0.5758836638359801,-0.04518547228404457,0.9995775676908955,0.2209000658421291,0.5677980865750998,-0.03997697610230676,0.9994340084847957,0.22071619048005076,0.5674262557710924,-0.03999946071278484,0.999434743608748,0.22047141762006867,0.567054322787694,-0.040015744134074195,0.9995886796996714,0.21999741097291325,0.5672134955724084,-0.05662219261839281,0.9995715816815701,0.21918401405924856,0.5665334718567989,-0.05663698095650904,0.9995514126051047,0.2182116458813351,0.5657923732485094,-0.05666726579268778,0.9996447137423932,0.21452659865220403,0.5660344844772707,-0.009305472663115894,0.9988261915388569,0.21238787472248094,0.565092279797509,-0.0836160193596568,0.9993508401371191,0.21763462750684665,0.5814365262076973,-0.03166142035098306,0.9991614818573005,0.21646043161551173,0.5806194799286983,-0.05323109616126337,0.999575458821797,0.1990750155278616,0.6027501026789351,0.047163365320080836,0.9994015267917096,0.19515404034228567,0.6082923440706167,-0.11293402633496702,0.999922122274127,0.19683925026939042,0.6530479277883262,0.07765296137049091,0.180545923965318,0.18346955024060763,0.6737627812794281,-0.1227830552629063,0.9865029340698613,0.2134866487412227,0.6866801012130016,0.059767946955703595,0.4414014958200003,0.20288790691466574,0.7174000853583931,-0.11452599118153262,0.9734209378560392,0.21860172564075123,0.6916793528057286,0.06206354090855239,0.46167623287155546,0.2083589952616466,0.7317203226543614,-0.1288414221434367,0.9600373279480714,0.22177335123221092,0.6928217354274937,0.04823848551937515,0.47683353793053435,0.21228503755160755,0.7260172594161265,-0.1241696902683804,0.9549700475874409,0.21940909184160703,0.6920667517752879,0.0528780454326244,0.45907855885369475,0.21045580790156426,0.7212479256448296,-0.1122102861603102,0.9238220566794992,0.17084919909636193,0.6891107332138793,0.049420328544718915,0.9963437262035559,0.16525482492787508,0.6928301567123054,-0.04937490022608215,0.9978538836751671,0.18404730870610203,0.7697294070607146,0.05253683686965992,0.41004515403793,0.18411394244148632,0.7785941362380987,-0.04687451500268213,0.9880968076842178,0.1763590616839274,0.8547204392296933,0.0825221247616269,0.6371923287709558,0.17487414323148287,0.8689644279934117,-0.024405084993867666,0.9901855928557267,0.17144276982262033,0.8694577188718893,0.08373901283457172,0.6570148354484926,0.1693511470442728,0.8833004122688664,-0.024116183231983883,0.9760119347345267,0.1961462490615392,0.8737072291828343,0.06165888586214616,0.7518297887983783,0.19702348042102102,0.8822688176518402,-0.05303373099082996,0.982177566914332
16,266.7,0.22106398074399872,0.5744229413214188,-0.044934750667640175,0.9995821686018088,0.22077414109593363,0.5661407765888037,-0.039680254601296955,0.9994436672755658,0.22057098292169133,0.5657543568384084,-0.039702325349762355,0.9994444960639598,0.22030578553676622,0.5653833150863652,-0.03971609615144278,0.9995992098535817,0.21988932575498324,0.5656736833708631,-0.056652663364296904,0.999579018070585,0.2190780320337842,0.5650551971935094,-0.05666728796703479,0.9995597714469554,0.21810621519883489,0.5643812701815654,-0.0566983387938568,0.9996523942266199,0.21433090950761538,0.5646967973027914,-0.008924210111477551,0.9988629732813161,0.21226845752625254,0.5639087217194697,-0.08461663268861323,0.9993750254313158,0.21765315532684343,0.5801008457229255,-0.03139870179196201,0.9991898792130613,0.21647796886307868,0.5794086087317698,-0.05339972586149265,0.9995953838030505,0.19914198063668764,0.6024300200598585,0.047632715531757935,0.9993980697223125,0.19513746244566796,0.607651789983114,-0.11467245114701144,0.9999248158364076,0.19686767458915724,0.6532248428889689,0.0782559343746731,0.17395761680035376,0.1835071430319833,0.6729953799928943,-0.1254347718897321,0.9868264709200185,0.21394031885124404,0.6871448215984168,0.059246068731659975,0.42559271908941754,0.20356783838499176,0.7160656196730483,-0.11859575623557689,0.9740364863759002,0.21892657805056814,0.6925868647439144,0.06163306552029796,0.44661435768717844,0.2092676127240773,0.7304038490567895,-0.1334724114054726,0.9608764080774224,0.22195357651937592,0.6942229100636079,0.04725907334969161,0.4615714904807866,0.21324843877837785,0.724657779648191,-0.1287505098042035,0.9558199814387737,0.2196623753933681,0.6932165338879546,0.05209807767754513,0.44419191564832444,0.2111792195410957,0.7198425048873544,-0.11632939640964789,0.9248585360390806,0.17170773233686187,0.6890705284618202,0.04949049154917403,0.9964023232460029,0.1658131884677071,0.6926232264155439,-0.049445936722414874,0.9978471540269405,0.184322340147836,0.7700773761385968,0.04786885636193415,0.4084114290419082,0.1844441273382733,0.7784458994865423,-0.046907767121280974,0.9879054313614262,0.1764836247478214,0.8550152012280061,0.07234432619242447,0.6402134497960413,0.1751446468489512,0.8687730232874558,-0.0244549040106081,0.99013657513119,0.17154411971569072,0.8697208875701548,0.07293179950543817,0.6608155171076462,0.16960541407267266,0.8832070884250465,-0.024306352117231932,0.9762351910273241,0.1962502719390961,0.873173424175808,0.04985707590267775,0.755113820234935,0.1971436880883718,0.8821554581324266,-0.053872689249969706,0.9821326902934491
17,283.3,0.2210166738146829,0.5729193063009357,-0.04571649857929778,0.9995906551678984,0.22058643755458665,0.5645174327350801,-0.04048898337142811,0.9994580660547536,0.220363708479064,0.5641175196284344,-0.04051124996372635,0.9994592326028013,0.22007646376178397,0.5637522055989224,-0.040523471399432166,0.9996125981921249,0.21972705281916138,0.5641188366072523,-0.05769744089671548,0.9995894999731163,0.21891735139347274,0.5635258328346984,-0.05771175559077948,0.99957120134717,0.21794641088871747,0.5629012329237806,-0.057742549372570895,0.9996621154603511,0.2140611715260008,0.5633717661812196,-0.009788316497135737,0.9989076171602529,0.212095720427377,0.562706189496177,-0.0864351533708119,0.9994023924782169,0.21764125710441967,0.5787371737616407,-0.03218340962415652,0.9992235898971564,0.21647059136912952,0.5781033181008843,-0.05451257491395591,0.9996162000156592,0.19922108309609565,0.6020695283299404,0.04664069964062603,0.999403533481417,0.1951179248946055,0.6069990935779758,-0.11634188109920146,0.99992741289593,0.19687460150037506,0.6531282890410655,0.07711659407331835,0.16802736478192476,0.18357293165865413,0.6723256224677681,-0.1284896447545007,0.9871656809534353,0.21410410177140027,0.6871614399410434,0.057374364740791814,0.41240573213213993,0.20437796697730126,0.7149355837277009,-0.1225611124010314,0.9747081626029248,0.2190457213492622,0.692645683175042,0.05962760604563218,0.43416786051931866,0.2104785726183938,0.7289369617189685,-0.13789878146989015,0.9618268665813271,0.22203689104034804,0.6946462477956504,0.04499822588903567,0.44899748194785377,0.21446604317142864,0.7229371014095494,-0.1332641002677737,0.9567975288345707,0.2199126872278397,0.6936008589608333,0.050095364451408414,0.4318497734410425,0.2120847432386309,0.7181371535573692,-0.12037827110006705,0.9260953920228148,0.17253272944972642,0.6890693959735694,0.049510761031082734,0.9964891331536436,0.16638449189208815,0.6925021637053722,-0.04946742969609446,0.9978581837245403,0.18452505909261263,0.7703902976853513,0.04797290105904855,0.4056015057223187,0.18483890238262374,0.7783329969360722,-0.04582568825710391,0.9877139244760793,0.17653245940094917,0.855147662616912,0.07321251680453623,0.6424076954523728,0.17532849879491907,0.8686203644389203,-0.0232020596130973,0.9900606955800746,0.1715949397711528,0.8698806251798363,0.0738711868013655,0.6636964678764348,0.16983119504792363,0.8830940950484509,-0.023228635745389137,0.9763777483077283,0.19622189728986664,0.8729035712423785,0.05085080046029322,0.758245624247052,0.197280927073388,0.8821485638618476,-0.053556033897967606,0.9820626491592052
18,300.0,0.22094338777519423,0.5713507362774444,-0.04676634339349614,0.9995985371725907,0.2203612583024163,0.5630075136820479,-0.04160642730338236,0.9994701203845804,0.22012228838035053,0.5626048474084767,-0.041629225193035066,0.9994727004142042,0.21981707286267071,0.5622463141168871,-0.041640944601524475,0.9996247490247098,0.2195199813161579,0.562671644347055,-0.05903861139501848,0.9995982590175818,0.21870201613221865,0.5621100465456649,-0.05905268430000264,0.9995809594790148,0.21772820396082757,0.5615329032852541,-0.05908321642449928,0.9996698754174376,0.21374216817674196,0.5621411800384526,-0.010986127447159526,0.9989462665149151,0.21184000089055033,0.5616146127382918,-0.08861161023378378,0.9994249485787898,0.21761925376596922,0.5773425102233891,-0.033222995964544186,0.9992516977446426,0.2164603947173983,0.5767482802981426,-0.0558756194299176,0.9996339423315873,0.1993331589869092,0.6016369887760712,0.0453006160401163,0.9994122783343005,0.19510197000844154,0.6064950795400715,-0.11802851231325248,0.9999296324593687,0.19688336196399886,0.6529382069905604,0.07606041466905963,0.16244654428391242,0.1836531729925248,0.6717501055626647,-0.13113413254419973,0.98749441759927,0.21414263688382662,0.6866700053215031,0.05613573693803382,0.4010636366548995,0.20515535346099323,0.7138496921176007,-0.1253000135932651,0.9753415584564216,0.2191889725980306,0.6925608799571088,0.05832525874887198,0.4236729868820739,0.211606433703786,0.7271563126927336,-0.14085549541882117,0.9627604342642291,0.22217856844266273,0.6945474091030308,0.04353607250821026,0.43845903731527813,0.21561068296432512,0.7208620707194016,-0.13613401708148784,0.9577653691882185,0.22012607043697735,0.6932645780699599,0.04879429936409,0.4215415943236581,0.21290569007396715,0.7162028153737391,-0.12309427240065175,0.927283270018442,0.17330143990970806,0.6890772212119334,0.049620300886176916,0.9965906285104305,0.16687480892453888,0.6924745468866262,-0.0495784323485125,0.9978850767725996,0.18468946289448523,0.7704540122122997,0.05131240508386071,0.40430229902267484,0.18526416165488122,0.7781675259272263,-0.045457903473150194,0.9876671972728918,0.17663969099521648,0.8552315433820095,0.07925566853511906,0.6465029035295764,0.1754799144608635,0.868547936280569,-0.022752166592649066,0.9900839328765877,0.17174896030198972,0.8698803867612572,0.08021773504359386,0.6676250582649599,0.1700278932139988,0.8829836050669359,-0.02278386278166659,0.9765885472297675,0.19639588892459883,0.8726278827303938,0.05844480171799664,0.763012153761728,0.19748231413818554,0.8822541463942761,-0.05514287203550343,0.9821588766007203
19,316.7,0.22081529171693906,0.5698787428083878,-0.04915811866521839,0.999607321761904,0.22008378094150924,0.5617350481805352,-0.04395420352617903,0.9994813402493801,0.21983676155408238,0.5613556475866412,-0.04397741758397651,0.9994855608258936,0.2195228905904862,0.5610181632496066,-0.04399063189824425,0.9996359121231813,0.21923560116972257,0.5613888558887304,-0.06136177976926172,0.9996065270333071,0.21839861358915072,0.560830258187794,-0.061375962126822746,0.9995898263795042,0.2174170159158254,0.5602727106639321,-0.06140536726230671,0.9996765170778554,0.21337968323911954,0.5610496941066927,-0.01301496551327763,0.998975370611464,0.21148698315733971,0.5605770661717373,-0.09058314739238654,0.9994418649446404,0.21756100015980873,0.5760361183257334,-0.03544190188958534,0.9992726416814902,0.21641450197923767,0.575427889823914,-0.05809837384592923,0.9996483751705723,0.19937082841282813,0.6009940590177267,0.04366447829774451,0.99941924356279,0.19509849732830425,0.6060517685753963,-0.11951316041605822,0.9999319173040851,0.19686565725576324,0.6526412424587074,0.07463345144476215,0.15705248287745896,0.18376754721005772,0.6713415043694637,-0.13299122665609642,0.987726793402718,0.21399668000993288,0.6859634547006521,0.05446328045356845,0.3895742311364131,0.20588986149856037,0.7131917874018356,-0.12674540494169517,0.9757443723224465,0.2192118643295199,0.6922199726104741,0.056523359602405954,0.41320383548736606,0.2125905078081859,0.725862758500236,-0.14223594750676846,0.9634150550478987,0.22225835777464384,0.6940353995277773,0.04175588435360367,0.4278958141803745,0.21658533385821765,0.719192240919386,-0.13766737069402432,0.958457549413046,0.2202813596952531,0.6925391725131449,0.047144328022287046,0.41137231673513175,0.2137306290013451,0.7146065462203257,-0.12455822420971743,0.9280528681618833,0.17392940961179293,0.689082767282214,0.049814058379048426,0.9966713417144055,0.16733561314287654,0.6924617063431517,-0.04977582217681979,0.9979453313918347,0.18483352235385364,0.7702152956099743,0.06024847090953877,0.4037283772513983,0.18570750029314148,0.778197606404623,-0.045327241576853285,0.9878106798444481,0.1767954712822325,0.8549261717569265,0.09671253923858922,0.6512004420870832,0.17561821497622004,0.868491859663101,-0.022814771337878154,0.9902814768609554,0.17191535518282947,0.8694949802898231,0.09858824099813196,0.6708508701551532,0.17014440255505708,0.8828918848718922,-0.022763833048797803,0.9769356648127245,0.19672499384198885,0.8721882927985425,0.07813721327554618,0.7679541848954705,0.19773086905479448,0.882420182228089,-0.05630051380112062,0.9825068314870204
20,333.3,0.22068131182874967,0.568634464627221,-0.0506618138225306,0.999606580961319,0.21983143971079888,0.5608138924553285,-0.04544637352228168,0.9994810308728905,0.2195805495693572,0.5604593895730523,-0.04547103246053063,0.9994870594569623,0.21926449239254014,0.5601154792876475,-0.04548720323613715,0.9996393862224768,0.218964600137302,0.5604398392495659,-0.06273189470881513,0.9996052214077548,0.21810319877806178,0.5598747730255131,-0.06274605897210897,0.9995877941449491,0.2171110702412471,0.5592867618515382,-0.06277484677377206,0.9996747715132585,0.21306292286940998,0.560084428106036,-0.014554950985170555,0.9989822961035236,0.2111407135214126,0.5596343222118564,-0.09171923959539058,0.9994455888157806,0.21749349151338865,0.5749283972240633,-0.03690939059569725,0.9992765500431976,0.2163494860842116,0.5742944138390681,-0.05942347645759587,0.9996546819096527,0.1993380025738763,0.6003438943908332,0.042176630347967176,0.9994188149770109,0.19511512347630106,0.6056451542036878,-0.12008689947071538,0.9999335181145448,0.19674686590830498,0.6524514243716291,0.07332828605458855,0.15102555993057443,0.1838808868612563,0.670913934707642,-0.13301537718091702,0.9877542711439594,0.21393738899912168,0.6853154784157168,0.053470378652924616,0.3766479846977055,0.20665435209160776,0.7124590561503461,-0.12572211381934947,0.9756516445250746,0.21928557327815482,0.6920041101319454,0.0555513937558447,0.401617982557842,0.21368831750892472,0.7247414106414437,-0.1408949054422834,0.963428213482812,0.22232466794195643,0.6931527994927911,0.0409129123602595,0.4161570838519508,0.2175506608826775,0.7177795852933616,-0.13640500676064274,0.9584338721774881,0.22044807530584806,0.6916870928946,0.046241176979882406,0.40028062888554194,0.2146162873222716,0.7132774080548974,-0.12351916623967044,0.9277426174708783,0.1740596819491615,0.6890658764612112,0.050026502992425684,0.9967139505204707,0.16791957758721865,0.6924734881946024,-0.04999262076758207,0.9980062700453266,0.18486596714882636,0.7701934831483029,0.06916916405870806,0.39876929351261714,0.18609666540509193,0.7784124811490383,-0.044104183536200325,0.9878311724889853,0.17694182764916205,0.85443511463347,0.11223870480344417,0.6512897270066402,0.17572386917613814,0.8684541497911733,-0.020984913311189145,0.9903649545851215,0.17209843510673173,0.8690784403256013,0.1148163637235052,0.6698649468876071,0.17022336593696064,0.8828323000953318,-0.02079443890778793,0.9770757868176422,0.19714332265513296,0.8717018309093664,0.0960711377362411,0.7693098442895077,0.1979662477970125,0.8825727871486125,-0.05503261000627567,0.9826661263193409
21,350.0,0.220569520479157,0.5674511563210265,-0.05208896650444897,0.9995997292654861,0.21958907161440183,0.5598462337539314,-0.04692033589595844,0.9994736881483177,0.2193285099097662,0.5595214906192965,-0.0469458615850835,0.9994815786679592,0.21900194670472842,0.5591690597080052,-0.04696458152362282,0.9996383701051992,0.21870534263906038,0.5594450632731124,-0.06415535012880966,0.9995984889212117,0.2178204740796772,0.5588791767756148,-0.06416946294761844,0.9995796623684119,0.2168200157937551,0.5582725235394073,-0.06419812994343899,0.9996683909779511,0.21275275023210632,0.5591502984364831,-0.016195089999763747,0.9989785779090161,0.2108093067294077,0.5587445724578135,-0.09326415686380302,0.9994428356488554,0.21745122117655633,0.5737669609841851,-0.038341070924486464,0.9992720229285111,0.216300503129051,0.5731422787620912,-0.06078535353853594,0.9996563111032766,0.19924669393471323,0.599813316549574,0.040711425067413445,0.9994117504074467,0.19514712620349173,0.6052058764866425,-0.12119466775939586,0.9999345172019241,0.19650516268752885,0.6523810454777313,0.07224162880863468,0.14441668632484628,0.18394336884930035,0.6701971434411553,-0.13407657827649808,0.9877012911297034,0.2135762927078067,0.6846498307727638,0.05262561834284241,0.36190006420725895,0.2071006241298859,0.7108819683392849,-0.126404398963565,0.9752775317146671,0.2194574532054721,0.6914636719794506,0.054715524826731046,0.38813925215176204,0.21438123995349534,0.7231504065649855,-0.14157305374031987,0.9630451032093601,0.22238674263159453,0.6921893982660208,0.040140762215568934,0.40248354985600454,0.21808662868681422,0.7161297485941938,-0.1370270039354053,0.9579502117066163,0.22047299288568056,0.6908083529699421,0.045418841143449185,0.3874569961002897,0.21510156279518505,0.7116630332810543,-0.1241766544325012,0.926700535274688,0.17399559205486673,0.6890086560022268,0.05021148476572268,0.9967359304428107,0.16853173857643503,0.6924568812052414,-0.050182015235934976,0.9980555233501259,0.1848598910229548,0.7703414843195966,0.0742412326591356,0.3917810008639384,0.18627856104146878,0.7786972352436616,-0.04204905724951202,0.9877447088559476,0.17707574864228579,0.854356135640826,0.11962346519742703,0.6484306993938633,0.17576833140282416,0.8684771940821698,-0.017919265310324388,0.9903327907834741,0.17228967660949357,0.8688621265547622,0.12246582337788181,0.6661715166909359,0.1702551345030468,0.8828492476826628,-0.017664716268579177,0.9770138575917205,0.19752849425588348,0.871377655438015,0.10454993624062772,0.7685657569340303,0.19814767227286398,0.8827828225635354,-0.052510977678355754,0.9826387848172876
22,366.7,0.22040910947890524,0.5664694905281071,-0.05273317545652394,0.9995856654076356,0.2193098983594351,0.5589581756364735,-0.04761419072747234,0.9994591361000431,0.21903460792132803,0.5586590823673071,-0.04763989877842725,0.9994678554080789,0.21869194791430535,0.558308079129174,-0.0476603811340673,0.9996320293063217,0.2184095489127297,0.5585612966900784,-0.06480450715337485,0.9995856427011043,0.21750738720099147,0.5580180741491776,-0.06481823147762394,0.9995640374365314,0.216512380611329,0.5574268329711192,-0.06484670582271762,0.9996565097854259,0.2124205125229701,0.5583600969541644,-0.01713941667583728,0.9989647212482642,0.21050711472829198,0.5580291123617267,-0.09394950632538121,0.9994334294682464,0.21734676545574566,0.57282662107831,-0.039046620861405444,0.9992599969818485,0.21619210924421053,0.5722390697115948,-0.06141340750313945,0.9996528994469422,0.19909126417977482,0.5992367636589782,0.039815845943632605,0.9993959438233155,0.19517151656604964,0.6045719896044054,-0.12185201687472216,0.9999344405673807,0.19617796369961343,0.6522453086716793,0.07155554989973709,0.1383704465060008,0.18396620523361945,0.669170098645347,-0.13529473826998767,0.9876253519739431,0.21322071197487075,0.6842007409958617,0.052206706078279624,0.3479273631459193,0.20731967048985633,0.7090251587686089,-0.12745109839098803,0.9746981263160712,0.2193216447319305,0.6912792637234648,0.054348306286902695,0.3749809435435707,0.2146105425698418,0.7214686104229524,-0.14264818813119626,0.9623244773773927,0.2223762224117916,0.6915388561430437,0.0398227701939288,0.38910985702560086,0.2182318163769587,0.7146419201578418,-0.13793581156503598,0.9570738559677494,0.22034079404104337,0.6902660103071309,0.04499793567118193,0.37491786905697444,0.2152851316190903,0.7103293339411423,-0.12517003040938157,0.9250681712513886,0.17398191846552363,0.6888991196950283,0.05031869666916987,0.9967328877676107,0.16915459788980952,0.6924202357019702,-0.050293001390638845,0.9980755022593913,0.18485647298040858,0.7704813224928726,0.07419482512133468,0.38270284306435387,0.18641439860775372,0.7789442879813064,-0.03951856263336684,0.9874604117302676,0.17718554962249042,0.8543903912816735,0.1181123444721813,0.6416831981568114,0.1758277543953488,0.8685047683261695,-0.01370761264115573,0.9901427257628675,0.17243608619485595,0.8686937235650569,0.12079152819656198,0.6594684322675074,0.17027824407532116,0.882852630955833,-0.01337756056870734,0.9766728650955934,0.1977676536355701,0.8712544725054793,0.10275055042334974,0.76510048480261,0.1982759875910624,0.8830182041440697,-0.04838772632536438,0.9823583506402522
23,383.3,0.220175665049326,0.565512733800071,-0.05344285035417197,0.999560557660603,0.2189567216805051,0.5579754710197453,-0.04837965184733985,0.9994324133509689,0.21865783631801622,0.5576863913309011,-0.048405509619485795,0.9994413540476852,0.21828965133144757,0.557336148761568,-0.04842730505125867,0.9996174772580472,0.21806163021496378,0.5576339193752837,-0.0654946292440097,0.9995623599915284,0.21714771290620183,0.5571436200823108,-0.06550779371034536,0.9995364092645198,0.21616339115869446,0.5566127413795112,-0.06553594626131516,0.9996356424831216,0.21196605903761742,0.5575516706421266,-0.018181578566630694,0.9989330569903063,0.2101947019497555,0.5573984696751553,-0.0946740593229022,0.9994132206553511,0.21714486252693918,0.5719811887968158,-0.03982130739660493,0.9992369526908518,0.21599903347946364,0.5714593898682372,-0.062081790573540234,0.9996425282387513,0.19888746738433855,0.5986610054969792,0.03873304756624361,0.9993737680571426,0.19520181275549403,0.6036945354370848,-0.12257011660507755,0.9999335152762284,0.1957858978282839,0.6520868397894364,0.07004240687404364,0.13284156081222362,0.183961943501518,0.6679660394078214,-0.13669588097504218,0.987573424975078,0.21279963850975053,0.6839821736017868,0.050299785499061896,0.3341654397192458,0.20752016703287773,0.7071504309063871,-0.1287015655211041,0.9741257400739767,0.21894064545631425,0.691314938522521,0.05230480201897171,0.36164843326523216,0.21479001357441874,0.7199985328174778,-0.143983298114368,0.9615694256055929,0.22233636109601898,0.6912603293146411,0.03784570842981341,0.3755455002898265,0.2182536330961047,0.7132046705200563,-0.13915496567885088,0.9561536141804292,0.22007019604955416,0.6898954567455116,0.043054311757996,0.3621995420683001,0.21539849539597844,0.7088332119442173,-0.12639976292848595,0.9233616505350392,0.17381301025549584,0.6887391692116152,0.050318239877621365,0.9967141378493543,0.1696047690652667,0.6923332356271295,-0.05029538185113956,0.998072763284048,0.1848815154461635,0.7705888208888831,0.07372090291409271,0.3713501975649882,0.1864809592564902,0.7790616466885527,-0.03765332006982398,0.9869486661184409,0.177197120728947,0.8545283618427464,0.11660125071094157,0.6315508598373054,0.17587199523335423,0.8685395689237692,-0.010549534733096767,0.9897840874535704,0.17243857043130068,0.8687065073422029,0.11918206654843838,0.6501691681998121,0.17029625106425525,0.8828682076363343,-0.010261574715730698,0.9760575720242098,0.1976687759160997,0.8713542790639974,0.10133232637530287,0.7590639704749703,0.19827405540716092,0.8832761134420128,-0.04475164679544316,0.9818301058950886
24,400.0,0.2198882400989534,0.5644670355887644,-0.05411726608872418,0.9995286322775349,0.21854968369007127,0.5568537257966545,-0.04910968315033689,0.9993972693170827,0.21823284384750202,0.5565658467156551,-0.049135240947916436,0.9994067152341214,0.21784391999244704,0.5562195579210921,-0.049157836075340036,0.9995978417850684,0.21764701037179873,0.5566070477167769,-0.0661617056244896,0.9995326655251646,0.21671041846275346,0.5561933801287701,-0.0661743744498208,0.9995016966547292,0.21571754699661636,0.5557567420459933,-0.06620186496348612,0.9996094448225847,0.21145056330022372,0.5567069223948892,-0.019169482358154813,0.9988923924309875,0.20976017912228917,0.5568255242847264,-0.09539605535212024,0.9993865064212262,0.21688003270399017,0.5712076340402881,-0.040580549233016544,0.9992068211237597,0.21572931607564305,0.5707547693025502,-0.06273894278066502,0.9996273432459157,0.19875896828515205,0.5982411163193844,0.037559377295630345,0.999345521132152,0.19520236338887909,0.6028400262196862,-0.12330539063328796,0.9999315398080015,0.19552988523528703,0.6519458208765307,0.06835054109493896,0.12789952151832135,0.18388930459817265,0.6667489125615079,-0.1377804371572677,0.9875732234546123,0.21263069127287199,0.6838752996353881,0.047937459711517645,0.3209870755672457,0.2076978974399114,0.7051757829529903,-0.12960281471411397,0.9736443502562393,0.21858004019373956,0.6920297372908825,0.04972666111730398,0.34865722060203574,0.21484158720288976,0.7183960903258555,-0.14493672194935037,0.960906888757434,0.2223028398695448,0.6914339264233913,0.03530103349614713,0.3623618114562264,0.21816874543825804,0.7115339807101664,-0.14002605775992086,0.9553507112321407,0.21981626961912443,0.6897133532024571,0.04064314297976951,0.34994375279971557,0.2154010960033963,0.7070701945395701,-0.12727557335581108,0.9218683810461141,0.17386762017295487,0.6886304276330135,0.05031109015856474,0.9966789484024055,0.1698424972238996,0.6922463377316799,-0.05028986203528589,0.9980417858986634,0.18494141669500455,0.7706779582159866,0.07142873534134461,0.36047690539133004,0.18650627207188392,0.7789701109840762,-0.03610477844874067,0.9863045868419472,0.17721312031859457,0.854808185781752,0.11178259374130348,0.6210057451611477,0.17594419774555037,0.8685768331800194,-0.0073254518876118375,0.989285710312072,0.17242076638199047,0.8686533570289618,0.11412070975417192,0.6405386896360493,0.17032920178912947,0.8828920636858265,-0.00686302373097057,0.9751634512628834,0.1975773629688083,0.8713533225513646,0.09646413475275047,0.752523853665307,0.19823704588980917,0.8835406161489947,-0.041330597496458496,0.9810990747951333
25,416.7,0.21953627325239652,0.5635907649993901,-0.054047119404588465,0.9994906357356487,0.21806850248859058,0.5559093554814661,-0.04904213813798772,0.9993540956860503,0.21774204359168114,0.5556327530315948,-0.049067480046124726,0.9993625396773936,0.21734236748445618,0.5552996765999572,-0.049090534626018464,0.9995723792484835,0.2171485800118675,0.5557193670954027,-0.06596968074639643,0.9994961023330696,0.21618896722793596,0.5553579529126489,-0.06598227400155299,0.999457742486682,0.21518766596203776,0.5550005038579309,-0.06600881261484969,0.9995764323643282,0.210883079540162,0.5559794391904562,-0.019264647027566334,0.9988341870762061,0.2092816822585607,0.5563168610845297,-0.09496154990934197,0.9993509338015609,0.21657238900661485,0.5706028711228148,-0.04058822191187317,0.9991719751130974,0.21540722534770074,0.5701775267010647,-0.06257353368259616,0.999608000119528,0.19858818820544666,0.5978211306390313,0.03719548473045942,0.9993135673659196,0.19519161255586728,0.6019615871565687,-0.12309884812150693,0.9999292209034881,0.19533446147328345,0.6518262284142635,0.06727386443387899,0.12314554836068844,0.18382001632735856,0.6657054026921594,-0.1377311327627728,0.9875532417070305,0.21231204200358633,0.6840041450091776,0.04563771720443456,0.30743024888492787,0.20788521709896285,0.7037170671281365,-0.12923513494786773,0.9730004696618949,0.21808059726442625,0.6935052616255628,0.047032483454261545,0.33512205027398634,0.21487588470890423,0.7171574121429811,-0.14452276201475245,0.9600007619176598,0.22220247061479675,0.6917653339249752,0.03277679506157128,0.34857236629440697,0.21809263953140817,0.7102483454204747,-0.13951118361382267,0.9543002503258848,0.21949353388377615,0.6897664779708503,0.03832499753861203,0.3371516310033347,0.21535823245843266,0.7057106778735212,-0.1268572878269923,0.9200857054619569,0.17394462085905543,0.6886004266284766,0.05030740762040732,0.996649393013546,0.17007003511701324,0.6921752833184747,-0.05028816206114636,0.9980108737945563,0.18500422012238288,0.7707962705975493,0.07087739698943643,0.34951527913411484,0.18655694169657583,0.7789050227119814,-0.034419852530672465,0.9855897426605231,0.17719894079934995,0.8549681561333798,0.1108368056870643,0.6108306617963886,0.1760125869796391,0.8685876783870521,-0.004196711965570495,0.9887968557221557,0.17235337978317639,0.8686109894797922,0.1130970287181083,0.6313068866729741,0.17035632970787243,0.8829016259738384,-0.0035818401846059045,0.9742279790696651,0.19746488829453798,0.8710847213154753,0.09566417762211397,0.7462739149729416,0.1982010262353081,0.883771249226162,-0.038028539646239534,0.980423964205243
26,433.3,0.21918785643009928,0.5625869518234621,-0.05389500480322615,0.9994511320477448,0.2176065629436858,0.554908292634147,-0.04881689200798674,0.9993070051783614,0.21727761413369875,0.554631956986019,-0.04884301800103418,0.9993133261090241,0.21687437735852755,0.554294878528232,-0.04886706084722568,0.9995440244674689,0.216676304737727,0.5547722521282381,-0.06565764298041665,0.9994562438556134,0.2157066641818911,0.5544497569402063,-0.0656709302039374,0.9994089546657751,0.21469406428791243,0.5541366736094161,-0.06569747201034006,0.9995396648134511,0.21040245110080372,0.5550966546649029,-0.018969791896996057,0.9987685652006246,0.20885155598322566,0.5556159416834517,-0.09430159273601721,0.9993097753751853,0.21630026683920922,0.5697567207472669,-0.04040937604648729,0.999136774312883,0.21510991525082376,0.5693502568063286,-0.06228368551958179,0.9995875216665729,0.19846773644288396,0.5974852669806712,0.037180728855587215,0.999279181162517,0.1951374801851456,0.6011579547609607,-0.1225994655064175,0.9999265954608016,0.19520718639805218,0.6517843149957208,0.06681906183560694,0.11906823977118455,0.18375574690955038,0.6648701486133399,-0.13718358888512577,0.9875339695385532,0.21214847337631967,0.6843334521566123,0.04444452783181557,0.2948306898276013,0.20817777443499808,0.7027479410171513,-0.12841371837116433,0.972241816066561,0.21777867774168663,0.6954557555062435,0.04560693246977673,0.322485182966505,0.2150012517259236,0.7164497716086257,-0.14361772934595754,0.95888885713759,0.2221796597753254,0.6920148531595871,0.03150485589035922,0.3357363996051609,0.21825636213734054,0.7095776909873605,-0.13847365265800848,0.9530304840632854,0.21940884490807866,0.6900393310047337,0.03713807286251161,0.32532372503053597,0.21558840359960302,0.7050264846710936,-0.1259663367555256,0.918034059660776,0.1740376140390125,0.6886237235296344,0.05032466298767502,0.9966119329134631,0.1703221365099863,0.6920798250607086,-0.050306805010352854,0.9979673879487181,0.1850410543736959,0.7709791404860366,0.07067883724258064,0.33757505246571157,0.18661506899765573,0.7788826312337609,-0.03319739000428293,0.9846832581928806,0.17717749164218008,0.8548507236299067,0.11067554425625582,0.59947206009002,0.17610294620196038,0.8686167257172728,-0.0014064385433725666,0.9882698655128487,0.1722973052944457,0.8684999403499427,0.11294669125761313,0.6216537327993488,0.1704048691760927,0.8829347576413842,-0.0005928987160413751,0.973285839671181,0.19741991659005498,0.8706687092781074,0.095309347269081,0.7388350566228236,0.19829432169596367,0.883919292972202,-0.03474545931177482,0.9796856585003088
27,450.0,0.2188887347777686,0.5614660921550936,-0.05376067881782853,0.9994261718931661,0.21722173832711736,0.5538614761261718,-0.04865364854534471,0.9992761611938484,0.21689610892818104,0.5536016538029629,-0.0486798744116511,0.9992796778678901,0.21649502004895907,0.5532712908018207,-0.048703714140823945,0.999525740033105,0.21628447302750192,0.5537097312155228,-0.06537996587299169,0.9994291010357093,0.215315110626675,0.5533901140803387,-0.06539346472848034,0.9993736516861695,0.2142892472800756,0.5530756172679723,-0.06541929766535765,0.9995129477410096,0.21005333250477215,0.5541398411705385,-0.018774311191269343,0.9987271939005178,0.2084958461068927,0.5546740293502812,-0.09361990328345987,0.9992809664635439,0.21611033876736974,0.5686102112134301,-0.040282676617304516,0.9991207605316532,0.2148919786725727,0.5682267404737931,-0.062012651846522424,0.9995757653599702,0.19841643742152637,0.597254023665474,0.03730765605966253,0.999253832158589,0.19503682851791396,0.6003556989488152,-0.12196201405354917,0.9999243645440972,0.19503110434327822,0.6518041548274818,0.06692918602909366,0.11538528296209526,0.1836885369959333,0.6640187246458875,-0.13630529599530367,0.987518617085049,0.21181990348157445,0.6844926902226045,0.044024080215465486,0.28325573461396375,0.20835035116899597,0.7015310497511006,-0.1271619495181811,0.9713186791964946,0.21768898268540715,0.6967923953419646,0.044955947746833196,0.3108016820180986,0.21499036607288194,0.7156210115977701,-0.142235129362061,0.9575146748906097,0.22219808967340576,0.691918796017057,0.030980184496868245,0.3239067253612339,0.2183293799559277,0.7087956780479072,-0.13720835674376725,0.9514730345635194,0.21938002677190888,0.69019456420626,0.036717924156359286,0.31446300943692546,0.21573531485739225,0.7041577923865551,-0.12475322754610162,0.9156341297285904,0.1741423819746291,0.6886390646298731,0.050293968014773906,0.9966149017924361,0.17056177130767292,0.6919079735165556,-0.05027705058455471,0.9979319856280379,0.18506900185630448,0.7711726058097118,0.06953331828117376,0.32570473778815523,0.18663874268531813,0.7787365402494164,-0.03209728073506131,0.983669959363484,0.17716643852846975,0.8547720682053346,0.1081015694709052,0.5891309664362958,0.17622003243083056,0.8685101270675666,0.0008442365464621363,0.9877505444345027,0.17227267367499227,0.8684185714948751,0.11016183381988898,0.6136306041762947,0.1705006268762408,0.8828541664850151,0.0017850464930580499,0.9723912534259622,0.1974616944789888,0.8703395128250129,0.09118350737151652,0.7324651281038925,0.19842513047513521,0.8839490811030077,-0.03224303688676587,0.9790229513531646
28,466.7,0.21859086979003195,0.5604472046806703,-0.05322072140517693,0.9994046971911483,0.21682989029657287,0.5529222914150786,-0.04814918463428818,0.999251203877586,0.2165056921186903,0.5526735243343176,-0.048175088883865486,0.9992502984546487,0.2161053291388922,0.5523514123190021,-0.048198687001353255,0.999510001568568,0.21590179204940813,0.5527605783371702,-0.06465028510207227,0.9994047170593632,0.21494505589916607,0.5524430360112875,-0.06466370111420044,0.9993402475402476,0.21391830061163236,0.5521218947001869,-0.06468831251064941,0.9994879535266339,0.20968229359104534,0.5533283494767692,-0.018558861421687278,0.9986949165662137,0.2081718125513623,0.553867462135497,-0.09235296504838134,0.9992544054985053,0.21594355929465536,0.567590747560774,-0.039898312694969656,0.9991147149176831,0.21471577527977187,0.5672392476172678,-0.06133173299687254,0.9995680366243642,0.1983691915160135,0.5970452626546228,0.03737578594258856,0.9992275436719266,0.19492521811099295,0.5995695023309622,-0.12092378593626486,0.9999222414834166,0.19480102544739147,0.6518764041718987,0.06670601914326355,0.11215936428024664,0.18363636590185634,0.663079230558305,-0.13482266948336655,0.9874674819764644,0.21156194806098955,0.6848341113045107,0.04276499240880924,0.2720921380179271,0.2085442727520354,0.7003460980597002,-0.12459185080868866,0.9701788879576192,0.21752243311632263,0.6985956316902528,0.043363422510169836,0.2993493789718267,0.21494693486463473,0.7147891549837027,-0.13932491200310854,0.955808429490953,0.22220364142031912,0.6923463713555114,0.029605124500535804,0.3123014342217221,0.21846539846488422,0.7079736391703293,-0.13453254387492236,0.9495625666209636,0.21932677286011848,0.6906812105860034,0.0354823610257535,0.303795309293838,0.21602966104234983,0.703405828703018,-0.12226128613665,0.9128163315000994,0.17430191451594956,0.6886723580814549,0.05020981352953688,0.996636404877618,0.17086497516859156,0.691687126954397,-0.05019359006768184,0.9979103604952502,0.1850910279012863,0.7713721678370526,0.0681454745076952,0.3132324431623734,0.1866441177470345,0.7785473863283798,-0.031502043207486494,0.9823746879895535,0.17717524795305173,0.8546324627740048,0.10628100839399163,0.5778416224888396,0.17642563084761315,0.8683344381196165,0.00215201381416548,0.98719646817162,0.17226342644010284,0.8684291612534302,0.10816547522942233,0.6055989350591391,0.1706696294602895,0.8827194174130764,0.003212192808167036,0.9715299606323249,0.19749402503172572,0.8701247828347348,0.08713837500129433,0.7250150555656074,0.19858756377583472,0.8838501600992119,-0.030442878692632652,0.9783374894232983
29,483.3,0.21831249339239955,0.5595911996705195,-0.05091152180518427,0.9993788287753157,0.21645187692982826,0.5521150089445572,-0.04583862565812613,0.9992225226901834,0.2161233496098293,0.5518650469325842,-0.04586385740410717,0.9992179671923327,0.2157191726423447,0.5515449075471791,-0.04588624125435242,0.9994917739005322,0.21555338161332283,0.5519659575961888,-0.0621082424407914,0.9993746422585994,0.21461662437234622,0.5516539216041569,-0.06212080855454721,0.999300848870051,0.21359975990794972,0.551328485920316,-0.062144347244784987,0.9994574614933566,0.20930718666031262,0.5527014760744008,-0.01670720698755413,0.9986592446054738,0.20790704871927004,0.5532500034286866,-0.08946776035286139,0.9992219181287864,0.2157843701896215,0.5667730598222646,-0.037847553158090255,0.9991066711289549,0.21457215079239453,0.5664500196774804,-0.058968202344008895,0.9995581706364958,0.19837314670994183,0.5969766804150177,0.038654364290691585,0.9991971566563567,0.19484587510426854,0.5988933898153763,-0.11888709557907931,0.99991999637513,0.19455078882830495,0.6520103840600882,0.06716905179477878,0.10914059834820891,0.18361331877254317,0.6622216020311633,-0.13231773106824793,0.987367817333767,0.21153583413078686,0.6851889860062377,0.04262033849954608,0.26134742583547343,0.2087442924578986,0.6993711732682732,-0.12072917428754634,0.9688720050312232,0.21740737060705836,0.7000773407164079,0.04307066117014207,0.2882582971027921,0.21488515677906234,0.7142620682716375,-0.1350340119429998,0.9538725444248751,0.22222574055194871,0.6932579676310227,0.029459918272637206,0.3010435544309164,0.21866137427943108,0.7073536344936922,-0.13049145397685832,0.9473944107691454,0.21931989632901708,0.6912547321546652,0.03536041169649082,0.2934377108301437,0.2163721585557576,0.702667789799827,-0.11848208308219918,0.9096845132964004,0.17437995047796354,0.688728857608069,0.05011090600774405,0.9966670842397787,0.1710514482997714,0.6914680855614803,-0.05009401749287336,0.9978937620208383,0.18510326459294285,0.7714695533116664,0.06655500829219824,0.30027933631624515,0.18661546849069155,0.7782405217488613,-0.03216774743937313,0.9809759145691289,0.17717224359512343,0.8546643342290612,0.10343349902402793,0.5661253957521353,0.176628126984551,0.8681078155835475,0.0009737950333926302,0.9866032231421704,0.17221824540978398,0.8686795575278152,0.10508706704491669,0.5979946908496679,0.1708811713116511,0.8825541734695441,0.0020218322461005318,0.9706916979381024,0.19737697570096893,0.8700084572746647,0.08311689645051963,0.7168904798371456,0.1987164559818451,0.8836467862129218,-0.031119611202960945,0.9776060893422088
30,500.0,0.21801099252133158,0.5590150725273864,-0.04825359121674587,0.9993569964454294,0.2160883574258715,0.5515390975134717,-0.043227937782094626,0.9991987234070194,0.21575818743024572,0.5512921100571045,-0.043251687039931645,0.999190568923951,0.21534935420467755,0.550986386480786,-0.04327237127082692,0.9994760780107415,0.2152173675241926,0.5513876534643631,-0.05933764843004094,0.9993495515414653,0.21429896922338593,0.551074550265358,-0.05934924472655573,0.9992679612977171,0.2132963126613982,0.550751734347571,-0.05937208714229724,0.9994322430519837,0.20894839579150803,0.5523467347735455,-0.014609438145444516,0.9986283126331518,0.20761329006581095,0.552867222399939,-0.08659809650409796,0.999197307087127,0.21558925083705371,0.566242317358653,-0.03546154374877614,0.999103574525743,0.2143941997062594,0.5658974789437797,-0.0563474430569581,0.9995517929395047,0.19835937165078676,0.5970261664617633,0.04001634621194433,0.9991653334526795,0.19479282909915574,0.5983971839859377,-0.1167799692068782,0.9999183615048733,0.1941362640687399,0.6521872792925159,0.06716650724411016,0.10622735073169079,0.18358044610137045,0.661361782323747,-0.12986502548058837,0.9873090925670813,0.21181231950010587,0.6855687101682032,0.04240354469844276,0.25209725470769995,0.2090271881648474,0.6984908949761168,-0.11749508905978438,0.9679036140441901,0.21748929648172305,0.7011594318208245,0.04278686358815151,0.27884864381381463,0.21494008316880198,0.7135309094474434,-0.131512788789613,0.9524175865309585,0.22226127414476318,0.6943543581735525,0.029229920268768375,0.2915350071021491,0.21893872817357396,0.7064370825177153,-0.12709184913408197,0.9457621120271235,0.21939839848450268,0.691838539782025,0.03516750853686108,0.28467702723684785,0.2167499611775082,0.7017128041812357,-0.11527697954859062,0.9073848724365241,0.17451110482215892,0.6888443912778587,0.050001446867273,0.9966778357823697,0.17134441932042452,0.6913494070370997,-0.04998348724274412,0.9978786110877998,0.18513678865773353,0.771633128325145,0.06503212629329595,0.2883652022906714,0.18666629706110288,0.7779783209164943,-0.03224035813694911,0.9797537355195916,0.1771749676693055,0.8548298080762233,0.10070010310127629,0.5555789924803238,0.1768111572379159,0.8679473087901166,0.0006001058735862557,0.9861175474666422,0.1721805681784949,0.8690726615133746,0.10216189388717932,0.5914434166181659,0.1710748232546308,0.8824261285009845,0.0016321647701607585,0.9700256841523314,0.19719258660361894,0.8701257989520125,0.07982415705919271,0.7097077454839439,0.19876695672671013,0.883535870483944,-0.03133348819045796,0.9769964473588133
31,516.7,0.21773251536346633,0.5585414483433682,-0.0453998059743927,0.9993254513967612,0.21578082158452006,0.5510053350811916,-0.04041190906649547,0.9991636957441065,0.21545108656088527,0.5507610752469021,-0.04043459271391236,0.9991518826711754,0.21504005080177685,0.550477232251849,-0.04045414605310988,0.999452988306682,0.21493322650591545,0.5508593037014919,-0.05643450521997047,0.9993129769961047,0.21402920427776534,0.550552952857245,-0.056445326656103176,0.9992216853868401,0.21304526996044904,0.5502493495032905,-0.056468164459580514,0.9993962191400081,0.20864889948141022,0.5520276682717463,-0.012178810668133562,0.9985744555791226,0.2073960084290733,0.5525083996000748,-0.08375605018365956,0.9991587684268051,0.21538590249561146,0.565782984097799,-0.03282008054000993,0.9990877736182447,0.2142117215054377,0.5654028739248007,-0.0535742058640435,0.9995376779919585,0.1982405419860569,0.596796328113193,0.04181554540991786,0.9991261221113666,0.1947931547959647,0.5979841465041755,-0.11472044352974219,0.9999167379878823,0.19366004779225318,0.6523369692620782,0.06739157864025666,0.10289363456623903,0.18361069191069845,0.6605679506347297,-0.1275500626791092,0.9871818082673216,0.2118620411271142,0.685912858872187,0.04280599916265128,0.24259884655475633,0.2093325711431959,0.6977634827295944,-0.11473620008854649,0.9668512230827702,0.21746668929145466,0.7021138668060308,0.04326595366001132,0.269200445640655,0.21512623840854297,0.7126426185880393,-0.12856355983586548,0.950897517658416,0.22223337136563814,0.6954052590188531,0.02972107983770827,0.28169445480619176,0.21925024759201792,0.7054042021433518,-0.12414867750235975,0.9440528920718609,0.21937925971689692,0.6924043354533973,0.03559905609914237,0.2755991546880633,0.21708035752886834,0.700853756495885,-0.11251186792339606,0.9049914479255683,0.17462882541474856,0.6889705572809497,0.04994531649918787,0.9966688610258564,0.1717643418482373,0.6913278755687537,-0.04992726427458585,0.9978600853965404,0.18519141063803732,0.7718783986000792,0.06421653536104024,0.27642980076017853,0.18675615177268087,0.7778487489337018,-0.03204748247350968,0.9784418855394643,0.17716767106737424,0.8550245307740717,0.0999156594986008,0.5441569373721171,0.176936943616186,0.8678548108963746,0.0006474008911200582,0.9855397655850372,0.17212795785495227,0.8694799428894413,0.10132829064414622,0.5842979067847847,0.17121848038264698,0.882355797858466,0.0016533434931521448,0.969209829966228,0.19702238625004193,0.8701141221182693,0.0789620812450137,0.7019993265469875,0.19881138773191556,0.8835150258881712,-0.03155683122930075,0.9762719387099863
32,533.3,0.21750142815567214,0.5579074819882714,-0.04363107894148148,0.9992984419777288,0.21555638384251383,0.5502995536440899,-0.038610940887814506,0.9991345292045963,0.21522948926403426,0.5500612230527973,-0.03863356315663886,0.9991196138518206,0.21481503759111692,0.5497982473600482,-0.03865315818360876,0.9994340737660733,0.21472210827327926,0.550171275933584,-0.05472717664781075,0.9992812843549826,0.21383071371487222,0.5498884632473904,-0.05473787177886286,0.9991811939648227,0.21286634462220344,0.5496197144190474,-0.05476179222265883,0.9993644981157219,0.20844619685695298,0.5515250535238361,-0.010328928452162524,0.9985271238145381,0.20725518819831684,0.5519774783225291,-0.08233454291309636,0.9991252393949607,0.21519769018604656,0.5650998921621417,-0.031038372733053727,0.9990732982045136,0.2140402474573682,0.5646995447930839,-0.05191442565548991,0.9995245592934752,0.1980732523259664,0.5963496225220821,0.04332887540970533,0.9990913215137671,0.19480630684466604,0.5977141630081908,-0.11373756790444972,0.9999154011408495,0.19325482277643127,0.6524707788512825,0.06777774258738477,0.09968577680133645,0.18369786441326152,0.6599305300485525,-0.126426239453611,0.9870600132715142,0.21183123049281907,0.6861102268809369,0.0436949944567113,0.23448943382217788,0.20978565726961423,0.6972076864469625,-0.1130384245798702,0.9659760424069003,0.21747977818761569,0.7025544898850582,0.044326842895575966,0.2611376224529177,0.21540099098568888,0.7120397034145542,-0.12674942151421603,0.9496752449444368,0.22226207880746768,0.6960912119774596,0.030659231135532993,0.2734797880763101,0.21966579272633524,0.704615263711839,-0.12229798840624954,0.9426707483473284,0.2194259315729143,0.6927403949555901,0.036476197164683144,0.2680348441714334,0.2175491643803462,0.7001569015639173,-0.11076788284948902,0.903080806845711,0.17470527901535954,0.6890516990707038,0.04998989048458284,0.9966374465397434,0.1722017037017006,0.6913389308112013,-0.049971836663427846,0.9978307655879437,0.18525137362026045,0.7721010815529602,0.06431423234088085,0.2655584748302189,0.18688767793632705,0.7777739848409386,-0.032239420073373,0.9772611430713116,0.17716796483312347,0.8551942308743801,0.10055791054453175,0.5333847658974787,0.17702768317290726,0.8678691926456639,0.0001436886280619851,0.9849969858214975,0.17209080358346315,0.869783364591145,0.10203726518721815,0.5773283356711982,0.1713435444093887,0.8823983640897848,0.0011308931834286176,0.968435188134512,0.19694305459658318,0.8700948073750456,0.07993693827163612,0.6946280768939432,0.19893205378736784,0.8836764210746408,-0.03212381775180501,0.9755528767903654
33,550.0,0.21730792380514613,0.5570043978236975,-0.04205129579419185,0.9992941561199377,0.2154216858602707,0.5493839468274802,-0.0370326913183644,0.999132210300083,0.21510622189158501,0.5491695404052739,-0.037054396101406664,0.9991157196816951,0.21469546925453928,0.5489444902965004,-0.037072811453115403,0.9994329412778226,0.21457600238777358,0.5492562055587773,-0.053237919119142385,0.999273197991508,0.21368383651688,0.5490037912414192,-0.053247946536257196,0.9991687252407989,0.2127259316898529,0.5487776540574577,-0.05327219906307406,0.999354297206516,0.20833974083264684,0.5508563688823158,-0.008591681142293278,0.9985198435329263,0.2071429732299988,0.551237469627744,-0.0810414346910659,0.9991184671719876,0.21502835480939791,0.5641687313715621,-0.029391427302644386,0.9990790486335761,0.21387336154778813,0.5637296040852868,-0.05039161816239361,0.9995230890455707,0.1979022267318909,0.5958318596794496,0.04525973434959142,0.9990778565406806,0.19480733928226301,0.5973850176447919,-0.11268755474260884,0.9999153301829391,0.19312971830368053,0.6525611196245471,0.06914890593006504,0.09645432872431627,0.18379835642519465,0.6592705845832829,-0.12496655434370049,0.9869501704261423,0.2118636923176903,0.6859356079782764,0.04503865540027622,0.22828810839425967,0.2101331083547503,0.6961177019845877,-0.11079369024151856,0.9654052371070505,0.21762078361851844,0.7018091707002554,0.045532627474694054,0.25538672790640893,0.21562113790285037,0.7108141240619483,-0.12438352015756435,0.9489320261137832,0.22259905721460085,0.695771455764771,0.031837409894381274,0.2676515323775157,0.21994944697334667,0.70325099286579,-0.12001254906257001,0.9418150016239718,0.2196119427680971,0.692446541218531,0.03776007872961819,0.2627198298772178,0.21787864466508244,0.6988178094228114,-0.10851103599582407,0.9019527009555278,0.17470752128532968,0.6890546083450322,0.0500596706711111,0.9966329222633732,0.17256433836051407,0.6913415562538878,-0.050041715481451615,0.9978149022374843,0.1853038058394479,0.7722762965020684,0.06428910241950131,0.25678175829705757,0.1869998098838898,0.7776452189400089,-0.03256334541808993,0.9764338930447903,0.17716400963919515,0.8553135849180682,0.09957422138679603,0.5258721311887109,0.17709079030014233,0.8678283634639928,-0.0004642400031332816,0.9845632456597835,0.17204900014968158,0.870004866804396,0.10090823436067226,0.5726321169308258,0.1714647256192708,0.8823700093087702,0.0005447895729005164,0.9677829089618871,0.19686496044908267,0.870112768241338,0.0786785870080903,0.6898802916208908,0.19901510150659668,0.8838766501063399,-0.032354965539915244,0.9750131652468734
34,566.7,0.21716586323011505,0.5561689365477793,-0.04110603673117505,0.9993056796845943,0.21531667170070481,0.5485250779560638,-0.03614441323138421,0.9991505713689902,0.21501831142675326,0.5483388702074691,-0.03616501515110336,0.9991330703099577,0.21461859345436113,0.5481503946440565,-0.03618266930182777,0.9994451630683179,0.21444853856450052,0.5483990907669072,-0.05228900377239504,0.9992829561233527,0.2135490789299921,0.5481793085734054,-0.05229867036853522,0.9991772288367868,0.21258580046040687,0.5479936713264106,-0.05232231993050806,0.9993611347107667,0.20827964161123563,0.5502743607475648,-0.007669992656225255,0.9985484395708364,0.20700096658297962,0.5506058193388443,-0.07985876252253855,0.9991338451703397,0.2149168629021873,0.5633876721064254,-0.028420558997562975,0.9991008071672356,0.21375257060641348,0.5629338139579414,-0.04934349478710269,0.9995308859007707,0.19763632828281053,0.5952509670030507,0.04650328467999189,0.9990789180710209,0.1948172861621495,0.5970931109927954,-0.11126451336202176,0.9999155458949869,0.19249775296165844,0.6525199725514371,0.07029827187458679,0.09312341965380176,0.18388298295793093,0.6586029359272553,-0.12260960645618901,0.9867437907627657,0.21135149825186972,0.6853565261477521,0.04540169505136357,0.22232553930509674,0.21040448120662159,0.6947489806583954,-0.10669291977371495,0.9645795793760397,0.21720852596419213,0.7007416969253908,0.04552347851651059,0.25011203757354206,0.21578644996597668,0.7091282265526913,-0.1198930793574879,0.9479291893187031,0.2221082065786636,0.6953592981610984,0.03196318057321369,0.2622521583523071,0.22015637372221283,0.7016415454092485,-0.11559620712484642,0.9406764989807498,0.21940192509265188,0.6916443904240932,0.03808439097234184,0.25777573457786035,0.21815280332451792,0.6973114808400477,-0.10437755393130446,0.9006260519935977,0.1747116368441356,0.6890342320714684,0.05005050379605524,0.9966381135441015,0.17296547336237783,0.691335879621052,-0.05003138117137414,0.9977957322483978,0.1853193995498477,0.772462251640502,0.06312802717799236,0.249483937308902,0.18715418165638348,0.7775545290538248,-0.032908695262102876,0.9755916567075827,0.17713188912187317,0.8554178930464251,0.09589329361915595,0.519644535723187,0.17719230055809032,0.8677862428483516,-0.001059566046543686,0.9839963345300591,0.17196281112375728,0.8701804223514745,0.09693460946991336,0.5684088667233789,0.1716378075735911,0.8823292823064902,-7.24622181483674e-06,0.9669043052764172,0.1966979333332608,0.8702016245751161,0.07471778314738052,0.6854813240823296,0.19913627703984593,0.8839557965596523,-0.0322555910263743,0.974289916810536
35,583.3,0.21708391464891905,0.5553757009052098,-0.0401672935556798,0.9993246850513284,0.21522210893176866,0.5477168616794409,-0.035218987259126866,0.9991796783038556,0.21493522751899008,0.5475458048638847,-0.03523862184513185,0.9991630003565841,0.21454622773897097,0.5473831409499763,-0.03525514918423837,0.9994647219067535,0.2143348675398601,0.5476195329711555,-0.05127754559119546,0.9993008573850003,0.2134271044106712,0.5474373386019756,-0.051287276049455044,0.9991959163120822,0.21245402310575773,0.5473006055468608,-0.051310144719623425,0.9993751645088202,0.20824671217373453,0.5498184249514629,-0.0067041130026891166,0.9985963730585015,0.2068706970839275,0.5501483338219783,-0.07850393227168498,0.9991591374079394,0.2148637956097014,0.5626581481524879,-0.027480807953647227,0.9991280493282144,0.21368611142748895,0.5622651264781048,-0.04828797919409619,0.9995415068808062,0.1973957100084851,0.5947112213997618,0.04758232601341751,0.9990870839073552,0.19486326334022355,0.5969493360746478,-0.10973675690946133,0.9999156736192256,0.19160150275343954,0.6521599406287788,0.07120995933101296,0.08947923105387467,0.1839294043325244,0.6579658701306301,-0.12010785334167035,0.9863637032962989,0.21042712671416164,0.6844791372617092,0.045443185383365295,0.2154234051704408,0.21051286019030085,0.6932058589799068,-0.10220963153101156,0.9630270997683215,0.2163857384806589,0.6998139534677783,0.04524256856668566,0.24384906604176496,0.21581566901434052,0.7072847088178004,-0.11495459789321545,0.9460634702727915,0.22106401835169126,0.6950889882587257,0.0318705217824096,0.25575880919184024,0.22018935992604227,0.7000907006717869,-0.11079923985969461,0.9385834109215516,0.21875325838724788,0.6905284523963933,0.038122352035272714,0.2517976207392558,0.21824193639414666,0.69581493309566,-0.099886759760834,0.898067006043026,0.1746825043644225,0.6890061157090328,0.05002265831544289,0.9966734959965667,0.17326683515594132,0.6913364671525506,-0.05000149511865211,0.9977946934245889,0.18533990922428328,0.7725640734036769,0.06298686262397543,0.24358799840722783,0.18727953802971625,0.7774087048712237,-0.03343567092503823,0.9750283615929747,0.17710710210459585,0.8555732312656591,0.09441367856093821,0.5160542641367234,0.17735133426530034,0.8677296752021433,-0.002320071280423908,0.9835061345781606,0.17185953614257643,0.8703877443359018,0.09530842978329893,0.5658377352214998,0.17191732497442347,0.8822588750294282,-0.0013013592799238514,0.9660356044769294,0.19649577708471405,0.8701137361072364,0.07353711873292929,0.6832636197408045,0.19938687980175032,0.8839245977855871,-0.032830593220534804,0.9737113827750804
36,600.0,0.21703513818127784,0.5549090135665171,-0.03939609566614745,0.9993535393760326,0.21515304914542624,0.5471933853058593,-0.03447834845809712,0.9992198546727505,0.21487237867854905,0.5470368209339327,-0.0344975619089036,0.999204147429694,0.21448940535386418,0.5469016262463164,-0.03451328458530564,0.9994908940224428,0.2142606051195237,0.5471069614092513,-0.05046220655952185,0.999329606691997,0.21335177549294077,0.5469447232428055,-0.05047238901967098,0.9992276912643804,0.2123749305804572,0.5468514022373021,-0.05049488711215204,0.9993995598384319,0.20822527507940944,0.5496102486337938,-0.005962934611099111,0.9986596334548231,0.2067625515517736,0.549940163180942,-0.0774476499784561,0.9991972332909,0.2148425515208927,0.5622277316592992,-0.02670644356736117,0.9991638461748766,0.2136521552290237,0.5618918424560915,-0.047421055535475445,0.9995580485888897,0.19713588697569726,0.5942391327449258,0.04836656029025717,0.9991007759457551,0.1949730678683237,0.5967463680676056,-0.10837854196627943,0.9999163434619003,0.19042119029022414,0.651645856244224,0.07192673001970569,0.08560783983696081,0.18392400159722297,0.657238920529684,-0.11859633915481121,0.9859389265378323,0.20937910108339233,0.6833544118063795,0.04581754406293237,0.20881542350564697,0.21050793216342034,0.6916419750168215,-0.10027375178677703,0.9613772148177744,0.2154626228979657,0.6984916414533348,0.045462522833120286,0.23794948699928484,0.215785725485711,0.7052116507575631,-0.11291976060186122,0.9441315503347495,0.2199022918939592,0.6943450257891706,0.03230769914530575,0.24961322120257806,0.22012553115685798,0.6984795473870782,-0.10866217776423417,0.936395826793853,0.2179254300537565,0.6890540719032292,0.03854141579497431,0.24608769303276445,0.21824115159965712,0.6942930845987234,-0.09790616943722687,0.8954111990474525,0.17466872149989732,0.6889934114047465,0.049975695709387494,0.9967286757060467,0.17368019549619595,0.6913502074423296,-0.04995222389698031,0.9978192874363497,0.1853609681129457,0.7726321447463268,0.0639318004250527,0.23940745492776253,0.1874691269227438,0.7773308243070336,-0.0335128578756537,0.9748617013295499,0.17710335552692424,0.8557576224917464,0.09579633956863773,0.5154003046807791,0.17757833997408562,0.8677293260892238,-0.0027238180572610547,0.9833076284045272,0.1718423331067677,0.8705511291821804,0.09678631559723906,0.56579525697799,0.1722223091693153,0.8822107825960439,-0.0016978065195005576,0.9656224790073583,0.19633796385356372,0.8697738448778795,0.075555712339424,0.683942902655829,0.19972656312442977,0.8837925536291946,-0.03270816980373294,0.9735521986371002
37,616.7,0.2170333074671883,0.554522656259083,-0.03876800888351034,0.9993771002406173,0.21511970460414903,0.5467539543197273,-0.03389063246902968,0.9992532588186724,0.21483814432507484,0.5466008271489828,-0.03391048525060929,0.999239038853419,0.21445816187631533,0.5464794607389545,-0.033926181495189695,0.999512732028962,0.21423476579643447,0.5466815148081102,-0.04976253211498264,0.9993513794172384,0.21332777610846942,0.546531921341306,-0.049773368984460865,0.9992515927269352,0.21234597762425755,0.5464655160903934,-0.04979528788299791,0.9994169984545034,0.20822800553980342,0.5493886215346204,-0.0055538682666208105,0.9987135557901299,0.20670075998419823,0.5497168785049806,-0.0765758050339563,0.9992250175703147,0.21484859571570458,0.5618564685185754,-0.026148966557922836,0.9991920363335389,0.2136506842715401,0.5615761649040952,-0.04672860762193093,0.9995698389552896,0.19694671176728762,0.5937803841772538,0.04861780965612052,0.9991101906413131,0.19511901480810998,0.5964408545267019,-0.10714286565780648,0.9999167096047182,0.18949403152579367,0.6510608536856519,0.07196560679447088,0.08175341926869897,0.18391533834593649,0.6565687457720444,-0.1170488872698376,0.9853991582280122,0.20850542968227764,0.6823805627368751,0.04592682616341685,0.20163131327856168,0.21045782949243286,0.6903928347996309,-0.09817033296539676,0.9592100098019561,0.21467359931696045,0.6973124799274268,0.045619268857297474,0.2312456497124265,0.21578895123231995,0.703443294479734,-0.11053685027928586,0.9416027636755088,0.2190269302754177,0.6935157917794732,0.03269631876831965,0.24257652958234166,0.22003803650538145,0.6971033300672264,-0.10628743256841394,0.9335481921831772,0.21715797058173603,0.6877669039226719,0.0387627622556119,0.23957179131962023,0.21819020665827268,0.6930611899920878,-0.09580023267439441,0.8917961745035087,0.174712685602052,0.6889517250515171,0.04990433475800927,0.9967983336675743,0.1740548092694511,0.6913595767248248,-0.04987882432483495,0.9978661366871432,0.1854089058580854,0.7726650379952935,0.0658407993614674,0.23615328187034262,0.18766303076630558,0.777339983554114,-0.03350074979520982,0.9748330087888816,0.1771677491210757,0.855502551510221,0.09996399531761813,0.5155511413301744,0.1778676538240343,0.8677456208637788,-0.004801232855589621,0.9832012624967672,0.1718732799802509,0.8704882775034231,0.10128988502990639,0.5662249411855429,0.1725666636512394,0.8821323173386716,-0.00408063199193705,0.9653114165578577,0.19624662257376185,0.8689840038617458,0.080801044191633,0.6856325070063278,0.20020563119933732,0.8836294526145578,-0.03555336842934293,0.9735479610306883
38,633.3,0.21705240507920598,0.554173710800353,-0.038756826094218697,0.9993986827986588,0.2151101082563402,0.5464332274028237,-0.0339034941224825,0.9992845257123318,0.214824608394078,0.5462846528916137,-0.0339245235636121,0.9992719377790186,0.21444355660960804,0.5461694342749464,-0.03394100087739175,0.9995332757631945,0.2142251353888286,0.546362698078156,-0.04968947526954473,0.9993718521935606,0.21331961949666356,0.5462275090671724,-0.049701007703940106,0.999273740109944,0.21233500824088158,0.5461779520625163,-0.049722035548516716,0.9994326716377628,0.20822699722789598,0.5492091434342524,-0.005773537814439766,0.9987649889219382,0.20665578047434505,0.5495174867766248,-0.07645444004308616,0.9992495094026845,0.21486322652725962,0.5615311492057078,-0.026227676265296502,0.9992178990727387,0.21366236323402055,0.5612848174004331,-0.046705478713625986,0.9995802924746566,0.19685237393492758,0.5935180385907495,0.04793773272207809,0.9991191597211936,0.1952588373706456,0.5963492932773775,-0.10651241455759329,0.9999164626711898,0.18889181386856818,0.6506202022234604,0.07091012100378677,0.07819256434837983,0.18392121933755434,0.6560785373051966,-0.1159956096893266,0.9847512160028737,0.20802386246976412,0.6813788328851977,0.04500624874518035,0.19458580513795232,0.21045403182506578,0.6892445030666539,-0.09641404449939736,0.9564197631109335,0.21427191226255343,0.6961230777558831,0.044768219725007136,0.22457196598961257,0.21589684415431265,0.7019791773387369,-0.10850667385827936,0.9383550655274171,0.21867408851782497,0.6918718048504426,0.03200971867356984,0.23559925669715537,0.22005513736179913,0.6957977016766871,-0.10423502893674949,0.929904792990004,0.2167348925556457,0.6863377292950953,0.03795694417896728,0.23311483363310512,0.2182393066939855,0.6917469189280561,-0.09402103509221765,0.8870469416890832,0.17478794994808391,0.6888866339411059,0.049817411849896145,0.9968668449492689,0.1743652763820831,0.6913622504188905,-0.04979025749933155,0.9979183475176501,0.18548755347728743,0.7726363454546252,0.06789006363777893,0.23385852788175873,0.18785541894890026,0.7772944427671893,-0.03370672517589163,0.9749212151481998,0.17728273783411314,0.8549515917187651,0.10420016483182007,0.5169051743689042,0.17812046479611182,0.8677251509257731,-0.00821118078948487,0.9831781500861765,0.17194815831524998,0.8702081271580293,0.10576631199745912,0.5671794073922298,0.17285823325316124,0.8820563583146964,-0.007901207277817391,0.9650570721853354,0.19626929433572876,0.8679510213079913,0.08588552900723055,0.6883824496042166,0.2006300006593978,0.8834224627131513,-0.040167805162214125,0.9736569325129198
39,650.0,0.21705584582828358,0.5537480626787462,-0.038027485921269394,0.9994189001265034,0.2150532071079528,0.5460048800423036,-0.0331702374276661,0.9993124348776689,0.21475763051282806,0.5458563679740547,-0.033191557796228524,0.9993019586517705,0.21436571010521493,0.5457404766763962,-0.03320760067020146,0.999551937693642,0.21417776601655159,0.545951278436752,-0.049004147982313555,0.9993904942557932,0.21327720227695662,0.5458351061457682,-0.049015815236738786,0.9992946187655138,0.21229640713759845,0.5458078100567776,-0.04903719964481539,0.9994470420337865,0.20816746566976835,0.5489378429594498,-0.005102882571961911,0.9988112563178659,0.20660756670293368,0.5492603636923294,-0.07601920054072431,0.9992719973836633,0.21487010944457297,0.5611223635219397,-0.025524471576015173,0.9992403558322369,0.21366770139762348,0.5609013012477334,-0.04607168106096135,0.9995895851226088,0.19683541783264719,0.5933187064670385,0.04845652640575458,0.9991268884567994,0.1953797581649963,0.5960845010621212,-0.10604049442779458,0.9999163519768495,0.18883005636078987,0.6502816620327183,0.0713126712611744,0.0749391044179599,0.18383113543192559,0.6555690311250237,-0.1154246206084888,0.9842296895526712,0.208202029267947,0.6802758432569963,0.045203699774685385,0.18933449898447324,0.2104958090044205,0.687907409100306,-0.09598865324542644,0.9543062987781712,0.21452381071590257,0.6939900006566734,0.044980510537113494,0.2200011284578416,0.21614416085538427,0.7003958282016578,-0.10802356508516138,0.9359670423326045,0.21921285632110796,0.6889894888514569,0.03224032585109985,0.2308422185125807,0.22019302774043326,0.6940515467098787,-0.10388593411161794,0.9271839544886641,0.21701341725531093,0.6845482871645978,0.038163326325870724,0.22870725109463663,0.2184075961510342,0.6899979568663102,-0.09364460195813867,0.883423688865844,0.17486891789095754,0.6887993585495726,0.04982850718356317,0.9969175514720743,0.17463605105876934,0.691360712051392,-0.04979997589474636,0.9979624521164674,0.18566488652002258,0.7726031343142197,0.06912756604807722,0.23226530495144088,0.18799973314716717,0.7772316733996079,-0.03409206175378393,0.975172718365988,0.17740793242341008,0.8543251185190116,0.10622565270889381,0.5193612802596324,0.17825463556108034,0.867680674507505,-0.011558867370088904,0.9832765545163843,0.172045905675207,0.8698595989318127,0.10784373042129342,0.5695304586773831,0.17300618617307584,0.88192995105471,-0.011532748472832506,0.9650409477097655,0.19631729878130427,0.8670267888477876,0.08821470503296178,0.6920489555313478,0.20084575457232354,0.8832361414318999,-0.044447437815722995,0.9739091935611914
40,666.7,0.2170397199335554,0.5533988873163863,-0.03743601146908036,0.9994398724465151,0.21496419324761362,0.5456102007911323,-0.032564880060298125,0.9993406874792923,0.21466166987305613,0.5454630908511937,-0.032585980814127724,0.9993321640150895,0.21426050081139536,0.5453463792800908,-0.03260151243635588,0.9995707670847582,0.21409009751819447,0.5455772025244581,-0.04847226699902901,0.9994107995714467,0.2131914574475517,0.5454855220658443,-0.048483971683752,0.9993178816068747,0.2122130819729398,0.5454830555688771,-0.048506114809286065,0.9994637767473864,0.20808392053558727,0.5486630769003009,-0.0044433110881419435,0.9988579466229401,0.2065256876604899,0.5490241221019203,-0.07566830161071963,0.9992976955005107,0.2148710035142446,0.5607879161834721,-0.02490458273816678,0.9992627359571918,0.21366182253474297,0.5605752808707105,-0.045551513099954276,0.999600155012949,0.196717985329174,0.5930628833316626,0.049204114469743945,0.9991369985398799,0.1954608602183207,0.5957450043587462,-0.10565276479437245,0.9999167181196674,0.18838755857376838,0.6499687064261668,0.07224910990113309,0.07172222861221864,0.18368847526255122,0.6550551369076688,-0.11498397056545538,0.9837818145751961,0.20817938517956522,0.678964998040881,0.045989996088402645,0.18446823174045213,0.2106034684748878,0.6865346204666869,-0.09539047202893672,0.9525003660292859,0.21452028765564887,0.6910820177623209,0.04578413246642979,0.21604358227480042,0.2164820681015652,0.6985550835019072,-0.10735228409369793,0.9339584225700022,0.2192910476809458,0.6858451763788864,0.0329444053627196,0.22668620163486133,0.22038030695347574,0.692145202841078,-0.1032546343547958,0.9248523428326568,0.217058721752394,0.682517148199536,0.038909758308104135,0.2247449911776045,0.21860761940479295,0.6882139728182843,-0.09304091085990276,0.8802506072180618,0.17490858762037198,0.6886981981141231,0.049924286348479174,0.9969361963726233,0.1749748942397891,0.6913617054621384,-0.04989419114731611,0.9979876223064611,0.18587998407227665,0.7725586096445725,0.06909815967082983,0.2315648595492047,0.18825360423042675,0.7771575422514059,-0.034750333144551254,0.9754203302519668,0.17755351889701132,0.853783289591472,0.10523438595590145,0.5221683638436457,0.17827750955309202,0.8676311260177982,-0.014814025611572332,0.9832978901408975,0.17222567328384958,0.8694907199768799,0.1067447672997203,0.5720309302920391,0.17302611541180396,0.8817897013255535,-0.015056360047310603,0.9649044445582805,0.1965191413958869,0.8664721960113169,0.08722036331892019,0.695672520569393,0.20087883515017385,0.8829601350284764,-0.048821676167703845,0.974028300671351
41,683.3,0.21701498613471093,0.5529553833461947,-0.03762735071636385,0.9994553611392074,0.21485500889165077,0.5451489800498603,-0.0326863035914444,0.999362664563316,0.21454138557116206,0.5449914676802503,-0.03270681468503818,0.9993558980169758,0.2141276562497731,0.5448666385241921,-0.03272159379862606,0.9995854695638029,0.21398331508750024,0.5451652067048213,-0.04877617458502455,0.9994257688522346,0.21308462250800375,0.545106859434219,-0.048788400455599776,0.9993354110490715,0.21210901297274104,0.5451302556764516,-0.0488118770576659,0.9994764214470281,0.2079572805336545,0.5482835883185981,-0.004196954114983482,0.9988931360698889,0.20643842646053873,0.5487304216339479,-0.07624653726816183,0.9993189942269106,0.21486739246618197,0.560362197103955,-0.02495169107403076,0.9992782672246304,0.21365327068737588,0.5601854437873481,-0.04584024083756268,0.9996078269822265,0.19657355192161757,0.5927299459775293,0.04989995168788096,0.9991444320905785,0.19552082249096475,0.5954363232567201,-0.10637899630126507,0.9999171069690167,0.18784871697425856,0.6495836746124999,0.07314145565032965,0.06843183012235737,0.18351422392186678,0.6544879958743145,-0.11583500887666437,0.9833693731398816,0.20802740043117904,0.6777898896308178,0.046586095222405054,0.179223697100367,0.21068387939816446,0.6851064449264894,-0.09617429120200027,0.950723364239648,0.21433287717047206,0.6884019942510701,0.04637884969512625,0.2116812644969851,0.21675982219832302,0.6966919416473031,-0.10826001067956297,0.9319414411272329,0.2192161047742482,0.6831578839392894,0.033375448236862844,0.222071354587873,0.22049111553600872,0.6903134215445751,-0.10418121587662478,0.922481312638238,0.21680592426231943,0.6806205596242637,0.03944560424202967,0.2202125965129763,0.21870874436128723,0.6864770367032011,-0.0938182636385873,0.876944629918962,0.17495786434128185,0.6886227443104703,0.050209363656384634,0.9969391198385337,0.17531612373533714,0.6913662779898875,-0.05017762773093727,0.998000003042676,0.18613107644376314,0.7725159894852417,0.06957898892107468,0.23130950899351227,0.18857376774152135,0.7770955562591558,-0.03534923795433274,0.9756749329112833,0.17770382832913184,0.8534803390502936,0.10572702473118199,0.5257860847881866,0.17827516510373084,0.8675392837751486,-0.015660200445424953,0.9833407231739596,0.17244159962449768,0.8692265919276653,0.10716388977709279,0.5754821754637223,0.1730273954925084,0.8815551031203503,-0.015940804477958464,0.9647948827062343,0.19680168444202073,0.8661848789169682,0.08742213355643415,0.7000041263444088,0.20084368189175938,0.8826549989836563,-0.050474557138624684,0.9741776897793731
42,700.0,0.2169829706350964,0.552534625643776,-0.03714480676821302,0.9994683833349326,0.21476345331895935,0.5447329225994295,-0.03210190257855826,0.9993813009489156,0.21444184723354537,0.5445669009571987,-0.03212203697434496,0.9993760160037457,0.21401822850817742,0.5444351548240303,-0.03213604450935412,0.9995980546587997,0.21389244709696104,0.5447829763094588,-0.0483831655056704,0.999437922523136,0.21299287889684965,0.5447417100270593,-0.04839531403212324,0.9993500879832684,0.2120219298771451,0.5447725965863186,-0.048420270638806516,0.9994871616363532,0.20783292892433364,0.5478145763987591,-0.0031765303463630757,0.9989233925229035,0.20637829459848875,0.548359680743445,-0.07611461941685001,0.9993384594009043,0.214849630991618,0.559958588509333,-0.024302812647961452,0.9992907104038065,0.21363409360249852,0.5598188298089168,-0.04544626300533616,0.9996135887645548,0.196390877167384,0.5923620973314563,0.051422752972160105,0.9991482013747812,0.19560695475056072,0.5950621054286053,-0.10689389705657967,0.9999172176633571,0.18738788721107313,0.6492795007569454,0.07466107358535136,0.06526350868599759,0.1833980963343667,0.6538876749220353,-0.11727095856553041,0.983041153067635,0.2079302065429235,0.6767483013016842,0.04817646103245875,0.1745143823680425,0.2108202931426822,0.6837204552832109,-0.09861451351926448,0.9493297111420411,0.21412490592116418,0.6860608799116957,0.04809313480343141,0.20780251991181162,0.2171525493973779,0.6950391360691621,-0.11113485445578901,0.9302973548571276,0.21915520585718626,0.6815933244568966,0.03493444337731318,0.21793131104537433,0.2207324724821819,0.6888249999000917,-0.10675199436289931,0.9204709160895581,0.21648163880620697,0.6791243382862641,0.04096259247689023,0.21605812155065096,0.21894148772671124,0.685072779655457,-0.09618696393001654,0.8740689215205971,0.1749758138543085,0.688570238295056,0.05059213865370982,0.9969208495957518,0.17571410962513528,0.6913685316131233,-0.05055916539969903,0.9979851302646462,0.18635633800710966,0.7724718337967289,0.06931045899788543,0.23052142063776668,0.1888447787080494,0.7770280469031567,-0.03542269021272662,0.9757851050013595,0.17779622901053668,0.8535480697949733,0.10429379840691891,0.5288418247586208,0.17824235345636108,0.8674903512001044,-0.013704160405766407,0.9833849725269143,0.1726582440591995,0.8691276084809082,0.10554684308313196,0.5793724627721881,0.17300127943356844,0.8813544086047588,-0.013777473187517562,0.9648256983075829,0.19709788617633653,0.8661404393968134,0.0852167467985835,0.704041427090055,0.2007713793289095,0.8823565642038987,-0.04868796130730996,0.9743133499508819
43,716.7,0.21695256020341613,0.5523192002659756,-0.03567876418431602,0.9994798416183115,0.21471651395161961,0.5445610171272646,-0.03052154387391751,0.9993975957234709,0.21438732885179082,0.5443722293490459,-0.03054158930622398,0.9993935567992082,0.21395492057005577,0.5442117906752091,-0.03055443632460778,0.9996088629677189,0.2138443816275825,0.5446361842609592,-0.04692833391683446,0.9994482625098463,0.21293881322656374,0.5445813054130195,-0.04694016206832162,0.9993628745987309,0.21196655077593682,0.5445705311638972,-0.04696635263306757,0.9994965564636964,0.2077215242953529,0.5473683788662869,-0.0012475974813458473,0.9989482334681927,0.20633067545436692,0.5480004889624464,-0.07476272753306804,0.9993559689748861,0.21481650641986316,0.5597313245137536,-0.022715058709893925,0.999298967066266,0.21360884181090778,0.5596049399602985,-0.044021599704311035,0.9996166796911338,0.19613948038646167,0.5919053696450738,0.05358009483842627,0.9991518826711754,0.19571652866545192,0.5946762448265444,-0.10639863745087677,0.9999172261783063,0.18677866742724478,0.6490051774751577,0.07647754642225453,0.0625424787756943,0.18326379642600119,0.6533399508112958,-0.1175327609692302,0.982747279462361,0.2078283854893277,0.6758541266123459,0.04990230305563839,0.17046813028199342,0.21094889725957613,0.6823137799898789,-0.09899035699310764,0.9480497610001344,0.2140266107661385,0.6844056362197517,0.0498931535652706,0.20438193068617883,0.21752098273663312,0.6938860870542986,-0.11164800006718871,0.928745213009063,0.21898171021824805,0.6810709607033507,0.03664467678893183,0.214283327261607,0.22100239282562634,0.687821833860307,-0.10699014649504715,0.9185620830172591,0.2161635366224109,0.6777864978426984,0.04262245570619903,0.21241628414108654,0.219217618306478,0.6838330002058125,-0.09645997058777589,0.8713237472942904,0.17500184760207235,0.6885122316224239,0.050946544678438316,0.996904875550952,0.17611439526081096,0.6913750058128725,-0.05091304952899618,0.9979634568804794,0.18653254281906867,0.7724666368393677,0.06884429461899264,0.22898580204872873,0.18907064483279287,0.7769869934944884,-0.03505307311813039,0.9757041108040589,0.17790816156637113,0.8535527445021136,0.1022894237013091,0.5305602493740267,0.17825979916822354,0.867350183782124,-0.011428150392714009,0.9833340985434403,0.17286187268438807,0.869082527501243,0.10338510785784047,0.5826407699357901,0.1730370464779083,0.8810811184701471,-0.011420250559846568,0.9648409116835828,0.19740694193612976,0.8661095585141869,0.0825661310837383,0.7074224608285091,0.20078448454538994,0.8821694283258353,-0.04682796980653494,0.974407925492242
44,733.3,0.21692621778874188,0.5518592766353067,-0.033406538534022534,0.9994892222540727,0.21466198918365315,0.5441718640781588,-0.028161707555963898,0.9994115715935123,0.21432430403573188,0.5439701591219225,-0.028181872463652086,0.9994094144730349,0.21388307710488652,0.5437948930831187,-0.028193969811712016,0.9996184706687934,0.2137922346591951,0.5442736120451068,-0.044547017486322525,0.999455250444867,0.21288260604654055,0.5442251818520686,-0.04455826342815448,0.9993729591369636,0.21190753224350173,0.5442017742565703,-0.04458476798165415,0.9995030959447232,0.20761432250340794,0.5468737085660302,0.0012563200822720937,0.9989745049249565,0.20627830142066608,0.547578300748553,-0.07217236040603553,0.9993702286765697,0.21478591646466952,0.5592645037741892,-0.02043537431884381,0.999304998488654,0.21358954693589904,0.5591826637585962,-0.04170804240164305,0.999617156528292,0.1959329893191657,0.591620226701101,0.05593753747996833,0.9991497425805962,0.19583431382974004,0.5943073119435995,-0.10481465288570957,0.9999163094021032,0.18619086983658034,0.6488916079203293,0.07840161238397877,0.06037256245811785,0.18314370087214893,0.6524880329767868,-0.11724460692632774,0.9823437957536614,0.20772541207926631,0.6751743782134287,0.05250403923647748,0.1667180196160363,0.21100720550332766,0.6805102200735188,-0.10092433683928996,0.946617850235531,0.21403742475169063,0.6837902523222428,0.05277956507745247,0.20104539394378676,0.21787345551309148,0.6922996611822224,-0.11404752873239071,0.9270423991339554,0.21880096764791596,0.6806842996960599,0.03941025017272862,0.21073018511136388,0.22130900124708827,0.6861892966997061,-0.1087218845884006,0.9164813444727951,0.21609525240602961,0.6766380270322169,0.045192455074616875,0.2089225571779979,0.21954047183195766,0.6819033168611077,-0.09825557505800617,0.8683858031318308,0.1750257377113616,0.6884769399960841,0.051157854852222295,0.9968662034897584,0.17642707484109077,0.6913537326313205,-0.051122819206544365,0.9979071219762174,0.18668518818560115,0.7724451252392366,0.06653203903919179,0.2254495649110705,0.18920114068757934,0.7768388958204366,-0.0359699032491162,0.9752377697399692,0.17798636640821197,0.8536491904939929,0.09658000795614158,0.5284204369499573,0.17828160311494567,0.8671732090768367,-0.012179455719888219,0.9829345544179288,0.17297716438770305,0.8690998724528728,0.09729599278597612,0.5832484137444274,0.17308765507879725,0.880809942881267,-0.012232624881324324,0.964452471051898,0.19763269594737476,0.8661524937266402,0.07590859844571074,0.7073148744446895,0.20083468797661025,0.8820559041840697,-0.047750520741655755,0.9740217101006289
45,750.0,0.21686860635167093,0.5513845596994676,-0.03060075188321729,0.9994904143469681,0.21455727872394395,0.5437297622362777,-0.02531056256876107,0.9994153550692975,0.21420296600886768,0.5435152195748832,-0.025331109230007462,0.99941601072039,0.21374148059458975,0.5433198497408916,-0.02534257381090098,0.9996218255587994,0.21371688516367066,0.5438491957528255,-0.04168593262632691,0.9994517280941926,0.21281547134830853,0.5437970814250769,-0.04169645603923573,0.999371855031877,0.21184667448202785,0.5437618522416982,-0.041724028154498084,0.9995001270657501,0.2074577538740069,0.546397481645857,0.004053924753818487,0.998985395545052,0.2062302579482398,0.5471658422833401,-0.06928888814789913,0.9993726185389935,0.2147173682848614,0.5587573846181237,-0.017666566540442775,0.9992976387341823,0.21355529555252634,0.5587110008512228,-0.03891671218332793,0.9996100408690324,0.1956595409484138,0.5912073027519957,0.05854395049668498,0.9991397403535396,0.1959605834313803,0.593762922854651,-0.10276648366735103,0.9999146660168973,0.18558479703608027,0.6487904162633991,0.08126263675235572,0.05850290489338697,0.18296611167135707,0.6516305804252629,-0.11635479827721923,0.9819564677420124,0.2077410966157915,0.6743114874476484,0.056122518721081,0.16371471186478945,0.21111611099470246,0.67831963300705,-0.10177515092350195,0.9458377020699644,0.21408421014036466,0.6820431890941806,0.05668978712388451,0.19859112941083468,0.21832268365791882,0.6898917442276369,-0.11523798711243138,0.9262022517976314,0.218674299262819,0.6784444053967799,0.043152416391032115,0.2080955987884886,0.22180956460180754,0.6830276676586702,-0.10944599445377085,0.915378045468104,0.21628011975969602,0.6746405788830354,0.048775356972501425,0.20630377602009561,0.2200126321542832,0.678901266484034,-0.09902103280737293,0.8667518950644,0.175034964368457,0.6884125385965625,0.05126931482837317,0.9968114892641711,0.17666489382584905,0.691325743993124,-0.05123187708003184,0.9978374895595377,0.18685338539736623,0.7723022983187726,0.06471953895829978,0.22162276506423967,0.18925593722434284,0.7766920214607607,-0.03695876559331306,0.9747254990396053,0.17802941302458458,0.8536427475157244,0.09285169981774836,0.5250969869749891,0.17829487792083207,0.8669280835560396,-0.013055224104651392,0.982512349174137,0.17301166199502505,0.8690544508752375,0.0934173926001504,0.5834445839836488,0.17312080164750432,0.8805350036848165,-0.01305644041193384,0.9641479594366898,0.19777062606243875,0.8662533078874866,0.07194994602884569,0.7058663453374595,0.20095800927707141,0.8819641385759631,-0.04801534914544654,0.973574462391082
46,766.7,0.2167936258372808,0.5506303963207068,-0.028683075326539242,0.9994859439986099,0.21440630725451892,0.542931369372777,-0.023379158672122747,0.9994122527894527,0.21403020478430262,0.5427197870754064,-0.023400118131013163,0.9994164478211183,0.21354152333168772,0.5425298668089371,-0.023411741480231302,0.9996210790815814,0.21361294814518533,0.5430730978647872,-0.039792340603612746,0.9994413086346224,0.21272870401541408,0.5430403947830205,-0.039802532820474565,0.9993637800216681,0.21177120648679296,0.5430353227115816,-0.03983136053596227,0.9994913140932726,0.20726685296921518,0.5458195379802163,0.00597294962166676,0.9989887873331713,0.20617515487330315,0.5466358888716929,-0.06749644627173745,0.9993682759148741,0.21463187535603856,0.5579917629559838,-0.015743156274159762,0.9992821869396036,0.21351642268044624,0.5579743612380259,-0.03703698817463151,0.9995990509078624,0.19540132653145578,0.5908031804221021,0.06052224533188915,0.9991291789781487,0.1960866713807698,0.5930893733387906,-0.10134180209466397,0.9999130765597033,0.18511289641970693,0.6487426161766057,0.08450419846035191,0.057025931420780406,0.18279838349138,0.6507446879432319,-0.11574096658400136,0.9816052970432108,0.2077587431385405,0.6730850963365469,0.060588886517854004,0.161438306882268,0.21130495057219567,0.6757971786317376,-0.1044433262376559,0.9458005655379529,0.2142047030585154,0.6796007213138404,0.061413555450382726,0.1970724903401876,0.21889344425428497,0.6867171980085831,-0.11848952301910953,0.9264128889356348,0.2187764772347043,0.6749628697122851,0.04763022508649603,0.20644008403732678,0.22247756804738741,0.6788264740081065,-0.1121390266787439,0.9154981970787055,0.2166573781342735,0.671886421385266,0.053187851749715395,0.20461149939468945,0.22061011124224902,0.6751322661127368,-0.10158542508170726,0.8667795572962086,0.1750144802388692,0.6883034166835609,0.05142576052319439,0.9967428814797181,0.17680788111119056,0.6912814265205751,-0.05138479084486057,0.997760420753843,0.18698139062949604,0.7720388457888654,0.06386306793207218,0.21804525029091623,0.18935641007764015,0.7765142804100406,-0.03836320518028171,0.9742020340192893,0.17807572157610044,0.8536548359053482,0.09155613432327914,0.5204869082995828,0.17829073681717839,0.8666279741695956,-0.014949949502590168,0.981945040680114,0.17304169422104257,0.8689695029031669,0.09217271953821188,0.5824264997527717,0.17312835227875495,0.8803056279818224,-0.014858307449945395,0.9637118407658176,0.19790861365341017,0.866417615186601,0.07104037879478368,0.7025569421904433,0.2010872030542012,0.8819601904778259,-0.04887247830629352,0.9729020482017887
47,783.3,0.21670430756750575,0.5499298941521422,-0.027781629225327873,0.9994733418737146,0.2142337078139897,0.5421790877978011,-0.022491218788283227,0.9994002523876379,0.21383592912129007,0.541972534997123,-0.022512926764431472,0.9994083642959601,0.21332114012468445,0.5417886830511551,-0.022525187581777587,0.9996148007256651,0.21348942035720478,0.5423389162336081,-0.03900313270943508,0.9994219314484377,0.2126223884877706,0.5423241371200203,-0.0390136955039842,0.9993457481974655,0.21167908112208067,0.5423475078174049,-0.039043780593645036,0.9994749284925922,0.20705632013934017,0.545284952436175,0.006823838754956216,0.9989814644768131,0.20610162473860255,0.5461337708291557,-0.06705128259602053,0.9993568800744563,0.21453777310394123,0.5573004257111327,-0.014831387526577438,0.9992591965766188,0.2134745780910766,0.5572697236424404,-0.036244415278945674,0.999584547110967,0.19518620485351212,0.590312778949738,0.06159909601722449,0.9991199799946383,0.19625654816627516,0.5925131496928991,-0.10091129690408715,0.9999115892819004,0.18481490086941504,0.6487321825254535,0.08698793358746035,0.05566227205452468,0.18267325915041438,0.6498960795856662,-0.11491914235410244,0.9812746814319073,0.2078249489977248,0.671706929093316,0.06385481552708722,0.15933809393928178,0.21145946213177286,0.6734322309494023,-0.10507748950095411,0.9461139270237521,0.21433171771821538,0.6767318135216127,0.06468515825413526,0.19587841133276634,0.21934862860611523,0.6831323589597434,-0.11946905014060802,0.9271145519756142,0.21909418844041384,0.6704069148926513,0.05076446668023159,0.20512718671844132,0.22300574396337797,0.6742884034202217,-0.11282992575849815,0.9162120194662192,0.21709139361268015,0.668608889693306,0.05642285215712733,0.20326556549185812,0.22105419210025257,0.6713135299228492,-0.10215424497922268,0.8677029354231705,0.17499870629537687,0.6881611205282671,0.051665899122045195,0.9966928277696889,0.17686310339541675,0.6912348838079548,-0.051619977645930834,0.9976945178849363,0.1870819926261903,0.7714796066284185,0.06437898888474423,0.21453543716952928,0.18953228067784095,0.7762856000945687,-0.03885338455438617,0.9736074436278577,0.17809721046970017,0.8533572951952622,0.09365475745428184,0.5146195434388664,0.17828106738272181,0.8662254980632242,-0.014191913196728353,0.9811651593162907,0.17304577572005148,0.8688434986841117,0.0944817211656344,0.5803669378871014,0.1731280570938475,0.8801084813617531,-0.013801641651384897,0.9631189249810725,0.1979792224509377,0.8663764993349717,0.07377696959745322,0.6977476420856663,0.20118819531940293,0.8816486653827492,-0.04689814913130945,0.9719898871013103
48,800.0,0.21662122933637543,0.5494359305926735,-0.026784937651384462,0.9994560792332611,0.2141041145438241,0.5416513965243388,-0.021539818938998964,0.999382192180271,0.2136916461445038,0.5414451531001504,-0.021562460721248688,0.9993937015533455,0.2131603729157222,0.5412576823007497,-0.02157526321354368,0.9996044238408414,0.21339422961076115,0.5417991819835849,-0.038151524606205196,0.9993976893879125,0.21253799114908506,0.5417747838156568,-0.038162674932252824,0.9993220908301225,0.21160518413498303,0.5417880415916446,-0.03819395654967856,0.9994551624570582,0.20689644274257493,0.5447682596388321,0.007629968580745521,0.9989631601742344,0.20604315967786896,0.5455947206133891,-0.06665062904357916,0.9993427452586953,0.21443182088079923,0.5568120507966908,-0.013852835854604142,0.9992323716481534,0.21341658915792205,0.5567097578729906,-0.03538429204906739,0.9995686724072418,0.1950382625772841,0.5896578714961102,0.06256256323485151,0.9991131510053369,0.19643590279987894,0.5919139328457065,-0.10053210492644998,0.9999104823384972,0.1848121668611255,0.6485340765544352,0.08903142135767717,0.05434047005006249,0.1826527764399848,0.649138524418786,-0.1134898353900229,0.9810186879975462,0.208003151984442,0.6695534019243154,0.06619704567960336,0.15770594137055544,0.2116261074940365,0.6713400908878877,-0.10291436350061788,0.9467181024097268,0.2144990925277984,0.6733407009215586,0.06691099064690731,0.19529436173893172,0.21971470898106,0.679829685460954,-0.1172608591261365,0.9281643629074104,0.21953495769273682,0.6664613655635294,0.05295924842357639,0.204450540599369,0.22340796675000887,0.6703593447094878,-0.11068866472868699,0.9173459353901099,0.2175073815243586,0.6654336509250465,0.05874476617290865,0.20257410194192627,0.22139090725353802,0.6680671430769425,-0.09997573707784932,0.8692894436064227,0.17498317786625467,0.6879918944268004,0.05189096572853273,0.9966572068986446,0.17688509892849708,0.6912091402780447,-0.05184122263675649,0.997634757132758,0.18715312793141334,0.770807047684988,0.06535234036190174,0.21100085264160534,0.18965806989442746,0.775946458180746,-0.03807180445818677,0.9729444441341226,0.17807758564040788,0.8528837760289516,0.09624642665897104,0.507998890820004,0.1782597601413728,0.8658182762918025,-0.011194480893512576,0.980222404003144,0.17298887882913877,0.868718550318764,0.09727362294991818,0.5776004479044964,0.17310854153973726,0.8799913639114023,-0.010456219825538859,0.9623770997637802,0.1979655091251647,0.8662205679076065,0.07698138271059314,0.6923582837695172,0.20120719217118777,0.8811037313370484,-0.042795655095861106,0.9709373088110068
49,816.7,0.21656286574545375,0.5493061996641617,-0.025851449796131697,0.9994361031623121,0.21404679616292333,0.5415241973740718,-0.020618423376055007,0.9993609048071369,0.21362124241533748,0.5412902860414418,-0.020641504210375618,0.9993749033837098,0.21307844278358293,0.5410658490090148,-0.020654112721482928,0.9995913136573071,0.2133605260224571,0.5416622843061178,-0.0373265196879705,0.9993716137749815,0.21250825197923767,0.541595958528065,-0.03733830792563305,0.9992961202348989,0.21157708551202517,0.5415450362932118,-0.03737048804759982,0.9994348372731897,0.20677164551757649,0.5443681790715176,0.008508630739968454,0.9989355575470705,0.2059949132658188,0.5451776498839973,-0.06617164611816412,0.9993291270165223,0.21431624747457972,0.5566224853197738,-0.012913563067004804,0.9992024926912224,0.21335375734737957,0.5564447840054834,-0.03455779541816033,0.9995519433702749,0.1948992837043037,0.5889150926045013,0.06351951030748235,0.9991091546558205,0.19657498314267127,0.5912532040051055,-0.10019119757981534,0.9999100906508317,0.1847024588357836,0.6481814810207916,0.09031403916222716,0.05296295207171217,0.1826152766034718,0.6485177420434503,-0.11190872107233328,0.9807893520309818,0.2080670623552233,0.6672834640457521,0.06694538536525912,0.1557939045485997,0.21170225384689528,0.6693364977836613,-0.09864386987118501,0.947087798799788,0.21450409009343116,0.6705450358844944,0.06735329897630787,0.19427555657568446,0.21982185258751838,0.6771283320018228,-0.11258492264009665,0.9288547408013124,0.21974523010708052,0.6636541258721129,0.05347865855409989,0.20333840165819456,0.22348174452781694,0.6674581766128544,-0.10636746812434432,0.9180879167148052,0.21775787713981826,0.6628155793462486,0.05946594210607669,0.20152847681726743,0.22145747286932826,0.6653606607800444,-0.09571974440699539,0.8703583677609767,0.174969636258625,0.6878053432419191,0.05213260632895292,0.9966414542425254,0.17692629212424882,0.691162662846702,-0.05207933042021028,0.9975908427011407,0.18719077677953824,0.7702213696071085,0.0669327488257772,0.2072455109584901,0.18976847188813362,0.7755918162209652,-0.03638327086255667,0.9722506148474563,0.17807958452474515,0.8523964371000023,0.09924692660570152,0.5011172833896822,0.1782503255775998,0.8653520572753186,-0.0065821567993788535,0.979183060782297,0.1729540810698556,0.868620239552998,0.10042999046189452,0.5746680327824187,0.17309752887203592,0.8798046935172313,-0.005484107593517931,0.9614393143426812,0.19799125052633754,0.8659916832333525,0.08035891396658768,0.6874633544967292,0.20118138974621197,0.8803063063394462,-0.03729061871057468,0.9698683931714019
50,833.3,0.21654227092152567,0.5490784645080571,-0.024354234781293657,0.9994176427523302,0.2140113675878163,0.5413133842604505,-0.019138694873877947,0.9993411501248685,0.21357258231866943,0.5410514984812059,-0.019162018295554903,0.9993573143368683,0.21302133089020153,0.5407916733196807,-0.019174274766729005,0.9995787370772596,0.2133455837056752,0.5414632445289979,-0.035883096179791886,0.9993473291397101,0.2124964119423005,0.5413768972669333,-0.03589549288153651,0.9992735981941231,0.2115595581985657,0.5412792449905762,-0.03592783780325029,0.9994174951598765,0.20666975634438667,0.5439571397645137,0.009896507353654937,0.9989096437181753,0.20593932980582844,0.5447666049003604,-0.06492943777924498,0.9993202998524627,0.21422673336097187,0.5563526919909889,-0.011477995176045676,0.9991769109453481,0.21330849755378012,0.5561634018307645,-0.033159486772049065,0.9995379476320183,0.1948630334365937,0.5883700393495109,0.06489695040952596,0.9991021127927878,0.1966885264430729,0.5905581996554424,-0.09952390938997276,0.9999099856331242,0.18477525597526928,0.6477896627925697,0.09141485641400025,0.05164287079657831,0.18260359835057044,0.6477245830354241,-0.11061666444653565,0.9805709123611457,0.20821014472416485,0.6652079196203327,0.06771275365636467,0.1535321112189975,0.21171655825206226,0.6670437483560476,-0.09556780932914649,0.9473062923976361,0.21473172803719853,0.6689531859897437,0.06797902463447485,0.19271743652366471,0.2198003189904351,0.6745407808394663,-0.10920872468323942,0.9293052610896889,0.21989307375181302,0.6620437900225327,0.05419270676516355,0.20164161920547502,0.2233354555709023,0.6647038630076822,-0.10329025061357597,0.9185386413619638,0.2178683004208975,0.6608273017974131,0.06021927882518091,0.19994279529367187,0.22134673737344304,0.662588321027302,-0.09271008556797397,0.8710238110451478,0.17495812049933857,0.6875687355086921,0.05230329043808442,0.9965943381899885,0.17688190440336876,0.6909954888480054,-0.05224612745500751,0.9975152980713625,0.18723674473308394,0.7698319582712088,0.06559800658197634,0.20338847097896406,0.1898182666017897,0.7750918723288043,-0.03692763334228882,0.9715287231263667,0.17808241574537198,0.8521648645401008,0.09549339931635636,0.4942606574013123,0.17824231301035212,0.8649501176107504,-0.0072282622346565885,0.978022115571159,0.17293743221532742,0.8686622721808304,0.09635755490689057,0.5717631493295946,0.17307839010443019,0.8795189346585961,-0.006212080584927688,0.9601922943478545,0.19800255837894634,0.8657113881338216,0.07586285294521428,0.6823163373129713,0.20105229601973595,0.8795130621819276,-0.0380880642859709,0.9685706354322895
51,850.0,0.21649156794661584,0.5488781730333968,-0.022995877567501315,0.9994018248149334,0.2139540775900797,0.5412282886959261,-0.0178193771058605,0.9993250540324627,0.2135077835548493,0.5409414087023057,-0.01784242485605536,0.9993434860592804,0.21295173466205614,0.5406439105669661,-0.017854478210210814,0.9995686837605076,0.21330583450340104,0.541378029755184,-0.0345658807172662,0.9993271089735493,0.2124615552879517,0.5412645283199495,-0.034579218320903354,0.9992557082857412,0.21152285380022884,0.5411109271503634,-0.03461170586801713,0.9994039109775006,0.20657348632812517,0.5436286330223087,0.011065595561549785,0.9988859608059844,0.20587328714983819,0.5444327394167586,-0.06376043210426971,0.9993149042129523,0.21412853967575815,0.5561514212971645,-0.010184437967836864,0.9991546982810617,0.2132543658926375,0.5559334698177523,-0.0318589508533478,0.999526412714096,0.19480620821317052,0.5878715259688245,0.06603806536822097,0.9990954541024715,0.19677029904865095,0.5900238042786012,-0.09870126737015596,0.999910201345172,0.1848464253402893,0.6474463939666752,0.09254754370167148,0.05019646066994898,0.18258307235581547,0.6474426019759411,-0.10868536290668313,0.9803134884153101,0.20834971325738105,0.6629495166596917,0.06901480931611292,0.1508153591837203,0.21176473086788558,0.664624725069319,-0.09034760757571181,0.9473330094700775,0.21496747221265539,0.6664276520411179,0.06917207759051101,0.1906852707976388,0.21983535658745557,0.6717767772220435,-0.1034333649135772,0.9295359367416025,0.21987130954152076,0.6599020163218186,0.05548237477030077,0.19944984075568986,0.22321044263385603,0.661860185010093,-0.09779173951773423,0.9187438147408629,0.21774456756455574,0.6586527455420725,0.061534920086463336,0.19785289821170637,0.221261467252459,0.6598606762431922,-0.08750210560503466,0.8713902178264805,0.17494482511565812,0.6872361160459978,0.05242546594568665,0.9965496403830398,0.17685452671278104,0.6908043622970585,-0.05236379234563741,0.997459394591196,0.1872608555214747,0.7694411476453151,0.06524927098126643,0.2012281063057129,0.18983715346881336,0.7746734420458481,-0.03794201019973985,0.9712352270171764,0.17807262993994227,0.8518682406062178,0.09461962857416703,0.49103392873491597,0.17822586567628965,0.8645458164669225,-0.00951570587321407,0.9773858870778771,0.17288595792793104,0.868491621244522,0.09543983106102269,0.5715834044274835,0.17306044981593188,0.8791378537813829,-0.008666164973484625,0.9595486720403043,0.19800289684817918,0.865476154145741,0.07491811861594523,0.6800329486529038,0.20097938676675176,0.8789166836511527,-0.040732960970628854,0.9678601140067697
52,866.7,0.21642269052210322,0.5483554771968301,-0.023085573422057304,0.9993935369309932,0.21384992627870486,0.5408034977458775,-0.017914906676326493,0.9993171833810359,0.21339769235679096,0.5405160756338214,-0.017937223560043757,0.9993374461219431,0.21283687580199484,0.5402162784621833,-0.017949164534608535,0.9995636712937136,0.21321271147046786,0.5409661928812667,-0.03465892995397252,0.9993153441519971,0.21237303103719452,0.5408559782164442,-0.034672612235659664,0.9992470684505652,0.2114387225537075,0.540696706090655,-0.03470479696989062,0.9993972153890708,0.206470243278004,0.5432522211756029,0.011073782241770207,0.9988740654218772,0.20579026355629892,0.5440487918399632,-0.06371402101857326,0.9993155116126659,0.21404435024375024,0.5557249472254803,-0.010242227331868248,0.999140537920453,0.21320197199072172,0.5555090052740919,-0.03191366880422549,0.9995195723715289,0.19480853563263317,0.5874798383031576,0.06634707323142465,0.9990897263799401,0.19683208139169797,0.5895908503305349,-0.0986695357021832,0.9999104908534466,0.1849999505849113,0.6471486801192878,0.09375023096799859,0.04908235566247081,0.18262384689989558,0.6472836136817937,-0.10774638610226775,0.9801209937958497,0.20861603887308228,0.6607045105525431,0.07184582061710817,0.14906406828335364,0.21199578472546185,0.6621487850234626,-0.08855281805708301,0.9478457087562204,0.21542737384637212,0.6645392491703948,0.07213630562736881,0.18973228974001763,0.22018367690699456,0.6690870466686435,-0.10145683160849987,0.9303265582947511,0.22003532378446505,0.6580361468451368,0.05832297940339365,0.19842259940646956,0.22331081827481603,0.6591609006836305,-0.09600745567253664,0.9196058568500345,0.21777954626651053,0.6565945971579783,0.06434877926395058,0.19686411108289462,0.22140253796463935,0.6571521106220433,-0.08575752448467988,0.8727174287750614,0.17493383941196272,0.686783299559639,0.05256442459566256,0.9964652969723663,0.17683136463165294,0.6905442164057782,-0.05249836969943278,0.9973814232008804,0.18727133742400592,0.7691178179922564,0.06478730039227582,0.2000093417508263,0.189863790358816,0.7743252515792852,-0.03994195340644748,0.970851625714984,0.17805097145693655,0.8517532632464461,0.09365941158362803,0.4889191204593299,0.17820203162374965,0.8642003621373864,-0.013834695908285333,0.9767189167794734,0.17282461978140345,0.8682385200545908,0.09443300749574396,0.5718471578189309,0.17303796396369037,0.8787651970272978,-0.013214105939758686,0.9588575334776022,0.19797306330431091,0.865346531073253,0.07383646922452114,0.6776516409147358,0.2009018893752781,0.8787858117194409,-0.04561125327433862,0.9670146419888458
53,883.3,0.2163242229393552,0.547723369938987,-0.02391632557624864,0.9993873862993157,0.21372650705632726,0.5403271402631491,-0.01875304820991699,0.999315369696845,0.21327574054400142,0.5400555218969076,-0.018775319325782018,0.9993371509370357,0.21271584289414558,0.5397666919799082,-0.018788729838672153,0.9995629049482807,0.21308432093688434,0.5404784367198039,-0.03547727032786326,0.9993080553554361,0.21224687638736922,0.54037295352845,-0.03549152098241309,0.999241769313813,0.21132208619798948,0.5402261813481652,-0.0355232106078239,0.9993931055068977,0.20637941076642008,0.5428892232122879,0.010260198664452356,0.9988742186909638,0.20569092673914788,0.5437063319342481,-0.0643801203086263,0.9993185798327135,0.21397169289134813,0.5551704594067168,-0.011062034560988355,0.999131245272501,0.2131410872652419,0.5549395141147436,-0.03270019431199349,0.9995140745526275,0.19475828891708752,0.5869862976528353,0.0657412239483425,0.9990862437656955,0.19690537097908217,0.5894903143246973,-0.09895050951412754,0.9999101247106287,0.18500958170209625,0.6470830979801365,0.09479466222581416,0.047969448424520986,0.1827357922281539,0.6473972428412669,-0.10579068426574988,0.9795198298635943,0.20879992133095165,0.6586235591343476,0.07586973728168583,0.14687525090717146,0.2123253402255832,0.6601287609054933,-0.08352649637631013,0.9476193728901099,0.2157463942255294,0.6614123015176687,0.07628613355613895,0.18814585535299222,0.2206445386012397,0.6662474501700633,-0.0958941518550828,0.9304297594797051,0.22001074822176087,0.6549205325898675,0.06253847728172943,0.19677056301207785,0.22344244945616967,0.6565730117616204,-0.09081206612643748,0.9197512467702236,0.21772042129720975,0.6539116217976529,0.0684542460810571,0.19533025650751035,0.221562716932524,0.6547807227997557,-0.08081138098523737,0.8732731313932516,0.1749273403769449,0.6863394720213758,0.05269109209378564,0.9963835477828986,0.17684803761187068,0.6903371640614107,-0.052620570042303666,0.9973049703098485,0.18728473002002366,0.768717005139306,0.06530141369217923,0.19861955656891792,0.18991741538047804,0.7740719119707749,-0.0406594773133596,0.970083863962265,0.1780320838803338,0.8514973209017804,0.09494375614892875,0.485340610856102,0.17816685069175006,0.8638830553917665,-0.014491681586064054,0.9756640394528714,0.1727826630785353,0.8679201035272514,0.09587773538771138,0.5703281816982091,0.17299299367836557,0.8784824382691163,-0.013746695548650774,0.957702108791897,0.19801678118251634,0.8652243756112605,0.07566611326876146,0.6735827525456751,0.20086911604517999,0.8786817363330303,-0.04583207801693965,0.9657253225644437
54,900.0,0.21621353498526996,0.5471995813505994,-0.02279796007843246,0.9993836681048083,0.2135989311195557,0.5399030532155722,-0.017714916107555243,0.9993199166797464,0.21314873085135522,0.5396504118329006,-0.017737444844983886,0.9993423393794476,0.21258838758582174,0.5393744650341219,-0.017751904071441733,0.9995660611561374,0.21295534145264414,0.5400189672197618,-0.034428976564889885,0.99930702220826,0.21212263760112599,0.539906223615011,-0.03444464708722776,0.9992418317567742,0.21121166504564753,0.53975921869278,-0.03447678410226393,0.9993940818877455,0.20628090699513768,0.5425323843955997,0.010934129667778817,0.9988831707409457,0.20560759305953993,0.54332785379319,-0.06356659176803775,0.9993271061352329,0.21387988967554922,0.5547168623833434,-0.010070765047289792,0.9991290455772771,0.21306635865143383,0.5544220067205887,-0.03167338287901313,0.9995120707012365,0.1946802316677004,0.586387307870956,0.06632153299592795,0.9990877764565611,0.19696250770773222,0.5895180361611507,-0.09803732129789541,0.9999099941480735,0.18493961081618365,0.6463813980420435,0.09612146942388451,0.046767760245572984,0.1829333603382112,0.647385384355273,-0.10164137468451552,0.9786660728000466,0.20902320245901757,0.655929877644494,0.07883906116088238,0.1443318703344891,0.21263829086508085,0.6583977483567742,-0.0741290827947004,0.9468194728805912,0.21597366957437442,0.6572241385777796,0.07915535427275164,0.18610688547293358,0.22108503821350295,0.6635437040101919,-0.08552245795726782,0.9299737356957941,0.21985351116884336,0.6512954121544252,0.06563503561275351,0.1946756108885721,0.22352740949108504,0.6540137444223681,-0.08088697883344838,0.9193094741730469,0.2175947072960083,0.6506290407407855,0.0715301366789001,0.1934088468551637,0.22164656789529907,0.6524068457739698,-0.07142999732778191,0.8732180141267328,0.17492523292700463,0.6859556578454522,0.0527753139890376,0.9963288732937411,0.17692705563136524,0.6901865062259498,-0.05270066325153627,0.9972625062579208,0.18728044203349536,0.7684108132407785,0.06693783774971968,0.19758136286622016,0.18994678485961203,0.7739189749672305,-0.040011919857490655,0.9693032361212237,0.17801511500562953,0.8512389546348942,0.09884749743200491,0.48187097765150555,0.1781326887153445,0.8636611189161034,-0.013374661184137786,0.9745822662398935,0.17274014864649104,0.8676108803067895,0.10008141362950923,0.5684432245436173,0.17293834331489755,0.8783145404997331,-0.012510670437699281,0.9565356799534395,0.1980445306925548,0.8650578856468207,0.08072739804074884,0.6698474543435238,0.2008589130072368,0.8786480001040874,-0.044117658620788966,0.9645179879097718
55,916.7,0.2161353720085963,0.5467483912195482,-0.020918668380805437,0.999375488076892,0.21351000666618364,0.5394694152332491,-0.015908724096204564,0.9993227578344807,0.2130557951473056,0.539218834468297,-0.01593134530066026,0.9993449449539192,0.21249151584647966,0.5389417296364198,-0.01594664063304664,0.9995678407805314,0.21287036296867204,0.5395699654306688,-0.03264249861240389,0.9993047912915556,0.2120434904382344,0.5394510626792912,-0.03265938668378764,0.9992399471146727,0.21114478153841854,0.5393017331759139,-0.03269282213988761,0.999394567239853,0.2061826075826374,0.5421744641803563,0.012473370259006827,0.9988897187369218,0.20553273317359758,0.5429633259773259,-0.06205418386629654,0.9993352975164148,0.21379154778662196,0.5543370360419868,-0.008289720863103874,0.9991258297647756,0.2130060082390196,0.5540021516027909,-0.029899259230920266,0.9995096070425857,0.1945917074169433,0.5857928111439663,0.06779016270523985,0.9990840440704717,0.19696300086520982,0.5893482934860961,-0.09663307986089167,0.9999096876099003,0.1848244191635224,0.6453220077923372,0.09699162663448432,0.045599938503333534,0.18311852074804774,0.6472269977842062,-0.09893550262564713,0.9777695962360935,0.20940217091923685,0.6536044081052149,0.08049158006906515,0.14148105255195084,0.2128455241521201,0.6569487168675383,-0.06948067212388634,0.9458556828044715,0.216035945074899,0.6536159061250237,0.08083385548421321,0.1835566986174812,0.2214033468848185,0.6612432712600349,-0.08039718085811257,0.9293188708169127,0.21967384928748737,0.6482692417644325,0.06759814102025265,0.19203306308814472,0.22351920746621645,0.6517073852675306,-0.07594066113233572,0.9186503461429057,0.21745328959964585,0.6477009881110424,0.07331947308211105,0.19092476864655827,0.22161906886668448,0.6502612119629274,-0.06677009200765978,0.8728523169245045,0.17492804286025831,0.6856850045067928,0.0528785928729035,0.9962392534528467,0.1769940420275644,0.6900274895486382,-0.05280006659172834,0.9971970546813245,0.18728113387312223,0.7683077000436335,0.06750786943095076,0.19674119920957672,0.18994759661810753,0.7738249642508377,-0.03958817394006823,0.9685607183547255,0.17797508977708376,0.8511710961659755,0.09949526226236713,0.478246629238129,0.17810635126772392,0.8635461245264333,-0.013326221234386886,0.9735227823257453,0.172705813532784,0.8674337835538961,0.10071504470847908,0.5662212882723131,0.1728835183949699,0.8782152107783733,-0.012497632675582463,0.9553854607400447,0.19806674903347393,0.8649901747703559,0.08160030522516802,0.6662001155671624,0.2008570375896637,0.8786590468315858,-0.04394202164950828,0.9634040963082093
56,933.3,0.21607805078937908,0.5464242384547283,-0.018591474386907773,0.9993715853918174,0.2134637371415185,0.5390901196570628,-0.013657668915887685,0.9993308640661702,0.21300438685076595,0.5388349124363494,-0.013680480198845987,0.9993519101824087,0.21243641348112213,0.538549485660735,-0.013696340400548217,0.9995725836072656,0.21283703900518885,0.5391944107555211,-0.030416054473746415,0.9993086514018839,0.2120183748858317,0.5390783605121434,-0.030433441645332765,0.9992446331750786,0.21112549588793816,0.538929275103978,-0.03046771662221071,0.9994008654639842,0.20610606954211297,0.5418579408100677,0.014513885025821991,0.9989050342923126,0.2054796367883684,0.5426614908944997,-0.06009190192534814,0.9993502412523549,0.213710061141423,0.5540971074785509,-0.006044732417822598,0.9991322386832472,0.21295178717090985,0.5537488715989254,-0.02766840851732665,0.9995126752626334,0.19449252386887883,0.5851527395702547,0.06970761361576266,0.9990820913087761,0.19697995483875289,0.5890803110031859,-0.09501768684103382,0.999909821010772,0.18467453264054812,0.6441545741898678,0.09781406926257277,0.04440643656111902,0.18330463979925443,0.6469132701555893,-0.09675434834900364,0.9770344126792189,0.20983084468614505,0.6511914871987847,0.07798611851675176,0.1386282564628693,0.21298730870087956,0.6552323840913323,-0.06530279524269564,0.9450865756897706,0.21613473267782318,0.6503258773258759,0.0776650373424803,0.18111232987472003,0.22161180774370845,0.6588672825268341,-0.07579588570765092,0.9288367203303752,0.21944498448144836,0.6451517031306317,0.06505935142437622,0.18945201521828076,0.22348019196873634,0.6490250882648291,-0.07158204132602333,0.9181859947386248,0.21726325863883625,0.6449012926646647,0.07093532330223498,0.18848101723761798,0.22155835089229417,0.6477460520608089,-0.06259571654456007,0.872742530845461,0.1748978112425124,0.6854820620445983,0.052932290981213284,0.9961580520584477,0.1770592048054651,0.6898539151464195,-0.05285170088921278,0.9971249415760957,0.1872783523230327,0.768227154300327,0.06632607359261744,0.19672373859655304,0.1899721899202893,0.7736849472636275,-0.03918995069605966,0.968075647240594,0.17792515527634406,0.8512672498112639,0.09567888755173917,0.4752908561910905,0.17809258472351813,0.8634347887266256,-0.01320092176042853,0.9725802143414822,0.1726902900707155,0.867403856345586,0.09654911394630167,0.5643226844923841,0.17283803508395254,0.8780570768174677,-0.012402854327644628,0.954309679213025,0.19806494102591576,0.8646048335801995,0.07732704636596505,0.663263511090052,0.20080954120272698,0.8782837192217515,-0.04349399606386824,0.9624569671494627
57,950.0,0.21602655308587226,0.5461924757276266,-0.01727915688284807,0.9993668340501338,0.21342406812168319,0.5387615504718966,-0.012417545941259187,0.9993373609724506,0.21296272888070078,0.5385046402613325,-0.012440489915510028,0.999356525284904,0.21239478389422117,0.5382168378148764,-0.01245655682647513,0.9995759924252836,0.2128104936508907,0.5388716544423788,-0.029198232328607944,0.9993111775034957,0.21200037357353044,0.5387632875215443,-0.029215386669550644,0.9992472671327144,0.2111087058271682,0.5386200235003521,-0.029250586316699093,0.9994060311998647,0.20605811902454935,0.5416053079423455,0.015773110889962753,0.9989169069698886,0.20542000872748253,0.54241061494464,-0.05885337736634986,0.999364390259698,0.21365360418955498,0.5539624350411556,-0.004776935625289171,0.9991414688882381,0.21291288520608645,0.5535983613559181,-0.026364200260667593,0.9995174493108484,0.19448008210886109,0.5846503348577594,0.07093994035607298,0.9990759917667941,0.19699531367846912,0.5887051820755009,-0.09392925706647698,0.9999099402200615,0.1846656267132079,0.6432077941440405,0.09754601936964769,0.043065585018623474,0.18342082415308286,0.6466730009941832,-0.09590118201006034,0.9765063864844193,0.2101799207074303,0.6490118815785367,0.07122829183936125,0.1354669453132721,0.21299080195881087,0.6533959479559039,-0.06386211088725503,0.9446146232741226,0.21613149770668588,0.6474719104312721,0.06980755836481145,0.17858207225799572,0.22168958116145376,0.6564262367430191,-0.0742851119665873,0.9286386257126225,0.21922378100100035,0.6426414847373967,0.057960656604596594,0.186768888008027,0.22337931110745401,0.6465186221258985,-0.07019691488572535,0.9180379935673312,0.2169844976493292,0.6425411190305441,0.06426971955668363,0.18588964995883772,0.22145635102476408,0.6453994001661033,-0.061164160924298466,0.8729547915004554,0.17492092507226137,0.6853488939149044,0.05296637756483899,0.9960909627732784,0.17713979028520144,0.6897420201982776,-0.05288374601375492,0.997045454524813,0.1873117280857905,0.76801537899744,0.06541114939110625,0.19704251062302375,0.19000563664095754,0.7734967839150206,-0.03809447746191709,0.9679652764683684,0.1778685202201209,0.8512662904603148,0.09305882382960554,0.4731261233488722,0.17808603885627938,0.8632917205492662,-0.011515382455573204,0.9718847246397117,0.172657894236701,0.867234457106818,0.09373074131352568,0.5632194337390721,0.17281114274547227,0.8776862053644097,-0.01056742929809151,0.9534623821576443,0.19804390342462647,0.864130303973244,0.07438793459108903,0.6612076163291936,0.2007939063367391,0.8777131126040509,-0.04126056957812539,0.9617985174769453
58,966.7,0.21599046460219806,0.5460122880481542,-0.017597472383862462,0.9993739582243426,0.21340046468235213,0.5385018360047118,-0.012755897916143857,0.9993523557980862,0.21294329279945023,0.5382515873227804,-0.012778240167314108,0.9993687272071846,0.21238335541316455,0.5379749621663779,-0.012793943729429026,0.9995840759504417,0.21278104540847612,0.5386178976013551,-0.029489812662913707,0.9993235610780269,0.21196863551934575,0.538518987950825,-0.029505774644868737,0.9992602268854784,0.2110672188656672,0.5383852549961639,-0.029539319819637727,0.9994186900910884,0.20605017457689573,0.541439465114049,0.015250566637232201,0.9989392729032615,0.20534272846721482,0.5422235386712214,-0.05934407171748938,0.9993847409884142,0.2136184757664092,0.5539000970976697,-0.00502792458670835,0.9991628385725483,0.21287357026622425,0.5535221270152505,-0.02667231857776644,0.9995294667425617,0.1945969639789492,0.5843163643564501,0.07045125322682522,0.9990739141191763,0.19696999589602165,0.5882697814986824,-0.09406911830107378,0.9999103432609929,0.18493174867970616,0.6426294644673669,0.09474994916291471,0.04196227111277129,0.18353714687483663,0.6464251535279415,-0.09718257614544468,0.9763417556172332,0.21090123057365434,0.6473078614189516,0.06125428971080558,0.13457710970015763,0.21310139411971696,0.6515635195232578,-0.06679575003328782,0.9450784581048155,0.21674566893350525,0.6461069016229544,0.058681998047090754,0.17921149092061192,0.22190966563565406,0.6540155950046725,-0.07743876817680546,0.9293968904586072,0.21939639676184897,0.6411014539854871,0.04745561762579853,0.18735969066619884,0.22333308060963963,0.6442444438026069,-0.07365321509894876,0.918975682485672,0.21706837912400578,0.6412460917518257,0.05433059874035067,0.18641432552110593,0.22140301338263937,0.6431937075796585,-0.06423325907616392,0.8745492668378927,0.17501580218474083,0.6852136935506553,0.05295147374272351,0.9960283268065687,0.17716398054645188,0.6895908174060645,-0.052867973666815574,0.9969449241956082,0.18738235036532097,0.7677592351323088,0.06369528777542573,0.19863493527684906,0.1900374413955781,0.7731298094704043,-0.038430894237189095,0.968014626275926,0.17781448648089465,0.8513031828971143,0.08892598003149038,0.472562446480706,0.17808878918488835,0.8630711862019136,-0.012642964321587777,0.9711958226703469,0.17262130195186265,0.8670116748128625,0.08931411625373938,0.5630539315087458,0.1727866963261651,0.8771395484606432,-0.011750974248917339,0.9524765951292862,0.197994738107636,0.8637124470302043,0.06946141095388508,0.6597539243243995,0.20066259375640338,0.8771354669616342,-0.042558598908640125,0.9610271170025787
59,983.3,0.21590997491564085,0.5458290122804191,-0.021960449538060613,0.9993945218267901,0.2133568624655407,0.5383271433058243,-0.016919329185925792,0.9993789309547068,0.2129155794779461,0.5380961753073197,-0.01693925780377219,0.9993923817362111,0.2123741833936602,0.5378397078741168,-0.016955750373502585,0.9995996696608414,0.21270654811745615,0.5384172428221934,-0.03346902646479155,0.9993483906700504,0.21188626331942437,0.5383172091983617,-0.03348415850528651,0.9992860300200332,0.21097422497613105,0.538187872795832,-0.03351242946726938,0.9994403776668375,0.206072957742782,0.5413128336270654,0.012009494450120707,0.9989797160738997,0.2052214841047924,0.5420576816513429,-0.062093915506487844,0.9994124429566527,0.2135808354332335,0.5537615957714266,-0.008858077466443542,0.9991971623329897,0.21280157707986394,0.553343806947981,-0.030416341143704617,0.9995482847804122,0.19473867047400717,0.5841983443214784,0.06763149443126865,0.9990826050440477,0.1969302928163893,0.5880226776713421,-0.09603077350627814,0.9999110244569331,0.18534696598847722,0.6427035757473541,0.08982416490713763,0.041461624559902044,0.1837035907166346,0.646462806633541,-0.09950624583732522,0.9762537280718492,0.21182691128481018,0.646182102816446,0.05073155853010363,0.13772623382863555,0.21336517163685403,0.6502678564616617,-0.06891633357320517,0.9457224124953868,0.21786403301216323,0.6444533495675955,0.0471414077494826,0.18445135582061054,0.22224007404985896,0.6520756000564216,-0.07952824022088738,0.9303673761231565,0.21978482036363528,0.6394855749039428,0.03659333457194626,0.19268470860662928,0.22332411649681289,0.6425125542141148,-0.07650001808291396,0.9202013696943018,0.2174734444845292,0.6400164167086289,0.04390938766300681,0.19141771112169553,0.22136651263350549,0.641567741121565,-0.0666210929907504,0.8765596633865727,0.17513700255325876,0.6851222685405192,0.05292310086744176,0.9960197494143539,0.1771843901702337,0.6894898329462329,-0.05283973525677413,0.9968747808819732,0.18752038762682974,0.7674020159812206,0.06304146739698596,0.20173890817733053,0.19010621805985783,0.7726901400656931,-0.03921579658275562,0.9681399436224082,0.1777899598791487,0.8512955080895204,0.08787536869446443,0.47288119367190806,0.17807472390787954,0.8628089711779646,-0.013072152888136259,0.9704375380561472,0.17260235902808974,0.8667746612003877,0.08827322969834017,0.5625911468551277,0.1727354718106135,0.8765900844619394,-0.012088212894187095,0.9511303163710102,0.19800604099319108,0.8634931189673294,0.06821871690806894,0.6585911285309569,0.2004941304524741,0.8766336753254851,-0.04300842203554656,0.9601172152019688
60,1000.0,0.21571204988729403,0.5457849559329808,-0.022217948034050937,0.9994295920644495,0.21320771106651865,0.5383174816767379,-0.017048810653033722,0.9994186531929751,0.2127831862086343,0.5381043638501852,-0.01706672273576261,0.9994296119326643,0.2122582906768437,0.5378648894173763,-0.01708284117991017,0.9996239344278978,0.21252398263840463,0.5383652618953163,-0.03342603058332491,0.9993877808252978,0.21169421431564162,0.5382479542777655,-0.03344087089811055,0.9993279065404626,0.21077634890874242,0.5381034357207166,-0.033463592508009524,0.9994737903277087,0.206002060146559,0.5412526726722722,0.012305687226000294,0.999039842968896,0.20501140895343978,0.5419247632934938,-0.06117140005032226,0.9994505757377268,0.2134468725749426,0.5537130435307824,-0.00890421093208716,0.9992469009898964,0.21262412057036462,0.5532344153949196,-0.030311232610117846,0.9995758590244119,0.194882135306086,0.5843197107315068,0.06782617810226627,0.9991101083301369,0.1968411001421158,0.5879862592333843,-0.09518742809693026,0.999913516498748,0.1860368627877464,0.6427278461910434,0.08503914411578865,0.041687659387077636,0.18395049728098384,0.6465123749914627,-0.09623370887268165,0.9764439775830231,0.21294147060031,0.6454882224400843,0.041797161634479274,0.14445832513627563,0.21368295805794868,0.6494684531575162,-0.061087360339505375,0.9468203300521494,0.21930715512661722,0.6436073552994506,0.0373395108396099,0.19367056375458142,0.22257808418501007,0.6508242544673744,-0.07060261691610023,0.9317916546549123,0.22031029916944972,0.638468103749412,0.027493354021793343,0.2020770588091443,0.2233231628224965,0.6414728193056021,-0.06850734033754899,0.9219524576550444,0.2181396718536106,0.6393154746010195,0.03509803950077014,0.2003329687175298,0.2213280406736194,0.6405542861847655,-0.058947632532744224,0.8793723185857143,0.1752424225920724,0.6849066671871009,0.052911476187762804,0.9960988362630215,0.17718484217212327,0.6893060661497574,-0.05282819466221904,0.9969034734226415,0.18779739808468607,0.7669400061879845,0.06392019454921999,0.20700600246588402,0.19024726606550685,0.7722474450156809,-0.04245465177865258,0.9687837277139943,0.17779998410315753,0.8509971045312433,0.09048103186346243,0.4766516969317485,0.1780218758753369,0.8625836599440808,-0.020854316696169845,0.9702631263505852,0.1725964766173137,0.8663983855928701,0.09111689208518897,0.5641039382843749,0.17261173327763887,0.8762345626240691,-0.02036294332217604,0.9504157503445949,0.19801702527772827,0.8632901537986035,0.07159724334875747,0.6601193007968726,0.20034561128843414,0.8764465139025741,-0.051836442734514,0.9598998143559417
61,1016.7,0.2154608106329329,0.5457642277081811,-0.02077915501736461,0.9994710797355296,0.21301511284850908,0.5383015700748992,-0.015532322981882674,0.9994632346289506,0.21260325965427235,0.5380943247250152,-0.015549127278583402,0.9994723314330698,0.21208829752036518,0.5378608249482658,-0.015564836694725932,0.9996518464315512,0.2123031027260282,0.538321795917693,-0.03182054985137215,0.999433582737333,0.211462607695943,0.5381863060451693,-0.031835037061855934,0.9993775770777755,0.21053878111498714,0.5380247348830818,-0.03185457230678629,0.9995127916336066,0.20585225735391904,0.5411961390858608,0.014067052287005253,0.9991088935307102,0.20475030442078923,0.5417959803626655,-0.059016444498584425,0.9994926736468368,0.21323653275058396,0.5536952699933737,-0.00742583410880928,0.9993024610337764,0.21237814284506312,0.55318353005818,-0.028718325353804107,0.9996072905404234,0.19494511754739868,0.5844583341053557,0.06941134092353643,0.9991463564691097,0.19670265842051748,0.5879239156132657,-0.09340350471791774,0.9999171864418763,0.18662626473676605,0.6428190384592334,0.08174144654046928,0.042550638495456636,0.18415758723304398,0.6466093602634617,-0.09292970349391308,0.976923570746468,0.21401516241686702,0.6449288640703479,0.03869363133396424,0.15362810308025007,0.21400719952015668,0.6492631719225934,-0.056464683619283536,0.9485569596290595,0.22062739304133838,0.6430549933796841,0.03423495218157771,0.2055083775804158,0.22291259751433434,0.6505614973249894,-0.06531374369348802,0.9338911658241642,0.22104980122475415,0.6379727238700508,0.024687782550851523,0.21410862249987483,0.2233638444117139,0.6413531842685886,-0.06376685911700844,0.924452878180005,0.21889936285359535,0.6388570382481534,0.03210839460648244,0.21176032934870054,0.22132980113937756,0.6404307853607909,-0.054436404435407586,0.8832022121974407,0.17527211776801532,0.6846293579964415,0.052940223898206476,0.9962041775385546,0.17714790432226102,0.6890787709326975,-0.05285761594062764,0.9969772384280258,0.18824579460280297,0.7664261517070594,0.06438891376767844,0.2138471567914601,0.19053004256316608,0.7717343370119736,-0.04672789076964064,0.9697327812512723,0.17778475795473384,0.8507065971692409,0.09181725907893415,0.4825876085531147,0.17793437980470217,0.8623503361429493,-0.030166979834792183,0.9705737857591545,0.1725627063285738,0.8660459461666296,0.09258169645354868,0.5669994155565902,0.17242967940512172,0.8760455279123222,-0.03026290641476713,0.9503423628352945,0.1980478309449697,0.8633053983960839,0.07350212548460285,0.6633199623652872,0.20023700807775785,0.8767175901503796,-0.06250159903651197,0.9602451977275673
62,1033.3,0.21521064213344043,0.5458800594011946,-0.019157411663659994,0.9995172279221678,0.21281400819619511,0.5383782273247132,-0.013980708927625712,0.9995117159116843,0.21240582210677028,0.53816869145348,-0.013998139427886132,0.999519640491123,0.21189562621570784,0.5379334801719307,-0.014013574236915235,0.999682667709533,0.21209383578527558,0.5383810940242953,-0.030188921040722325,0.9994840480032428,0.21125036194210978,0.5382289517493479,-0.03020290755445051,0.9994328845114941,0.21032301939669124,0.5380541767392844,-0.03022181970022976,0.9995556927862629,0.20565816901979006,0.5412207643191023,0.015503363417727619,0.9991856898580287,0.20449766232853858,0.5417691469192509,-0.057050207541102495,0.9995377659797675,0.21298447109404078,0.5537976991562621,-0.0059827055776536155,0.9993628859519965,0.2121140233107977,0.5532656226839342,-0.02707872681674505,0.999641506444841,0.1949353714783988,0.5844621175811409,0.07059083062978022,0.9991913920357121,0.19644376777467287,0.5879432871228176,-0.09143202042295825,0.999921722071512,0.18730863361131592,0.6429320091292976,0.08063247303167985,0.04400849555219926,0.18440233100028278,0.6467272327059796,-0.0900010438192459,0.9775043640817922,0.21500776708126082,0.6446203731355218,0.038255615425961384,0.16351008840969644,0.2142369945844016,0.648950250375839,-0.05210993687311812,0.9505879084269213,0.22179090692883463,0.642938545772008,0.03371467813849451,0.2178553271861305,0.2231358985106152,0.6498617898850219,-0.060677370677391734,0.9363497353735432,0.22205164673782546,0.6380196809768681,0.024214483620155443,0.22670492458911184,0.22340090005170748,0.6408882112730121,-0.05901211961394268,0.9273448614847098,0.21976784439313996,0.6391083853585384,0.03168168451104847,0.22392292959349513,0.22134457457633264,0.6401050800368904,-0.04996663136851223,0.8876042138962525,0.1752219576211204,0.6843415243285048,0.05286563524887679,0.9963589679627198,0.17709746743951538,0.6888773271015718,-0.05278434196398375,0.9971155183655882,0.18883685554776888,0.7657255587123695,0.06545098409766248,0.22273855478990662,0.19097060674712785,0.7711449038414733,-0.04982931681332138,0.9709886993680689,0.1777708431084952,0.8501329138165434,0.09425171819471184,0.49107495659873635,0.17784859027181366,0.8620120173408878,-0.0368560561466785,0.9713517200379151,0.17249439656734478,0.8656007392065872,0.09518251000415717,0.5717428269840427,0.17226386070251476,0.8758726091611959,-0.03736735782807784,0.9509518203281228,0.19796924505914976,0.8628059228261318,0.07681062675657732,0.668534602437701,0.2001706929433915,0.8765899538993842,-0.06987951092776803,0.9611753878139321
63,1050.0,0.2149085232189725,0.5459978381792708,-0.01754618711060003,0.99955568710963,0.21254749099413567,0.5384544276055839,-0.012504125784506055,0.9995520427113495,0.2121380439826422,0.5382433334986373,-0.012522698108417302,0.9995590107781555,0.21162936730044246,0.5380072309857327,-0.012537107398245671,0.9997083828562789,0.21183145471981607,0.5384494946116497,-0.028815558180212995,0.9995258791106095,0.2109941407328562,0.5382913492974785,-0.028829427258599393,0.9994788709140967,0.21007020345756003,0.5381138523419702,-0.028849079672779377,0.9995914697647101,0.20538348527181732,0.5412716099194121,0.0168820634218199,0.999250375089192,0.20422166940711808,0.541791847773961,-0.05579931377654988,0.9995755127498089,0.2126769168036326,0.5539103774797353,-0.00464349730672049,0.9994143446286526,0.21181121681417753,0.5533770521481836,-0.02570089955060257,0.9996705055236823,0.19485354565438784,0.5844478124663948,0.07180723583414446,0.9992323546182549,0.1961169200284142,0.5879504027820772,-0.09009223644222539,0.999925871690115,0.1879780349277316,0.6428758558772864,0.08105655866009855,0.04553745545092086,0.18482462068398808,0.6467918895539788,-0.09025870653845022,0.9780081652459651,0.2155399436042424,0.6443140336445404,0.040307921490498985,0.17170504941826786,0.2143589201427643,0.6483657274927417,-0.05445129654946785,0.952561693532127,0.2223014505136582,0.6424091912451249,0.03604517451354439,0.22831311396190115,0.22324056071894527,0.6485049327214565,-0.06391297600099025,0.9388259223529277,0.22294133262974888,0.6380306056567605,0.026383597048975194,0.2373823672533037,0.2234210982209162,0.6400409823372255,-0.061394507686297145,0.930222289902824,0.2203307293710256,0.6389734603109819,0.033741578903226654,0.23429244472866984,0.2213551153739295,0.6394785614240742,-0.052083866936819934,0.8919139617965341,0.17513192622434537,0.6841185234841851,0.052772970426650315,0.996523490973882,0.1770316830703192,0.6887498838560926,-0.05269263933102293,0.9972599688030432,0.18945336412815833,0.7651359836260483,0.0661760494112969,0.23249973143850072,0.19163723006134956,0.7705422639846807,-0.051634885370731395,0.9722765031315039,0.17775749379680283,0.8495736718177802,0.09528940880582454,0.5012639363606775,0.17777879252320256,0.8616691430409755,-0.03952773536245031,0.9722813169161486,0.1724059865588235,0.8651873242287416,0.09627095716340209,0.5781159259024125,0.17212316110020603,0.8756310741106677,-0.0400846697212685,0.9518980071658187,0.1978350686175484,0.8622199467250284,0.07821521943523776,0.67512211345491,0.20013961479777398,0.8762954189663847,-0.07235609190095044,0.962292821634384
64,1066.7,0.21459773253826886,0.546034171467736,-0.013573575764894496,0.9995912341844475,0.2122446830783573,0.5384870143163776,-0.008682725526991173,0.9995890401658565,0.21183403120154443,0.5382728718575982,-0.008701803991460203,0.9995953696114683,0.21132633657682526,0.5380346888587593,-0.008714875259015362,0.9997321963310248,0.21153713195096896,0.5384902954101567,-0.02507607346134528,0.9995642616635285,0.21070593808378507,0.5383349061012273,-0.025090714916586893,0.9995212895529618,0.20978136857350682,0.5381590610458742,-0.025110669345373218,0.9996243601753605,0.20506505171457942,0.5412974130539672,0.019940251661908073,0.9993110242344092,0.20393411673250667,0.5418231742722652,-0.05320598930120472,0.9996101572400056,0.21235245466232316,0.5539432139623737,-0.0010227652992831464,0.9994618665604372,0.21149182461556948,0.5534282326698308,-0.022180910000488885,0.9996971516382134,0.19476390594527848,0.5844452210835052,0.07405889779329305,0.9992719831920812,0.1957627307801021,0.5879516204198205,-0.08758754673458287,0.99992969490233,0.18862616519133263,0.6431212992895221,0.08173959418421706,0.04694550590855738,0.18542398370447627,0.646857863380796,-0.09002561051221128,0.9784073063305453,0.2158754794370562,0.6440471779732482,0.04029283229084245,0.17918657263120027,0.21457006108193186,0.647346451168969,-0.05710325922284812,0.9544337789217637,0.2225852140358518,0.6416421248799283,0.036077093421703316,0.23842605451742827,0.2234238301004684,0.6462328093392513,-0.06670179909893449,0.9412607834452682,0.2237116822174619,0.6377778507414322,0.026696627427424725,0.24765755661896313,0.22349513996215112,0.6384994813374115,-0.06348060142426268,0.9330080378623242,0.22069322282359727,0.6385436966305691,0.033860404310481915,0.2441872975655966,0.22139852174690808,0.6382460509027759,-0.054507813105980595,0.896089224588304,0.17505257470267171,0.6840022064390641,0.05270766484595484,0.9966914994376053,0.17696663666339163,0.6886605790683207,-0.052626811322711804,0.9974015213194355,0.18994551116511948,0.7648289515858611,0.06616925359481862,0.24205299786158987,0.19241291781266545,0.7700297577040542,-0.0538271067752725,0.9735975464185087,0.1776914979730335,0.8492410665466679,0.09391068418820706,0.51291055622555,0.17773438351494938,0.8613117166927888,-0.04350799623699419,0.9733520802997414,0.17226210804212674,0.8648963229996823,0.09474067851191481,0.585843091919309,0.17200802479471491,0.8752562545594721,-0.044166455666224194,0.9531637799172181,0.19764599913642533,0.8618181773594453,0.0766217932105065,0.6826446027982808,0.2000642291137152,0.8759423125357861,-0.07578116974660334,0.9635409400576643
65,1083.3,0.21428506502083386,0.5459791734105068,-0.013604474120906433,0.9996256998607098,0.21195607171172204,0.5384915556226462,-0.008694862231745258,0.9996245049294978,0.21155844770726717,0.5382791530518308,-0.008713012156520223,0.9996302780650919,0.21106510715825233,0.5380422785168606,-0.008725831479144599,0.9997550845146186,0.2112283004181727,0.5384960316476372,-0.025061045817676063,0.9996013584591101,0.21039513604981575,0.5383436651456928,-0.025076962386568404,0.9995623032252001,0.20946548879146593,0.5381707719394142,-0.025096499671538687,0.9996561777024049,0.20481657414209292,0.5413062231881282,0.020391227233977557,0.9993699561981935,0.20363608002662673,0.5418332985469277,-0.05213594560821855,0.9996434961046499,0.21207730684961607,0.5539026686123443,-0.0009087365109562172,0.9995072200184784,0.2111889038767135,0.5534014361245295,-0.022013987281492793,0.9997225148337234,0.19469697631540767,0.584411706243243,0.07483992973963424,0.9993115691911614,0.19550799046243955,0.5879902215231037,-0.08632933277459379,0.9999332569894344,0.18912928941703994,0.643748834019616,0.08239312718311953,0.04861057053009673,0.18623672709578573,0.6470015701793495,-0.09327546081372677,0.9787543529555919,0.21605700396356142,0.6436046645754865,0.040658108402221005,0.18950307369232192,0.21488147406351016,0.6462325794356214,-0.0648739471854199,0.956437840348199,0.22275326649347957,0.6403370755059383,0.03684077763353433,0.2513592676037836,0.2236810255618324,0.6440359723000304,-0.0753961395294894,0.9438646180289139,0.22434358866441836,0.6370970947401868,0.027914471303423265,0.2606541947239923,0.2236275616146271,0.636830003488632,-0.07172566022546523,0.9359690461839956,0.2211132766235444,0.6375902124813628,0.034504874010703415,0.2564090483245397,0.22147663576262352,0.6367978340103517,-0.06224370597019087,0.9005166405723215,0.17497769707725175,0.6839979603177031,0.05260466393970312,0.9968573422659018,0.1769173649095355,0.6886401715732762,-0.05252404723848619,0.997531453768413,0.19039352805841553,0.7647512356440231,0.06391877113353643,0.2505783757993155,0.19321656014238098,0.7697533879961291,-0.05507000535726551,0.9746270860944483,0.1775771478811901,0.8491799263727104,0.08889248434986394,0.5223663293180015,0.17768306320621868,0.8610478128705712,-0.04463864082381842,0.9740754280771535,0.1720636437336605,0.8648139068058565,0.0894496774389631,0.5918118414424719,0.17188854586510444,0.8748888117926468,-0.04517916554496405,0.9540784642809921,0.1974630916402455,0.8616916338602708,0.07103474207577257,0.6882412802605407,0.19992719235874373,0.8756439912886853,-0.0759369422282492,0.9643432810193023
66,1100.0,0.21392764009180537,0.5459030412492302,-0.0094724034535743,0.99965939067659,0.21163995351110204,0.5385068115733923,-0.0045260416781751555,0.9996589989889243,0.2112657867726827,0.5383030062630066,-0.0045434487623251295,0.999664329347157,0.21079351504643773,0.5380722937129796,-0.004555460955348933,0.9997775327591676,0.21086898517040994,0.5385040584064669,-0.02081895122925442,0.9996374618439454,0.21002163915407107,0.5383529663085942,-0.020834816398010384,0.9996022042774027,0.20908011425109152,0.538181631338029,-0.020852223393462967,0.9996872260457,0.2045825577917555,0.541322319280534,0.024518306234053218,0.9994278862362823,0.20323531187715999,0.5418475355420798,-0.047238186179172456,0.9996759550912047,0.21182318102745795,0.5538410459245958,0.0030819306238776185,0.9995514211200539,0.21087480017117105,0.5533429270698915,-0.017890363443820265,0.9997470095044098,0.19471000986439854,0.584602100508554,0.07812666609173735,0.9993535422143489,0.19535841899258766,0.5880923498244517,-0.08196052376713077,0.9999367906933747,0.18943928040209285,0.6449345094817029,0.08178801905541198,0.05029258096501944,0.18716428038619826,0.6471924696649829,-0.08929375417175753,0.979107374236698,0.21603733230204825,0.6430667326563886,0.03540184856614189,0.20113802381924234,0.21531747281551378,0.6448890112695245,-0.057511269159260296,0.958053092161815,0.22271745474565613,0.6390528139613929,0.031124606556702603,0.2654241330566862,0.22400721623784037,0.6418736917631971,-0.0666850094373028,0.9458764110292714,0.22445799410343187,0.6357858493214567,0.02369591234517951,0.2745812450136459,0.22382181315195007,0.6351256824675064,-0.06334267658669329,0.9382315533501768,0.22137795672530236,0.6365418519292563,0.029745870569188704,0.2692057873521534,0.22157379630066115,0.6351612465722225,-0.054833466275816915,0.9041166646139969,0.17493912435713282,0.6839883781614763,0.05254562341031578,0.9970384410449443,0.17687913704486133,0.6885756850242619,-0.05246500777346751,0.997664567970095,0.1909773754222054,0.7648086320786255,0.059304477380854786,0.25596098743733925,0.19401756993361896,0.7697213944934669,-0.05706658143372767,0.9754959231331242,0.1774245550235114,0.849231606438047,0.07951478535930322,0.5291791274434048,0.1775816679000856,0.8609124563989191,-0.048952379042194044,0.9745737739971713,0.17180906165213825,0.8648269971211757,0.07961678256591168,0.5959050541832338,0.17167419337091006,0.8746410239310498,-0.04952603507609598,0.9547754696437298,0.1973199808881398,0.8620865997814002,0.06104681676342378,0.6920161474318736,0.19967077175776177,0.8756307817640765,-0.07875098500932973,0.9648735523223884
67,1116.7,0.21362748032524487,0.5458536886033561,-0.0061985387777288795,0.9996913898558851,0.2113846313385738,0.5384993808610102,-0.0011004701400885277,0.9996917134239567,0.21103717031933028,0.5383016183262783,-0.0011163739864492707,0.9996965385618672,0.21058656062398654,0.5380731877826512,-0.0011273190972306553,0.9997988598687315,0.21055408318837499,0.5384884192830044,-0.016993114990847463,0.9996717458679569,0.20967852501642154,0.5383340687978839,-0.01700673465217864,0.9996399056343812,0.20870642860730504,0.5381558225268414,-0.0170193866250061,0.9997167019616997,0.20437801522868032,0.5413886024838406,0.02806542751689754,0.9994828104972847,0.20274876980554501,0.5419135292371118,-0.04238023626662439,0.9997068104289835,0.2116408858980453,0.5537982866877605,0.006308044329108232,0.9995933487301788,0.2106193758192518,0.5532938383874443,-0.014156023927387747,0.9997702212560752,0.1947210856846402,0.5849675309090392,0.08056638425304782,0.999394873778026,0.1953399635496595,0.5881624761081882,-0.0774307474493981,0.9999401058469508,0.18941466155506329,0.6464790134202871,0.07733708761987237,0.05230898055292315,0.18812384633790893,0.6476805068197709,-0.08013438628542996,0.9795028794379468,0.2158625062022892,0.6417505627586733,0.023150611047943453,0.21470857943807345,0.21584843808696397,0.6435302212124784,-0.03847712790593508,0.9591183208283931,0.22244557454472513,0.6368687067713061,0.01773217880344463,0.28079844230697293,0.22437979493822388,0.6399144700595316,-0.04486623954116592,0.9469848190035145,0.22437425241583886,0.6332204341888432,0.012182662973091726,0.2896266139688948,0.22403881237620416,0.6332080137161986,-0.04263937309206954,0.9394793936184481,0.22141944581554068,0.6343105236689254,0.018010074073182697,0.2829328548340573,0.22169401957875223,0.6332912927582155,-0.03585445821019158,0.9065143380846303,0.1748816136802947,0.6839473275911245,0.05242807293931647,0.9972242116928107,0.17688112386635385,0.6884847538811825,-0.05234874412417415,0.9977884037154068,0.19170169319425323,0.7649116516113286,0.053999958471173365,0.25897872022220086,0.19486845036347722,0.7697281950996041,-0.057669468401443436,0.9762409953843987,0.17726371188958498,0.8495054755892079,0.06933561836679782,0.5336717906452364,0.17746893068154665,0.8607330123583482,-0.050416724135478375,0.9748700601714005,0.1715541503259115,0.8649568018459145,0.06898314913823496,0.597961476870946,0.17143667950516667,0.87429451090949,-0.050840237488349316,0.9551477432250983,0.1973304145392919,0.8628527238255461,0.05051975395707861,0.6943481649671287,0.1993997579529173,0.8759128706795836,-0.07804402673528314,0.9651823923701338
68,1133.3,0.2133332022598813,0.5459120188440599,-0.0051400067417749365,0.9997199489956817,0.21112799431596496,0.5385837327866332,-0.00011177183339549659,0.9997208430653534,0.2108009592408227,0.5383884793236146,-0.00012877393635876808,0.9997251885277891,0.2103722677344369,0.5381621888705667,-0.00014069705503061435,0.9998177744093403,0.2102366352365132,0.5385600016230633,-0.01606360131076405,0.9997022804759805,0.20932883095173624,0.5383970623924623,-0.01607570934685924,0.9996734119596943,0.20831665893395757,0.5382103465852288,-0.01608881194676673,0.9997428655624396,0.20416061580181136,0.5415883603550142,0.028573836155590573,0.9995314847855348,0.20216986749853422,0.5421267095066256,-0.04011687423501699,0.9997341774758846,0.2114466861599969,0.5538471653347927,0.007085275193232871,0.9996307265190858,0.21036085983117436,0.5533461712655571,-0.013318909199110107,0.999790807565054,0.19483912558782684,0.5856402686664041,0.0804317909337226,0.9994333982467658,0.19522033206054157,0.5882935807818462,-0.07427788419382919,0.9999426489784611,0.19008294457481034,0.6478270632880079,0.07011040690399356,0.05572483475719183,0.1891468153113412,0.6484166014762156,-0.07207515587409344,0.9800173271270032,0.21618709322952107,0.640008648236593,0.007202678559614085,0.2313949699912754,0.21644470521381937,0.6417273084322617,-0.021713771990367357,0.9599670313653499,0.22311688746724828,0.6345290342966721,0.0002693589610446778,0.2979907052857538,0.22476614940734155,0.6372843753723876,-0.025653480197347363,0.9475989710716981,0.2246089556387494,0.6305178630919688,-0.003610977149080665,0.306403145903633,0.2241838673750561,0.6306080420811976,-0.024421793319994514,0.9401863217353827,0.2216303433690754,0.6316861141295664,0.002453443317097569,0.29829159095173813,0.22177041925135127,0.6310353875160222,-0.01915136157047182,0.9083128543127158,0.17512757082780214,0.6839842626026704,0.05201172243271559,0.9973963981583012,0.1768679554973331,0.6883980660211477,-0.05193818023517022,0.9978958964347846,0.19279381419931152,0.764936750843412,0.048245125228450446,0.2628947198390963,0.19559795941625338,0.7696783202035091,-0.05769132734054615,0.9769461495535721,0.17716187593482802,0.8496331175168361,0.06012483029848058,0.5385527014732365,0.1773693639607658,0.8604575196901962,-0.05173449927852271,0.9751565314474567,0.1713554958502453,0.8650317844890419,0.05943692830346885,0.5998699182555793,0.17120690288997845,0.8737470138640637,-0.052146994819243786,0.9553763185228626,0.19736476384458101,0.8633700098310204,0.04104932521780335,0.6972575698580066,0.1991263798304968,0.8760560949643459,-0.07782953764711113,0.9655565733001352
69,1150.0,0.21294705214954573,0.5459857526279634,-0.005955085047476353,0.999746277218774,0.21078770217441395,0.5386794237863453,-0.0009804691319351114,0.9997474920182008,0.21048035082362962,0.5384894836516612,-0.0009976008075768955,0.9997513861883262,0.2100739450681779,0.5382696390151982,-0.0010096546369216723,0.9998350682712743,0.20983977757749117,0.5386403600374862,-0.017071165499233078,0.9997303485870369,0.20890471410183695,0.5384736884207957,-0.01708149670490198,0.9997041764713477,0.20785970418226168,0.5382845997810368,-0.01709314213976975,0.9997668748810185,0.20385160971255545,0.5418508052825932,0.027508055879956222,0.9995759867486507,0.2015211227394287,0.542397587072282,-0.04002219420813381,0.9997592171033232,0.21115656409944822,0.5538870493570968,0.006132305566487572,0.9996650389262616,0.21002003337655764,0.5534061023167206,-0.014334952591785374,0.999809696560815,0.19498084414572958,0.5864787924857371,0.07919563565935413,0.9994703190667297,0.19493220178853915,0.5884328910282685,-0.07324955683378952,0.9999449082783297,0.19147017598152172,0.6485858219010494,0.06351123785688768,0.060428253596737314,0.19039914863450202,0.6493429995718462,-0.06786633619949936,0.9806978333564039,0.21680545310179408,0.6373773898397177,-0.004773548272039213,0.250636473298073,0.21710319320360838,0.6396511963435587,-0.011860376667408723,0.9609069512003952,0.22434503194831684,0.6313001939228607,-0.012764138380242965,0.31684966030575,0.22514941436903835,0.6344881000972933,-0.01442678729515701,0.9482318986029858,0.2250216099477951,0.626698610328493,-0.015680987033106043,0.32481668960480486,0.22424451226279865,0.6279184789884662,-0.013821373172547856,0.940928098701296,0.2218414623112907,0.6280713336808346,-0.009330917704140861,0.3152682511579425,0.2217895856925421,0.6287042924336029,-0.009353680647022675,0.9101796604338154,0.17560981568836043,0.6841639904748831,0.05152778522599315,0.99757187423252,0.17686072062878394,0.68838115533193,-0.05146189406514171,0.9980046323367535,0.19374685769989392,0.7649294705618002,0.0449657048143092,0.26970796925680995,0.19639550078482867,0.7695939200265072,-0.057850085021484504,0.9778194115275436,0.17713986621016561,0.8496912490753906,0.05566375915493288,0.5464188711983822,0.1773144269273396,0.8601515293121345,-0.05273505672812466,0.9756751429466981,0.1712749820379985,0.8650346199671434,0.05484613705249064,0.6033585610843845,0.1710386396873566,0.873225663389479,-0.05315283331133074,0.955766433761234,0.1974575363454366,0.8636615588551483,0.03653122608860336,0.7026540608633137,0.19892470751489927,0.8761583907263626,-0.07788540316479553,0.9662594823610221
70,1166.7,0.21252601984001357,0.5460528901645119,-0.0058107203249597875,0.9997701446215318,0.2104080028477171,0.5387677493549532,-0.0008820663735518582,0.999771592162905,0.21011766791343706,0.5385836419605078,-0.0008983366473590398,0.9997750861304155,0.20972728871163882,0.5383707653908506,-0.0009092895589197903,0.9998507073947369,0.20942097476550525,0.5387125895136883,-0.016846894818757275,0.9997557657105589,0.20846684844720947,0.5385410955974038,-0.016855253261469673,0.9997320515768876,0.20740372864972992,0.5383487315404987,-0.016863462160385805,0.9997886362529943,0.20349338083040164,0.5420850912729903,0.02736374212517627,0.999616259620304,0.20095558038779682,0.5426295172600524,-0.038991712211143434,0.9997818838982363,0.2108267290251597,0.5539184070768814,0.006147391140638368,0.9996962774367567,0.209642271200816,0.5534567520731976,-0.014094238834721712,0.9998268854050416,0.195160271156402,0.5873848228227528,0.07838682475544163,0.9995048471859531,0.19453249375025444,0.5885827881949293,-0.07154995025623417,0.9999471278417685,0.1932359501009897,0.6491359387125293,0.05831804392593252,0.06687511202125326,0.1918334904171173,0.650264027572814,-0.06324024037236263,0.9815562339056113,0.21752276165144802,0.634664044493721,-0.013931068170460928,0.27228010055564716,0.2178360088950113,0.6370657341820858,-0.0024564576091333527,0.9621399697803322,0.22567413037731548,0.6274319688479111,-0.022773526780795146,0.336955188285737,0.2254528836125421,0.6311238947368808,-0.003322932059832274,0.9491677341007058,0.22538462777932503,0.6224405538468138,-0.024653239574815564,0.34441395600636826,0.224207170662426,0.6246321513539274,-0.003206833116044957,0.9419983767327815,0.22181537818341043,0.6241637269655869,-0.01822863404993856,0.33341581338927884,0.22173406964256664,0.6259754214968005,7.123808332142376e-05,0.9124643490428023,0.17623429922830505,0.6845726342428303,0.05083486029789565,0.9977446652594074,0.17686809031736295,0.688459348110926,-0.05077598226212324,0.9981211991537192,0.1945116356724786,0.7650808237847834,0.04308305272743819,0.2776835021518528,0.197052836418152,0.7695481152761556,-0.05845535777154427,0.9787565498124993,0.17715236402693263,0.8497326033455992,0.05325700697444738,0.5554608418827969,0.17725841275283283,0.8599147427649732,-0.05568133330061326,0.9763147774196814,0.17127920971030292,0.8650987687565037,0.05239377224019599,0.6069905644371401,0.17092125472568342,0.8728133411634542,-0.05629232437128116,0.9562462681815744,0.19756046292327714,0.8637347618738818,0.03424350065844402,0.7095491545540951,0.19885744296369112,0.8761710524559028,-0.08050861422504703,0.9672155749230165
71,1183.3,0.21197800693057844,0.5461608795892628,-0.00677475525576267,0.9997920138495316,0.2099021509999322,0.5389306233042767,-0.0019488149227981936,0.9997935493787137,0.20962621484484006,0.5387657568568278,-0.001963623382401976,0.9997966431436092,0.20925253062021182,0.5385797335988003,-0.001973368868459062,0.9998649330366233,0.2088968171959833,0.5388488854680746,-0.017481672311467796,0.9997790512584512,0.20794095453761888,0.5386796763965065,-0.01748755148478918,0.9997575992629649,0.20687429181167072,0.5384987223716013,-0.017492706310890983,0.9998086208388927,0.2030667868398486,0.5424830601328899,0.026284329327089462,0.9996530498777124,0.20045739128476112,0.5429235952241084,-0.03814413558159559,0.9998026064464032,0.21034930859293272,0.5540641432716737,0.005174209785071161,0.9997248536064518,0.20915650469916222,0.5536035157385331,-0.014491357507982434,0.999842700504122,0.19539487716697526,0.5882359061922351,0.0769627573234695,0.9995357223919467,0.19396830385639569,0.5886986823309039,-0.06997118659672288,0.9999492452258163,0.19573324847789053,0.6491330578213651,0.05694412032053588,0.07691188032428428,0.19361457157702688,0.650941874299731,-0.0646680912801198,0.9825569504783274,0.21883765288761697,0.6305037878808526,-0.0132950201985382,0.2977218911761331,0.2186052948236467,0.6342183550198878,-0.008403903183837737,0.9639854942049306,0.22732833737418784,0.6224091393607007,-0.02189900365746803,0.35944616085007103,0.22591162153652755,0.6275070054190504,-0.010033493196325651,0.9509447756267736,0.22624045326596232,0.6172946577980409,-0.023298578336834925,0.36628148669288296,0.22426524900254763,0.6212940726961413,-0.00967780612630859,0.9440015270596466,0.22236306113856197,0.6194471404665997,-0.01729665015868489,0.3538079361120862,0.2217906394175122,0.6229739444596432,-0.005947778866227188,0.915876936344874,0.17699544557503305,0.6852417304402311,0.04994094549190434,0.9979048201016024,0.17687806416125537,0.6886483714694074,-0.049887749588205736,0.9982340335845954,0.19513001683212478,0.7654599575769339,0.03987933633228146,0.28545030241920855,0.19749269599006303,0.7695642851647883,-0.05817120699655446,0.9794592034249086,0.17712386803967622,0.8498538278398067,0.04855095311289745,0.561278255212875,0.17719566112472912,0.8597783786909927,-0.05608507955358146,0.9766551540011459,0.1712579124030614,0.8652092076483233,0.047607026816833625,0.6083767101878217,0.17083658490862177,0.8726303066526147,-0.056818117343244136,0.956483823912485,0.19753588736057295,0.8639732968239564,0.029668189718254995,0.7149462643123814,0.19881681955996028,0.8761816308611923,-0.08092630015952253,0.9678650101025906
72,1200.0,0.21135812004407262,0.5462822261310762,-0.004556643044842145,0.9998117089271552,0.2093100746472678,0.5391025940577193,0.000224301881947516,0.9998133040609821,0.20904552652722327,0.5389699822380434,0.00021123458654550474,0.9998160373596925,0.20868753677322766,0.5388297098023554,0.00020291763073709308,0.9998777735800978,0.2082998802264533,0.5389897170520969,-0.014603975450708764,0.9998000008719315,0.2073543738751186,0.5388327808607196,-0.014606451327424684,0.9997805725960512,0.20628890253248683,0.5386800595692229,-0.014606743385749212,0.9998266186032985,0.20257259195759197,0.5430261861710326,0.02834281139075758,0.9996863433292942,0.19998523167201465,0.5432576735814416,-0.03440150716120291,0.9998212144488386,0.20980960556439007,0.5543452132315867,0.00734068874624514,0.9997506964774366,0.20863370384488802,0.5538612518991747,-0.011480973656511032,0.9998569914272861,0.19568371488934486,0.5891547628811431,0.07722564609277821,0.9995632228397195,0.19327347761108776,0.5887684623400374,-0.06612306655872441,0.9999509084792372,0.1984048521234877,0.6488146327790765,0.05755742000682017,0.09252613995756429,0.19562176082815458,0.6511986539477399,-0.0642756961640858,0.9835786904607507,0.22055388774190646,0.6256586398397177,-0.010736131685830305,0.3276412174815226,0.21948505370389865,0.6309397334144233,-0.012020425815578736,0.9660041161945896,0.22894726906503965,0.6168261312303094,-0.019156790648897505,0.38492184309732375,0.22658379517850438,0.6235873415356594,-0.013802997291176813,0.9530145951679783,0.22723135990755916,0.6116670512017754,-0.019543074514894274,0.3909530809947425,0.22449284720988516,0.6176477074623112,-0.01297367273807704,0.9462927750178752,0.22324696041288844,0.6145609759149102,-0.014210378618112644,0.37691273149989923,0.22197309562138165,0.6195669968922937,-0.0094849782374998,0.9195662112463094,0.17783590157826754,0.6861190795898442,0.049086562402191655,0.9980493216287529,0.17688257495562248,0.6888680486452017,-0.04903426890571916,0.9983360483532867,0.19578681105659135,0.7660370128495357,0.03650839821923349,0.2888080037775496,0.19785228655451834,0.7696194563593188,-0.057553768157959026,0.9797444428716393,0.1770443015155339,0.850044434978849,0.04289883729957402,0.5606773893038436,0.17708037367888874,0.8596888808977042,-0.05646789889960066,0.9764637436185571,0.17115150533971346,0.8653529598599394,0.0418300916041647,0.6051405100595388,0.1707046230634055,0.8726493687856771,-0.057258330462943985,0.9562593159221475,0.19743688901265474,0.8645953025136681,0.024150292433443542,0.7165439469473709,0.19872235826083606,0.8762921747707192,-0.08084450662136083,0.9679280661401302
73,1216.7,0.21087913073244563,0.5465769540695921,-0.0017878736003435096,0.9998293178422117,0.20886366920811805,0.5393912508374172,0.003057607022215271,0.9998310548918594,0.20860592098463165,0.5392875699769887,0.003046913306510156,0.9998334589458655,0.20825696984926872,0.5391888618469243,0.0030397960210740145,0.9998893482344497,0.20784626759233943,0.5392460425694787,-0.010797509862597861,0.9998188018798835,0.2069116518611001,0.5390961539177671,-0.010796657863206105,0.9998011929648271,0.20584014129071024,0.5389653501056493,-0.010790236111331206,0.9998428168750952,0.2022008612042383,0.5436722863288157,0.03131665910283726,0.9997164436749058,0.19959760137966714,0.5436898526691258,-0.029613998496816292,0.9998379179409579,0.20939644035838914,0.5548565785090133,0.010150921486672907,0.9997740189234423,0.20823701080821824,0.5543553602127805,-0.0075222957114289965,0.9998697354680024,0.19601591711952587,0.5900865055265885,0.0781405057225909,0.9995856994674327,0.19261313974857341,0.5889250778016595,-0.06177569233945442,0.9999519927161088,0.20099055128438148,0.6479127577372965,0.056633514307794154,0.11085886508226403,0.19764712878635965,0.6513672783261258,-0.05832318464914962,0.9844950692994262,0.22222708165645613,0.6210476301965264,-0.012479519737618319,0.35509777778670926,0.22037260589145496,0.6272846431959247,-0.001121809861312311,0.9676448532513218,0.23004390228362326,0.6113223092896602,-0.021071229662214024,0.4069428543249769,0.22727700784092875,0.6190166927519303,-0.0016530599400755924,0.954422851403555,0.2281010675997963,0.6064416056587587,-0.01971699199861006,0.4119993448257449,0.22476888057731464,0.6134782319977174,-0.0011493310975354341,0.9478221393766864,0.22414949820155206,0.6097388891946707,-0.015254709869623196,0.3968595152809509,0.22220272961116988,0.6155860537574409,0.0014460587519265363,0.9223634345190873,0.1785900741815568,0.6871093000684471,0.04831026121973995,0.9981791944730858,0.1768872276658105,0.689104610965366,-0.0482588319906167,0.9984232442719604,0.19642489935670593,0.7670538538978219,0.03324028069064733,0.2862759048030492,0.1981796835150039,0.7696859921727868,-0.05652436738212908,0.9789892321541203,0.1769140589804878,0.8503019667807086,0.036657841521359646,0.5517113918349861,0.1768955006485895,0.8596307010877706,-0.05630872948538694,0.9752706573123031,0.17098353306452446,0.865481234732129,0.0354327482304403,0.5955389142036442,0.17057443587552945,0.8727308625266672,-0.05714729410551847,0.9552158486275453,0.19720750976176504,0.8653302731968113,0.018359434036981506,0.7122033664158418,0.1986406126192639,0.8765427101226086,-0.07985989784910572,0.966965746311915
74,1233.3,0.2104531185967583,0.5469678640365605,0.001421492923760699,0.999844724223728,0.20849651878788372,0.53978306055069,0.0062097246406795335,0.9998467394283848,0.20824817603542706,0.539699875173115,0.006198341437733953,0.9998487943694713,0.20791171774977746,0.5396325701758979,0.006189959259202065,0.9998995832034527,0.2074419409036638,0.5396099686622624,-0.007327742955004358,0.9998353662944982,0.20649518995057986,0.5394606363205687,-0.007326412031293986,0.9998193298067373,0.2053963790337246,0.5393498795373103,-0.0073208120135989626,0.9998571049599427,0.20185343069689632,0.5442918964794707,0.034052200526708674,0.9997431777772456,0.19917759725025735,0.5441789258094065,-0.02533029977764404,0.9998526062284203,0.20902180033070716,0.5554478934832986,0.013156171245056967,0.9997943299157287,0.20785199744360802,0.5549539696602599,-0.004056492210587578,0.9998802769751782,0.19646920831430542,0.5908831840469728,0.07941394263789774,0.9995990622611279,0.19196529686450975,0.5891650148800445,-0.05765186285688767,0.9999514307294579,0.20369149886426485,0.6463610302834288,0.05581009405709453,0.12870824762753086,0.19957744933310023,0.6514135343687879,-0.050890020671344974,0.9852015120642533,0.22364588294710447,0.6169545536949526,-0.014004988507145938,0.3764696021874748,0.2213271246069955,0.6230324393226991,0.01224560615429212,0.9686434552783064,0.23123563897042065,0.6059836319514688,-0.022597566335683793,0.4225521328903383,0.22797278350307845,0.613725548698789,0.013116489330838844,0.9548138436816994,0.22873532488232584,0.6017973252705169,-0.01976136428614459,0.42644108051345486,0.22501037731057136,0.6087919587180732,0.013065134657413841,0.9481908395176849,0.2248738904794059,0.6051501915568401,-0.01616006681606884,0.4106685874008,0.22240212630657938,0.6112876704760964,0.014777966309338817,0.9237691532997865,0.1794236188843138,0.6880545247168773,0.047515377224910865,0.998291180247353,0.1768800509827479,0.68930748246965,-0.04746670187229205,0.9984899588993624,0.1971649797189805,0.7681741657711216,0.030016036260695704,0.2787035277911597,0.19851248675868638,0.7697741190592453,-0.055526459323508436,0.9771302030200057,0.17679020691485645,0.8505679028374813,0.030842145017924785,0.5361352477754869,0.17668941404138305,0.8595708551860997,-0.056212703919126916,0.9727947201047632,0.17080314173584904,0.8655597425642474,0.029468259020220686,0.5808391173680627,0.17040484788871957,0.8726940382094617,-0.05708697491458488,0.9527653398967931,0.1969612815550397,0.8660325635047192,0.012876298455964962,0.7027868089221777,0.198568363984426,0.8768006336121338,-0.07885667397862395,0.9648236859412427
75,1250.0,0.21019783048402713,0.5473143912497025,0.005242416418955799,0.9998579791613995,0.20825779792808366,0.5401263776279634,0.010136551151801895,0.9998604882331129,0.208011818783624,0.5400502795264839,0.010124380504012591,0.9998622196061278,0.20767929795242507,0.53999613296418,0.010115268686647713,0.9999085636365989,0.2071583292313986,0.5399384782427837,-0.003491543255568972,0.9998498275166473,0.20617746455328823,0.5397853198505587,-0.0034909379347005795,0.9998351959955132,0.20504456332751697,0.5396844858214972,-0.0034872954267831102,0.9998696020671307,0.20152701224599578,0.5447009092285523,0.03775715029665405,0.999766701743717,0.1988039477950052,0.5445534899121243,-0.02178294176147099,0.9998654638017934,0.2087839863130026,0.5558910284723558,0.016850157153038763,0.9998116209393464,0.2075893077112381,0.5554377124423077,-0.00041609151577133536,0.9998885307993215,0.19701230384054652,0.5913402580079583,0.08229735280786248,0.9996046622594205,0.19142549662362973,0.5894343228567218,-0.05500594171739764,0.9999495915004193,0.20596522589524602,0.6445974594070802,0.056807291827031585,0.14223132601806104,0.20134683804852638,0.6513991384279165,-0.04320528056649938,0.9856343922160927,0.2245239743164609,0.6138827630451751,-0.01338725226620834,0.3879536134856091,0.22210907439390837,0.6187188398270385,0.02871358356926415,0.9689123715673181,0.2319015562534334,0.601917235624223,-0.021716579174002028,0.4288270572821302,0.22839386761188524,0.6089131775356479,0.031137879427877234,0.9540935442561203,0.22898242729050788,0.5980753302574162,-0.017772230319678797,0.4314782647859486,0.2251264481317431,0.6041705721900581,0.03038821594479186,0.9472828904787707,0.2251914817662468,0.6012330367451626,-0.015109796830940825,0.41578203581628376,0.22250319804464083,0.6070245248930799,0.031240666728644166,0.9235501431283504,0.1801826968079523,0.6888156987371904,0.04706379132611414,0.9983933823449278,0.1768651264054436,0.6894531505448482,-0.04701701214625725,0.9985472162564603,0.19770501979759775,0.7691146050180713,0.0291625379274289,0.2681818710906167,0.19891469038668147,0.7698682064101816,-0.05569631393466681,0.9743795451663796,0.17670129807222468,0.8507465947242017,0.028855363350539003,0.5177502646332699,0.17653295326800586,0.8594388592810864,-0.058007689458983325,0.9693534572919217,0.17066711045446864,0.8654963629586363,0.027414356225303263,0.5641565152576995,0.17027310033639284,0.8725668078377139,-0.05893769239385927,0.9491337708064496,0.1967232227325441,0.8664131136167623,0.011169318065402061,0.6907070193971911,0.1985301588262832,0.8770012287866508,-0.08083743531079525,0.9618962662560606
76,1266.7,0.21016389344419767,0.547584956600553,0.008223376125984255,0.9998692359243126,0.2081962958687829,0.5403649210929875,0.01325689202972822,0.9998724034854352,0.20794798433780687,0.5402790705362959,0.013244289927007196,0.9998738254819606,0.20761123583430352,0.5402138885997594,0.013236061958152632,0.999916315078736,0.2070627794379281,0.5401727301733839,-0.000676796089724771,0.9998623331387845,0.20604201867466898,0.5400025645891829,-0.0006776689745796227,0.9998489958899368,0.20489067974544722,0.5398920206796559,-0.0006760694696346213,0.9998804302442649,0.2013005273682732,0.5447969890776139,0.04068563222175556,0.9997872426396331,0.19861255940936873,0.5447208711079192,-0.02000933477566357,0.999876729079656,0.20875760770979396,0.5561445128350035,0.01972256884688424,0.9998261729876207,0.20752101285117028,0.5557403933434264,0.0021152436411717834,0.999894769418808,0.19761091044970935,0.5914531066304165,0.08504706905001692,0.9996023745763877,0.19117217759291344,0.5896213395254957,-0.054168707735481755,0.9999469461895178,0.20764523602667326,0.6424221935726352,0.058046124698150764,0.15064135619572241,0.20301089826084334,0.6509349402927223,-0.03608920567092444,0.9858974757648657,0.22485702023619714,0.6110444892020457,-0.01264777092174406,0.3885150353113813,0.22284911360059484,0.6138663774444948,0.04633575766569096,0.9686874066080373,0.23188849645001564,0.5978268044335506,-0.020701423376089066,0.42482960507983286,0.2286042975527901,0.6038464847065158,0.05025978605928169,0.9527256204968414,0.22864353869642545,0.5943768506958376,-0.01571039083812919,0.4262669810226989,0.2250674622399468,0.5989431682087131,0.04855711946618702,0.9456487212862295,0.2249118267070681,0.5980391984894167,-0.013983729029340414,0.41132714351018296,0.22246218579156074,0.6023378116743909,0.048774786160460576,0.9223916445459646,0.18070603694234588,0.6892796130407429,0.046818180098420134,0.9984938984825504,0.1768380864745096,0.6895181139310207,-0.04677272357401397,0.998604439553761,0.198199123853729,0.7697503226143978,0.028931320068382102,0.2567477361077356,0.19948258144514916,0.7699466574759717,-0.05571788141415237,0.9714616820925766,0.17667201161384594,0.8508668371609285,0.027483130583450928,0.5009150618598578,0.17642467504455941,0.8591706554094957,-0.06027827394150557,0.9656617499533161,0.17062196135520946,0.8654917137963438,0.02593869911063287,0.549385351794107,0.1701947195189341,0.8722387836093001,-0.061322281757990565,0.9449085451307758,0.19672458299568735,0.8665357175327488,0.009802412419092094,0.6798987927890965,0.19856830154146482,0.8770903547604886,-0.08219016520749961,0.958842078844707
77,1283.3,0.21012334667501012,0.5475659852936158,0.009062145681430904,0.9998787414459962,0.20810788798899893,0.5403890552974886,0.014156038651154165,0.9998825107301992,0.20785876753784377,0.5402925014495854,0.014143343926185664,0.9998835949670708,0.2075205707833882,0.5402162103425893,0.014136597203711678,0.9999228630747121,0.20694971439384294,0.5402292552448459,-0.00016477738418394617,0.99987299385525,0.20590509261403778,0.5400711610203701,-0.0001666414872964934,0.9998608827590949,0.20474294608547589,0.5399746611004788,-0.00016747202192034038,0.9998897087006349,0.2011098059869949,0.5447446193013876,0.04151030984662831,0.9998050161770419,0.19851899501823256,0.5447708765665693,-0.02085756457277708,0.9998864843731842,0.2087267949467615,0.5559759565762116,0.020538815563278554,0.9998385310173041,0.20747342279979175,0.5556663785661975,0.0024471776171897867,0.9998996229398825,0.19832215067886183,0.5914210478464766,0.08635720042955314,0.9995885094006863,0.19106864148662217,0.5895005265871689,-0.05553541332483296,0.999943912029267,0.20884176095326756,0.6407163114774799,0.058374957669348984,0.15698434412479412,0.20481059877645416,0.6488972873914813,-0.03628723092731978,0.9861466685930895,0.22491891114484713,0.6071291083381294,-0.013594285762380996,0.38393017649650607,0.22347592881747672,0.6081135074297591,0.04677111309553899,0.9686527706327899,0.23161125821726677,0.5931838665689746,-0.022023871363628496,0.41655212073099074,0.22877270196165375,0.5977133824711759,0.050140191002615894,0.9519320698011495,0.22839214617297782,0.5899425063814441,-0.01591389293649368,0.41687834546679575,0.2250399461814337,0.5930056089446663,0.047877870278344295,0.9446967499596739,0.2246337355602357,0.5938043622743521,-0.01428890356882698,0.40319133088702275,0.22244197343076993,0.596861561139425,0.04894547856279786,0.9219383852822447,0.18127896956035083,0.6894625226656601,0.04681652039289478,0.9985890019507643,0.17689252325466714,0.6895185708999639,-0.046770458597512506,0.9986595539819634,0.19848725057783595,0.7700860330036714,0.02960085389869556,0.2465143480471204,0.20020770104158508,0.7700256364686153,-0.05527390770259362,0.9693177796545489,0.1766331323555539,0.850987579141345,0.028528202147710912,0.48684403442201196,0.17637938048158386,0.8589272073337016,-0.06129308027170958,0.962537586688996,0.1705717451515653,0.8655419122605104,0.02701738574320364,0.5381860307284767,0.17016196250915538,0.8719131180218294,-0.06251894345595728,0.9410509438741781,0.1967871657439642,0.866772577876137,0.010855515531840786,0.6712389446440201,0.19858629433881683,0.8772581020991013,-0.08096892812422349,0.9561286199660536
78,1300.0,0.2100953530697597,0.5472480825015481,0.008857673366687134,0.9998874437241334,0.2080363226788386,0.5401775893710913,0.013936853124981845,0.9998915081932439,0.20779291221073712,0.5400769767307103,0.013924174055102337,0.9998922887302587,0.2074614727780934,0.5400001520202277,0.013919004460885422,0.9999286702701031,0.20684498477549795,0.5400862211272834,-0.0006886276616049669,0.9998826043946409,0.2057870881898064,0.5399775107701623,-0.0006910922432628776,0.9998716797147486,0.20460758038929544,0.5399214540209093,-0.0006921791660022883,0.9998981157938647,0.20097812726384132,0.5446201222283503,0.041254341247535915,0.9998209873835253,0.1984656148013616,0.5447296755654475,-0.022490491647095923,0.9998953910101034,0.20872883711542417,0.5555100412595844,0.020349180946747477,0.9998498445465458,0.20746676269031722,0.555339628741855,0.0018512168289383977,0.9999044253712616,0.19916480282942467,0.5910828510920212,0.08637938932293944,0.9995687234969373,0.19105087078752986,0.5889789944603334,-0.057111025033962204,0.999941377412706,0.2102514994995936,0.6379049533889412,0.057899487692685395,0.16423387754531144,0.20674584664049617,0.6450994270188473,-0.03891941319618909,0.986454659984226,0.22536790583814909,0.6023007177171258,-0.013867957916642948,0.3784819415637428,0.22406534850597398,0.6020661450567704,0.04100839669505758,0.96897479182198,0.23154905083633623,0.5881570293789822,-0.02236118087811131,0.4079304223968872,0.22886112545217802,0.5913448390506567,0.043361252794663144,0.9520207558359426,0.22819573893433542,0.5848576767104017,-0.016955016358267704,0.40734974117506145,0.22502015531063096,0.5868832809584485,0.04069893399164793,0.9447914106505264,0.22445044560091854,0.5894434026309426,-0.015432054265624011,0.3951674217269537,0.22247321903705614,0.5909738370350432,0.04286209085867522,0.9226774488176626,0.1819855861720586,0.6895232825052175,0.046931820256369494,0.9986788204738078,0.17709700053646465,0.6893787951696492,-0.04688409520756634,0.998719913618906,0.19869968437013186,0.7701473718597781,0.03156154106060666,0.23878600625764773,0.20101781615189157,0.7700309639885317,-0.05448203019443017,0.9684825482822608,0.17664839682124922,0.8510259304727833,0.031961447869737966,0.477864293825059,0.17641999040331172,0.8581856205349883,-0.06120554091674946,0.9605619481631695,0.17057192893255335,0.8655348249844148,0.030588674403372287,0.5318187219755994,0.17013050260997967,0.8712958551588519,-0.06252152880742441,0.9382167685599561,0.19709544309547983,0.8669077044441592,0.01452592494232315,0.666837993122283,0.19868287160283057,0.8771013589132406,-0.07870565780571534,0.9543366063208814
79,1316.7,0.21013456157275623,0.5467028788157876,0.008582309731060556,0.9998954591296975,0.20805019636948918,0.5397608251798724,0.013614392750674779,0.9998995207604915,0.2078125824530921,0.5396593468529841,0.013601877770963179,0.9998999606995362,0.20748615193934683,0.5395920588856655,0.013598048261233748,0.9999338558741985,0.20683399978138167,0.5398101721491136,-0.001162629347250221,0.9998913350559423,0.20576986741452005,0.5397849508694244,-0.0011655694550080677,0.9998815059661872,0.20456827396438249,0.539790252844493,-0.0011657669563733405,0.9999058246612555,0.20102205162956616,0.5442600619225278,0.04079480114437288,0.9998352924982714,0.19848212883585992,0.5445420827184408,-0.023618158928695197,0.9999033581642885,0.20880994413580228,0.5547480498041429,0.020031242675724495,0.999859965982892,0.20754645197164462,0.5547783942449664,0.0013269056667230055,0.9999088134084436,0.2001286156120756,0.5902912559963412,0.08560832767259513,0.99953751053129,0.19112188191640958,0.588041172141121,-0.058004620706751275,0.9999383205459239,0.21208774050076817,0.6338036230632241,0.057102566851036936,0.17486080598263526,0.20884818122500481,0.640253915673211,-0.039947674387977264,0.98672655366716,0.22597392825853274,0.5958567999658135,-0.013336083452616429,0.3721768912814915,0.22442292670408898,0.5961474066688905,0.03825346921526253,0.9694089066414613,0.23150245987233678,0.5815854810533074,-0.021721935653615583,0.39815888234547236,0.22886773376237796,0.5842996296428503,0.039928792133217796,0.952493363902683,0.2280448916412537,0.5784443446568084,-0.01840583368071489,0.39675474450701786,0.22490410506725328,0.580582181612651,0.03649405771422957,0.9453576235544121,0.22435875236988084,0.583353235608056,-0.016312067796077058,0.3863479381515869,0.22251628410248547,0.5846391405378073,0.039659983256743095,0.9239435479754501,0.18287838073003873,0.6892962767964322,0.0469800350921495,0.9987621250606726,0.17755798356873662,0.6887702090399611,-0.046928478493576994,0.9987797453289947,0.19894844435510195,0.7702170241446727,0.03254760047864348,0.23353088469732394,0.20172960914316646,0.7699828261420847,-0.05334878588716193,0.9681895659083418,0.1767210002456394,0.8508562502406899,0.03353035370154043,0.47158110425585825,0.1764792913482304,0.8572098187037882,-0.05920733954934851,0.9593026269049878,0.1706011784928187,0.8652307334400364,0.03227253205009871,0.52785298937843,0.1701094203052068,0.8705772956212369,-0.06052311332452869,0.9360613482339049,0.19742260660444,0.8668686435336165,0.016655050883335736,0.6650483920460661,0.19882213288829453,0.8767281799089347,-0.07562995063407085,0.9531141320864367
80,1333.3,0.2100269198417665,0.5456701999618898,0.00792571709358267,0.9999021064667482,0.20791888449873258,0.5389694429579239,0.01293183770030738,0.9999060857863661,0.20769901573658006,0.5388776149068564,0.012919622739510885,0.9999060290200377,0.20739388253007632,0.5388272858801346,0.012916893432182934,0.9999379685946881,0.20671194720835928,0.5391909167880108,-0.0018726382044232685,0.999898811181387,0.20565711529481995,0.5392591470763801,-0.0018766286001274642,0.9998899982089094,0.20445384794757493,0.539343445073991,-0.0018768103521627699,0.9999125571477987,0.20109107026032053,0.5434241380010336,0.040104597452141025,0.9998472049122773,0.19845716655254378,0.5440019596190684,-0.024466135672160574,0.9999102581115002,0.20881151514393956,0.5535024546441581,0.019379917177416044,0.999868035316468,0.20755937482629516,0.5537173350652063,0.0006344324823917958,0.9999118362154287,0.20091320432367793,0.5886506807236449,0.08450597560121906,0.9994936017763054,0.19118273896830434,0.5866886462484091,-0.05835298218187836,0.9999345484234045,0.2143903261139281,0.628428541478657,0.056450213172606095,0.18675114994957348,0.21108562960511176,0.6347771854627705,-0.04033728050334116,0.9868522627013078,0.22647384731542514,0.5892885185423355,-0.012993482961541139,0.36486675767671517,0.22450975577036555,0.5902522660437088,0.03820470578613738,0.9696038961410529,0.23167767482144508,0.5743141997428172,-0.02152337870072752,0.38741264740626047,0.2286491635299866,0.5769814110937577,0.039534377732447244,0.9528264091128402,0.22789693020638982,0.5716008061454414,-0.01942230273215545,0.3853422076929186,0.2244642064684915,0.5741841225397023,0.035122543573379544,0.9458240667978929,0.22426387170950587,0.5770208040873215,-0.016774441825137265,0.3769260531380066,0.22234786124456513,0.5782988099824818,0.03916704069290845,0.9250881671905524,0.18377863722188145,0.6888337447529752,0.04721984249495328,0.9988392591476448,0.17838225265344,0.6879161255700252,-0.047173805002655333,0.9988387567656387,0.19917416714486635,0.7701306541760768,0.033048151149636246,0.2298133756433216,0.2022901752165387,0.7698989936283662,-0.05201350028316183,0.9681977487745747,0.17681845313026803,0.8504435874166949,0.03506806900813468,0.4667456433886577,0.17656798235007706,0.8561319935889478,-0.05595304426692785,0.9585624280430028,0.17064094614414954,0.864562820820582,0.03393359384721236,0.5248428100631355,0.17010517560300387,0.8696080503009621,-0.05713914299295066,0.9342136241140826,0.19769007606165762,0.866667528947195,0.018465321688424984,0.6649874619075236,0.19905029875891564,0.8763107629049398,-0.07243438987504874,0.9523827036221829
81,1350.0,0.20980892082055425,0.5441097333317715,0.008413467556238181,0.9999076042856496,0.20765171022642243,0.5377592472803029,0.013475655977215097,0.9999115012940913,0.20745268960793828,0.5376943832352052,0.013464748504615976,0.999910825774784,0.20717883748667595,0.5376806429454262,0.013463070704823457,0.9999411985987716,0.20646480151585184,0.538140407630376,-0.0013616942700796903,0.9999052144232258,0.20542683913594217,0.5383171382404512,-0.0013669110901121592,0.9998973806699125,0.20424130700883425,0.5385016969272072,-0.0013671086025646055,0.9999184608459479,0.20113325615723943,0.542159653845288,0.040769218156735135,0.9998570595468801,0.19838838988826402,0.5431050913674494,-0.0239619663251298,0.9999163207553688,0.20876405068806253,0.5517945005780178,0.019888469860667286,0.9998745095162173,0.2075194737740927,0.5521534397488552,0.0011056230876073695,0.9999138258752377,0.2013279788550878,0.5865445335706079,0.08448302710340143,0.999444450650897,0.1912355203004112,0.5849007822218399,-0.057808735895724564,0.9999306826364434,0.2166237923361008,0.6229033271471663,0.056479262099379625,0.19931659528187357,0.21311969487440036,0.6289921431314383,-0.03929113614417261,0.986849989209857,0.22670814253035063,0.5836476002420703,-0.013378505328936245,0.35652757684389774,0.2242442546855837,0.5845611464409606,0.0421021679150207,0.9692623104367944,0.2316167382966906,0.5687240333784198,-0.02226731589152701,0.37516339478038635,0.22808420161406215,0.5708349858011522,0.04379977569693614,0.9522528960591279,0.22758600825355185,0.5661554450080513,-0.020918952922026328,0.372531524726323,0.2236826419830324,0.5687643970761984,0.03842585613684998,0.9452683244432728,0.2241127973511107,0.5718722002846859,-0.017429844431933912,0.36616231997807847,0.22193638270809554,0.5727916814032059,0.04270842893137822,0.9250040253003445,0.184773100983529,0.6882279685565409,0.04763485260662582,0.9989110430081694,0.17949142484437863,0.6869053925786706,-0.04759871764552029,0.9988983188356679,0.19944619209993467,0.7697509952953889,0.032989856033098154,0.22722340197790253,0.2025559537467504,0.7697277579988757,-0.051778124379260236,0.9680726698466716,0.17702220167432525,0.84972665991102,0.03612525175724714,0.4624241547925135,0.17669258018334721,0.8550294836362209,-0.054235812099207054,0.9578583325658533,0.17076582568032414,0.8635122463816695,0.035049562652905805,0.5219258098375233,0.17011235583396198,0.8684737540426715,-0.055265498480626556,0.932115120547159,0.1978655876148316,0.8656194862865273,0.019266580985415564,0.6655100129899529,0.19927148024241143,0.87539576632636,-0.07288939789647153,0.9518197774887092
82,1366.7,0.20956068734327968,0.542047670909337,0.009223129090276509,0.9999129232906167,0.20734779394808284,0.5360035669235961,0.014333482876065241,0.9999167237963003,0.20716396399906717,0.5359732565425694,0.014324756960074117,0.9999154891286586,0.20692205358119253,0.5359979640869871,0.014324204597089982,0.9999443860281089,0.20620233955837447,0.5364907298769274,-0.0006063486161153946,0.9999113820848018,0.20518503018787942,0.5367449323336287,-0.0006128876259373062,0.9999044055030467,0.2040417251132785,0.537007570266724,-0.0006138818127857082,0.9999240977423539,0.20109555550983987,0.5403809036527365,0.041827838867902783,0.9998664288293755,0.1983161391246888,0.5416108937490558,-0.0234727083394925,0.999922054154533,0.20869497883887533,0.5496523124831068,0.020764141299185315,0.999880824770247,0.20745922696022775,0.5500514251845228,0.0018202808475637424,0.99991604260036,0.2013820104655767,0.5843169973010113,0.08520057797431951,0.9993999316578827,0.19128224324612403,0.5829069330578762,-0.05746841608058843,0.9999270581063777,0.21856341759363826,0.617966166564397,0.05823102557942984,0.21595078564825526,0.2148561875025433,0.6234864848000667,-0.039020575228191585,0.9865765883809051,0.22682072151274926,0.5772550673711871,-0.008841832079702907,0.3524157915796555,0.22389334724062981,0.5785816028004604,0.0424966866239196,0.9685679390316925,0.23150483554317855,0.562216562884195,-0.017291953631987187,0.3658086004711335,0.22740549913474506,0.5647752199854174,0.04412398638115046,0.9510796694528496,0.22723694571426953,0.5600616364252003,-0.014583000691518909,0.362520679121926,0.22269773838065934,0.5631876275652934,0.03921389393508437,0.9439769302095692,0.22404020669914443,0.5659385493823464,-0.011769229856630176,0.35784601597558907,0.22131495035830012,0.5672675598235362,0.04333798028528693,0.9239486796515335,0.1856021434068681,0.6873407392274771,0.04813453430930777,0.9989802808988669,0.18083395702498312,0.6857292737279624,-0.04811080013002672,0.9989579461869746,0.19972196079435817,0.7690562946455825,0.03318043230544955,0.2261429386479516,0.20266761808168335,0.7694363111541391,-0.05167585753259209,0.9679309044565481,0.17732911166690657,0.8488155376343506,0.03754192572974026,0.4603851281461265,0.17697666798319148,0.8540744469279341,-0.05311497833047599,0.9574665228525804,0.1710147226140614,0.8621986479986288,0.03656559082723802,0.5208165957814175,0.17034294917469944,0.867368808814458,-0.05396563648467976,0.9303334554036465,0.19804652106194284,0.8638776342074083,0.020489523364674495,0.6676201366242913,0.1996545642614366,0.8741751114527391,-0.07326695464906244,0.9516388830684487
83,1383.3,0.2092613407543729,0.5395224605287828,0.008761834774521141,0.9999172034717749,0.20701165710176755,0.5337079706646151,0.01388656414513078,0.9999210068157749,0.2068363243625279,0.5337179899215702,0.013880721115995032,0.9999191306886226,0.20662302914119918,0.5337754573140829,0.013880809148152679,0.9999468582017089,0.20592801769574498,0.5342151863234388,-0.0012931971411619878,0.9999164257730764,0.20494236052036302,0.5345162493841993,-0.0013014241842375634,0.9999103290694107,0.20385620068936136,0.5348353726523267,-0.0013051170611842768,0.9999288405690882,0.20092909392856428,0.5381487579572772,0.041830608000357976,0.9998743193490172,0.1982381606385823,0.5395361837886632,-0.02432562100390595,0.999927012693315,0.20858900816667664,0.5470969194457649,0.020509892631144763,0.9998862913676678,0.20737760052794518,0.5474848037674318,0.0012019056490057026,0.999917734236945,0.20107512176036849,0.5817880204745706,0.08583435416221624,0.9993631868135369,0.19146242453938453,0.5807986940656393,-0.05821137538268457,0.9999237060546882,0.2195918411016466,0.6141682437488015,0.06036074495031724,0.23239698864164823,0.21668222120830008,0.6182011110442029,-0.04238966267023771,0.98604364622207,0.22641383040519003,0.5722612284478691,-0.003671367253576009,0.3509930712836132,0.2236583509615491,0.5724202564784463,0.03761150954025135,0.967817874181839,0.23094573120276152,0.5569020821934658,-0.011760971775012365,0.35878655882108806,0.22670691212018346,0.5589758952458703,0.03863145393275082,0.9497347899845674,0.2265050844067621,0.5555210851487664,-0.006266871378535321,0.3548866808414462,0.22183483271371768,0.5578395326932275,0.0341923973035245,0.9424447956539342,0.2237046183574769,0.5610883179165073,-0.004552171787335762,0.3516864748228167,0.22069206904797345,0.5621110229265126,0.0386018151683467,0.9224851897784648,0.1862359877143589,0.6859849521092011,0.04869834723926729,0.9990379781950094,0.18248721389543454,0.6844007372856145,-0.04869077425627485,0.9990013922963831,0.19978932539622002,0.7679854517891299,0.0345836767838115,0.22531997589837954,0.20262829391729278,0.7687784263065889,-0.05131717008494199,0.9670423865318305,0.17767253163315014,0.8480943838755296,0.04045099605407036,0.4578070470264983,0.17736104627450322,0.8536012768745429,-0.05215591742169294,0.9567931493123378,0.17136646310488396,0.8610147351310373,0.039608438454923206,0.5203021537689939,0.17074732624349154,0.866781427746728,-0.05296453744882633,0.9284708159310484,0.19829170973528015,0.8621162743795492,0.02331943774507161,0.6683284015882588,0.20020355142298213,0.8732078160558434,-0.07258558095920659,0.951074163118999
84,1400.0,0.209086821192787,0.5372388277735032,0.008008484107752647,0.9999212367194047,0.20683735325222938,0.5313845645813718,0.013119325928744825,0.9999248271896732,0.20665525751454505,0.5314015377135508,0.013114590596939844,0.9999225423449569,0.20645164379051767,0.5314527153968815,0.013114111364952165,0.9999487258139118,0.2058032658838092,0.5317765843300597,-0.002246396455337251,0.9999208790915359,0.20483493946847475,0.5320256749788924,-0.0022551825247882394,0.9999158325649451,0.2037859970615025,0.5323075595356173,-0.0022600743132421674,0.9999330696605507,0.20066422224044816,0.5356638403165912,0.04134420624801094,0.999880838961829,0.19816818407603687,0.5370035795938405,-0.02526102738366242,0.9999318718910224,0.20851853064128345,0.5447604968434292,0.01992969507617611,0.9998917466118229,0.20733559699285614,0.545069115502494,0.00032294314344956875,0.9999207201458166,0.20064213517166335,0.5796512081509548,0.08618639977205374,0.9993260275749941,0.19174100529579902,0.5780882948920845,-0.05906852228300916,0.9999226927757271,0.22053191065788286,0.6100850105285649,0.061880992814188955,0.24668045129094823,0.218166646503267,0.6123656034469609,-0.04397777645360859,0.9854237238566088,0.22614241639773067,0.5676631501742776,0.0012901479910526962,0.3486409840129673,0.22353369636195064,0.5668011591548016,0.036654657551220514,0.9669239975157246,0.2303423973776047,0.5521911439441503,-0.006029227260677592,0.35103434750012014,0.226026094385556,0.5539298823901588,0.037824019080116664,0.9479297172455567,0.22546521254948224,0.5513419906298324,0.0008605454294454487,0.34667293372608393,0.22117915749549882,0.5533569057782495,0.033606329578019345,0.9403625329335537,0.22313735527651668,0.5573727800732571,0.0010487588033789687,0.34488292677061927,0.22019420777048399,0.5575163222494584,0.037784471930492516,0.9203587231181923,0.1869302235898519,0.6841725990885785,0.04905168694399656,0.9990771923746389,0.1841870936609451,0.6827594779786614,-0.04906111671811062,0.9990377568063289,0.19976064066092186,0.7664206510498417,0.03925087302923205,0.2235199078207926,0.20257090954553528,0.7679407823653454,-0.05119941933524045,0.9650943705013828,0.17804534733295452,0.8466405017035354,0.04832397028803829,0.4538339915729708,0.17779846489429485,0.8532052749679209,-0.05249343918902537,0.955768505732219,0.1718058174564726,0.8596939132327132,0.047822747734330984,0.5192075911022371,0.17130760422774738,0.8664580470039738,-0.05342408092249011,0.9268188845543641,0.19862586969421037,0.8595917849313651,0.03246676451748328,0.6670126914978033,0.20091016661553168,0.8719879502341867,-0.07382444895449145,0.9501067854109271
85,1416.7,0.20903891963618157,0.5347363835289369,0.007701044946554167,0.9999222925731122,0.2067734471389227,0.5288009104274571,0.01278611041960263,0.9999250173568732,0.20656759540239983,0.5288054375421437,0.012780353914768932,0.9999215489342107,0.2063467204570772,0.5288285527910509,0.012778444614793582,0.9999473719369805,0.20581167226745983,0.5290512130374003,-0.002546638388940623,0.9999221506572913,0.20485747002419985,0.5292049617994403,-0.002553410623000848,0.9999187758990704,0.2038245910689946,0.52939099924905,-0.002556699827047333,0.999935189882915,0.20041636129220342,0.5327622124126983,0.041075610156570186,0.9998821303957992,0.19813406325521937,0.5339289279211139,-0.026388225633473643,0.9999350195839298,0.20847810733886007,0.5420865955806917,0.019670215124885256,0.9998939661752617,0.20734574965068286,0.5422825444312327,5.376546081000323e-05,0.9999200219199778,0.20041667350700937,0.5763558745384221,0.08644473694619685,0.999269312336332,0.19207516738346658,0.5750933885574345,-0.06079830725987757,0.99992037670953,0.2216007624353683,0.6039273455029446,0.0650831099067416,0.2599690315269291,0.2199702348027912,0.6066220856848221,-0.04851366774666881,0.9848814464750751,0.22590520765100225,0.5603249583925524,0.010479401752707512,0.34578846891721116,0.22370361146472767,0.5606301739102322,0.030899761643792923,0.9663386089461197,0.2298411946921123,0.5438440073104136,0.004391591729862352,0.342623917829423,0.2256703170992081,0.5473916899590269,0.031732085693095435,0.9464159806569424,0.22448509292943153,0.5439850290616357,0.011389477754987429,0.33785175283749924,0.2208688195262638,0.547412440890358,0.02726084929669189,0.9385339731261851,0.22252106666564958,0.5498516332535521,0.01039452447245519,0.33738067178499154,0.21998913160392233,0.5516581620488852,0.031854099416661855,0.918300852889107,0.18782031252270667,0.6816357402574453,0.049122213252953156,0.9991043777692894,0.18580185018834627,0.6805427925927303,-0.04914223739788649,0.9990612836111167,0.19951986131213972,0.7647918604669122,0.04372245907073932,0.2212778819458827,0.20222089049362016,0.7669058044751491,-0.05063973899398534,0.9616317976088757,0.17830196874482304,0.8450248638788864,0.054859247945603914,0.4480624837534771,0.17813892591567282,0.8528685058866234,-0.051627830557879985,0.9540104241598226,0.17214896423476095,0.8585777367864342,0.05461395993119198,0.5172575087774371,0.17190359461875201,0.8661559536343535,-0.05274007664549922,0.9247975746790575,0.19891791116623664,0.8571513181640995,0.038851527319777604,0.6639536534036914,0.2015235800118675,0.8705311360813329,-0.0760407447814942,0.9483943609964287
86,1433.3,0.20894187334037978,0.5315241274379552,0.006671232127007988,0.9999182309423181,0.20660871905939937,0.5255142734164286,0.011782069779222928,0.9999198459443599,0.2063725583610082,0.5255072968346736,0.011773629601867435,0.9999147909028197,0.20612386649563214,0.5255033373832707,0.011770588922358702,0.9999411276408612,0.20577951910949904,0.5256168615250364,-0.003334719460413217,0.9999186424981987,0.2048713706788564,0.5256678462028508,-0.0033367872681646146,0.9999179329190943,0.20388164477688941,0.5257499842416676,-0.0033327722201301254,0.9999340573946642,0.20017323323658548,0.5292432279813861,0.04026242185916222,0.999874929587047,0.19814701236429683,0.5301999392963594,-0.028517371664444624,0.9999362911496852,0.20840195885726398,0.5387399650755387,0.018683489500766724,0.9998910597392499,0.20735544321082902,0.5387793750990009,-0.0007191087241240206,0.9999145609991898,0.20010928241979523,0.5723984638849898,0.08657243173746842,0.9991822498185301,0.19258635597569618,0.5714896747044158,-0.06439880600997384,0.9999175894828076,0.22257422833215637,0.5978045293263031,0.06879081577062612,0.266587236097881,0.22155127142156888,0.6006004271053138,-0.053565438482023456,0.9844969794863754,0.225654252937862,0.5542492327235997,0.017094575622606856,0.3374212256499701,0.22398805334454508,0.5545552174250289,0.03007017005057564,0.9657465985843121,0.22921389270396475,0.5367913586752759,0.011684586737482329,0.3300106227397921,0.22559686998526274,0.5408826186543423,0.031240195568118804,0.9446567779495609,0.22334321552798875,0.5379860117321926,0.019174799677871536,0.32512997729437715,0.22067249105090203,0.541153865201133,0.02538541846332098,0.9364368887174704,0.2216752469539644,0.5440565603119991,0.017146671279555287,0.32615670419874665,0.21986717553365814,0.5458028486796791,0.030579491562786578,0.9158865525608977,0.18869461544922433,0.6786020029158825,0.04940642274561386,0.9991105397542326,0.18728736610639676,0.6778969168663029,-0.049443181958936544,0.9990600744883227,0.19914567612466372,0.7627169461477376,0.047390501236631785,0.21717038750648515,0.20164926704906294,0.765382832004911,-0.04961550448622026,0.9564155425344202,0.17847494426227764,0.8433399796485908,0.05972219276286311,0.43973211163566256,0.17836565559818646,0.8523986339569098,-0.04914175364233202,0.9518384763172701,0.17251371485846395,0.8575078419276653,0.05959875367227059,0.5142433075677785,0.17249967796461935,0.8656599152655835,-0.05031876177305271,0.9227670033772792,0.19912039098285506,0.8552665000870121,0.0427115895741043,0.6588189488365541,0.20199730211780198,0.8692458754494083,-0.07704352906772075,0.9461560277711785
87,1450.0,0.2088240143798648,0.5281335796628683,0.005578874250031302,0.9999097727593929,0.20644031394095663,0.5220539967219039,0.010619291858304122,0.9999086714926227,0.2061820250181926,0.5220218073754088,0.010609758086502559,0.9998989758037393,0.20590549849328557,0.5219732835179287,0.010604815424552994,0.9999294508071179,0.20572793838523698,0.5220272484279818,-0.004141548448907481,0.9999100537527182,0.20487233144896383,0.5219858941577733,-0.004140009371829887,0.99991261959076,0.20392445013636648,0.521970385596866,-0.004130531191116291,0.9999298992611121,0.20003927818366474,0.5255083498500646,0.03917098506575542,0.9998577066830233,0.1982001023633141,0.5262922616232013,-0.0305023313987823,0.999934341226306,0.20831122142928002,0.5351629682949615,0.017599039311919907,0.9998799448921574,0.20736472663425282,0.5351162808282038,-0.0014517821781780758,0.9999010023616616,0.1993493068785896,0.568313905170986,0.086301723761218,0.9990868284588776,0.19326925135794154,0.5675784519740518,-0.0679125111727488,0.9999129516737809,0.2229213877802805,0.5904817950157897,0.08190080558969867,0.2663947996639072,0.22308747754210534,0.5938417684464232,-0.06133801153018366,0.9839548638888775,0.22520122641608847,0.5477227597009572,0.045071954306747264,0.32436420520146714,0.2242217354831243,0.5481611461866474,0.021222257498829153,0.9646072643143797,0.22769156382197442,0.5302500043596544,0.04235448741487098,0.3139827961013433,0.22525741018000123,0.5349483858971373,0.022282036243095302,0.9421190193721233,0.22193308174610152,0.5319803555806482,0.04845574657831877,0.3091743332999095,0.22026406299500254,0.5358099284626192,0.015553017235582795,0.9334674449194051,0.2205449058896021,0.5385029486247476,0.04494543568719005,0.3116230922085901,0.21960247201578975,0.5402918628283914,0.021244479476341196,0.9124606194950292,0.1896216514564697,0.675571345147633,0.04963870346546177,0.9991016671771102,0.18872406227248067,0.6750920954204747,-0.04968880471729101,0.9990393718083707,0.19868492299602158,0.7606118179502948,0.04912371206141657,0.21263397236665105,0.2007438135998591,0.7636431427229025,-0.04801942248429575,0.9490940883046112,0.1786305237384071,0.8419640944117598,0.061434052884578746,0.4322220413457783,0.1785269542818979,0.8517343061310911,-0.04469367560176626,0.9494810984248214,0.17286600527309248,0.8564856960659941,0.06121279725006653,0.512497941652934,0.17291655285017843,0.8647437947137022,-0.04576221747057782,0.9206871220043734,0.19940602779388442,0.8536614576975511,0.04269774435531529,0.6538135579654153,0.2021603577193761,0.8674130070777173,-0.07562381454876496,0.9437674028532853
88,1466.7,0.20853137189433704,0.5242925087610885,0.004250344501564371,0.9998933559372318,0.20614893450623484,0.5181906052998138,0.009221378115138845,0.9998818494024738,0.20587461548192176,0.5181503409431099,0.009214867970773158,0.999859653768086,0.20558281313805368,0.5180733516102749,0.00920889109727883,0.9999019759041929,0.20555455273106,0.5180819119725912,-0.0056026247995240395,0.9998914088521692,0.2047652715728398,0.5179917358216789,-0.005602670168238032,0.9998988083430705,0.20388063930329836,0.5179118769509455,-0.005596146331213064,0.9999199992134464,0.19986122775645498,0.5217090674809051,0.03806099384313541,0.9998101819129224,0.19822510083516454,0.5222795832724803,-0.033352602716712754,0.9999249946503419,0.20802715136891337,0.531405071417491,0.01645326769600313,0.999848195484707,0.2071899480762937,0.5313255134082979,-0.002825522157807082,0.9998675017129814,0.19828541222072799,0.5640051166216536,0.08601864249933339,0.9988879164059964,0.19396872179848823,0.5638086001078292,-0.07193989271209358,0.9999011953671781,0.22290201556114939,0.5809720328875956,0.09606940689541052,0.2642918285869419,0.22406043821857105,0.5860225274449307,-0.0699965849163987,0.9831255248614728,0.22460857743308674,0.5395722105389553,0.07675729346062461,0.311987041007905,0.22425343734877468,0.5411735858236044,0.006572365583408451,0.9630885663486668,0.22556078788780048,0.5222364550545107,0.07731780443074454,0.2990542593456452,0.2246700205973218,0.5282098991530286,0.0066502030406679485,0.9391618115561355,0.22058646948564636,0.5239878779365906,0.08235408316942913,0.29430530184791226,0.2196706795976277,0.529793378852663,0.0008442576176353874,0.9300198696908503,0.21940674384435033,0.5309508386112398,0.07670590339139818,0.29779955886659193,0.21917130265917112,0.5340406383786886,0.0067451022166226645,0.9083444589660288,0.19075182151226783,0.6724541329202203,0.04974720254540447,0.9990380690211348,0.1901913363309135,0.672171002342588,-0.049805983901023906,0.9989570294107717,0.1982659342743103,0.7577042835099361,0.049384740136918605,0.209890269807407,0.19952386759576357,0.7612429686955049,-0.04626923834993729,0.9401778096244455,0.17903817267644984,0.8404182365962444,0.061895805987573854,0.42765006139164913,0.17883883558568514,0.8503192464510606,-0.039238810894035185,0.9474608642714372,0.17344765436081672,0.8543432581992383,0.06161287462427507,0.512651568367368,0.17334957562741793,0.8629899024963384,-0.04003431612537024,0.9190158361480357,0.19965045508884263,0.8520826896031704,0.041464429703496786,0.650393542789278,0.2021547186942329,0.8653974533081061,-0.07226568744296125,0.9416755239168809
89,1483.3,0.20810483112221687,0.5203712525821871,0.0028328131634875087,0.9998619187445874,0.20573762910706672,0.5142955865178793,0.00785454797248046,0.9998383976164325,0.20545111383710604,0.5142727834837781,0.007855057805067022,0.9997949884051376,0.20515364337535147,0.5141999380929133,0.007849884662954585,0.9998567416554413,0.20525003472963982,0.5141766014553255,-0.007537182974850854,0.9998610218365994,0.20453019298258296,0.5141119020325801,-0.00754378520927969,0.9998749381019962,0.2037203113238018,0.5140412648518884,-0.007549526990346971,0.9999034035773511,0.19958567619323747,0.5181418742452353,0.03753582334944183,0.9997380801609592,0.19817775275026062,0.5185933368546626,-0.03595073024431867,0.9999111550194884,0.20760824708711548,0.5276681298301338,0.015427847481554475,0.9997973101479674,0.20688296286832736,0.5276728556269694,-0.004676564474634475,0.9998165198734835,0.19708298359598447,0.5596963734853839,0.08656901546886996,0.998634284450895,0.1946433094285785,0.5602870015870961,-0.07533932796546397,0.9998853916213633,0.22259550648076207,0.5714641383716041,0.10946010762736919,0.25830272407758825,0.2248597954000747,0.5782229105631514,-0.0766611638523284,0.9823459415208733,0.2239748764605751,0.5307930253800895,0.10376110779387618,0.2985436448029112,0.22428105061962506,0.5336884061495467,-0.0028522233922211922,0.9618541059039895,0.22321104293777846,0.5151557156017852,0.10655095264138217,0.2838550295148579,0.2240618623438337,0.5212102220171977,-0.0035178258216806853,0.9367999888601763,0.21935228151934505,0.5168485755012152,0.11032064640451054,0.2792924443880719,0.2191536426544191,0.522670978591556,-0.008563728160446605,0.9273040833927342,0.21836653777531229,0.5229793787002568,0.1035408449492285,0.2838653978847324,0.21877736207984758,0.5267054637273156,-0.0025200645904988068,0.9050301653998246,0.19173868852002296,0.6693423191706345,0.04996743053197864,0.9989475522722524,0.19161228480793197,0.6693534510476253,-0.05002967569799654,0.9988382260004687,0.19777511556943272,0.7549429876463759,0.04862619457500325,0.20828429928847736,0.1981897063198545,0.7585678923697704,-0.04462533586082008,0.9284255816822967,0.17957305766287318,0.8391511355127613,0.061268847435712856,0.42448705576715046,0.17925650449026212,0.8484086337543675,-0.033501102722116906,0.9445407901491445,0.174174977200372,0.85206345149449,0.0608788859986124,0.5149416582924983,0.17376426713807253,0.8605866347040455,-0.03393518348180115,0.9165210127830512,0.19998808772791013,0.8513763972691133,0.039357364355098665,0.646922437917619,0.2021660414480029,0.863976330984207,-0.06744795044263209,0.9387436707814542
90,1500.0,0.20774096676281537,0.5168616941996986,0.0018850100237787493,0.9998222021829521,0.20541348698593337,0.5107967427798683,0.007026954332277893,0.9997844468979616,0.2051176854542325,0.5107860366503401,0.007034684220949814,0.9997175648098907,0.20481362442175563,0.510720551013947,0.007030868525838572,0.999799901530857,0.20496747252487013,0.5106461048126224,-0.009041405061171175,0.9998220290456507,0.20428460552578898,0.5105927416256499,-0.00905605072953872,0.9998459730829518,0.20352487407979525,0.5105325210662119,-0.009077122856286316,0.9998824170657573,0.1993170579274497,0.5147937593005956,0.037671140616848384,0.9996607246853064,0.19810271972701676,0.5151705940564477,-0.03692889266780447,0.9998960353079304,0.20720275455997117,0.5243774567331589,0.014879366072515656,0.9997377878143681,0.20654273104100013,0.5244389630499344,-0.006126442114778223,0.9997558934347978,0.19612211272830068,0.556183272884006,0.08726663319837485,0.9983106596129288,0.1950093323276158,0.5565529607591179,-0.0766783658237685,0.9998665962900442,0.22245797089168018,0.5614375982965746,0.11557461427790786,0.25163341845784887,0.22530270332381855,0.5691795576186411,-0.07884421128602262,0.9818560622987301,0.22335698065303639,0.5215367660635997,0.11511575253236869,0.28451089206196034,0.22401329520202834,0.5257519511949452,-0.005068163498349137,0.9608261273020797,0.2212918294327601,0.5076203019846057,0.11835573258854101,0.2684508129244761,0.2233176422970637,0.5134912558964324,-0.0057949218012037776,0.9347191282681063,0.21853491309143264,0.5088826545647216,0.12161784902924591,0.26416162011169275,0.21865593677475353,0.5148956704707377,-0.010343317031150781,0.924985261190506,0.21760934591293352,0.5144205448173345,0.1147236135743914,0.2698679481233871,0.21830331782499965,0.5184598082587837,-0.004514468368142847,0.9021608659199313,0.19297215910184964,0.6662449978646783,0.04998139114606952,0.9988326430320746,0.19255015679768167,0.6664016161646167,-0.05004215169520609,0.9987011835688644,0.19736394853819,0.7526701035953709,0.04847805272965208,0.20770813028017693,0.1970443753969103,0.756136346431006,-0.0441124033005465,0.916211718604679,0.18021917768887125,0.8371971732094181,0.06260977738669946,0.4212992957660133,0.17972344160079967,0.8460854717663362,-0.03161364403508961,0.9411613856043142,0.17492211929389423,0.8492473023278378,0.06228356027886985,0.5170477231343591,0.1741809298594794,0.8578594383739295,-0.03196589018972149,0.9135620026361382,0.20021569019272228,0.8508205839565829,0.04042092444641252,0.6426144469352,0.20215518701644186,0.8631381137030472,-0.0659418411198117,0.9353602784020567
91,1516.7,0.20753398466677908,0.5132933826673602,-0.0001972604659385982,0.9997487266858427,0.20522300544239241,0.5074161631720411,0.0052210041765301035,0.9996922754106075,0.2049230053311304,0.5074347371146796,0.005232453179944843,0.9995808289164595,0.20461378069151032,0.5073947338830861,0.005229014326773942,0.9997064130646849,0.20477313654763374,0.5072617388906937,-0.011593309475020292,0.999758788517544,0.20410127724920013,0.5072401307878044,-0.011613838219394296,0.9997943781671077,0.20335999556950174,0.5072066982587182,-0.011648398713164395,0.9998459418614712,0.1991542194570815,0.5114776747567317,0.03714670081223763,0.9995418332871944,0.19803402679307136,0.5118446662312466,-0.03938544275505205,0.999869020212265,0.2069021669172107,0.5209464970089144,0.013224530388556786,0.9996323216529127,0.20624133944511427,0.5210618916011995,-0.008727578778884247,0.9996437033017483,0.19577347096942732,0.5516509584018165,0.08700915000268397,0.9977943499883024,0.1953824396644321,0.5527239498637975,-0.08033224124284023,0.9998286252930059,0.2230385364521119,0.5492815432094396,0.11815186377082561,0.2454235901435218,0.22617941456181678,0.5597051382064824,-0.08438062277578179,0.9817386070887255,0.22297816333316636,0.5092925769942152,0.11872668067614245,0.2697587197735198,0.2240760354768664,0.5155644289084846,-0.01120594860098902,0.9603264757565096,0.22036866843700426,0.49563478855859705,0.1215152417620024,0.2525049597024919,0.22292526704924462,0.5038065413633986,-0.013128401179398818,0.9335834838095173,0.2182090928157172,0.49649814764658645,0.12413439757767186,0.24855654225462975,0.21851113864353738,0.5045289085024882,-0.01757922759723097,0.9237890243530281,0.21739452935400477,0.5016254087289178,0.11794554690519979,0.2555820161388036,0.21823169361977368,0.5075028978642967,-0.01069722500895816,0.9003613562810995,0.19408710371880317,0.663131279604776,0.05034539068029044,0.9986961909702853,0.1929399356955575,0.6635804857526512,-0.05039704892606966,0.9985370834668486,0.19689724416959867,0.7504248675845924,0.049939165690115556,0.20825376113255833,0.1959672712144399,0.7536741864113586,-0.04367262852333844,0.9045530614398781,0.18099253092493342,0.8349170599664967,0.0682265943004972,0.41605442478543264,0.1801947823592596,0.8434746095112398,-0.028342155739665052,0.937089851924352,0.17570480207602196,0.8464003432364697,0.06827125325798994,0.5172476711727327,0.17471593050729672,0.8548786952382048,-0.028509886403168976,0.9100428989955364,0.20027470091978722,0.8508474315915795,0.04515726119279865,0.6357203693616962,0.2021010652894067,0.8626403609911607,-0.06437117801535702,0.9311998514902031
92,1533.3,0.20747481002694101,0.5096291246868319,-0.0004471975899789308,0.9996614654858914,0.20515385908739922,0.5037716485205155,0.0055017259770206075,0.9995962892259878,0.2048498810756776,0.5037823220094049,0.005511651702580001,0.9994332648458941,0.20453318882556204,0.5037333496979308,0.005509481743155495,0.999608258406322,0.2046733675968081,0.503695817220779,-0.012038767226927346,0.9996930360794074,0.20399118037450897,0.5037187323683787,-0.012060790544464482,0.9997374727612457,0.20324398009550018,0.5037295704796204,-0.012101987997690845,0.9998069348789405,0.199075195051375,0.5078385585830328,0.038605524493115315,0.9994243213108616,0.1980214608567103,0.5083983767600291,-0.04091284530503412,0.999843236945925,0.2068122178316118,0.517224817048936,0.013381209889692929,0.9995148664429081,0.20614430024510355,0.5174486126218527,-0.009510861532319167,0.9995197029340842,0.1957990292991912,0.5470525423685714,0.0887643733904476,0.9972572582108641,0.1962196351516816,0.5482415017627538,-0.08286515587852121,0.9997853466442661,0.22371602484158123,0.5383762064434237,0.1179441717408953,0.24048249991167175,0.22724072564215902,0.5495435936110364,-0.0840525063020843,0.9820188340686624,0.2231062721638454,0.49737172751199665,0.11040597586404717,0.25771220808937456,0.2247422330436254,0.5045678842635385,-0.005599849613472111,0.9604412714640307,0.22077281418300826,0.4839295290765312,0.11100296285890404,0.23951346604597018,0.2236491271427701,0.4932459096113845,-0.007963999484976137,0.9334175813765759,0.21855470183349807,0.4849944526240943,0.11244239338806705,0.23611252506574013,0.21924806918416717,0.49328412612279293,-0.01302679016121797,0.9237365296908795,0.21799905952953172,0.48912761466843774,0.10884208409559168,0.244732160653387,0.2190032289141702,0.49603014332907575,-0.005224414502403569,0.8999623485973909,0.19465315200033656,0.6596989745185493,0.05119960418059716,0.9985772967338569,0.19304541746775322,0.660323716345288,-0.05123869365169892,0.9983969330787665,0.19648208149841867,0.7478407734916329,0.05201620289257598,0.2074955027727855,0.19520389182227013,0.7509111506598342,-0.04349065501065484,0.89319034701302,0.18175099293390923,0.8326355531102141,0.07390626661834268,0.4066022677080975,0.18073227575847095,0.8410178508077355,-0.02601069602228348,0.9325472230003001,0.17645572054953815,0.8436796040762045,0.07428097724914556,0.5142082685515998,0.17530550275530146,0.8520650012152542,-0.02601586982962633,0.9066908586592908,0.20023480341548028,0.851319767179944,0.050854604159082724,0.6250731348991398,0.20209780406384256,0.8627616564432785,-0.06302148192411382,0.9265033176967082
93,1550.0,0.20757781891595764,0.5057560503482822,0.0027484047708899867,0.999556121372042,0.20528881677559457,0.4999160241513029,0.009188591036945588,0.9994813345727473,0.204983738916261,0.49992310291244907,0.009195006774028859,0.9992515047391264,0.20465515128203815,0.4998623260429931,0.009195286647549704,0.999495656717392,0.20475889458542793,0.4999136314505626,-0.008913326276732348,0.9996195832888293,0.20404268162591133,0.49995930563835905,-0.008936523238108278,0.9996661941210436,0.20326100005989997,0.5000060243265972,-0.008982567027920775,0.9997606589680634,0.19914275975454437,0.5041379034519199,0.04276669114118534,0.9992643140611202,0.19809259261403778,0.5048082272211714,-0.03947503740588827,0.999808828035991,0.20691466118608215,0.5131618181864424,0.016775399524097654,0.9993686448960084,0.20628576335452867,0.5135419539042885,-0.006886184836427375,0.9993706004960204,0.19595324070680722,0.5426280526887807,0.09261845584426615,0.9968039137976517,0.19735843227023184,0.542701621850332,-0.08252624883538207,0.9997408929325292,0.22443353136380528,0.5270887471380692,0.12289568852810642,0.2360933877172926,0.22855313122272508,0.5371533007848834,-0.08579772852715999,0.9823638456208372,0.22413886019161788,0.484374311708269,0.1094235845264935,0.2488166931129639,0.22576532122634724,0.49120441221055566,-0.011059418209784096,0.9610574103537067,0.22200194781734844,0.4709649682044986,0.10884628551346923,0.2301618449744726,0.22493035097916936,0.48018857978639184,-0.01527030278174651,0.9343947455996565,0.21968680478277675,0.4709951565379191,0.10950663863193429,0.22740047531468544,0.22063636141163978,0.47935322778565576,-0.020069713039057607,0.9249514795485003,0.21950595080852525,0.47531140134448124,0.10740037688187198,0.23786839842796342,0.2203898713702249,0.4826720044726421,-0.010743171808176815,0.9011445982115616,0.19486364580336085,0.6561655799547836,0.05271756861891069,0.9985113399369383,0.19326071299257747,0.6567333170345856,-0.05274507900079095,0.9983222825186601,0.1961483110984168,0.7451334113166451,0.05529839190698809,0.20638166297049765,0.19458027467841207,0.748091720399403,-0.043485474551007895,0.8847107120922639,0.18243834092503514,0.8302479755310792,0.08047697338319966,0.3972719368480504,0.1812681357065838,0.8385071640922915,-0.024120698993404723,0.9294232300349652,0.17700583878017617,0.8408325428054453,0.08111905093703957,0.5115997989972436,0.1757848972365971,0.849186451662155,-0.023916847471679978,0.9054160146486199,0.20023723443349217,0.8515601583889558,0.05722329570423993,0.6150700279644561,0.20199919385569448,0.862566939422063,-0.06196331286004615,0.9232382376988736
94,1566.7,0.20764782102335083,0.5020260314146682,0.0013226419881296665,0.9994639385314222,0.2054155405078617,0.49631722342400364,0.008331846734065392,0.9993761863027306,0.20511300861835494,0.49633173289753174,0.008332316187166039,0.9990800988106507,0.2047831018765769,0.49627698177383095,0.008334447474529352,0.9993937214215604,0.2048506318103701,0.4963920896961579,-0.010498381862860357,0.9995588433174868,0.20411165839149853,0.4965236215364369,-0.010518135813375322,0.9996021475110742,0.20330200379803082,0.4966452746164235,-0.010566780033210921,0.9997211779866908,0.19921628066471658,0.5009560528255648,0.04297495154397831,0.9990880120368237,0.1981590886910758,0.5016114867868882,-0.04256020326699532,0.9997739309356334,0.20704877163682683,0.5093362331390384,0.015899640679847282,0.9992202520370491,0.20646784419105182,0.509828607241313,-0.008763668083009272,0.9992280744370967,0.19622488248915915,0.5374408193996978,0.0930842150534903,0.9964041000320805,0.19831495838505897,0.537070160820371,-0.08651483058929449,0.9996916112445657,0.22501987218856828,0.5141980846722924,0.1227460510673978,0.23418450852235176,0.22909726486319604,0.5248141146841507,-0.10128729932364972,0.9828925672031592,0.22597958573273266,0.4707279702027642,0.09873329386824661,0.2512717076710294,0.22774018773010818,0.477387844097047,-0.04822080442681912,0.9624573134240657,0.2244539026703155,0.4558112380050481,0.09646164732319976,0.23328560519786123,0.22764433565593917,0.4651662579604561,-0.057864044216417165,0.9368131217502419,0.22235753777481276,0.4548211906637467,0.0976192209692229,0.23139209974379785,0.22366911882445942,0.46391030436470426,-0.060231076686510066,0.9277593294779465,0.22237107796328423,0.46054020949772456,0.09577427804470068,0.2434388519752595,0.22330246369044005,0.4678520900862561,-0.047728437952519916,0.9043849905331937,0.19524136895225175,0.6523761493819105,0.05454696040777937,0.9984519197827302,0.19382310978003925,0.6528335951623467,-0.0545707385809649,0.9982578867957713,0.19597164576961895,0.7417406723612836,0.06081557185167363,0.20678117445537036,0.1941830735831035,0.7449601689974472,-0.04345911634819851,0.8805747145698191,0.18333599539030182,0.827730556329092,0.09243640232653852,0.38936298659869634,0.18205932350385767,0.8359475107420065,-0.02084854777370182,0.9286591070038938,0.1777388176747732,0.8374623599506565,0.09365914549146387,0.5109164885112221,0.17648089783532292,0.8463457737650197,-0.020407532563521763,0.9069389814422251,0.2002162174099969,0.8512459397315986,0.0687010235020093,0.6066748357954483,0.20184529608204266,0.8621359495889579,-0.06040148206409958,0.9220345417658494
95,1583.3,0.2077354980366572,0.4990424840223225,-0.0042490591350499395,0.9993736914225995,0.20548597971598323,0.49371150987488915,0.0030080110854691002,0.9992555975914008,0.2051904385998137,0.4937460990179156,0.0030019565906730457,0.9988858813331247,0.20486172182219384,0.49372255802154574,0.003005385664956912,0.9992765699114126,0.20490373954886495,0.49389994995934655,-0.01639600056001829,0.9994952451615113,0.20415649882384723,0.4941548080671405,-0.01640631883804288,0.9995233927454275,0.20333233688558866,0.4943831747486482,-0.016454427813490245,0.999666713532948,0.1992573262680146,0.49871043506122803,0.03837518136770955,0.9988414872260327,0.1982167313496273,0.49948081799915894,-0.04963490437893644,0.9997078237079445,0.20727855392864786,0.5061742464701338,0.010863190128778427,0.9990349184899111,0.20676774992829294,0.5067727111634758,-0.014568172993936718,0.9990582863489794,0.1965524234942029,0.531437524727413,0.08973137076411936,0.996190337907701,0.19924562105110727,0.5314922417913168,-0.09373139873856597,0.9996383445603514,0.224623101098197,0.501622156018303,0.12075929804926837,0.23411317311582128,0.2290387955449878,0.5125531979969573,-0.12210462880986087,0.9838263591130582,0.22809068078086506,0.45727052291234366,0.0862780486543974,0.26934735973676066,0.2308054303839095,0.46437352328073445,-0.09501472102212061,0.9650458750270668,0.22745767448629667,0.44173350504466496,0.08240851547036858,0.25371179765179064,0.2317432221912204,0.44980473461605286,-0.11068372747727812,0.9411819662366601,0.22595376343954196,0.4402837710721156,0.08321308380081546,0.2528701743909293,0.22840221581004932,0.4483266898563933,-0.110063839615101,0.9327348413921543,0.22597596475056256,0.44644041572298354,0.08183343637557262,0.26599769932883144,0.22780310043266858,0.4528266730762667,-0.0942300911105815,0.9104298126129884,0.1955241937012901,0.648536554404668,0.05644061984050845,0.9984265963236498,0.1945569039810273,0.6492704834256858,-0.05646940409427602,0.9982036153475451,0.1957568256627947,0.7386506597201035,0.0679963078527224,0.20955411664077228,0.19402794965675912,0.7423417653356285,-0.042719756208715015,0.8801799955822178,0.18408798532826573,0.8252883752187099,0.1067214100843385,0.3845392564932508,0.1830295515911921,0.8334951429140006,-0.015548532385201694,0.9299201993715203,0.17837586502234154,0.8344629633994336,0.10857247170947855,0.5151652949196955,0.17734256599630643,0.8434367009571626,-0.014724786992051781,0.9107809918267393,0.2000429211627871,0.8502810370354432,0.08256251684256968,0.6010709632010691,0.20175617010820496,0.8614394466082261,-0.056845697618666195,0.9227112219447188
96,1600.0,0.2079392898650398,0.4967168101242614,-0.011181137103232607,0.999305935133072,0.20552813155310512,0.49202085676647406,-0.003964840168399474,0.9991457660992947,0.20523020979904008,0.49211410255659227,-0.00397288420104555,0.9987143476804106,0.20491296691553948,0.4921663062913081,-0.003965898328239012,0.9991702096802855,0.20495313547906435,0.4923222391378316,-0.023617086067263586,0.999439804326921,0.2042051149266108,0.49273970013573093,-0.023613998444662228,0.9994464090892253,0.20337303266638818,0.4931338273343589,-0.02365512210166172,0.9996072280974623,0.19929847334112455,0.4973839166618532,0.031395403668284444,0.998590841179803,0.1982874962545578,0.49841377139091525,-0.057523628075917606,0.9996224868865248,0.2076896088463921,0.5038508943149025,0.004165110943306773,0.9988652921858295,0.20725116630395268,0.5044583919502443,-0.021652067390580988,0.9989033994220559,0.19685858984788274,0.5257907594953268,0.08319121279886796,0.9961654401960834,0.20029942762284067,0.5259451610701429,-0.10137368525777553,0.999593152886346,0.22367140366917582,0.48935591748782603,0.11598344395558047,0.23487950790496115,0.22841708291144616,0.4989763384773621,-0.14405663098607754,0.9850713383583802,0.22953408388864444,0.44555905603227197,0.07384705720912849,0.29996004132997445,0.23459794478757057,0.4510489276477272,-0.14071965457073288,0.9681548674901332,0.23004825342269186,0.42905198818161405,0.0689298414758274,0.2880184125332607,0.23645011583964046,0.433944981722605,-0.16130362326900177,0.9463130831718451,0.2290586744035995,0.42738085559436284,0.06982432660602393,0.2881484322604681,0.23339036816642417,0.4325611165591652,-0.15769730863117049,0.9385510910125012,0.22898091162954076,0.4340163838295713,0.06795282129730502,0.3016481605314075,0.23252282114256012,0.43765283624331186,-0.1394510537918126,0.9177017921493174,0.19579556584358232,0.6450597104572119,0.057584967641603424,0.9984347337768199,0.19532187637828657,0.6458352406819666,-0.057625372494970094,0.9981673019272947,0.19555211351031365,0.7364414135615036,0.07366291806101805,0.21641584521248242,0.19401959862027862,0.7402212194034037,-0.04144337631407241,0.884622216224671,0.18483692549523867,0.8227380485761739,0.11752717374336161,0.38408938050270114,0.18404903724080052,0.8311817617643453,-0.010725199089696017,0.9333462743532096,0.17899864982991004,0.8316902206057599,0.11986071226142711,0.5239807594390147,0.1782358600979761,0.8406908909479783,-0.009624705139902382,0.9164485959779656,0.1999775682176864,0.8491292652629677,0.0925315881059284,0.59924119143259,0.20170495339802347,0.8608545405524124,-0.05327460347186955,0.9254936320441116
97,1616.7,0.20820897037074693,0.49381332454227306,-0.017806335729325114,0.999257235299974,0.2055549664156779,0.48990394813673876,-0.011125767825260056,0.9990558964865556,0.20524456316516526,0.49008493480228277,-0.011135704593644262,0.9985756221271703,0.2049357089258377,0.4902337761152362,-0.011131933180704011,0.999083924861182,0.205004930496216,0.49024879080908673,-0.03044453651333851,0.9993954158964619,0.20426178900968478,0.49077725694293106,-0.030430180375419932,0.99938052892685,0.20342986214728598,0.4912933707237247,-0.030462389102294353,0.9995526614643286,0.19931921291918997,0.4957759522256401,0.023102726343841796,0.998384580725716,0.19836107818853302,0.4969422277950109,-0.06460749961081011,0.9995383222897855,0.20815423840568192,0.5011206439563209,-0.0028217497220750748,0.9987299669356581,0.20774365606762127,0.5015304698830563,-0.02839799098936577,0.9987741822288156,0.1970530123937699,0.5211704316593355,0.0758149453571865,0.996163263207391,0.20144858104842064,0.520681684925443,-0.1094328136671158,0.9995537116414032,0.22229469603016278,0.4794056131726223,0.11650952164615912,0.23429468486990263,0.2274780961729233,0.4858793062823163,-0.16479952739817766,0.9863507265136363,0.23006255569912154,0.4361587251935689,0.0733836839596431,0.3353306580157509,0.23847887842428134,0.43858519906089455,-0.17917949262829067,0.9711489166532251,0.23104178337823794,0.4184922093436835,0.06867362700757532,0.3277350110667095,0.24117186878408725,0.42155004257247586,-0.20322286053782432,0.9513005869729185,0.23060795309997756,0.4167052706082665,0.066516182252339,0.3286820905549188,0.23830318379969842,0.4198164443175001,-0.19702978609573288,0.9442149116879426,0.23043511878876477,0.42370779315630624,0.06578349570433303,0.34210696248781136,0.237240988583792,0.42435721414429833,-0.17730789720302548,0.9248690605163582,0.1960181430691766,0.6423897459393461,0.05863912013315024,0.998450940563566,0.19593095708461047,0.6428681271416805,-0.058685065202769816,0.9981359839439399,0.1954870074987413,0.7341238402184991,0.07783400160925735,0.22621879620211482,0.19402162943567564,0.7382530910628189,-0.040516188811688225,0.8919903834660855,0.1858569043023247,0.8203613786470328,0.1260313902582442,0.386599435692742,0.18509413443860567,0.8295502151761742,-0.006988408842257096,0.9378248765355071,0.17998766686235168,0.8296683657737012,0.1288104085695177,0.5352415641148889,0.1793544675622669,0.8389149336587822,-0.00570805608073161,0.9228030897322161,0.20044377730006277,0.8482478346143456,0.10063749126025617,0.5996073257355468,0.20189930711473753,0.8604677205994022,-0.050569114940507115,0.9293531605175571
98,1633.3,0.20842223933764883,0.49077898973510414,-0.019719523377716555,0.9992487600871502,0.20556862368470163,0.4871917352789928,-0.013276471933793464,0.9990288416544604,0.20524445459956228,0.487430864856357,-0.013283609257390111,0.9985313415527352,0.2049393284888496,0.4876164524328145,-0.013278008394298109,0.9990573497045616,0.20503917123590212,0.48748196874346095,-0.032054898949960886,0.9993850787480679,0.204298203899747,0.48799249955586066,-0.03203954015459336,0.9993527332941698,0.20346507288160792,0.48849655758766936,-0.03206508198664304,0.9995258336975468,0.1993209059749332,0.49346490275292204,0.019828193687966907,0.998303569498517,0.1984241902828218,0.4945688588278638,-0.06604632664294474,0.9994883452142995,0.20855303463481736,0.4983578026294712,-0.005127580598041064,0.9986833021754318,0.20816528868107587,0.49846319215638335,-0.029914114402518406,0.9987268731707626,0.19702826085544783,0.5184673950785686,0.07312562281177162,0.9962475101153063,0.2024572292963665,0.5160896465891887,-0.11191941797733315,0.9995385152953018,0.22053930589130963,0.4732635092167631,0.12145194446756735,0.2326542557705018,0.2265381664037706,0.47535027918361517,-0.17214287249814908,0.9876008289200926,0.22967636656193524,0.42909708193370305,0.07772961507240937,0.36977990042595665,0.24070753228096753,0.42876697438103845,-0.18980964095819577,0.9739148872239256,0.23055734307993042,0.4115445088772549,0.0728823975438164,0.36622643045016723,0.24395529003370392,0.4137745513802486,-0.21390642722447728,0.9558885636783788,0.23065372024263672,0.4103206935383028,0.06588947950374516,0.36780382054192706,0.24126892785231288,0.41171029777753954,-0.20644206447260732,0.9494363183066965,0.2303209588641214,0.4161970132873175,0.06847201252267479,0.3810501510188696,0.24002893836725342,0.4151784011295867,-0.18730506939547417,0.9316005053974339,0.19602654874324812,0.6404921100253156,0.059367299966868944,0.9984851053782879,0.1964653808446159,0.6401674719083881,-0.05940863330449381,0.9981441923550205,0.19547244693551757,0.732292200837817,0.07708927705174407,0.23498712409110312,0.19404861614817678,0.7365807692209885,-0.041757118666455886,0.8990034347488773,0.18675122587453766,0.8189338644345607,0.12385171438966487,0.38862676279885455,0.1860776756490981,0.829144404048012,-0.007683562003963055,0.9419554926100239,0.18104540450232381,0.8287856720742732,0.12646943082412093,0.5450878483908521,0.1804404123907999,0.8383983856155766,-0.006586797247152957,0.9285899514243723,0.2011668646619435,0.847858369350434,0.09838482489188519,0.5991348510696779,0.20240896159694322,0.860496015775772,-0.05342250689864162,0.9329951831272677
99,1650.0,0.20858334359668565,0.48772697221665195,-0.015565255878581898,0.9992438214165832,0.20562558159941735,0.4840870371886666,-0.009457535842167488,0.9990188791638337,0.20528389371576777,0.4843988021214807,-0.009461090256947854,0.9985121687253323,0.2049700199138552,0.48463686165355535,-0.00945467442008002,0.9990523854891467,0.20511193857306542,0.48419927557309506,-0.027182208285445278,0.9993801996821456,0.20436814924081181,0.4845876608576097,-0.0271823366305658,0.9993341763814297,0.2035314717463086,0.48497735318683477,-0.02720892872838749,0.9995098823592783,0.19932086340018695,0.49091782456352634,0.02314730467540879,0.9982714936846786,0.19848068200406588,0.49159273363295086,-0.059776209826980356,0.9994512484187179,0.20878834454786221,0.49560126662254367,-0.0016670530201822885,0.9986698059808647,0.2084171722332638,0.49538929973329854,-0.02480679102951574,0.9987069708960404,0.19697471317790816,0.5181361493610204,0.07590741451297493,0.9962658655075807,0.20286517483847497,0.5119558913367139,-0.1068927812434379,0.9995281611170095,0.21930213769276952,0.470763091530119,0.1264056786894799,0.2281544499454046,0.22560117996874324,0.46689709737187374,-0.16643856111026956,0.9887121121088671,0.22907635782446198,0.42531607690311646,0.07999920383805326,0.3913482115382243,0.24082241100924373,0.419957552637373,-0.1781731247901918,0.9762648883320044,0.22958415391899306,0.4099385312625343,0.07518147996493754,0.39120278897739624,0.24456789167154422,0.40886304633958026,-0.19997370952651627,0.9597758735929224,0.22971444399583923,0.40780615522747976,0.06422932729834607,0.39320692561921644,0.24140418356373214,0.40613475016185246,-0.19279487856796823,0.9538278040431801,0.22924015493620026,0.41283472520964515,0.07075880255017966,0.40678524403345045,0.23993374620165162,0.4090594535782227,-0.17531729383128042,0.9371976284753716,0.19631387080465057,0.6391846764655345,0.059768435146127466,0.9985029810950877,0.19690754441987915,0.6377097396623526,-0.05979751440740771,0.9981654144468769,0.19556941872551342,0.7307800792512444,0.07274408851351062,0.23871057445094718,0.19401347353344883,0.7347822302863717,-0.04563890007280171,0.9047618621871591,0.18757011422089181,0.8178863411857975,0.11272926557631728,0.3871267707574938,0.1868390348695575,0.8286518142336897,-0.01403229319978329,0.9448826369785134,0.18197889200278705,0.82828343198413,0.11466648216758463,0.5499311657178974,0.18124652831327362,0.8379530197098148,-0.013467502092853908,0.9333852330843615,0.20189513195128683,0.8478740453720098,0.08791464354310724,0.5946801758947831,0.20292659671533692,0.8605168036052165,-0.0626398772001267,0.9352921786762425
100,1666.7,0.20877084348882963,0.48547884679976,-0.012708894154500402,0.9992496598334547,0.2057121417352133,0.4814969897270206,-0.006666887085884815,0.9990344757125498,0.20534994062923267,0.481854658751261,-0.0066688035259999025,0.9985312024752306,0.20501307504517707,0.4821320005825591,-0.006663371631432153,0.9990752850260061,0.20521102703752986,0.4814262219837737,-0.02362051313476905,0.9993850702331186,0.20446421347913302,0.4817117736453105,-0.023634272671881194,0.9993295726322,0.20362605225472236,0.4819852028574266,-0.023662542392100624,0.9995066239720307,0.19931152817748854,0.48885635534922317,0.02676844002590295,0.9983002543449409,0.19855282774993366,0.4889572745277772,-0.05435964997325629,0.9994274860336674,0.2089733147904988,0.49345058344659387,0.0009235617305551264,0.9986892087118974,0.20856620229425898,0.4930223240738827,-0.020973796823195064,0.9987140042441239,0.196949580595607,0.518770672026135,0.0789041976843562,0.9961882460685011,0.2024793766793752,0.509730920905159,-0.10264328264054805,0.999505037353153,0.21854927142461156,0.4699502927916394,0.12803772269260325,0.22148565593219954,0.2247274645737241,0.4633434443246754,-0.16478728254636138,0.9896277104105277,0.22868706285953538,0.42306101464089924,0.07986540276379818,0.4017233295100079,0.2394641233342036,0.4140081150191174,-0.17726724275520883,0.9782074775014612,0.22908640262626484,0.4095739651293985,0.07515787333250051,0.4049092020307271,0.2433824837207796,0.40542069787070895,-0.1982855768430802,0.962999758266268,0.2291544661635446,0.40713701787449097,0.06217437148803761,0.4072567749591104,0.24013538587661035,0.40276143238658024,-0.19119972771122357,0.9574242461295361,0.22834130341098438,0.41146090200969176,0.0715795822796368,0.4215355302606313,0.23857962872300845,0.40516774569238967,-0.17434346179167443,0.9416615225019916,0.1967416724988394,0.6383732954661056,0.05987407125177842,0.9984824515524372,0.19725049322559735,0.6358276151475457,-0.05989133211828418,0.9981586251940053,0.19570094417958048,0.7297478743961885,0.06850072386718936,0.23780935293152236,0.19401047059467874,0.7332433291843965,-0.05023482832170672,0.9088938974198847,0.18831163786706484,0.8173540575163711,0.10358475432509476,0.38112602347419405,0.18765976599284595,0.8283761313983378,-0.021140166048315326,0.9465135761669711,0.18287420982406266,0.8278354008992519,0.10504365073783065,0.5495821606545225,0.18214721906752826,0.837768577394032,-0.021068916811297352,0.9371741414070136,0.2024655349197843,0.8480311007726766,0.07921839789265683,0.5849192511467711,0.20339843488874904,0.8605575618289771,-0.07271969939271614,0.935887359437489
101,1683.3,0.20887878962925518,0.4841358505544212,-0.01156965966912963,0.9992099886848821,0.20568554245290316,0.47990308347202515,-0.005505566485226158,0.9989908309209923,0.2053275754054389,0.48027872471582356,-0.005507728062747494,0.9984607895215359,0.20497402052084618,0.4805796458607632,-0.0055023627355694806,0.9990463881265556,0.20520221548421058,0.4797649851867134,-0.02220812980972587,0.9993479847908027,0.20447237505799262,0.4799962810107643,-0.022226005349130874,0.9992752103578484,0.2036542871168683,0.480202735889526,-0.022254249435805153,0.9994657664071953,0.19934117581163147,0.4877347321737384,0.02873887077328707,0.9982360629808342,0.19864965762410858,0.4875465418611258,-0.05198888445184348,0.9993473802294057,0.2090981027909689,0.49213128288586966,0.0020734909228936208,0.9986359562192652,0.20864343714146402,0.4916733631065917,-0.0194098802194709,0.9986390301159458,0.19699714013508401,0.5187271322522848,0.0799987319679488,0.9959892715726588,0.2018586070764634,0.5090318520863855,-0.10047419404699695,0.9994446379797807,0.21792712027118336,0.46870767218726056,0.12585561190332695,0.21341996107782651,0.22420162104424993,0.462075872080667,-0.16211047981466575,0.9903685337021244,0.22848423322041844,0.4219426030204413,0.07722799231608715,0.40385346469425054,0.23681165845621216,0.41106824647812645,-0.17217610279719048,0.9797933130037224,0.2289011606148313,0.410042070207142,0.0727168608989035,0.41034298283713233,0.24028062678518766,0.40266162015142926,-0.19215575712067753,0.9656313033331015,0.2287794926336835,0.40791800760087543,0.058782931772016385,0.41304918981733807,0.23757317094575808,0.4005485191231685,-0.18636432502950956,0.960326484271459,0.22776513795057948,0.4116527111757372,0.07032725889058344,0.4282774939423519,0.23625366744541004,0.4030989067895075,-0.1697034502313252,0.9451432483536863,0.1972728549014956,0.6377453832399281,0.05967509391761966,0.9984336807614288,0.1973168913807189,0.63506806748254,-0.059684889479762075,0.9981055855751045,0.1959274787278404,0.7287921508153286,0.06593110483317152,0.23442602654298164,0.1940659114292691,0.732205612318857,-0.05333113031727931,0.9119312961896267,0.18872328599294041,0.8165774288631626,0.09803547461827603,0.37246033265477163,0.18831476711091555,0.8277195039249607,-0.0260294776498562,0.9473654741332651,0.1833683110418775,0.8268446155956819,0.09920367988802145,0.5458844417617439,0.1828432764325824,0.8370806972185777,-0.026199804086770348,0.9401995908646363,0.2025331712904432,0.8477972689129063,0.07399723465953559,0.5723391260419577,0.2036557027271817,0.8603991922878089,-0.07899394223377823,0.9355827569961555
102,1700.0,0.20932044585545873,0.4844479816300532,-0.011355554463253145,0.9991498759814679,0.20607236382507158,0.47983944557962,-0.005048056022219719,0.9989192570958825,0.20568409562110918,0.48018985560962163,-0.005048678057002173,0.9983416228067314,0.205311064209257,0.48047519297826896,-0.005040856765671859,0.9989871836843951,0.20557074248790755,0.4797140331495379,-0.022225485937226404,0.9992922487713048,0.20481956572759732,0.47993479314304566,-0.022235280257605385,0.9991979854447508,0.2039960743415925,0.4801179497014912,-0.02225828108688197,0.99940844376882,0.19969096070244213,0.4876950865700135,0.02974638617819266,0.9981118497394388,0.19904635633741122,0.48749158495948464,-0.05267296163808735,0.9992446558816099,0.2093983704135533,0.4922953191257662,0.0025224795542834787,0.99855052857172,0.20887910326321935,0.49194571943510185,-0.019722927627818937,0.9985307540212365,0.19709549702349177,0.5181295616286146,0.07952200373013821,0.9957319838660111,0.2014860468251366,0.5089013321059095,-0.10092317845140192,0.9993717925889158,0.21765009633132404,0.46764417347453924,0.12293566515048354,0.20469972349348536,0.22391310476121465,0.46113700100353816,-0.1622303007614046,0.990968829109556,0.22810152669747688,0.421215185097286,0.07415030329000388,0.4014025614375163,0.23415785105455506,0.408696600369045,-0.17196832739171541,0.981148214567276,0.2287286959943319,0.4098725744656157,0.069207237589927,0.41133959378515,0.2367422616197951,0.3984509976137255,-0.1917191672892799,0.9679000519570857,0.22821404962312625,0.4076063718114583,0.056135707313106215,0.4142250787644163,0.23437226528213156,0.39693736036618577,-0.18686850581850337,0.9628159119969328,0.22737616584414544,0.41151175470579265,0.06780307136830835,0.4304703090872086,0.23361281553904234,0.4004447729814623,-0.16988420557408118,0.9480726491837281,0.1975880549067544,0.6375990396454225,0.0592280221836908,0.9983660351662417,0.1973817653599241,0.6353049221492953,-0.059237609484366044,0.9980220510846101,0.1961335639158886,0.72861853667668,0.06535052685510549,0.22978005097025936,0.19416645382131864,0.7323530429885505,-0.05413312003726055,0.913527619271052,0.18884751271633887,0.8159394604819168,0.097810803779534,0.3609369269439155,0.18875674051897878,0.8273606385503502,-0.027830700168297424,0.947250942389171,0.18346947857311807,0.8260646746272139,0.09899999520608364,0.5379687036786764,0.18313385049502068,0.836514972505116,-0.02797395061878933,0.9424631425312594,0.20243277861958472,0.8474576955749882,0.0733956886189325,0.5562588061605185,0.20376646731581022,0.8603404987426038,-0.08000478290376214,0.9340483603023354
103,1716.7,0.2098805741185235,0.4847092841352739,-0.010964406742936098,0.9990513495036542,0.20668545081501932,0.47989540298779837,-0.0045897355192296594,0.9988018416223079,0.20625292261441563,0.4802160802341646,-0.004590806074529181,0.9981444222586504,0.20585261072431305,0.4804777559779943,-0.0045849234087481415,0.9988829805737457,0.20613228778044398,0.479777140276773,-0.022302372381091132,0.9992072440329058,0.20533339750199103,0.47999425303368376,-0.022296816288005755,0.9990846599851344,0.20448488706634171,0.4801855967158366,-0.022311956754752584,0.9993260531198418,0.20020640322140298,0.48779922865686,0.029385916533924306,0.9978879150890176,0.1995627418870019,0.48757697145144174,-0.05411931428880923,0.9990952241988417,0.2097168224198479,0.49244350053015246,0.002996092506994806,0.9984032994224918,0.20912889284747002,0.4921185402643117,-0.020374807662197538,0.9983616471290595,0.19720138183661884,0.5175323685010278,0.07846743010339288,0.9953594548361648,0.20125335454940813,0.5089804813975383,-0.10237839782521846,0.9992770581018364,0.21730531681151632,0.46737208536693065,0.12168088236025411,0.19569706491061634,0.22352458820456567,0.4602411942822596,-0.16405455129487187,0.9914444372767501,0.22745895385742204,0.42085605150177396,0.07334862117256442,0.3964351387250994,0.23171063335168945,0.40769181081226924,-0.17467557390530916,0.9822769079889577,0.22802001663616744,0.4089712897936506,0.0681710310635113,0.4097097601209371,0.23349780411947357,0.39558693340846496,-0.19448910369759528,0.9698206839107338,0.22726635280109606,0.4064986478714719,0.05455370407019347,0.41270914106141987,0.2317440502700353,0.3941362840788708,-0.19016208464191087,0.9649136179969431,0.22682699348245364,0.4106769916557133,0.06717212143398471,0.4298304106507986,0.23155680085931524,0.39829265219824683,-0.1728243465934482,0.9504755678631017,0.19805517225038455,0.6378943749836518,0.058971733564422285,0.9982790748278307,0.19746526011398874,0.6359089726493476,-0.05898286224830723,0.997913423038665,0.19641204745996582,0.7286279485339215,0.06539376576741542,0.22616972313040795,0.194259319986616,0.7327724553289874,-0.05356256415446603,0.914432775406611,0.18882870887007047,0.8157037496566779,0.09927123217355643,0.35049324943905813,0.18895217492466895,0.8273367739859088,-0.027876733048331187,0.946863322030931,0.18339176901749216,0.8256372298513146,0.10052288749388294,0.5303095891362148,0.1831937162649065,0.8363975258100607,-0.02789596716562909,0.9443256911777321,0.20240234902926868,0.8472915235019871,0.07434817368075966,0.541590117272877,0.20379072002002185,0.8603280555634277,-0.07797313765400937,0.9323015837442313
104,1733.3,0.21037810189383388,0.48549772302309707,-0.011371505291511624,0.9989339056469152,0.20734120763483518,0.4804582382951468,-0.004782402322494562,0.9986608482542499,0.20687159186317822,0.4807445676553821,-0.00478128858265423,0.9979065032232383,0.2064479000511625,0.4809622736204242,-0.004771318586011022,0.9987565335773294,0.20670735623155337,0.48030610169683213,-0.023031744130310575,0.9991076929228653,0.2058492650588355,0.4804941004230866,-0.023016525521164864,0.9989553718339836,0.20496491307304032,0.4806708863803322,-0.0230258017601002,0.9992333054542549,0.2007267560277668,0.48820138119515955,0.0288864618078584,0.9976082955087942,0.2000269804682052,0.4879584170523147,-0.05558299397428834,0.9989286831447064,0.2099624701908658,0.49315152991385725,0.0027141613287052953,0.9982204550788523,0.20930644160225292,0.4927970298698974,-0.02135194571954865,0.99815986553828,0.1973039309183758,0.5170901843479705,0.07754304756720867,0.9949913166818173,0.20105774771599558,0.5092385609944665,-0.10387825256302251,0.9991804162661242,0.21680787631443582,0.4678202768166863,0.1221111441651981,0.1867244321675529,0.22270500730900553,0.46051282967839957,-0.16689838256154754,0.9918658194087808,0.22671536533605502,0.4201391410259977,0.07326230477719085,0.39089820214680293,0.22885974461124073,0.40802128967784723,-0.17850252773080566,0.9832958862895064,0.22707932265031922,0.40764139805521316,0.06761970867713298,0.4073926707108818,0.22998332196757926,0.3949321423258103,-0.19841312936374134,0.9715701653843842,0.22629910139810488,0.40495420921416536,0.053411984904891005,0.41042254936127465,0.22896622405165734,0.39309161191894926,-0.1941762736865454,0.966834933984848,0.2262613475322725,0.4094579929397223,0.06663491789783756,0.42824758092562387,0.22917330477918915,0.3973635293188552,-0.1766767991440638,0.952683587869009,0.19865493476390853,0.6385193836121337,0.05902975034855666,0.9981868919872109,0.19759568926833937,0.6365955159777692,-0.05904020457750279,0.9977870980898547,0.1966475354773659,0.7292033660979502,0.06493116844268076,0.22208599604311463,0.1943945387999218,0.7332469707443606,-0.054016705247617945,0.9145661904698333,0.1885425263927098,0.8163236180941269,0.09955241069907242,0.339375660532997,0.18891997067701263,0.827893407571884,-0.028284120772566135,0.9456961694217871,0.18316552326792776,0.8262015836579465,0.10087280330203835,0.5212502848534362,0.18300007283687605,0.8370880257515686,-0.028184971106903912,0.9455238183339443,0.20234344190075298,0.8473944380169829,0.07354073794115162,0.526542622418631,0.20385978406383892,0.8602529508726944,-0.077685320306392,0.9299080201557712
105,1750.0,0.21073162271862955,0.4868963772342322,-0.010857937558154982,0.9988351833252687,0.2078426728645962,0.4815995863505776,-0.004035719082735127,0.9985431489490334,0.2073475335325515,0.4818522305715655,-0.004032205158312409,0.9977047925903691,0.2069011543478286,0.48202822321937233,-0.004017999573122891,0.9986518394379396,0.20713263891992129,0.48141303232737986,-0.022493311647503164,0.9990259380567649,0.20622452100118016,0.481559841405778,-0.022477197638225005,0.998849863097782,0.20530591550327498,0.4817113748618538,-0.02248691829542321,0.9991594042096826,0.201085558249837,0.48902611931165096,0.030446102665293805,0.9973640981174657,0.20031727850437178,0.4887936200414389,-0.054842656921772766,0.9987916151682543,0.21009810765584325,0.4943721251828333,0.003347810823470356,0.9980568999335887,0.20938847959041612,0.49402098712467046,-0.02087003626816331,0.9979848407563716,0.1974042959156492,0.517531636215392,0.07879611211163663,0.9946916358811522,0.20090765683423917,0.5095576558794298,-0.10370102737631123,0.9990988629204894,0.2162586003541948,0.468728989362717,0.12427577340886715,0.17777118512562357,0.2215897440910341,0.4610852570760821,-0.16624230643113466,0.9922705008870086,0.22580651371251986,0.4208229836963475,0.07443190827256163,0.38386917965752765,0.22656557815415534,0.40839235839389654,-0.1769503780773709,0.9842172406968623,0.22622625174976546,0.4084464112917585,0.06857504979485562,0.4034979698203862,0.22763467686516914,0.39562338022958693,-0.19640598623525543,0.973140960647947,0.22531523094290795,0.4058692951997124,0.053785082307599874,0.4065596503870831,0.22640250978015736,0.39369812182017766,-0.19238263439564493,0.9685624554043732,0.22564244057450988,0.41084327726137104,0.06731645337172922,0.4249752504484997,0.22667481856686747,0.39788271557717125,-0.17511051325570984,0.9546658822468356,0.19924941658973708,0.6391580700874333,0.0592489780059883,0.9981070927211224,0.19787649242650907,0.6370556070691068,-0.059257471313079235,0.9976706419672292,0.19681692903950115,0.7298758569217869,0.06394418896663762,0.21696175209113544,0.19467003430639007,0.7332803805669154,-0.05555030668065666,0.9144132108915426,0.18822016318639131,0.8172669410705573,0.09683025521891464,0.32801014043035986,0.18872143328189864,0.82826958951496,-0.03064618312886785,0.9441605068388446,0.18278941370192042,0.8273314578192581,0.09806356933854882,0.5122916726838979,0.18258491016569606,0.8377403900736861,-0.03056382148393565,0.9463419062750686,0.20204939444859837,0.8477476182438085,0.07080918408575518,0.5119039160864698,0.20391336580117558,0.8601376556214838,-0.0794970488974027,0.9273853245235631
106,1766.7,0.21093696284861807,0.4883382575852534,-0.008025154061171987,0.9987882829847796,0.20807107573463818,0.4828386292571117,-0.0009091479947701815,0.9984897744087953,0.20755651238418776,0.48306351190521635,-0.0009022640685240434,0.9976092576980599,0.2070948815061934,0.4832340251831785,-0.0008838079492783271,0.9986069684936895,0.20731952857403543,0.4826425682930722,-0.019483785544122983,0.9989865734463653,0.20638238035497225,0.4827666864508678,-0.01946682278953849,0.9987981518109647,0.20544079584734795,0.4828983701410751,-0.019477200916125675,0.9991241324515577,0.20119361934207747,0.48998085232008104,0.03428109726380737,0.9972448434148523,0.2004079116242274,0.4897318567548483,-0.051667394205218306,0.9987212703341537,0.21018305278959742,0.49556252928007255,0.006298270420215673,0.9979691306749987,0.2094372730879558,0.49525557671274495,-0.018033676825108997,0.9978900693711787,0.19741591101601025,0.5188906448228022,0.08227475200380605,0.994573672612509,0.20085702907471442,0.5101664463678999,-0.10245789835850405,0.9990496805736004,0.21548450986544307,0.47075168433643555,0.12833554546038317,0.1688096785829182,0.22026786208152788,0.4617069434551969,-0.1646434118350348,0.9926440857705623,0.2248635093371075,0.42222650420098107,0.07823130736748382,0.3765098963465012,0.22486473194190448,0.4087346550964177,-0.17554579817113436,0.9850480073974254,0.22535751263300596,0.4106220815862931,0.07258255070164095,0.3993273632866998,0.22612822907311592,0.3963960678804491,-0.1946201210930235,0.974558455603464,0.22458487110478553,0.4080967321282344,0.0576053591711181,0.40237462378683575,0.22473534161136283,0.3947965971061165,-0.1902665815183096,0.9701101212274468,0.22506280314354687,0.4131855964660648,0.0706803550322851,0.42136195727757075,0.22490133203211302,0.3987455921513696,-0.17350107715243396,0.9564393162727363,0.1994637570210867,0.6398504887308398,0.05957186612344928,0.9980666609037498,0.19821826545965118,0.6372325931276599,-0.05957871320701785,0.9975936526343944,0.19685543364002606,0.7305630360330859,0.06366533076479326,0.21116434960138247,0.1950121756110874,0.7330766263462254,-0.05732975030938789,0.9143234150750303,0.18794313853695294,0.8181497170811614,0.09511728123539977,0.31643470979872224,0.18853865350995758,0.8286268711090095,-0.033892844315795694,0.9423642073358814,0.18245518065634242,0.828406691551209,0.09625068413359784,0.5034538450695223,0.18227549890677147,0.8383787444659647,-0.03378370129281569,0.9470044402849114,0.20168786744276695,0.8479954316502532,0.06890536844730383,0.49721040044512105,0.20396350040322275,0.8599859646388468,-0.08180821545067293,0.9247632594335653
107,1783.3,0.21090236306190507,0.48920828813598305,-0.0032576821589221576,0.9987986059415915,0.20796235047635592,0.4837033294496086,0.004161171249247026,0.9985087599073145,0.2074554853496099,0.48390538919539716,0.004170537316462117,0.9976355376697729,0.2069821797666097,0.4840814272562666,0.0041921260500592875,0.9986318917501548,0.20722018395151426,0.4835403731891091,-0.014448804270830902,0.9989932292983653,0.20628479123115556,0.4836400250593825,-0.014430609975187561,0.9988041690417706,0.20534579384894613,0.4837475149404439,-0.014441129485411314,0.9991306520643696,0.2011380791664125,0.4906659750711354,0.039585019417461925,0.9972857038180041,0.20034395796912075,0.4903858119533179,-0.046463029193026716,0.9987227150372103,0.21015417079130827,0.4962358588264105,0.01115016619275724,0.9979730361983896,0.20940203255131146,0.49597276250521377,-0.013277177632387203,0.9978847787493759,0.19737127849033914,0.5206838817823505,0.0867853611707688,0.9946010992640548,0.2008508160000757,0.5109147117251445,-0.10005010877336781,0.9990311037926454,0.21457024557249904,0.4727606404395334,0.13280782068059568,0.160918237907546,0.2188679661069599,0.4626004057271143,-0.15965898689769575,0.9929717552094239,0.22397652552241387,0.42442923784256015,0.08320673448698868,0.37019397389321124,0.22352844405741934,0.4097033824239461,-0.1685388315291633,0.985760966936748,0.22454981576828745,0.41266476540338454,0.07783957357917519,0.39569139196759207,0.22490884363651292,0.3973954319953922,-0.18694153569993532,0.9757662756102432,0.2240114602304642,0.41050882424627066,0.0637079761141823,0.39870687041963876,0.22350533945219875,0.3959908726669496,-0.18243503428640834,0.9714042743047085,0.22435667543184207,0.41590081652005545,0.07510026757206242,0.4183170979931244,0.22354046929450277,0.4001835016977222,-0.1663420881543842,0.9578973821231305,0.1994020541508994,0.6405592333702819,0.059758854409058926,0.998082481679463,0.1984901449510031,0.6374069395519443,-0.05976303116906261,0.9975816976456422,0.19685574656441113,0.7312732963334951,0.06322824280886427,0.2050483971834184,0.19533499791508643,0.7328983857518157,-0.058624227664300414,0.9143703693435312,0.18773564412480323,0.8188401659329738,0.09270961760055457,0.30534652443159216,0.1883009934709187,0.8288626046407797,-0.03700512904851212,0.9403612273080015,0.1821718215942384,0.8293023591949833,0.09365943074226385,0.49516910598391617,0.1819885089283899,0.8388524765060068,-0.0368676196251597,0.9475409416925347,0.20135790038676504,0.8485973079999294,0.06635992158026927,0.482811815681912,0.2039675123634794,0.8599340745380952,-0.08343313776311426,0.9219645318530861
108,1800.0,0.21102836586180201,0.49035928362891823,0.0005434756056361262,0.9988225698471077,0.20810306356066766,0.4846626236325222,0.008195063442967483,0.9985373020172127,0.20758882448786797,0.48481081639017415,0.008206498920030544,0.997670199189868,0.2070950908320292,0.48494384969983817,0.008229552535340197,0.9986564658937007,0.20735482587700813,0.48448489393506766,-0.01068930403285084,0.9990081531660905,0.2063992789813452,0.48450210406666744,-0.010667100415698128,0.9988209633600151,0.20545030775524337,0.48450707253955694,-0.010676939350863305,0.9991461010206321,0.20124810579277236,0.4909261252198904,0.04355563915201599,0.9973247618902304,0.2004424447105046,0.49059837914648546,-0.04348176841934525,0.9987509023575563,0.21021865734032236,0.4970937314487643,0.015149728151126998,0.9979877812521805,0.20945159097512578,0.49683906918480314,-0.009775117527516123,0.9979039118403487,0.19719257595993236,0.5217402321951734,0.09050056018999651,0.9946692756244122,0.2008206617264522,0.5110639589173457,-0.09894449299290074,0.99903709831692,0.21361837713491366,0.4740670720736189,0.1368060480980647,0.1534678290287655,0.21776740040097933,0.4631004659902485,-0.15911611417929344,0.9932556748390206,0.2231410436687017,0.4263432111058919,0.08862675761892688,0.3641651812053865,0.2229456220354354,0.410836919432595,-0.16910699719474442,0.9864111911682862,0.22376031818844042,0.4138643471967609,0.0836098112520718,0.3925651368640721,0.22448354037035095,0.3982838193575544,-0.18765632524376835,0.9768872005598892,0.22354959732010268,0.41202862631706993,0.06992785295560251,0.3954629741963889,0.22301815663065244,0.39702088634173105,-0.1827710902407057,0.972607768717267,0.22367560437747427,0.41787539919217453,0.08016548731497361,0.41567068298657767,0.2229616258825576,0.40155334132058307,-0.1667271625427974,0.9592641563642599,0.1989992331890834,0.6410755344799591,0.05995059563290509,0.9981014331181851,0.1987452436061134,0.6377365872973493,-0.05995599251417891,0.9975797789437437,0.19677331263110767,0.7317427964437582,0.06345778739168535,0.19896409908930474,0.19557306383337308,0.7334514402207879,-0.05905934387729286,0.9142115825698496,0.18756333064465308,0.8193742065202628,0.09237927517720637,0.2940452921958199,0.18818910987604245,0.8295052505674823,-0.03858571499586108,0.9385365219343282,0.18196391633578723,0.8301767451422561,0.09320919712384548,0.486437661307199,0.1817392437230974,0.8396315234048033,-0.038400983881382744,0.948156308560145,0.20108693980035341,0.8493536256608515,0.06595885398842044,0.46764888933726756,0.20403573129858305,0.8601471810113823,-0.08318866399072472,0.9191543545041772
109,1816.7,0.2110704346781687,0.4909417870498842,0.002366293221712114,0.9988015804971975,0.2081261142378763,0.4851389953068328,0.010102632810317341,0.9985087144942518,0.20759773609184098,0.4852494583243419,0.010114448721564959,0.9976081734611881,0.2070842598165786,0.48535250056357643,0.010136513593828403,0.9986241204398026,0.20740345049472098,0.4849354553790323,-0.009070625284775388,0.9989874391328728,0.20643610329855072,0.4848846097787225,-0.00904413419110435,0.9987938120251618,0.20548699228536532,0.48481844436554716,-0.009053708941099196,0.9991317845526203,0.20124222976820824,0.4908141692479455,0.04483515769243243,0.9972433391071509,0.2004753308636803,0.4904358954656695,-0.04301781739507406,0.998733477933067,0.21016991918995281,0.49745738364401354,0.017160896744046902,0.9979294538497931,0.2094276029439201,0.49719046127228544,-0.00835686817853934,0.9978588535672148,0.19682735843317864,0.5223469052995958,0.09186074563435152,0.994592365764437,0.20066588620344813,0.5110171295347672,-0.09886005449862714,0.9990280497641797,0.21265915532906865,0.47418471745082347,0.13672236601511648,0.14639147335574754,0.2168132513761522,0.4634922884759452,-0.15878587890239,0.9934881556601758,0.2222879216784524,0.42598969028109623,0.09060259163379676,0.3574575994695939,0.22267070128804176,0.41156345605850253,-0.16839597196806058,0.9869448656127574,0.2229769911084858,0.41270742529914517,0.08629372467597332,0.38875969534828575,0.22433891963391092,0.3992626170317335,-0.18681205738158468,0.9778244608924509,0.22304076311134174,0.41127867925734773,0.07306760088318875,0.3915576182660605,0.22293452776613704,0.39780385153634235,-0.18184753471896775,0.9736123993283234,0.2229361697321848,0.4170031306289494,0.08296558012564983,0.41223414738973013,0.22278386141572695,0.40231363688196486,-0.1659390436751503,0.9603629765056435,0.19859633559272416,0.6412983962467744,0.05992071348286815,0.9980678047452661,0.19910557497115378,0.6379036222185412,-0.059928888898520286,0.997526841504234,0.19669398523512355,0.7317760104224801,0.06331881756583854,0.19371140570867643,0.19571570839200716,0.7336891804422656,-0.058918837990079645,0.9135410984357204,0.1874112827437266,0.8194358604294919,0.0918679106093589,0.28353709266299315,0.1881063949494136,0.8297133048375454,-0.038791265161264535,0.9367447608993174,0.1817915716341565,0.8305398935363412,0.09249249029727216,0.47829666024162687,0.18155710753940413,0.8399717211723334,-0.038587507570073745,0.9487212669281739,0.20089077523776477,0.8497920717511864,0.06544689071320356,0.4530274569988254,0.2040407934359143,0.8601214119366243,-0.08235883677289604,0.9162436383111143
110,1833.3,0.21113904317220067,0.49144902399608104,0.0026286102587445882,0.9987430629276101,0.20810878276824968,0.4856026186829525,0.01011834559696062,0.9984344754900258,0.20755125227428634,0.48568755104428285,0.010129422171130074,0.9974700467927122,0.20697053344476807,0.48575710398810285,0.010149502328463969,0.9985487120492126,0.20744593086696822,0.4853680871781852,-0.009068100047963013,0.9989376976376495,0.2064791484957651,0.4852722769691834,-0.00904219495576053,0.9987314343452461,0.2055218148799171,0.4851601734047848,-0.009054261481478108,0.9990929819288715,0.2010786001171386,0.4907822381882444,0.04415433587772508,0.99707313378652,0.20047235134102065,0.49040642522630273,-0.043723662339505726,0.9986819397835511,0.21010465494224018,0.49773483049301914,0.017262629809833722,0.9978148341178902,0.20942257273764853,0.4974329173564914,-0.008281127926671796,0.9977605711846131,0.1961626516921181,0.5223981794856847,0.09126904713256025,0.994414409001669,0.20041601643675866,0.5106461842854821,-0.09876555878491636,0.9990040972119294,0.21185976266860979,0.4733472054912934,0.13435548756803795,0.13958734699657993,0.21607336756728962,0.4635650941303801,-0.15916139171237048,0.9936787060328899,0.22178827084246155,0.42436168449265643,0.08837295181694492,0.34934221562885126,0.22256049088069385,0.4112994259312042,-0.16692681042920987,0.9873559162730269,0.2226408691633317,0.41082382202148465,0.0842804649756069,0.38340390154293635,0.22436570979300016,0.39972167923336965,-0.1849474729526612,0.9785678642136717,0.2227291507380351,0.40955242230778677,0.07174535237607507,0.3860840116228379,0.22305252651373564,0.39808100603875685,-0.18022932041259054,0.9743992970103317,0.22246491838069204,0.41489341003554236,0.08168664219833563,0.40719047614506343,0.22281524751867582,0.40223474161965533,-0.16449430939697096,0.9611500927380159,0.1983461819943929,0.6410094527971182,0.059908234115157846,0.9979894161224372,0.19938398897647872,0.6375100811322534,-0.05991734156296371,0.9974236176127487,0.19661939002218715,0.7314186919303174,0.06237107976561506,0.1882248095103674,0.19583921631177278,0.7334976905868171,-0.05951792959656038,0.9115633453641626,0.18723221407050192,0.8194082691555937,0.09038896184592027,0.2724635430744718,0.18812435155823132,0.8297100975399931,-0.04001363473279138,0.9341355051313134,0.18164958130745673,0.8307889671552755,0.09087214335089644,0.46915643697693266,0.18153876775787003,0.8401598561377759,-0.039856725150630615,0.9487639211473018,0.20076480933598123,0.8497386745044169,0.06374056442152891,0.43745211902118897,0.2040636056945439,0.8599533240000413,-0.0831715549741473,0.9124430418014533
111,1850.0,0.21083871665455062,0.49149655586197305,0.0017848292897854545,0.998674514747802,0.20770379617100687,0.4856750056857158,0.009170645271383587,0.9983486958912448,0.20714121063550328,0.48575476805369094,0.009180772872198203,0.9973146432922008,0.20650502116907227,0.48579616915612034,0.009200430741267552,0.9984653109595896,0.20710036868140824,0.48547448288826756,-0.010026220520514825,0.99888453029451,0.2061585989736377,0.48539107328369535,-0.010001343885614057,0.9986649694896886,0.2052005706798464,0.4852891919158757,-0.010016409148062986,0.999051803634281,0.20064838017736175,0.4907517418974925,0.043001550116709336,0.9968895940553582,0.2001931773764748,0.49047558932077356,-0.04500054798665504,0.9986243560200653,0.20971059089615246,0.49768005808194515,0.016338277475110137,0.9976904590924588,0.20909124825681974,0.497413033530826,-0.009188910890814101,0.9976531295549309,0.19546831008933852,0.5224100379716785,0.09020941633553739,0.9941724340120959,0.1999152657531558,0.5105967919031782,-0.09910854306958977,0.9989713912918462,0.2111685197977794,0.4725960450513026,0.13185477895396105,0.13252042730649322,0.21534139556544185,0.4638122816880548,-0.15891737597329286,0.9938860649154307,0.22146320697807145,0.42287721946125967,0.0845122688582966,0.3384067827746984,0.22254673568975375,0.4111793353444057,-0.16559841519310373,0.9877187921887359,0.22252107730933612,0.40935900665464886,0.08021111289660142,0.37489574154218064,0.22451702824660727,0.40000688036282883,-0.18341150666986206,0.9792083785647444,0.2224598008961906,0.40843908417792574,0.0680301686127981,0.37758936626570594,0.2231387233450301,0.39804206859497826,-0.17897068957487755,0.9750838648705262,0.22215024346397055,0.41333093103908386,0.07807396281333202,0.39901188157853656,0.22283295080775323,0.40204377827190246,-0.1632369167747953,0.9617829578263425,0.19823909373510468,0.6403769652048752,0.05993036943532176,0.9978828572091609,0.19963127587522794,0.6369092180615383,-0.059939312615564934,0.997296143145789,0.19657061000665044,0.7306017705372406,0.06131866006624136,0.18535196213495175,0.19604404483522703,0.73299180893671,-0.06036917137957759,0.9105531317847122,0.18711519454206754,0.8187243172100618,0.08871647680089594,0.265592837617511,0.18820833805061535,0.8293404806227918,-0.041268815064714096,0.9326132025037499,0.18148378247306474,0.8302590790249058,0.08909829457600918,0.46445502127919913,0.18165091886406864,0.8398331063134337,-0.04117578055177419,0.9489902740433109,0.20049251686959055,0.848716142631713,0.062136063795714194,0.4276735952922279,0.2040912998574122,0.8595320809455151,-0.0847098256150882,0.9101430092539113
112,1866.7,0.21025536812487117,0.49120106157802434,0.0017393803490059728,0.998652773244041,0.20689816418148238,0.4854535886219573,0.009119941986032902,0.9983225805418839,0.20632044687157602,0.4855538294428874,0.00913038783307587,0.9972612602370132,0.20565059000537522,0.48561599424907176,0.009150112668673204,0.9984399562790287,0.20637217376913358,0.48528689429873545,-0.009911234590357976,0.9988724050067727,0.20546919958932075,0.4852485188416076,-0.009887591630796954,0.9986483880451754,0.20452722481318897,0.4851847234226412,-0.009903942866783064,0.9990446425619587,0.19995768652075827,0.49074235274678224,0.04282305620255927,0.9968334209351319,0.1996467979181382,0.4904693819227676,-0.044407481416350356,0.9986159375735698,0.20908747400556307,0.4973105036077049,0.01618170099599022,0.9976553150585725,0.2085473423912413,0.4970510303974155,-0.009087998181625853,0.9976311751774386,0.1948963907502948,0.5226448518889295,0.08974184521606997,0.9940620036352257,0.19923821020694021,0.5105903205417455,-0.0983471061502185,0.9989591269266045,0.21070743671485373,0.47189234126181867,0.12981088033744276,0.12713706174067096,0.2146490095626742,0.4639369675091338,-0.1588675386848905,0.9941331659044546,0.22136070047106077,0.42027651837893926,0.08067273596922563,0.33128450314203917,0.22245355092343846,0.4112112181527277,-0.16317544735613337,0.9881424364589516,0.22270328019346525,0.4064428267024815,0.07581324627002085,0.36939525462332257,0.22464116272472215,0.40050210981141987,-0.18077329510734208,0.9799021368935001,0.222501399261611,0.4055740890048802,0.0636981342520033,0.3721933123611272,0.22320526767344717,0.3983490665753685,-0.17639175766990312,0.9758425695555557,0.2222296936171397,0.4103281682445893,0.07367244185436345,0.39400311878749333,0.22283172962211445,0.40197426364535405,-0.16085535216899158,0.9625713172413061,0.19820915162563338,0.6398120011602133,0.059849955141544384,0.9978194208372214,0.19975948617571893,0.6361451148986821,-0.05985790295969877,0.9972235759099332,0.19651121681644818,0.7300069019908002,0.05992434085125019,0.1843984425067903,0.1962259724026636,0.7324572460992,-0.06122988657582378,0.9103771703583861,0.18707618401164114,0.8180344303449001,0.08593799883411052,0.2617101626736779,0.18834764829703754,0.8289306419236325,-0.042739244798819256,0.931734618686495,0.18143239759263552,0.8295785955020365,0.08614039137249907,0.4629515948749727,0.18192585947967724,0.8392843746003656,-0.042692301528794455,0.9492844797316059,0.20039000255720968,0.8476653013910572,0.059240064273277965,0.42201070274625535,0.20408856088206895,0.859131120500111,-0.08643515017770592,0.908931147484553
113,1883.3,0.2094529065347855,0.49071079066821544,0.006132060107553293,0.9986936393238257,0.20585769131070106,0.4851077057066421,0.01345316662142675,0.9983757422083908,0.20527515312035893,0.48524172249294495,0.013463544393224385,0.9973431967553645,0.20459370456990755,0.485338770207905,0.013481472308437038,0.9984927432877684,0.20542971435047344,0.48494802770160533,-0.005233327459011764,0.9989125274476558,0.20458323898769576,0.4849405175163636,-0.005213556312290689,0.9986959383601242,0.20368546815145597,0.4849123997347699,-0.00523322825098322,0.9990825312478209,0.19913675458658323,0.4906842623438158,0.04661814691055392,0.9969422590164918,0.19897884911014935,0.49029667320705633,-0.03881093815323855,0.9986688409532827,0.20830287819816967,0.4967555063111445,0.020346203685871207,0.9977098675001242,0.20785816723392136,0.4964528339249751,-0.004419977388655148,0.9976909785043633,0.19433726867040013,0.5233098523957392,0.09340456447431025,0.9940605362256375,0.19859784486747936,0.5105592608451847,-0.09300332445473905,0.9989733043171117,0.2101617256800335,0.47239671292759156,0.13701305502936964,0.12276754670199902,0.2140891516492482,0.4644086673146206,-0.15252046570891437,0.9943467662447982,0.22105454263233018,0.4233615852537612,0.09156908946377897,0.3255959536348073,0.22237475855009914,0.41178966278121615,-0.15515068102450608,0.9885719446908867,0.22263789744604218,0.41023640973227393,0.08740368379013885,0.36461849297796,0.22471897516931824,0.401109779164905,-0.1724083700350354,0.9805882232529783,0.22218602540947158,0.4086118780431296,0.07514006183260968,0.36757430150395376,0.2232621950762614,0.3990453141076227,-0.16785795702820744,0.9765888225464602,0.22189625813847513,0.41303483219373827,0.0835564920590038,0.3899487881433399,0.2228361410754069,0.4025928988343196,-0.15273589179629382,0.963374657290323,0.19818040373779494,0.6394725981212802,0.05976104097706936,0.9978076162792395,0.19985915365673262,0.6353751250675751,-0.05976783555178419,0.9972255116417302,0.19644596676031761,0.7297139281318307,0.05881882760496371,0.1845822163990567,0.19639182658422577,0.7319834885143104,-0.06165154189580968,0.9110954063279294,0.18708150301660825,0.8175633123942789,0.08353406971409214,0.2606915718033202,0.1885174427713668,0.8286905742826922,-0.04432911283913116,0.9315768111319775,0.1814533053409487,0.8289093914486119,0.0836374163627625,0.46401991588728797,0.18232216366699777,0.8388605827376963,-0.044349266482251064,0.9496397801807955,0.20041676717145118,0.8464174895059501,0.05710035615733696,0.4200012769017904,0.20409082656814953,0.85856599750973,-0.0876786616586504,0.9086668292681384
114,1900.0,0.20869501147951414,0.49018778403600094,0.01227424641893734,0.9987421830495206,0.20484627073719403,0.48473213258243775,0.019464001015183488,0.9984335558755064,0.20425855190981018,0.48491861139025044,0.019474561326205744,0.9974362708273395,0.20358509747754977,0.48506530835515016,0.019490880581239874,0.9985498785972603,0.20451345968814139,0.48454246918360433,0.0010655258804382322,0.998954029310318,0.20371999768983765,0.48456361464091746,0.0010819597158669722,0.9987471132051384,0.20287249485651668,0.484569221735001,0.0010572500149941169,0.9991219100498026,0.1983472300427302,0.4905948823406586,0.052043365580695056,0.9970572874659591,0.19831295737198434,0.4900034197739196,-0.03179071870233334,0.998722678139097,0.20760567060538715,0.49621106329418396,0.026288281682701357,0.9977677776699981,0.20725453254722428,0.49583917430469004,0.0019232590316927871,0.9977519767624998,0.19385078549385085,0.5237718025843306,0.09883676753157668,0.9941138767060786,0.19812428241684338,0.510171975408282,-0.08547758630343852,0.9990041028885621,0.20965623642717104,0.4771103163560235,0.14747153577350447,0.11787442011492602,0.21383540970938564,0.46458052879288114,-0.14578846593697875,0.9945244249843423,0.22069393098354356,0.4359273498966583,0.10953232504072652,0.3173691814854034,0.22237081329027827,0.41258396279244225,-0.14923621997946795,0.989030491738093,0.22237033645312007,0.4251405696074171,0.10719346893685212,0.35695157732282395,0.22480745542617087,0.4016476727667312,-0.16628716531254006,0.9813266027541394,0.22163723480133798,0.4222853396620072,0.09410346902552111,0.360169141065507,0.22329711985020426,0.3996590461049764,-0.16164579419862668,0.9774056616283605,0.22137620193617702,0.42572167515754733,0.10128496232486914,0.38317788924489726,0.22284969190756496,0.40339512484414264,-0.1467505501849312,0.9643184571039116,0.19815733106363403,0.639127529802777,0.05950110813691506,0.9978240245864513,0.19994640918005097,0.6345960043725518,-0.05950916168235601,0.997274665605455,0.19639556961400184,0.7294105149450762,0.0579446921391147,0.1850824171588536,0.19650585807505122,0.7316765387852993,-0.06149432205018547,0.9122492074966437,0.18710927665233626,0.8170291185379035,0.08115238022236602,0.2619059724467143,0.18869104413759155,0.8285981359935948,-0.04532147731099813,0.9317424098650621,0.18151379908834198,0.8282177505039039,0.08119730615899681,0.4667250613371534,0.1826780417135785,0.8384499890463699,-0.045409102879819446,0.9496497426714222,0.20055233367851816,0.845391418252673,0.05525766029244382,0.4211125359648753,0.204120294678779,0.8581798644292928,-0.08788408339023596,0.9091267642520728
115,1916.7,0.208061884556498,0.4896544061955955,0.017541287256227375,0.998804498286475,0.20395172139008855,0.48432660102844277,0.024649358132765427,0.99850709949221,0.20335426217033764,0.48456690708796213,0.02466071915945838,0.9975563713482456,0.2027027493431456,0.48477234017281345,0.024676607433883932,0.9986211856206266,0.2037101792437691,0.48410367681866634,0.006450701771037924,0.9990041312717263,0.2029601754177186,0.4841554022970657,0.006464559640291906,0.9988095362981169,0.20216147175857013,0.484197271721704,0.006435542167829621,0.9991688756715691,0.1975939600240618,0.4904804769016451,0.056829800740593996,0.9972005344572529,0.19766687921115345,0.4896798318340668,-0.025927393386761366,0.9987879225185947,0.20703810169583292,0.49571238387198713,0.03142469518241431,0.9978474179903674,0.20677412265823017,0.4952755385921118,0.007322682234059493,0.9978336294492093,0.19348843750499556,0.5241370371409828,0.10360850748561684,0.9942276818411698,0.19778734445571916,0.5098685508682618,-0.07903826236724859,0.9990495102746153,0.20927164171423246,0.48053278951417866,0.15527920495896125,0.11370636238938295,0.2137689235664551,0.46466134559540556,-0.13672711948553729,0.994696424120949,0.22032627960046147,0.4452119625750045,0.12273541057393673,0.3107753012861526,0.22237107867286335,0.4127609687192102,-0.14213018474124736,0.9895610042980747,0.2221020027285532,0.4363245609260744,0.12206541285628372,0.35070322524933617,0.22487945783705954,0.40196966983023175,-0.15888498084885744,0.9821741524196813,0.22117007914043624,0.432906311182749,0.10954392843303234,0.35418337015878615,0.2233207367715383,0.40017237975483877,-0.1542221619969324,0.978363372030713,0.2208559406655177,0.4354813623996011,0.1150701663323812,0.3778712522415891,0.22286663168952592,0.4039160084156766,-0.13957625130812337,0.9655359756378907,0.1981235678706852,0.6389584002040686,0.05905463244943396,0.9978589500699732,0.20010222068854755,0.6340930688948863,-0.05906549876644502,0.9973520210811078,0.1962921229146777,0.7292997297786536,0.05693429424649197,0.1856198317947843,0.1965753216119041,0.7315025017375043,-0.0613342319570837,0.9133410538945885,0.18710818531967358,0.8166166004680457,0.0785412660666875,0.2639776212828502,0.1887631224734444,0.8284459170841041,-0.0465162616400492,0.9317801140603572,0.1815489672479177,0.8277582639739633,0.07850350404069542,0.46976124814578496,0.18288300789537898,0.8381064477420994,-0.04668368505580088,0.9494251949446549,0.20052429607936328,0.8446606340862461,0.052905404141971084,0.4232263522488733,0.20411165129570746,0.8577781433150888,-0.08828002391826545,0.909590953872318
116,1933.3,0.20787186494895404,0.48950111582165706,0.02088120927856793,0.998871755032313,0.20355461041132622,0.4842027113551189,0.027925695337000365,0.9985881901922689,0.2029311422790801,0.48447517695881104,0.027937686869076342,0.9976877712068111,0.20225537390936002,0.48471057131176937,0.02795360689716682,0.9986981494086136,0.20338706317402083,0.4839320438248774,0.009853440813631537,0.9990580536070333,0.20265645924068648,0.483989904324214,0.009865935708928329,0.9988761686143428,0.2018697694653558,0.48403715235846423,0.009834391652562086,0.9992184638977059,0.19706173950717576,0.4904801618485227,0.05976259371354471,0.9973529293423614,0.19728963715689538,0.4895023817107795,-0.02217256863202369,0.998859692187537,0.20681421458721178,0.4955714330786754,0.034649033099412946,0.9979391608919423,0.20663108144487669,0.4950493602525624,0.010723683356662244,0.9979279750869395,0.19302273080462515,0.5243086729730883,0.10626631123679033,0.9943513529641295,0.19761656721433019,0.5092728137969974,-0.07436660322405048,0.9990972677866624,0.20906551537059617,0.4813167523770109,0.15845977053755816,0.11002677608103988,0.2139294204257785,0.46402190838541335,-0.13023622263045548,0.9948303614343923,0.2200919701939539,0.44804534883726244,0.12892332744030735,0.304963963372367,0.2224484930435818,0.4119779737222765,-0.1375689698117121,0.9899901378722424,0.22201900326070345,0.440091370117097,0.1282818948938734,0.34556092960493934,0.22495608812286758,0.4017160052344916,-0.1542549069438663,0.9828743196669086,0.22088803492841283,0.4366908201149535,0.11576630600861149,0.3491400664760955,0.22341417343843567,0.4001899205503012,-0.1494506122100922,0.9791309407779156,0.22047231594721492,0.43873218411491066,0.12121780358609707,0.3734227958179658,0.222943683465322,0.40368280098551823,-0.13490194437049696,0.9664715358189181,0.19804604919183835,0.638705622582209,0.058770260285763556,0.9978877561432983,0.2001881755533674,0.633614716075716,-0.05878408359629772,0.9974204699198412,0.1961336433887483,0.7292389387176156,0.05604554198327522,0.185221260502225,0.19662904597464076,0.7315101850600475,-0.061928131395862264,0.9139369527498888,0.18705075056779966,0.8165468176205959,0.07631032452696851,0.2644552843911309,0.18876521289348616,0.8285525639851894,-0.0487118574480216,0.9316573710668661,0.18150603558335998,0.8276940442266925,0.07622110240516214,0.47124911773772504,0.18297872727825543,0.8380439026015152,-0.049013571015426124,0.949339619704656,0.20034475198813861,0.8443404209046143,0.05104309462365654,0.42334358465103905,0.20413169903414605,0.8576663562229707,-0.09043463496934806,0.9096678325108126
117,1950.0,0.20757944598084418,0.4894097603502731,0.020113993569144194,0.9989253821827123,0.20326106037412384,0.4841412972836271,0.027085133429084526,0.9986534970147276,0.2026524132206328,0.4844221203100117,0.027095915128787375,0.9977942023958486,0.20197827049664102,0.4846602082252506,0.027111636563425995,0.9987612111227862,0.20308393736680364,0.48387277835891396,0.009012751580615135,0.9991023114749371,0.20235330079283048,0.4839398151352296,0.00902475526977686,0.9989300824347004,0.20155492283049098,0.4839910325549901,0.008994539151899524,0.9992584784825651,0.19664021971679885,0.4904971477531255,0.05893862194248613,0.9974770148595181,0.19687716733841681,0.48950870547975844,-0.0228393679218633,0.9989179316021155,0.20650687955674685,0.4955657890864784,0.03387633409528508,0.9980163290387115,0.20631553019796114,0.49503406740370287,0.009987136925615023,0.9980079474903296,0.1925708772171113,0.524288239933196,0.10579283535480508,0.9944511481693821,0.1973081245308832,0.5092713236808781,-0.07363577435414001,0.9991284211476651,0.20899629734811342,0.4798905977181029,0.15469479986599524,0.1069986263201351,0.21396096618402588,0.46393899548621437,-0.12833720232759213,0.9949316751389284,0.22001029338155492,0.4437190365223661,0.12295210148606989,0.29979962962014356,0.22252797583738979,0.4119897300288794,-0.1385994120722726,0.9902534513246453,0.22216426474707485,0.43501253213201285,0.12075297073239381,0.34113143171582927,0.22500969043799823,0.40189712672006545,-0.15563797312123445,0.9833124989555003,0.22089503918375306,0.432327020735968,0.10773645838101713,0.34467951314789935,0.22354787942909077,0.40039415018899127,-0.1505514858734041,0.9795845803760354,0.2203454148201717,0.434750318527222,0.11463503681478054,0.369365731875102,0.22303409519649703,0.4038759711242861,-0.13586264990624936,0.966917895135426,0.19798993922415248,0.6383924342337113,0.0585971492387,0.9978923542158952,0.20019921518507472,0.6333052913347885,-0.058611885245357286,0.9974435113725215,0.19597416761375624,0.7291784400031686,0.05547767363133889,0.18535713709536067,0.196687943169049,0.731531801677886,-0.0628581774376688,0.9145718954858333,0.18699461931274064,0.8164189684958691,0.07523661248740701,0.26462138976369604,0.18871997083936431,0.8286119216964364,-0.050432903071244595,0.9315819428080611,0.18140975989046565,0.8274803984732861,0.07513053573313219,0.47285535080092334,0.18292447285992772,0.8378626448767532,-0.05082892413650243,0.9493514412925363,0.20000242903119056,0.844018357140678,0.050130265631846055,0.4232105215390527,0.2040706425905229,0.8576849046207616,-0.09279115746418642,0.9095931308610106
118,1966.7,0.2072209048838844,0.48940864631107905,0.016080525969820375,0.9989814758300789,0.20294582772822622,0.48418057106790124,0.0231970815608899,0.9987220906075984,0.2023424711965381,0.48445580686841727,0.02320853026495095,0.9979071390061158,0.20167614874385667,0.4846893421241219,0.023225619502010818,0.9988262114070718,0.20272034619535734,0.4839302840686983,0.004976440115743099,0.9991490131332768,0.2019622758740472,0.48400631121226756,0.004990347336778155,0.9989857985859832,0.20113861206031997,0.48406745422454145,0.004963886699572742,0.9992978885060271,0.19623729373727541,0.490578053962617,0.05562177566545354,0.9976081706228717,0.19638870088827057,0.4896603765941805,-0.026709352220807774,0.9989795486132311,0.2061505055143721,0.4956426322460178,0.029987587903936727,0.9981146114213133,0.2058982671726319,0.49512149464516453,0.005943927636724857,0.9981099963188179,0.19227396519411194,0.5241600303422841,0.1025891236606099,0.9946221340270276,0.19674342444964832,0.5095516131037762,-0.07694771779435028,0.9991542214439036,0.20926066949254007,0.4758897196678892,0.14432857717786526,0.10659010956684756,0.21378482736292356,0.46427758960496845,-0.1340791845605488,0.9950640088035954,0.22013162644136536,0.43225153854915105,0.1044027276691937,0.3019742908931916,0.22250523169835423,0.4124829683985032,-0.14432191919712806,0.9904720357486186,0.22270207036109213,0.42096738162494873,0.09920762798615872,0.34365278766268803,0.22504244177114413,0.402517921867825,-0.16191597566718158,0.9836497647421707,0.22133938613392073,0.419545555398578,0.0854651814415342,0.3470572729905449,0.2236599084876834,0.4009156156153909,-0.15632695811135439,0.9799217042468851,0.22062503156207872,0.4233119899318335,0.09502954745576503,0.3720586399237318,0.2231126867589498,0.4043794771035515,-0.14149494540123722,0.9672122540928075,0.19794018637566352,0.6382484095437191,0.05858084559440617,0.9979096622694112,0.20011315317381012,0.6332880343709677,-0.05859444148483735,0.9974556820733214,0.19575137467611417,0.7293424549556919,0.054802040081648636,0.1850790381431581,0.19665088610989723,0.7316957768939796,-0.06359881570651423,0.9147713241123024,0.18694487214088457,0.8165632344427568,0.07493978206600467,0.2625714299224674,0.1886192517621178,0.8287595851080765,-0.05072511289091341,0.9311935050146928,0.1813748067333586,0.8275877407618937,0.07485077920414158,0.47280520342645227,0.18282821206819455,0.8378088531040015,-0.0510835507441135,0.9494924971035557,0.19979705980845874,0.8445755129768742,0.04928631991857577,0.42053335905075107,0.2039549357834318,0.8579343216759824,-0.09384973631018691,0.909102882657733
119,1983.3,0.20679197850681502,0.48949288470404523,0.01402103617077783,0.9990269513357259,0.20263085124038527,0.48434109914870527,0.021178567338557483,0.9987761378288277,0.20203560590744032,0.48459692512239766,0.02119004566754615,0.9979956093288611,0.2013845422438214,0.4848142464955651,0.021207275046479148,0.998877372060504,0.20235226054986333,0.484124615078881,0.002808421428891876,0.9991872878301717,0.20156945004349677,0.4842066026869278,0.002822697295674258,0.9990317225456244,0.20072781542936977,0.48427699435324933,0.002797133705046562,0.999330693767185,0.1958519021670025,0.49070898691813186,0.05377508770851866,0.9977092601004108,0.19591981527351213,0.48993194103241,-0.02917529686930636,0.999030428273338,0.20572030260449378,0.4958115603242605,0.027983419153661974,0.998188998017993,0.2053998510042828,0.4953143653415502,0.0037574662183899278,0.9981896820522498,0.19182307734375922,0.5240763567742851,0.10109267241898044,0.9947663460459035,0.19614816989217498,0.5099446432931086,-0.07925467760789967,0.9991767576762615,0.20934960246086137,0.4728213860875088,0.14109282621315558,0.106364307659013,0.21351108380726422,0.46485046829496146,-0.13893806579567147,0.9952123363812773,0.22002340498424727,0.4244390768664227,0.09879854321479804,0.3045260139874052,0.2224673210155398,0.41331407995451097,-0.1488400548696519,0.9907012297993621,0.22287372960930796,0.4120604026885263,0.09290727476278948,0.3465434454736258,0.22510745553743286,0.40324508718081914,-0.16669147639047543,0.9839948727971038,0.221462381737573,0.41094933379264137,0.07858178303355268,0.34986857715107167,0.2238122388010935,0.40163477403777015,-0.16082580032802773,0.9802797266415193,0.22067893970580343,0.41559600688162335,0.08898127327362702,0.37506060231299654,0.22319863452797858,0.4052074494816011,-0.1459774240141824,0.9675478339195258,0.19780781510330397,0.6382234579040895,0.05871156585358442,0.9979218897365396,0.20002342547689178,0.633413204124996,-0.058723464253402934,0.9974620342254646,0.19550696441105447,0.7294850008828304,0.0543286740070298,0.18475010281517407,0.1965585060062864,0.7317421521459313,-0.0638961657172158,0.9149725862911775,0.18685916420959306,0.816759450095041,0.0752661036593574,0.2606508604117804,0.18853640698251284,0.8289108588581999,-0.050583945321185285,0.9310632688658584,0.18130851075762808,0.8277594447135932,0.07521036941380733,0.47254856285594793,0.18278254355703094,0.8378982884543289,-0.05093983365666302,0.9497697608811522,0.19958849747975682,0.8450538516044623,0.04908777862077671,0.41840017835299204,0.20383103617600046,0.8580458448046736,-0.09404494719845914,0.908943414688111
120,2000.0,0.20649260211558584,0.48953066269556716,0.01242175179400615,0.9990463540667586,0.20243264096123847,0.4844533148266024,0.019588127909671706,0.998792631285532,0.20183926111175915,0.48470423193205003,0.019600390767057753,0.9980243870190219,0.2011897954202835,0.4849224715005787,0.01961817352899485,0.9988933688118351,0.20210176919187833,0.4842529169150765,0.0010128602707048975,0.9992018483933955,0.2012916065397718,0.4843404321443471,0.0010279132180758537,0.9990510060673675,0.20042008232502723,0.4844203846795222,0.001000718210846009,0.99934470653534,0.1955630332231523,0.4908682207266493,0.05233020849880722,0.9977404446828941,0.19550064277081275,0.49013185784930313,-0.03156866958098754,0.9990556495530272,0.20535923114844745,0.49593410463560234,0.02645692380056497,0.9982161323229479,0.20497548793043424,0.4954619109630588,0.001957167660640111,0.9982258478800462,0.1914397314900445,0.5241648810250423,0.09988963603973396,0.9948328591528399,0.19545688373701928,0.5103691106750856,-0.08203825496491937,0.9991917099271509,0.2093810964198341,0.47428883541198036,0.14045292564800818,0.10506001292240061,0.21313703982602997,0.4657722456114636,-0.14415004778475998,0.9953665903636395,0.2198537233329956,0.42566374795777484,0.0957139900752477,0.30361454827444917,0.2223489625113353,0.4144553031240194,-0.15232743890512568,0.9909379056521832,0.22279010216395076,0.41379769359316176,0.08980772537844528,0.34594055016835557,0.2251872299682528,0.4041950064046045,-0.17014574436914365,0.9843414142018281,0.22139516969521855,0.41219818592071567,0.07523535759676075,0.34932068132218885,0.22395311650775743,0.40251178258941317,-0.1641676404646466,0.9806505980945776,0.22064462162199489,0.4169604820864544,0.0858263281129656,0.3746545882452105,0.22326180906522858,0.40629898508389817,-0.1494313081105551,0.9679064466839753,0.19770024787812018,0.6383125668480287,0.05868081464653928,0.9978993705340802,0.19994577055885693,0.6335281729698186,-0.058691504810537656,0.9974325242496679,0.19522388350395942,0.7296371601876763,0.05352095762888594,0.1832896506502516,0.196416932202521,0.7317527617727013,-0.06360926940327603,0.9143097088450484,0.18666887141409388,0.8168747226397203,0.07495604881218507,0.257797393060866,0.18842375633262465,0.8290823215530039,-0.04979082055035095,0.9303010475067872,0.18108194214957116,0.827951800255549,0.0749026795937902,0.47069377984319444,0.1827097996359781,0.8379874059132173,-0.0501488509277503,0.9496303938684016,0.1994844909225193,0.8455099009332209,0.047932449373460986,0.41538324668293936,0.20374260558968516,0.8581343804086964,-0.09329353911536087,0.9082163884526214
121,2016.7,0.20626868094716766,0.48960915917441994,0.011675026090372185,0.9990696083931704,0.20225717553070627,0.4845642305555801,0.01892701802509173,0.9988128173918958,0.2016324613775527,0.48481198151906363,0.01894134424981618,0.9980588214738035,0.20096874449934293,0.48503089234942515,0.018960710082735345,0.9989112133071544,0.20191801587740596,0.48437354252451975,0.00010576255486479834,0.9992187477293476,0.20107832054297142,0.48446462126005296,0.00012155945989347652,0.999073851676215,0.20018615183376146,0.4845517646698728,9.217563950057555e-05,0.9993609133220861,0.1952483661118009,0.49101126477831925,0.051820025912353004,0.9977762897809354,0.19515502452850356,0.4903121562231158,-0.03334972563953629,0.9990843960217074,0.20504068689686927,0.4960851811227348,0.02579401965652195,0.9982470728102192,0.20465512857550683,0.4956363198303045,0.0009472869846615061,0.9982685333206547,0.1909974174840111,0.5243086048534942,0.09946786967061823,0.9949180114836927,0.194839249054591,0.5107379811150691,-0.08524939453318012,0.999214064507258,0.2093198036863692,0.47529124078296514,0.14168486211981102,0.10430758765765606,0.21274918601626458,0.4665752195176628,-0.14680455766973052,0.9955422764732731,0.21965931426911145,0.4267657597859703,0.09484846073956724,0.30476308152789183,0.22218636671702083,0.4154232924892792,-0.15329826161974963,0.9912717115311402,0.22263524007229593,0.4152907587233047,0.08975111906017583,0.3474892463002889,0.22527483460449052,0.40504466493924485,-0.1709098972025373,0.9848364392916369,0.22134200731913264,0.413603803941182,0.07594878226518637,0.3509293085052856,0.2240410546461743,0.403383335896901,-0.1650589229095551,0.9812110861142485,0.22060607302756552,0.4182603969460445,0.0855734131875493,0.3764069676399233,0.22329088548819243,0.4073035532519934,-0.15041117795876105,0.9686001198632384,0.1973037059817997,0.6385096027737577,0.058574614070710726,0.9978952861967547,0.19986546252455045,0.6337884153638572,-0.058585382997989696,0.9974316982995904,0.19486182147548325,0.7297875597363431,0.05259139268171223,0.1820724429119202,0.19628407699721212,0.7318095905440201,-0.06315125808829358,0.9139160485494711,0.1864045219761986,0.8170242706934616,0.07398894748517451,0.25562682322093433,0.18833228165195115,0.8293066450527742,-0.04925523698329929,0.9299840160778597,0.18078429145472402,0.8281006841432487,0.07385208989892691,0.46909290552139316,0.182657335485731,0.8381417251768573,-0.04964305815242589,0.949766017141797,0.19918341296059758,0.8461018971034465,0.046037084289959534,0.4130368601708188,0.20369061898617533,0.85817966858546,-0.092368561242308,0.9080129350934716
122,2033.3,0.20611027805578155,0.48977448259081197,0.009880476076865487,0.9990881880124416,0.20211406264986326,0.48470661186036645,0.017299349730213496,0.9988267705554061,0.20146432731832792,0.4849487273466023,0.017314910090395395,0.99808251573926,0.20078555459067948,0.4851643684364504,0.017335112916216977,0.9989230348950349,0.20179133471988508,0.4845180099918732,-0.0017967606129656959,0.9992324198995326,0.20093716042382392,0.4846030331793289,-0.0017799302253739121,0.9990924965767641,0.20003498806839912,0.484685811258498,-0.0018104049959220005,0.9993740604037337,0.19493868947029128,0.4911360329105744,0.05061320889563791,0.9977968817665471,0.19485522522812812,0.49044795121465445,-0.03590324787156925,0.9991091802006684,0.20476081754480105,0.49626781543095944,0.024164137297443,0.9982690498942428,0.20440666164670684,0.49583137177285724,-0.0010588545063954032,0.9983029024941588,0.19047495864686526,0.5243911317416603,0.09829178842760275,0.9949606713794534,0.1942804987941471,0.5109505114101232,-0.08888883711326695,0.9992327037311743,0.20921590711389285,0.4753764002096089,0.14178486877963667,0.10312627681664066,0.21239909316812255,0.46701120904513804,-0.1506070743004482,0.9957079234577368,0.2195142684947878,0.42730858638173086,0.09376671484538493,0.3049276229881107,0.22205098399094186,0.4159495873110638,-0.15604570082255784,0.9915471247264325,0.22251210468156013,0.41614991710299565,0.08883686363697058,0.34839848677317325,0.22534620690913443,0.40581538279851304,-0.17391953865687065,0.9852366106850767,0.2213284231367567,0.41451963214647236,0.0750801146385216,0.35187439265705317,0.22413860261440294,0.4041898193813508,-0.16786780598617748,0.9816516439119982,0.2205781730867569,0.41866750802312613,0.08459876584155225,0.37750333121844726,0.22333525759833217,0.40802069646971595,-0.1530697899205345,0.9690974014145994,0.19677228019351065,0.6387427477609549,0.05864787030787699,0.9978763659795132,0.19977994192214255,0.6341799100240076,-0.05865903234197984,0.9974137317566651,0.19453754169600365,0.7299327793575474,0.05285782331512092,0.18110963276454395,0.19620694361981905,0.732016095093319,-0.0630331851896786,0.914401863302504,0.18617717141196855,0.8172199811254234,0.07607304304838186,0.25318656506992543,0.18825618780794612,0.8295910301662632,-0.04838375090843158,0.9304879307746894,0.18057527925286987,0.8282569675218497,0.076101836349283,0.4671417091573991,0.18263711248125364,0.8383405066671832,-0.04870730124059181,0.9504123897779563,0.19893875505243042,0.8465287713777458,0.04749407796632679,0.4103896717230482,0.20367649694283818,0.8581892195202062,-0.09191936964080454,0.908437609672547
123,2050.0,0.20574706296126063,0.4899275373844877,0.007469065409774588,0.9991043295179102,0.20174353463309164,0.4848211946941561,0.014998874360961584,0.9988376782054,0.20107195207050882,0.48505519543375325,0.01501480108570486,0.9981006951559165,0.200385236314365,0.48525972877229995,0.015035307478337073,0.9989311950547362,0.201432709892591,0.48462689774377044,-0.00430706093486931,0.9992450873057055,0.2005644071669807,0.48469666498048,-0.004289699396828104,0.9991090836979101,0.19965814692633507,0.4847599665323897,-0.004319640491823004,0.9993855896450232,0.19446168485141951,0.49119765985579755,0.0487812317553021,0.9978107668104633,0.194386993845304,0.4905024099917643,-0.03878174793152585,0.9991327580951517,0.2043382787988301,0.49642875648680224,0.021947045056592868,0.9982897156760813,0.20399800439675664,0.49600176867984624,-0.0035574900962057595,0.9983358411561882,0.1898617056154071,0.524442845866794,0.09706442554791775,0.9949953357378649,0.19368480784552455,0.511173180171422,-0.09216142694155383,0.9992476928801771,0.20911240861529412,0.4751530190308892,0.14035902136848097,0.10221746563911446,0.21210839351018285,0.46729850059463895,-0.15373489189715622,0.9958552746545708,0.2194888591766359,0.42735233335267964,0.0902573168277741,0.30527651451882887,0.2219867784352531,0.4161826698552998,-0.158731119973319,0.9917679116839462,0.22248353773639334,0.41614990433057175,0.08503708952949167,0.34948586708023455,0.2254002825135278,0.4064281554449175,-0.17691975193364293,0.9855526288350431,0.2213438444194341,0.41473983866827857,0.07117654862148426,0.35294218858083115,0.22427647099608483,0.4048339823881788,-0.17051604744933913,0.9819937802496418,0.2205844599576225,0.41848596788588055,0.0810052837644305,0.37884576547713533,0.22339699310915825,0.4084956546624504,-0.1556111439352945,0.9694599906603503,0.1962039314565206,0.6388943763006305,0.0587441076834997,0.9978495325360986,0.19972397528943575,0.6344361475535807,-0.058755283199605525,0.9973837052072805,0.19417406547637228,0.7300418019294743,0.05386394155876981,0.18151100405624948,0.1960538994698299,0.7321586523737231,-0.0629404960643678,0.9153951860609515,0.18586031737781722,0.8174420964150209,0.0797661301635561,0.2516700937634424,0.18812080862976271,0.8298938614981521,-0.04693991673134625,0.9314579424403969,0.18018872468244473,0.8283623031207499,0.08005650909174061,0.46672194770404307,0.18243906753403813,0.8385807559603743,-0.04709150890509291,0.9513677018029356,0.19844996503421253,0.846616290864491,0.05082788886058902,0.4083574527785894,0.20346405534517215,0.8583556413650519,-0.09104773366735101,0.9091423551241563
124,2066.7,0.20502260682128737,0.4900777609575366,0.004674161756632942,0.9991173431986862,0.20098695797579644,0.48496085263433947,0.012310369250675052,0.9988450095767074,0.20030248661836003,0.4851879193669277,0.012327143257217756,0.9981132433527999,0.19961790172826688,0.4853840725762507,0.012347689474977207,0.9989358584086108,0.200685474134627,0.4847596046470464,-0.0070994184352457575,0.9992563696134664,0.19980975985527052,0.4848140322026756,-0.007080951905144118,0.9991226111139577,0.19890729728199202,0.4848588307698571,-0.0071094559084269315,0.9993943884259187,0.19376510949361908,0.4912982469513306,0.04645792856102901,0.9978174737521588,0.19367393141701122,0.49058638725961995,-0.04163766244337676,0.9991516612824947,0.2036191359871911,0.49656259587832896,0.01926371792242642,0.9983110796837587,0.20327151886054462,0.496139194284167,-0.006364024865130588,0.9983678403354834,0.1892598988044831,0.5245484283992226,0.09503014740489785,0.9950216895058048,0.19299677652972097,0.5113917560804462,-0.09499893763235644,0.9992568606422068,0.20894688793591104,0.4750170920576372,0.13564793907460723,0.10227560819614509,0.2117329339186352,0.46757181059746544,-0.15614852805932372,0.9959861267180676,0.21946528837794366,0.427077643928074,0.08257583493278146,0.30762069849740914,0.22191824231828977,0.416337453183674,-0.16131082106204273,0.9919504381361469,0.22255288064479845,0.41581712308384156,0.07652819759788973,0.3522120841911863,0.22542433156853647,0.4069461794126604,-0.17983844095752366,0.9858086790357324,0.22140255357537966,0.41446684088025804,0.06262735135498505,0.3556203927312581,0.22438121480601192,0.4053356959706264,-0.1729131340980531,0.9822709929375428,0.22061634134678626,0.4180771041484109,0.07312667937505818,0.38182421099571984,0.22344641316504724,0.40881292167164063,-0.1580095688501995,0.9697407313755586,0.19576064816543048,0.6390277771722708,0.058837142906018707,0.9978212401980453,0.19967461129029607,0.6346497876303541,-0.05884816923311782,0.9973476954868868,0.19385997738157013,0.730111888476781,0.055134961115462476,0.1829328976926351,0.19578236696266005,0.7322976333754408,-0.06278909813790098,0.9162055026917237,0.1855068448044006,0.8176045644850964,0.08388123590321774,0.25109497138432113,0.18787273906526125,0.8301319508325492,-0.04515363417920615,0.9324869116147366,0.17970960693699983,0.8284496409552444,0.08444802108265112,0.46792263218334773,0.18214485404037306,0.8388488888740546,-0.04507155609982358,0.9523705811727622,0.19787282674085538,0.8467570571672356,0.054893950443892295,0.40716282384736224,0.20309552976063333,0.8586092818351025,-0.08977891575722474,0.9099089815503082
125,2083.3,0.2040061588798252,0.4902220297427408,0.0031498105908256222,0.9991216631162743,0.19989204619612028,0.48515169109616996,0.010751399211585529,0.9988426622890298,0.19921400930200317,0.4853798420656299,0.010768048066113683,0.9981110550108417,0.19853879511356368,0.48557747403780654,0.01078815882404646,0.9989330371220915,0.19960960036232372,0.48496284087499014,-0.00856600698482778,0.9992619979949231,0.19875260832763866,0.48502306001527,-0.008547836959007247,0.999129133565086,0.1978736356610345,0.48507198691368136,-0.008575454077106862,0.999398486954826,0.19286791554519123,0.4915316928000681,0.04479825603110453,0.9978080363500692,0.19280652276107257,0.4908276299635573,-0.04292902190770424,0.9991625604175394,0.20266202517918191,0.4966752954891754,0.017670301809197392,0.9983200203804751,0.20231787647519808,0.4962775920118608,-0.00783052439579652,0.9983866016070055,0.1886088862305597,0.5246875967298239,0.0932419005604018,0.9950483781950822,0.19238515978767773,0.5115202012516207,-0.09577209999163952,0.9992638968286067,0.20867299182074428,0.47498665962900466,0.1317044383003599,0.10242800414562234,0.21137706296784553,0.4676885690007895,-0.15611655229613908,0.996121803919475,0.21935886996133003,0.4270369680154894,0.07874939945482079,0.30915188647451874,0.22190936122621824,0.41644427322206073,-0.1612220285903841,0.9921346079735536,0.22250290995552444,0.41611507960728267,0.07275660513412391,0.35391673303785803,0.2254646668831509,0.4073324373790199,-0.1797575794515157,0.9860696281705591,0.22141442696253472,0.41474356395857703,0.059122082023393585,0.3573093329157151,0.22451095921652675,0.4057270345233739,-0.17262915983086552,0.9825641143889662,0.22058953841527318,0.4182687628836862,0.06946981857929917,0.383726429371607,0.22351632302715682,0.40909104971658644,-0.15786623599983407,0.9700646570750653,0.19541229378609443,0.639131123111362,0.058850056358746156,0.9977965922582724,0.19959840249447608,0.6348154147466029,-0.05886113625906767,0.9973132014274604,0.19356988299460653,0.7301809475535443,0.05617684462950347,0.1847701370716096,0.19540483540012737,0.7323894358816607,-0.06254179066135773,0.9166992987905237,0.18512054923034865,0.8176888312612267,0.08645237840357287,0.25179922438803193,0.18753695417018176,0.8302536039125358,-0.04383471590422452,0.9333921983128509,0.1791760644742422,0.8284966974031365,0.08716322871900747,0.47105387988544684,0.18178220022292377,0.8390432113692881,-0.04360309970520794,0.9532848993937182,0.1972814514523462,0.8468595402581358,0.057930058311848456,0.4076581682477681,0.20261582093579444,0.8589369455973315,-0.08877979751144144,0.9107208961532236
126,2100.0,0.20296369422049765,0.4903570583888466,0.0010691795864009438,0.9991018573443101,0.19874850483167755,0.48534702261289,0.008651679049112973,0.998806848412469,0.19809947978882575,0.48558635229156166,0.008668504943627694,0.9980572575614574,0.1974373842988697,0.4857955390498755,0.008688784625736027,0.9988994768687663,0.19846776624520635,0.4851967408543545,-0.010683502624964439,0.9992476928801771,0.19763825266134183,0.48528742648306383,-0.010665532245877251,0.9991126628149131,0.19677547046116434,0.48536909194219713,-0.01069254958115164,0.9993857656206411,0.1919995695352556,0.4918507947808224,0.04267789600860508,0.9977387246631448,0.19189400261356732,0.49121135473251376,-0.04510183632373813,0.9991517407553544,0.2017301874501366,0.4967570063613713,0.015558276857648587,0.9982887307802844,0.20137603509993796,0.4963878648621699,-0.009942738982360994,0.9983690551349103,0.18812157923267014,0.524833909102849,0.09106398480279113,0.9950216128712616,0.19169431853862048,0.5116939402761917,-0.09738630695002427,0.9992602581069591,0.2083293185347604,0.4751311852818447,0.12757356642257608,0.10230306642396117,0.21091295423961837,0.46780798548743874,-0.15770821202368973,0.9962573448816943,0.21915765319551755,0.4270264378615791,0.07327764126516528,0.3092692097028099,0.22176926831404384,0.4164781840074633,-0.1630587024348124,0.9923060564767754,0.2224101445504599,0.41653713300114614,0.06697236178886327,0.3542405310131257,0.22550909646919812,0.407657196124395,-0.18172873769487669,0.9863133572396785,0.2213783945356098,0.4151026053088055,0.05352645864089334,0.35762838522593204,0.22462054661342093,0.4059915925775258,-0.17426531442574106,0.9828431748208553,0.22049673965999073,0.41849310908998794,0.06402942023816567,0.3842970643724717,0.22356071642466968,0.40924876218750394,-0.15958297607444594,0.9703816913423091,0.19526453741959177,0.6392726642744886,0.05886762216687206,0.9977371834573299,0.19951088939394285,0.6349597942261473,-0.05887801235630403,0.9972323463076644,0.1932851885046279,0.7301793524197175,0.05673049904760864,0.18610708344550375,0.19500279852322183,0.7324491966338389,-0.06238255844939327,0.9165303678739645,0.18468541332653604,0.8176935769262773,0.08768498187973392,0.2518322950317748,0.18715453644593572,0.8303494283131196,-0.043237584332625104,0.9338205712182188,0.17855477758816324,0.8285372626213806,0.0884482193560828,0.47365783509754034,0.18138765792051964,0.8392427620433631,-0.04295219498730844,0.9540655158814937,0.19684908503577836,0.8468214103153779,0.059430685603902494,0.407206319627308,0.20221197818006803,0.8592596139226647,-0.08841569721698768,0.9109594736780446
127,2116.7,0.20188426048982727,0.4904612941401349,-8.784818817817037e-05,0.9990776834033792,0.1975683619578681,0.4854690404165362,0.007518462193686343,0.9987666606903084,0.19694289423170558,0.4857187327884496,0.007534825996983624,0.9979991061346879,0.1962978364456269,0.4859425837085364,0.00755533875365343,0.9988638503210892,0.19729713598887139,0.485365131071636,-0.0117799464081015,0.9992300811268041,0.1964928976127081,0.48550984121504315,-0.011762242586839776,0.9990925987561552,0.19564911226431542,0.48565275186584145,-0.01178850499647005,0.9993695162591487,0.19112130644775588,0.4921538801420306,0.04151100984641487,0.9976691830725904,0.19097242823668903,0.49167454384622156,-0.04606165240208311,0.9991348385810859,0.200813739072709,0.49682551764306604,0.014361846704213404,0.9982532092503146,0.20047736451739373,0.4964799327509747,-0.011074318905316655,0.998343975771042,0.187808251806668,0.524891969703493,0.08969553950287053,0.9950270283789868,0.19111470026629324,0.5118696292241418,-0.09826032462574194,0.9992540138108397,0.20802800925005066,0.47545369608061683,0.12515415712481465,0.10285170979443058,0.21047573288281773,0.46808075053351295,-0.1582376722778594,0.9963869424093345,0.21894958402429324,0.42716108049665213,0.07164005580402562,0.31104056466193447,0.22156595119408212,0.4167663994289583,-0.16347736191181922,0.9924968055316388,0.22232293727852065,0.417075084788459,0.0655486133126986,0.3559865880580178,0.22553379336992918,0.4079548546246123,-0.1821058789889019,0.9865954177720214,0.22128749532359004,0.41561687276476933,0.05234473748576077,0.3593782881895704,0.22466117498420551,0.4062436293988004,-0.17469931500298647,0.9831780620983677,0.22035785587061035,0.4189568076814927,0.06254894942754795,0.38620863642011394,0.22354365459510273,0.4094374222414837,-0.16004738495463428,0.970821054208847,0.19508056981222985,0.639453836849758,0.05887248189676379,0.997703535216196,0.19928326989923217,0.6350743202936087,-0.05888228366772338,0.9971701559566324,0.19302944484211165,0.7303421752793453,0.05654565422307881,0.18735719791480487,0.1945674476169406,0.732544757070996,-0.06228788072864219,0.916274479457311,0.18440202091421412,0.8177535789353513,0.08662916081292295,0.25209569931030296,0.18682761348429194,0.8303858779725581,-0.0433378980628082,0.9339573383331305,0.17816495469638294,0.8286099008151468,0.08727693806091952,0.47635261359668946,0.1810319374005001,0.8393682667187288,-0.043070030531712974,0.9545421657108132,0.1966288600649154,0.8470393703097395,0.05857566211904802,0.4072777969496594,0.20178886254628514,0.8596441944440212,-0.0884046185584296,0.9110453015282047
128,2133.3,0.20102017763115126,0.4905680063224978,-0.0012432621913917726,0.999060511589051,0.19671532369795314,0.4856153967834658,0.006487741556373385,0.9987381952149534,0.1961320340633394,0.4858737502779283,0.0065031292670894286,0.9979583706174585,0.19551429152488725,0.4861124810718358,0.006523047684736201,0.9988399488585342,0.19643347674892075,0.48554732544081586,-0.012865713043581882,0.9992185745920461,0.19565504931268252,0.4857466816902164,-0.0128479702841668,0.9990792898904717,0.19482476299717327,0.4859517855303631,-0.012874332833148195,0.9993585319746116,0.19046398997306838,0.49244352323668383,0.04070604539343292,0.9976204094432657,0.19024098061379946,0.492111451569058,-0.04709537823994958,0.9991229233287637,0.20008992794014174,0.4968991506667368,0.013252130266101596,0.9982237276576821,0.19975252591428316,0.4965601762135827,-0.012243259875547328,0.9983222115607495,0.1875037877332598,0.5250513780684702,0.08895952396449594,0.9950333748544973,0.19059710417475034,0.5120637416839604,-0.09926501235791624,0.9992465178171801,0.20761527050109152,0.47562464362099094,0.12392323570592073,0.10313301001276297,0.20997230566683286,0.4683825756822317,-0.15882839475359248,0.9964915201777511,0.21864773191156855,0.42725520048822707,0.07065565813155406,0.312532166639964,0.2212318409056892,0.41719066103299485,-0.16395254929860442,0.9926477216538936,0.22218679672195812,0.41746210626193486,0.06460327584119074,0.3573429712227415,0.2254879602364133,0.40825750856172505,-0.18261835262888967,0.98681074948538,0.22116857412315566,0.41601028045018545,0.051162937567347605,0.36075510155587,0.22460933029651658,0.40653825373876695,-0.17538085792745875,0.9834327924819227,0.22014596632548755,0.41935655758494456,0.06143797401871005,0.38771516510418513,0.2234002983286269,0.4097454576265247,-0.1606248581693287,0.971129789238885,0.19482415346872253,0.639574874015082,0.058912379401070775,0.9976757055237186,0.19889974948905778,0.6350860397020981,-0.05892142866339006,0.9971114028067823,0.1928790587754478,0.7305371108509251,0.056633546948432964,0.18835666349955982,0.19432242214679732,0.7326010806219925,-0.06233043879980137,0.9164150981676018,0.18423524995644902,0.8177889500345508,0.08640260178418392,0.2519526510011584,0.18656246931779966,0.830341259638469,-0.04354164731644452,0.9340022036007478,0.17803001900513982,0.8286739275569014,0.08701340925125856,0.4778551402546114,0.18075371711027066,0.8393913110097255,-0.04331625607751668,0.9547002372287575,0.1965655095520475,0.8472040182068241,0.05853964033580966,0.4073907676197237,0.20144110137508042,0.860015355405354,-0.08859969320751379,0.9111390653110693
129,2150.0,0.20042833366564358,0.4907780417374204,-0.0018919206340797237,0.999045299632209,0.1961819891418731,0.485876283475331,0.0058150615077465825,0.9987086909157894,0.19562137552670078,0.48613665785108323,0.005829876155725553,0.9979154467582709,0.19501708660806938,0.48637873147215177,0.005849267223051622,0.9988146764891493,0.1958662856902396,0.4858359077147078,-0.013500827497669628,0.999205546719688,0.19508451010499692,0.4860741091626034,-0.013483118997620683,0.9990651181765972,0.19424259662628177,0.4863211299691883,-0.013509542282138555,0.9993471588407247,0.1899842619895936,0.4927492971931187,0.03988956367330892,0.9975686967372894,0.18964422600609926,0.4925496195043837,-0.047709583970052885,0.9991093022482739,0.1995501252157348,0.4970849582127164,0.012540499812790335,0.9982002760682792,0.19916222563811728,0.4967519066163475,-0.012897607205169545,0.9983044096401763,0.18722527048417506,0.5252580770424435,0.08798645436763763,0.9950123216424677,0.19005651772022253,0.5124366538865229,-0.09962243959307676,0.9992414755480632,0.20721624898059035,0.47583113184997033,0.12268476401056569,0.10328041442802978,0.20944996284587059,0.46859542173998714,-0.15867633053234656,0.9965615357671471,0.21835553539650784,0.42749532844339133,0.06986032852104736,0.3132027408906394,0.22085653884070275,0.41745652258396176,-0.16366156722818104,0.99275667326791,0.2220260011298317,0.41780456261975435,0.0637927034071514,0.3578885431800572,0.225316767181669,0.4084875285625459,-0.18227405633245206,0.9869668526308882,0.22099812009504866,0.416347533464432,0.050286297287259814,0.36132630705833446,0.2244496664830617,0.40676256375653413,-0.17518155383212242,0.9836075646536695,0.21990868981395453,0.41971202194690727,0.06060300048972883,0.38847999274730705,0.22316170803138205,0.4099510695253102,-0.16041076715503422,0.9713182662214559,0.19458835784878048,0.639882883855275,0.05885104648768904,0.9976397327014385,0.19846957815544955,0.6353136045592176,-0.05885888609503,0.9970589748450692,0.19264350831508645,0.7307936080864501,0.056500741679753594,0.1886643607701575,0.19396821728774488,0.7328477927616666,-0.06238283536263878,0.9161555724484585,0.1839093778814589,0.8178735886301316,0.085904953203031,0.2511450637664115,0.18623660824128568,0.8304986740861626,-0.0440172768597092,0.9338778768266954,0.1776206940412522,0.8287313452788766,0.08648833153503284,0.47820215991565185,0.18031216732093266,0.8394938749926434,-0.04385767025606975,0.9547774365970068,0.1963337266019413,0.8475943548338755,0.05817108947251526,0.40680585375853967,0.20111498662403665,0.8604575267859872,-0.08898852233375826,0.9109531896454955
130,2166.7,0.20006358410630923,0.4910399147442411,-0.002160898276737758,0.9990329359258927,0.19593774420874474,0.4861943998507093,0.005467779335698917,0.9986815111977718,0.19539117919547233,0.4864515321595332,0.005482108997447156,0.9978757500648507,0.1947946867772512,0.48668957608086744,0.005500830610149679,0.9987916605813166,0.19556795060634619,0.48617342540196035,-0.01378303806164435,0.9991931021213539,0.19476344755717698,0.48644264680998706,-0.01376530747594578,0.9990520945617137,0.1938922852277756,0.48672130491052373,-0.013792025856673724,0.9993367578302116,0.18967744069440032,0.49304426355021364,0.03926054840641364,0.9975212429250991,0.18918225382055565,0.49297394284180235,-0.04800981363015519,0.9990956485271458,0.19918259339673183,0.49733300932816127,0.012170873183224892,0.9981818667479929,0.1987106565918243,0.4969989167792461,-0.013177662089999237,0.9982893935271676,0.18699289858341225,0.5255126016480585,0.08716098325593132,0.9949791048254293,0.1895263354693141,0.5129194557666781,-0.0995909396026816,0.9992374352046427,0.2068003224475044,0.4760391754763469,0.1220467590859959,0.10332786664366728,0.20889816220317584,0.46877212396689855,-0.15805406336273475,0.9966049662658152,0.2180449600730624,0.42783714192254246,0.06983335901583948,0.3134644521134242,0.22041297278233954,0.4176662713289263,-0.16285360072340288,0.9928355813026434,0.22184186960969668,0.4180961357695717,0.06372642463871415,0.35797442921570394,0.2250507676175663,0.4086644138608662,-0.18136078119277965,0.987079356397902,0.22078377221311846,0.416633201496942,0.05011069402098659,0.36144989090306434,0.22419990173407967,0.4069406922374455,-0.1744729269828117,0.9837264333452501,0.21963148883410868,0.42003887678895696,0.06051217445305419,0.3888263936553685,0.2228246576019698,0.4101064162594934,-0.15969581689153403,0.9714253885405413,0.1943519754069192,0.6402842317308702,0.05874124515269486,0.9976027139595582,0.19795065053871713,0.6356287002563481,-0.058747597570930246,0.9970128834247594,0.19238300940820158,0.7311168866498134,0.0562455954828433,0.1885934823325703,0.19359115085431516,0.7331941085202354,-0.06249020807445055,0.9158030322619853,0.1835280443940845,0.8179816859109065,0.08524680882692337,0.24995941030127675,0.18589321736778538,0.830749690532685,-0.04477667515831336,0.9336292871407105,0.17712572855608807,0.8287852874823983,0.08581137444291799,0.4776435941457752,0.1797846193824496,0.8396158431257524,-0.04471465466277943,0.9546981368746077,0.19604911442313885,0.8481153973511288,0.05759742110967638,0.40600073763302424,0.20080862194299715,0.8609638086387095,-0.0896158080015864,0.9106281484876366
131,2183.3,0.19992592895314823,0.49135362534295957,-0.0020501951193658743,0.9990234204701018,0.19598258889856807,0.48656974590960034,0.005445895040230389,0.9986566560609004,0.19544144506965389,0.48681837320327803,0.005459827792254238,0.9978392805371978,0.19484709203243267,0.4870450148979826,0.005477737846030371,0.998770901135036,0.19553847149724052,0.4865598785025735,-0.013712344735506036,0.9991812407970436,0.19469186166922264,0.4868522946323673,-0.013694535719142075,0.9990402190458214,0.19377382880165464,0.48715231035436923,-0.013721783556753691,0.9993273289430715,0.1895435260874885,0.49332842230796836,0.03881899959274703,0.9974780480066938,0.1888550640571686,0.4933844215813137,-0.0479960672202565,0.9990819621653791,0.1989873324831327,0.497643304013071,0.012143250377405266,0.9981684996968229,0.19839781877540427,0.4973012067022784,-0.013083424530036395,0.998277163221723,0.18680667203097126,0.5258149518853145,0.08648311062937694,0.994933724403382,0.189006557422025,0.513512147324426,-0.09917051238673073,0.9992343967869177,0.20636749090183357,0.4762487745001204,0.12200922093221131,0.1032753666596754,0.20831690373874864,0.4689126823629657,-0.15696159324475703,0.996621811673755,0.21771600594123214,0.4282806409256804,0.07057474961593041,0.3133173003083185,0.21990114273059952,0.41781990726788854,-0.16152864978426984,0.9928844457580935,0.22163440216155303,0.41833682571138675,0.064404439535879,0.3576006293296817,0.22468996154410506,0.40878816445668564,-0.17987852720987244,0.9871482607864208,0.22052553047736492,0.41686728454771527,0.05063612776852793,0.36112585309005946,0.2238600360495704,0.40707263918150083,-0.17325497737952658,0.9837893985566643,0.21931436338594987,0.4203371221110936,0.06116549590868613,0.3887543678283693,0.2223891470403901,0.4102114978290743,-0.15848000737882803,0.971451156196141,0.19411500614313854,0.6407789176418672,0.05858297539608821,0.9975646492980781,0.1973429666388604,0.6360313267934895,-0.0585875630910908,0.9969731285458525,0.19209756205479317,0.7315069465410148,0.05586810835770205,0.1881440281867982,0.19319122284650808,0.7336400278976983,-0.06265255693523665,0.915357477608182,0.18309124949432568,0.8181132418768752,0.08442816865586097,0.2483956906057541,0.18553229669729876,0.831094308978036,-0.045819842212256955,0.9332564345427927,0.1765451225496474,0.8288357541674662,0.08498253797491395,0.47617944294498116,0.1791710732948213,0.8397572154090522,-0.04588720929764569,0.9544623380615599,0.19571167301564005,0.8487671457585835,0.056818635247293,0.40497541924317726,0.20052200733196188,0.8615342009635207,-0.0904815502109982,0.9101639418374927
