frame_idx,timestamp_ms,lm_0_x,lm_0_y,lm_0_z,lm_0_vis,lm_1_x,lm_1_y,lm_1_z,lm_1_vis,lm_2_x,lm_2_y,lm_2_z,lm_2_vis,lm_3_x,lm_3_y,lm_3_z,lm_3_vis,lm_4_x,lm_4_y,lm_4_z,lm_4_vis,lm_5_x,lm_5_y,lm_5_z,lm_5_vis,lm_6_x,lm_6_y,lm_6_z,lm_6_vis,lm_7_x,lm_7_y,lm_7_z,lm_7_vis,lm_8_x,lm_8_y,lm_8_z,lm_8_vis,lm_9_x,lm_9_y,lm_9_z,lm_9_vis,lm_10_x,lm_10_y,lm_10_z,lm_10_vis,lm_11_x,lm_11_y,lm_11_z,lm_11_vis,lm_12_x,lm_12_y,lm_12_z,lm_12_vis,lm_13_x,lm_13_y,lm_13_z,lm_13_vis,lm_14_x,lm_14_y,lm_14_z,lm_14_vis,lm_15_x,lm_15_y,lm_15_z,lm_15_vis,lm_16_x,lm_16_y,lm_16_z,lm_16_vis,lm_17_x,lm_17_y,lm_17_z,lm_17_vis,lm_18_x,lm_18_y,lm_18_z,lm_18_vis,lm_19_x,lm_19_y,lm_19_z,lm_19_vis,lm_20_x,lm_20_y,lm_20_z,lm_20_vis,lm_21_x,lm_21_y,lm_21_z,lm_21_vis,lm_22_x,lm_22_y,lm_22_z,lm_22_vis,lm_23_x,lm_23_y,lm_23_z,lm_23_vis,lm_24_x,lm_24_y,lm_24_z,lm_24_vis,lm_25_x,lm_25_y,lm_25_z,lm_25_vis,lm_26_x,lm_26_y,lm_26_z,lm_26_vis,lm_27_x,lm_27_y,lm_27_z,lm_27_vis,lm_28_x,lm_28_y,lm_28_z,lm_28_vis,lm_29_x,lm_29_y,lm_29_z,lm_29_vis,lm_30_x,lm_30_y,lm_30_z,lm_30_vis,lm_31_x,lm_31_y,lm_31_z,lm_31_vis,lm_32_x,lm_32_y,lm_32_z,lm_32_vis
0,0.0,0.17760464974812104,0.620786896773747,-0.008978600214634622,0.9996689770902908,0.18020205022323704,0.6130499641100565,-0.0036511074175082504,0.999734286751066,0.1800542385095642,0.6124018544242494,-0.0037048683457431347,0.9997389188834596,0.17983730492137728,0.6116019118399849,-0.003766355032677804,0.9998052503381457,0.1795831741321655,0.6114025967461724,-0.02097886703198864,0.9997591135047733,0.17896895536354612,0.6098445313317435,-0.021002866638203475,0.9997284227893464,0.1782625079864548,0.6082323846362888,-0.021030841750048455,0.9997992912928263,0.17369728570892687,0.6037274882906959,0.02241282861325004,0.9994970758756007,0.17217172717764265,0.6016060213247937,-0.05529031485673927,0.9996294152169,0.1724667676857539,0.6237497556777227,0.0027288853210241863,0.9994950436410452,0.1712496614172345,0.621031559648968,-0.020033734007960272,0.999658485253652,0.1486494175734974,0.6274828896636053,0.07347045785614423,0.9995814235437485,0.14854716367664797,0.628623760881878,-0.091931645181917,0.9999228559789204,0.13970600778148284,0.6914938007082261,0.1125135877657504,0.30128264640058805,0.13619691772120346,0.7012976776985897,-0.10384420997330114,0.9844595605418798,0.16536028151001253,0.730576780580339,0.08981937560297196,0.675763536067236,0.14624980092048645,0.7780153879097528,-0.06933872490411709,0.967046598593394,0.17058157104821434,0.7367101921921686,0.09251203210580915,0.6623423440115792,0.1498085977066131,0.7944639197417671,-0.08050610196022759,0.9502315904412953,0.17197028405609585,0.7378516310737246,0.07535221214805332,0.6800121920449393,0.15428263977879575,0.792189234778995,-0.07162247491734369,0.9449478373641057,0.16974597282352902,0.7380229106971199,0.08178893831514177,0.6580065176600502,0.1532332411124593,0.7864564032781692,-0.0646044947206974,0.9098608153206966,0.10300054383419814,0.7104994924295516,0.05345241716575056,0.9976432138965247,0.09986953259933563,0.7144824578648522,-0.053381170545305535,0.9990198938619527,0.12283916327924953,0.7972170909245813,0.0862010220686595,0.3766401452677592,0.12402197984712462,0.80772165173576,-0.04442208650566285,0.988180403198515,0.11145093788703289,0.893956893966312,0.13668845452013467,0.5281435066745397,0.10854334756731987,0.9099600428626654,-0.019817770883535243,0.9862230888434818,0.10566702006118643,0.9143045047918954,0.14089058481511615,0.5209546855517797,0.1019662976974533,0.9257306939079647,-0.018463615960042413,0.9662567958945324,0.1363545258839925,0.9140959495589848,0.1337662591111092,0.6788009192262379,0.1341356886994271,0.9280978384472075,-0.040281221226212555,0.9794722454888484
1,16.7,0.17781708708831248,0.6195168580327713,-0.010015664755233696,0.9996141110147752,0.18031462494816103,0.6113752765314919,-0.004744602799681681,0.999653045620237,0.18015061851058695,0.6106326792921338,-0.004799544179279889,0.9996614711625232,0.17992153870207925,0.6097146655832022,-0.004854616077084626,0.9997572387967792,0.17967238915818085,0.6099922571863449,-0.022693215071090626,0.9996847765786311,0.17904472776821687,0.6084881297179632,-0.02270996304494995,0.9996403668607985,0.1783309844987734,0.6068701999528069,-0.022741061502269344,0.9997347252709528,0.1737409681081771,0.6022915669849941,0.020586893893778335,0.9993657767772679,0.17221963086298533,0.6006837657519752,-0.05959828570485116,0.9994947441986629,0.17255893030336925,0.6223484703472683,0.0015643524529878063,0.9994260157857626,0.1713956817984581,0.620069865669523,-0.021882927311318263,0.9996161971773423,0.14871482657534738,0.6266664394310543,0.07131519913673402,0.9995914740221841,0.14812342183930538,0.6295317496572221,-0.09553438797593117,0.9999205044337683,0.14075843883412223,0.6890405373913903,0.1098892848406519,0.303474756223815,0.1352750126804625,0.7031011879444125,-0.10668565279671122,0.9843755321843287,0.16542291215487895,0.7303408214024135,0.08699278267366548,0.6828566576753345,0.1456042953899929,0.777404031583241,-0.07686063540833335,0.9676771334239415,0.17046061051743375,0.7369359774248944,0.08953155257872174,0.6695270836353302,0.14842550456523898,0.795211025646755,-0.08855537910546575,0.9514108938830242,0.17185318895748686,0.7379489498479026,0.07306145344461716,0.6869889923504421,0.1523889697023801,0.7931783327034545,-0.08099287641899927,0.9462143267904007,0.16970172950199677,0.7379431554249358,0.07923887776476997,0.6646392004830499,0.1518207618168423,0.7873997858592444,-0.07265282581959454,0.9115094797951838,0.10387354237692702,0.7104315502302988,0.053336428744452345,0.9976704631532944,0.09996117811117851,0.7161735807146347,-0.053275704383850105,0.9990235652242391,0.12436600934181895,0.7962546476296019,0.0859639564795154,0.3779615674700057,0.12419496583087102,0.8079089948109219,-0.041573863742607006,0.9883645049163278,0.11293688948665352,0.8895707811628074,0.13840595366699354,0.5301882284028191,0.10861751011439733,0.9100991232054577,-0.012730266857293601,0.9863735607692173,0.10694431886076933,0.9082631639071875,0.1427848168781826,0.5242245750767845,0.10209619892495024,0.9259358601910727,-0.010942828592046058,0.9666241066796443,0.1366158979279654,0.9096578657627108,0.13586374638336043,0.6799758928162712,0.13421138588871276,0.9277557858398983,-0.031961893130626036,0.9796506592205598
2,33.3,0.17791663748877398,0.6181830508368354,-0.011430505530110427,0.9995643453938623,0.1803462420191084,0.6097258968012673,-0.006162403783361827,0.9995779991149902,0.18017216239656733,0.6089211234024593,-0.006217443949675985,0.9995881446770256,0.17993555643728804,0.6079269519874032,-0.006267297630464392,0.9997129482882366,0.17965032266719008,0.6085564494132998,-0.02452766376414469,0.9996172232287275,0.17899210751056677,0.6071099511214666,-0.024538962037435608,0.9995597771235878,0.17825509182044452,0.6055060029029848,-0.02457184291311674,0.9996769343103685,0.17371102741786407,0.6008344973836627,0.01894508807786874,0.9992480235440394,0.1721574387380055,0.599630666630609,-0.06291051182363716,0.9993767780917033,0.17255688245807377,0.6209755965641568,0.00016548931931278585,0.9993689911706111,0.1714317851832935,0.6190429202147893,-0.023732533412320275,0.9995826312473848,0.14888390898704532,0.6258547987256732,0.069573562592268,0.9996033310890198,0.14761509320565636,0.6301159177507673,-0.09841706603765488,0.9999192655086521,0.14189716215644563,0.686890938452312,0.10774367888058935,0.30912150655473997,0.13440366089344033,0.7044579344136377,-0.10881772105182921,0.9844149606568476,0.16553352453878953,0.7300861435277123,0.08503147267869543,0.6909390389919283,0.1450244741780418,0.7769267133304052,-0.08277464817677226,0.9685796073504856,0.1704077827078956,0.7371775422777452,0.08739962428808215,0.6775057528700147,0.1472963243722916,0.7955144260610857,-0.09488526678511076,0.9529337968145102,0.17182137178523205,0.7380593376500267,0.0715785452297756,0.6946681908198765,0.1508802090372359,0.7937375605106357,-0.08850692319018502,0.9478788418429237,0.16973947095019487,0.737858538116728,0.07755347660609656,0.6719959037644526,0.15060214804751543,0.787984132766724,-0.07905018968241559,0.9138648254530775,0.10476723260113176,0.7103421645505088,0.053285920460309305,0.9976511555058619,0.10004182638866557,0.7172194293567115,-0.053233855004821515,0.998997062444687,0.1254932263067791,0.7954138134207046,0.08434452701892177,0.37650038940565944,0.12433452957442827,0.8079613021441869,-0.04063569514879162,0.9881687504904616,0.11414024127381193,0.8864112240927565,0.1363484556121486,0.528724444764001,0.10869812592864037,0.9101820843560359,-0.008952190103757763,0.986165178673608,0.10793912091425492,0.9037210302693507,0.1406312063336373,0.5257513991424018,0.10220777669123246,0.9260343611240387,-0.006852955906651944,0.9665371647902902,0.13678589037486485,0.9065286389419014,0.13352907502225467,0.6777634322643282,0.13421027575220384,0.92755098428045,-0.027373538086456952,0.9793207219668805
3,50.0,0.17790330094950552,0.6167854751859396,-0.013223122539264824,0.9995196802275528,0.18029690143607924,0.6081018249193832,-0.007904510368548695,0.9995091472353261,0.18011887016750527,0.6072671867552262,-0.007958567656931429,0.9995189394269678,0.17987935812700376,0.606238771052588,-0.008004399692817108,0.9996723788125181,0.17951697465919325,0.6070951734270373,-0.02648221311115085,0.9995564534550627,0.1788110945905959,0.6057099955422542,-0.02648986361566046,0.9994866535777145,0.17803482995146808,0.6041397934868227,-0.026523185982590652,0.999625918411074,0.1736074636379879,0.599356279486702,0.01748741116552127,0.9991438161759156,0.17198515080270327,0.5984467239606952,-0.0652269932130973,0.9992755168960216,0.1724606241498676,0.6196311343283885,-0.0014677040800008755,0.9993239697955911,0.17135797157174076,0.6179507232847672,-0.02558255231096633,0.9995577874637793,0.1491566648085913,0.6250479675474625,0.06824554822274621,0.9996169947442561,0.14702217777570098,0.6303762651625138,-0.10057967936708821,0.9999191392035718,0.14312217774845315,0.6850450038909917,0.1060767698855628,0.31822289739336307,0.13358286236013694,0.7053679171062657,-0.11024041473865517,0.984577845959437,0.16569211866174438,0.7298127469562354,0.08393544561806185,0.7000106800170176,0.1445103372846332,0.7765834331512456,-0.08708076320943384,0.9697540203730272,0.17042308761959996,0.7374348867507214,0.08611624723389041,0.6862783517156333,0.14642105712777104,0.7953741209847593,-0.09949576499916266,0.9548002992357534,0.17187483253933145,0.7381827944800973,0.07090348750352865,0.7030497874532433,0.1497563577833631,0.7938669182005389,-0.09416461523090097,0.9499413825216754,0.16985919716812328,0.7377690587724963,0.07673273483912155,0.6800766275042585,0.1495773998044787,0.788209444000608,-0.08379658630916056,0.9169268522943776,0.1056816145068124,0.7102313353901824,0.05330089231332147,0.9975852909542273,0.10011147743179692,0.7176200037910829,-0.05325562240821978,0.9989403855232972,0.12622081417412995,0.7946945882978899,0.08134273368687864,0.3722566110747204,0.12444067107779648,0.8078785737355556,-0.04160758072421667,0.9875931399209166,0.11506099324850816,0.8844782227561594,0.1305159603555998,0.5237521557580861,0.10878519501004907,0.9102089263144,-0.008483540622927698,0.9855979425566544,0.10865142622164325,0.9006781038783851,0.13442975318148032,0.5255351577486315,0.1023010309963,0.9260261967068634,-0.006193997903860045,0.9659959702264702,0.13686450322469085,0.9047082690965569,0.126762245027792,0.6721635375704089,0.1341323582899004,0.9274834337688634,-0.026516156093705286,0.9784824337278101
4,66.7,0.17772799304553455,0.6153836307071509,-0.015959057025611414,0.9994713238307416,0.18015808647587198,0.6065530805360708,-0.010472179656582228,0.9994355440139777,0.17998218181587414,0.6057282828149345,-0.010523311394665929,0.9994420352436255,0.17974476941994272,0.6047199595542185,-0.010566064777473617,0.9996286715779994,0.17924200991789513,0.605677445729574,-0.028990402551633994,0.9994927162215831,0.17845902414548975,0.6043796227091839,-0.02899691719739212,0.9994092555273154,0.17761829211598362,0.602894246578217,-0.029029176437429038,0.9995744994708478,0.1734127075899216,0.5977927134150556,0.016142762931329876,0.999034416107905,0.17167644699414583,0.5971488526889261,-0.06636387748377669,0.9991776375543512,0.17220372316383192,0.6183668857529054,-0.0037215411291635133,0.9992845909936094,0.1711021640471051,0.6168297500837421,-0.027751597620192046,0.9995392277127226,0.14952212501139878,0.6240985762505309,0.06772832927249732,0.9996339650381186,0.14623023072878533,0.6301106980868754,-0.10233693037714284,0.9999210266839897,0.1444910963376364,0.6835871622675946,0.10507283253329149,0.33090437310082593,0.13282360136508953,0.7056919251169482,-0.11103707693872004,0.9849219889867881,0.16585974395275127,0.7294509496007653,0.08398588533912392,0.7099261794771472,0.14418359597524016,0.7766977747281398,-0.08982127940370929,0.9715185477620086,0.1704352200031282,0.7377100246293209,0.08583520920503714,0.6957650383313502,0.145992174035027,0.7947110562097464,-0.10246529359193082,0.9574670820009148,0.17191772872493394,0.7382840599332542,0.07124606307063788,0.7120086295264113,0.14923462626479933,0.793534724485307,-0.09824181631917053,0.9529249469439196,0.16999899489539022,0.7376498948960082,0.07707274847087411,0.6886992539678306,0.1488261279605685,0.7881324489911403,-0.08701827128728237,0.9215115904808051,0.10644182882138668,0.7100656004179097,0.05349039499248781,0.9974569706689751,0.10011111696561185,0.7169400850931809,-0.0534488837279025,0.9988467920394178,0.12635127561432985,0.7937477798688986,0.0755498050933793,0.3627949314458032,0.1245401342000281,0.8074611482166114,-0.04804407379456932,0.9863795297486448,0.11598334390492675,0.8842532634735114,0.11586746325095504,0.5125576825368976,0.10886589898949586,0.9100985243206939,-0.016566414266846907,0.9843661387761441,0.10911109085593912,0.8990864015760882,0.11863989418461218,0.5220474998156234,0.10236430735815147,0.925828016939618,-0.014316317481210556,0.9646155436833705,0.13683152411665245,0.9047441227095474,0.10924709304457628,0.6606656738689972,0.13390623245920463,0.9276668940271656,-0.03505431328501023,0.9767738098189951
5,83.3,0.1775044848521552,0.6138156964665371,-0.018359854063462657,0.9994433777672911,0.1799376053469523,0.604949826285953,-0.01273883067603623,0.9993879199028022,0.17976911507901705,0.6041637942904523,-0.01278677454129572,0.9993891233489635,0.17953694576308854,0.6032108437447325,-0.012828484532378979,0.9996007964724594,0.17888239522775026,0.6041291242554079,-0.03101041771116713,0.9994539419809985,0.17801818606399367,0.602897323313214,-0.03101713494175959,0.999360294569107,0.17710499536423469,0.6014808075768612,-0.031046760401555493,0.9995440840721137,0.17314875693548307,0.5963141236986437,0.015029982752388444,0.9989726656959177,0.17127118082273585,0.5956959979874752,-0.06642498466230579,0.9991242204393667,0.1719343115886054,0.6170522712525872,-0.005776746647565497,0.9992716965221231,0.1708280004206159,0.6155850546700619,-0.029484196078209672,0.9995365142822273,0.15001635253429424,0.623373891626086,0.06675053973283092,0.9996509183020826,0.1454484420163292,0.6298480715070456,-0.10253071536620464,0.9999229680924195,0.14594054505938586,0.6822353686605186,0.10395195760897236,0.34759736203012037,0.13204579126267213,0.7057303218614492,-0.11052294359320694,0.9853627114068901,0.16610682933103482,0.7291204844202319,0.08454120620375594,0.7213649976821178,0.14379768428348372,0.7766701976458237,-0.08998713571400876,0.9731382216726038,0.17062630681764523,0.7378967205683395,0.08616614306256891,0.7064361032985511,0.14554948395206824,0.7939205879256844,-0.10250524466946019,0.9598599984532318,0.17216882038684134,0.7383845391727635,0.07213413360573001,0.7220970108395537,0.14884091629868473,0.7930094457808,-0.0989318557438397,0.9556007498786571,0.17030695648420435,0.7375330272175022,0.0779114858735176,0.698538028058552,0.14822112520535796,0.7877208136376885,-0.08747728949501407,0.925729550066449,0.10752198171047944,0.709911289669219,0.05354939773678784,0.9972876821245472,0.1001806869393304,0.7162463523092729,-0.05351128713006069,0.9987267766680044,0.12639475081648155,0.7933597990444734,0.06987575689951583,0.3531911656970072,0.12454508564301908,0.8071722359884359,-0.05108753041852092,0.9850466648737596,0.11635358312300281,0.8848252126148776,0.10372650871674227,0.5001974857988816,0.10896774700709759,0.9100609989393331,-0.020360983109899942,0.9830951009477895,0.10927729876268485,0.899209550448827,0.10578459288392755,0.5178653001785283,0.10240278605903905,0.9256146039281579,-0.018159724616756058,0.9631696570487257,0.13675440705957875,0.9056091933023369,0.09550698314394276,0.6479452678135468,0.13365983750138974,0.9278619743528828,-0.03920798748731616,0.9749081248328806
6,100.0,0.17728347437722355,0.6123752452078324,-0.019776200698245153,0.9994243411790764,0.17972098929541463,0.6035168312844781,-0.014116981199809494,0.9993486830166415,0.17956363374278672,0.6027444430759978,-0.014163216753374973,0.9993461796215609,0.17933785489627307,0.6018079661187676,-0.01420420492511421,0.9995782318569373,0.1785577124073393,0.6027431828635084,-0.032211613619611404,0.9994233307384317,0.1776314980926969,0.6015436876387827,-0.03221834025212699,0.9993226726849882,0.17666075627009087,0.6001598182178682,-0.03224601108758225,0.9995197398321976,0.17290019350392488,0.5949457344554724,0.014139724185778992,0.9989260917618168,0.17088199158509587,0.5942923596927102,-0.06667124941235503,0.9990805841627582,0.17169952037788586,0.6157988962673011,-0.007082694720122082,0.9992655685969769,0.1705849660294398,0.6144114477293836,-0.03056408890656065,0.9995375445910869,0.1505413367634729,0.622809231281281,0.06557534227059006,0.9996667532693779,0.1448928401583718,0.629549432368506,-0.10248452850750522,0.9999246512140554,0.14736732343832662,0.6814277682985583,0.10251389372916456,0.3659191841170904,0.13135773014454624,0.7056220627966386,-0.11014627026660109,0.9857914249102282,0.1665475396882921,0.7289744530405322,0.08406644988627668,0.733477583953313,0.14332676927248647,0.7762969505219237,-0.09098227925243837,0.9746450526373733,0.17110451984973193,0.7382605302901499,0.08547738017070866,0.7176009501729698,0.14527739868277606,0.7929029152506879,-0.10362782755068378,0.9620719296591629,0.172776093085607,0.7386686858676734,0.0718374113951411,0.7326923041116629,0.1486293347108933,0.7922293032918664,-0.10041225701570519,0.9580686518124177,0.17090150784878516,0.7374399077324645,0.07764638144345516,0.708933001472837,0.14776686756383817,0.7870724314735055,-0.08867850686822626,0.929647828851428,0.10879571239153552,0.7098057866096501,0.05351924984937626,0.9971235990524299,0.10036026331640432,0.7155394440605531,-0.05348398004259386,0.998614166464125,0.1262806455294292,0.793729410285042,0.06707039759272626,0.34602060630208,0.12451419234275828,0.8070631452969148,-0.05228800699114803,0.9840092886061903,0.11582131825742276,0.8853529691696174,0.09938037714787898,0.49105884205727385,0.1091694374169623,0.9101374177705681,-0.022751713215950008,0.982232108002618,0.1092150874790692,0.9001501089050662,0.10128889232873925,0.5159926613171899,0.10249861436230803,0.9255547182900572,-0.020726365525098087,0.962315548033942,0.1367118564390002,0.9062085435504011,0.09059462447961178,0.6380267682529636,0.13355450615996417,0.928135221912748,-0.042327059166772055,0.973510892618271
7,116.7,0.1771662590049563,0.6110718704405289,-0.022951297018499617,0.9994142594791602,0.17960053540411464,0.6023282210032149,-0.017256216988677082,0.9993210378147314,0.17945625171774923,0.6015770690781734,-0.017300608434847438,0.9993164879935135,0.17923980312688023,0.6006670906430203,-0.01734076511292232,0.9995628765651166,0.1783787146920251,0.601566266445887,-0.035332474591476606,0.9994025656155185,0.17742431305703676,0.6003674808002658,-0.03533981793693136,0.9992978374163317,0.1764282733201982,0.5989788373311364,-0.035366177558898954,0.9995025651795532,0.17276058097680425,0.5938513307344351,0.011655549851379232,0.9989021392095664,0.17061658061686027,0.5930188383374899,-0.06907618826343905,0.9990524195489436,0.17158728979882754,0.6146481207438882,-0.010065060175423118,0.9992680379322605,0.17046283114524127,0.6132747247105558,-0.03351808525621894,0.9995434340976541,0.15113106086140599,0.6224993438947772,0.06365345471671655,0.9996805503254852,0.14451461746579136,0.6291558628990541,-0.10445387803372891,0.9999263002758941,0.1487519145011903,0.6813126575379149,0.10055659072739745,0.3835699246043254,0.13078072738079805,0.7055917864754092,-0.11197545414879216,0.9861818097886592,0.1671344190835954,0.7290433503332597,0.0829199013255892,0.744399039518266,0.14288431476979038,0.7755871755736221,-0.09488561572063543,0.9760017167954225,0.17180604736010247,0.7388310886564714,0.0843678528354282,0.7274219138281691,0.14523125475361243,0.791708355858213,-0.1078457740091143,0.9640464669182194,0.17364472434634265,0.7392993285542449,0.07071657762641004,0.7420600879760021,0.1485407693045481,0.7911515321050377,-0.10487033887988052,0.9602678503308983,0.17164971573012228,0.7376564059938708,0.07651842385530477,0.718208960124425,0.14743586877981835,0.7861830478622805,-0.09275514242194954,0.9331530928611762,0.11006336978503643,0.7097333584512988,0.053463818771498584,0.9969870135897689,0.10061222634145198,0.7149859780357002,-0.05343149052489375,0.9985185861587531,0.1263891039859682,0.7940195628574922,0.0666235092849959,0.34028900379226346,0.12457456439733514,0.8069532031104684,-0.05306226476317364,0.9832837354569215,0.11566440299862915,0.8855207761128749,0.0995235191214653,0.4839299846263162,0.10950224385375076,0.9101271771249324,-0.02404768152960711,0.9817051575297409,0.1094371662253426,0.9005424919582555,0.101478564242522,0.5149752895037336,0.10258707084826069,0.9254721119290312,-0.022021389344618447,0.9618968254043949,0.13709082560879854,0.9067275183541441,0.09057598525569559,0.6297852368581867,0.1336554629462107,0.9284310284115026,-0.04406658418121795,0.9724637610571731
8,133.3,0.1771234174569449,0.6096863775026236,-0.025087665322990664,0.9994057927812856,0.17953101013387965,0.6010326487677442,-0.019343786518133836,0.9992980729965943,0.17939477094582162,0.600319848174141,-0.019387296223569498,0.9992916328566421,0.17918328231289285,0.5994610729671664,-0.019427586036423854,0.9995503737812957,0.17826871999672494,0.6001987457275395,-0.0374075555730434,0.9993855584235425,0.17729619713056669,0.5989827911059066,-0.03741640810455597,0.9992774895259319,0.17628364903586263,0.5975931116512847,-0.037443215293543705,0.999489034925189,0.1726825088262559,0.5928828716278081,0.009867932292677115,0.9988852483885636,0.17041297185988663,0.5917203284445267,-0.0709748445522218,0.999032880578723,0.1715444482508161,0.6134231289227808,-0.012066518932226166,0.9992694854736335,0.17040187262353457,0.6120072773524696,-0.035507955987538635,0.9995487190428242,0.15160055316629878,0.6222570510137653,0.06211537229163311,0.9996895733333776,0.14433671888850994,0.6285905383882073,-0.10613534315710985,0.999927290848324,0.1498272113856816,0.681478009337471,0.09858610019797379,0.3957852479957402,0.1302625849133447,0.7054743795167837,-0.1138039497392519,0.9864262314069846,0.16785991617611487,0.7291554099037538,0.08190711374793741,0.7508483472324559,0.14262325848851895,0.7738908557664785,-0.09709272143386666,0.9769965325083059,0.17257230622427816,0.7396399151711242,0.0834554770872707,0.7328940885407589,0.14547177439644232,0.7904155509812496,-0.11017192793743959,0.9654907158442914,0.17462368877161127,0.7403681391761422,0.06971405375571482,0.7472976843516038,0.14885965557325465,0.7891250167574207,-0.10698147756712785,0.9618768720399772,0.17249756341888806,0.7382060544831417,0.07544294248024627,0.723320725418273,0.1481421355690276,0.7842667613710681,-0.09492779239302597,0.9357465505599982,0.11095409627471658,0.7096148672558018,0.05342207866765208,0.996847955953508,0.1009045892528126,0.7146317078953703,-0.05339086960468978,0.9984231903439484,0.1264836887518566,0.7942766774268384,0.06641100098689402,0.3333491995221095,0.12475977944476274,0.8068749280202961,-0.053109432614985005,0.9825383623441069,0.11547066980884196,0.8856056133906053,0.09955418074414851,0.47637447430973995,0.10996957761900773,0.9099372256369824,-0.023914043924638223,0.9811578761963624,0.10961726981969114,0.9006719787915554,0.10151811369827823,0.5131818311555049,0.10276211159569884,0.9252451431183595,-0.021799549460411086,0.9614588249297376,0.13761691678138016,0.9071680619603117,0.0901097598529998,0.6213398831231258,0.13386575097129466,0.9286651384262818,-0.0440246654408319,0.9713650005204344
9,150.0,0.1771657601708459,0.6082249510855906,-0.028578913460175215,0.9994017964317692,0.17952607643036628,0.5996523840086805,-0.022675144885267548,0.9992828880037588,0.17939343055089327,0.5990045524778824,-0.022717659317311803,0.9992752983456573,0.17918307866368988,0.5982186623982024,-0.02275824945952213,0.9995425797644123,0.17824859136626847,0.5986754809107104,-0.04083338539515226,0.9993744747979307,0.17726835111777,0.5974186147962302,-0.04084363952279094,0.9992637747810008,0.17624941042491382,0.5960179198355906,-0.04087060743144583,0.9994790951410937,0.1726704239845277,0.591932302429563,0.007409734052738978,0.9988768867083966,0.17032902084645782,0.5903799987974625,-0.07388058304786688,0.9990218593960724,0.17165507163320282,0.6122109662918822,-0.015165825773562715,0.9992712650980274,0.17046863266399942,0.6106883769943605,-0.03872301802039149,0.9995536236535942,0.15201820007392347,0.622038046518962,0.06079711729571938,0.9996966151964104,0.14419805364949373,0.6279058683486216,-0.10878576480206997,0.999927549135118,0.1503036639520101,0.6814788863772443,0.09762771179278698,0.40469587984539246,0.12977110346158355,0.7049071419806713,-0.11670577384176717,0.9866075515747078,0.16849598075662353,0.7293870590981988,0.081336283612819,0.7554202108156118,0.14250068934190852,0.7703417028699608,-0.10045943125372848,0.9777466512861713,0.17319289488451833,0.7405827329272321,0.0828028587358339,0.7367555385544191,0.1460217833518983,0.787327388922374,-0.11372400784776333,0.9665973413558241,0.1754115585769927,0.7416018900417152,0.06920801990088968,0.7510532452946623,0.14966130327610755,0.7848734117689593,-0.1104810589126179,0.9631181557973232,0.17322937008880446,0.738835581711361,0.0748784176650502,0.7269880317506341,0.14942854713825965,0.7801483245123007,-0.09828190824815213,0.9377354326702307,0.11145380103871944,0.7095053281102867,0.05357498551408454,0.9967429467609957,0.10124183517126817,0.7144208153088892,-0.05354597348542445,0.9983441120102299,0.1266500637644814,0.7945758359772824,0.06782372047503794,0.3280344903469088,0.12507385405756188,0.8068948246183856,-0.05393982554475471,0.9820370447067994,0.11550773609252211,0.8857331304323112,0.10298300392570957,0.47226000115984995,0.11050493412074597,0.9095860719680793,-0.023889380108032925,0.9808630460784555,0.10985723776476733,0.9004637854439879,0.10515823995783223,0.5131446605636963,0.10304028363454917,0.9249728492328106,-0.021636233177213457,0.961229276089442,0.1381050149599712,0.9075434945878535,0.09355309321766814,0.6157743192854386,0.1340886169955845,0.9288332263628649,-0.04417490923688529,0.9705908553940916
10,166.7,0.17721393420582737,0.6066756305240454,-0.031405446163955214,0.999406385989417,0.17951242129007988,0.5981650976907644,-0.025340573063918542,0.9992815937314722,0.17938417054357997,0.5975933330399654,-0.025382550876765043,0.9992735272362125,0.1791793987864541,0.5968938186055142,-0.025424018236143264,0.9995433546247943,0.1782130620309286,0.5969757976986118,-0.043506510023559875,0.999374381133489,0.17722585371562427,0.5956576182728727,-0.04351749945254556,0.9992625599815739,0.17620394343421586,0.594240784645081,-0.0435437004835833,0.9994770629065385,0.1726732544955754,0.5908773030553549,0.005675123538821939,0.9988851887839189,0.1702793786923092,0.5889446394784115,-0.07570956576438183,0.9990252228010277,0.1718543555055347,0.6109532259759454,-0.017613018951600518,0.9992798169453946,0.1705863348075323,0.6092793288685031,-0.04118077882698607,0.9995617100170688,0.1524619772320703,0.6218562892505105,0.06036364961238139,0.9997042360759925,0.14411684232098726,0.6269804437955225,-0.11054937151216333,0.9999276087397628,0.15047168447857823,0.6811076118832547,0.0980944881836574,0.41248236809458083,0.12928169114249102,0.7038273924872994,-0.11873216394867224,0.9868284832863589,0.16888970775263662,0.729270702316648,0.08166582740488512,0.7592671144576305,0.14238843747547705,0.7656888621194028,-0.10230296992120297,0.9783722843442652,0.17334635981491647,0.7409615176064632,0.08308983203910653,0.7400235306648987,0.14674594430696408,0.7827086477052604,-0.11558030013527197,0.9675130134537113,0.17568405185426997,0.7426015110242941,0.06950480384486067,0.754261405695053,0.1507822693813416,0.7788825460842683,-0.11263128618399311,0.9641604593821942,0.17349159220854454,0.7392070832706639,0.07513850820916046,0.730132835251945,0.1509330159141905,0.7741744858878005,-0.10020121719156,0.9393979055540909,0.11192523971909576,0.7093866325560075,0.053834263412725396,0.9967005508286619,0.1016086854395413,0.7140532504944579,-0.05380710072460632,0.9982880212011799,0.1270226268541246,0.79474896760214,0.06859221309423452,0.32683585229374135,0.1254487172478722,0.8068573332968219,-0.05582316397201451,0.9817806226866593,0.1158259610335033,0.885805337201982,0.10413296236878357,0.47316551208496127,0.1109404276524272,0.9091645479202277,-0.026313511388642467,0.9808500920023244,0.11013418719882065,0.9002419227645517,0.1062955001280422,0.5160413242521744,0.10333909378165299,0.9246667822202054,-0.024158110221227026,0.9612599866730833,0.13850290576616933,0.9077498089699525,0.09424905514433277,0.6145914878164023,0.13431190663859968,0.928793526831128,-0.04778373223685087,0.9702991871606743
11,183.3,0.17727577473436096,0.6052358831678122,-0.03270418196916583,0.999417029675984,0.17950851009005606,0.5967460530144832,-0.02656230516731741,0.9992911645344332,0.1793827471278964,0.5962311341649014,-0.026604940759993756,0.9992822664124632,0.17918345899808985,0.5956010023752853,-0.026647659905609647,0.999550124009451,0.17819945159412576,0.5953597341265002,-0.044661775763545755,0.9993845820426949,0.1772118899084274,0.5939717746916275,-0.04467305700693815,0.9992730844588514,0.1761927732399533,0.5925334975832989,-0.044698737739097535,0.9994833327475056,0.17268114430563802,0.5897786390213744,0.004841879520210485,0.9989046709878111,0.17027839663482858,0.5875336953571868,-0.07622379880575912,0.9990421561967766,0.1721086722044719,0.6096826195716862,-0.01880074948782014,0.9992942810058602,0.17075629745210932,0.6078905264536545,-0.0422811384002368,0.9995741248130806,0.15283656475089857,0.621712153866178,0.05998692058381584,0.9997097140266789,0.1440097370318005,0.6260001801309136,-0.11095396429300317,0.9999275065603717,0.15047680409181696,0.6801435124306456,0.09849114857968837,0.41706573821249493,0.12854550849823734,0.7022804873330257,-0.11962172140677779,0.9871499368122654,0.16900225338481734,0.7280492981274929,0.08154905587434774,0.759694411641076,0.14243426351320188,0.7602989049184896,-0.10387008956500471,0.9788608494259069,0.17315493949822028,0.7396489864303957,0.08294622635557544,0.740201490265983,0.14748458777155204,0.7773960885547462,-0.11701292615561266,0.9682046714283179,0.1755104639700482,0.7417154794647586,0.06936491138878327,0.7544239958127346,0.15210716213498807,0.7724199550492429,-0.11465494263739821,0.9649576289313188,0.17334056326321207,0.7380558507783077,0.07503904295819153,0.7301737808045892,0.15235797848020294,0.7674913548287897,-0.10195381265311021,0.9406430182002846,0.11246833169744136,0.7092640854063493,0.0540071214948382,0.9966798708552413,0.10197941071930393,0.7134934351557782,-0.05398106113785793,0.9982485203515923,0.12758882272811173,0.7949980837958205,0.0677590363082432,0.3295449600333262,0.12579397502399636,0.8068142249470671,-0.057897606953269,0.9817367934045345,0.11622018757320594,0.8858898934863868,0.10269853046962202,0.47707175215085385,0.1112338602542878,0.9088600930713479,-0.032102441149098555,0.9810374890054983,0.11038800612801605,0.8998435480254044,0.10468017061551418,0.5200407788867045,0.10353594734555208,0.9244472129004349,-0.0305882122899805,0.9615255083356592,0.138761015874999,0.9080170648438597,0.09136049484922779,0.6161717630568009,0.13442348156656547,0.9288058763458622,-0.05664494882027313,0.9703386369205663
12,200.0,0.17734964120955707,0.6040178281920301,-0.031616987039645536,0.9994305173556017,0.1795277957405364,0.5954869644982479,-0.02549880805114907,0.9993060770488928,0.17940470221496774,0.5949943604923434,-0.025543208012268673,0.9992960350854063,0.17920921884831942,0.5943885928108583,-0.02558715792284127,0.9995594422022509,0.17821992862792255,0.593988676865896,-0.04348820731753397,0.9994004851295841,0.17723679613499427,0.5925446152687077,-0.043499855590718166,0.9992907927149826,0.17622441053390517,0.5910839324905763,-0.04352607365165441,0.9994952990895234,0.17270512027399892,0.5886623093060088,0.005698660660224661,0.9989277975899841,0.17030760291076855,0.5862480629058116,-0.07472196576141181,0.9990668041365494,0.1723619919447673,0.608524356569563,-0.01787090430124886,0.9993124802907316,0.17093871533870708,0.6066749919028513,-0.04119486876186873,0.9995899654570086,0.1530963338556745,0.6215533330326993,0.060459058199610075,0.9997136223883863,0.1438828387430737,0.6250242761203226,-0.10951730147713715,0.999927779038748,0.15036857199101233,0.6788149901798799,0.0995528378656933,0.41845060530163025,0.1276300365016575,0.7004922656785879,-0.11893324695882351,0.9875898134140748,0.16891008331662144,0.7258861235209879,0.0820872265668143,0.7571261099406656,0.14263514677683523,0.7550894618034367,-0.10489424814780561,0.9793566664059963,0.17278926003546954,0.7368872279212593,0.08346414885350642,0.7376871137391958,0.14825428667522622,0.7724538956369678,-0.11788563075519752,0.96888078678222,0.17514373787811838,0.7390688828059611,0.06982622792323435,0.7519268989562994,0.1534648658264252,0.7667749495733358,-0.11632831820419864,0.9657326624507003,0.17295764599527644,0.7353904616265075,0.07560242251271299,0.7274368348575779,0.15331125259399425,0.7614774476914183,-0.10323191185792295,0.9418253359340493,0.11311928253798266,0.709161588123867,0.05401643330142615,0.9966568804922566,0.10242384104501641,0.7128462621143892,-0.05398925039030261,0.9982256917726433,0.12812146047751116,0.7952875267891663,0.06552641803310036,0.33453906717754567,0.1260451099702291,0.8068030788784941,-0.059861055442265144,0.9818188519704917,0.11653694758812594,0.886001606782278,0.09930917656137836,0.48150412951196975,0.1114687979930924,0.9088172799065006,-0.03929747029074604,0.9813164018449336,0.11061381938911627,0.900450854074388,0.10111739521934879,0.5236516254288813,0.10372431256941395,0.9247137393270226,-0.03869385591575081,0.961944724832263,0.13891389895053147,0.9084248968533113,0.08696251504478007,0.6185032072521396,0.13459192925975447,0.9289671438080931,-0.06757046796736269,0.9705651544389278
13,216.7,0.17740427170481013,0.6030296768460959,-0.03227260327410132,0.999444090184712,0.17950549437886204,0.5944783460526244,-0.02624569797799703,0.9993213159697404,0.1793803643612636,0.5939875727608095,-0.026290420354122226,0.9993098037583494,0.1791853372539794,0.593391923677354,-0.02633337162080267,0.999568232468197,0.17820455772536153,0.59295419000444,-0.044324677614938676,0.9994175689561033,0.17722394565741234,0.5914830026172461,-0.04433656927375569,0.9993105587505166,0.17621596441382464,0.5900031299818134,-0.04436424374580386,0.999508948553177,0.17267724587803807,0.5876615757033943,0.00507180648578686,0.9989446486745569,0.1702926201479777,0.5851724743843083,-0.07554537625539876,0.9990935779753193,0.1725254406531653,0.6075207846505306,-0.018520705845384386,0.999330367360797,0.17106794388521296,0.605685949325562,-0.04195179045200351,0.9996070038704653,0.15321275875681933,0.6212559342384343,0.0604818945839292,0.9997170822960997,0.14380621413389852,0.6241080335208352,-0.11017549960386194,0.9999290477661866,0.15014939152059112,0.6774388097581414,0.10023223147505812,0.4160086895738332,0.12664055611406064,0.6986603509812133,-0.12081502448944827,0.9880417642139261,0.16867366149311985,0.7225724941208254,0.08155322784469246,0.7525563921247216,0.14310850415911003,0.7508883249192015,-0.10944968355553499,0.9799078702926642,0.1724294452440172,0.732781330744426,0.08283033080044253,0.7334649165471401,0.14898596916879936,0.7681491289819995,-0.12264556402251843,0.9696416485877271,0.17475926805110217,0.7349592560813546,0.06889926180953077,0.7477856391952157,0.1545248507034212,0.762270039036161,-0.12160684594086246,0.9665857354799914,0.17249117011115678,0.7315555498713544,0.07494624455769862,0.7229584824471251,0.1534875546182906,0.7568969811711999,-0.1079583984045756,0.9430755547114789,0.11367745378187734,0.7090898610296709,0.05405943610128906,0.9966571614855819,0.10293933358930414,0.7123134022667299,-0.05403251112216999,0.9982321943555567,0.12852578148955401,0.7955701833679568,0.0661571554484822,0.3413076911653794,0.12619495391845714,0.8067818880081183,-0.06252862442107432,0.982050660110656,0.11672381382612963,0.8864912135260452,0.10130243074326295,0.4873019698120302,0.11160140129781913,0.9089735263869883,-0.0476504605973051,0.9817202829179317,0.11080181208394829,0.90144845985231,0.1031618746263641,0.5279544875735331,0.10377483885912676,0.92517999524162,-0.04788954493900144,0.9626421076910843,0.13907971126692648,0.9090585822150827,0.08775763923213602,0.6223910337402712,0.13472514067377372,0.9292559084438149,-0.07975778551328755,0.9710286316417519
14,233.3,0.17743004645620086,0.6019493795576554,-0.03188982224535377,0.9994608873412729,0.17942163064366307,0.5933024854887103,-0.02599140717869715,0.9993417688778476,0.17929013570149752,0.5927968649637136,-0.02603662936460406,0.9993281705038894,0.1790913577590671,0.5921977219127478,-0.026078389957547205,0.9995799433617372,0.17813343732129971,0.5918248267400836,-0.0441028958275205,0.9994383766537629,0.17715479788326094,0.5903722416786925,-0.04411439473430319,0.9993341763814297,0.1761495988993419,0.5889003958020895,-0.0441435485013894,0.9995258280209139,0.17259420170670475,0.586651166280111,0.0050577353048581845,0.9989625981875835,0.17020654465471008,0.5841189651262196,-0.0757605224138215,0.9991235988480711,0.17259153936590482,0.6064372346514751,-0.018222484826332062,0.9993508827118655,0.17112797143913464,0.6046692331631982,-0.04170386156155952,0.999625396160853,0.15320272956575676,0.6207902090890072,0.060534159874632294,0.999722775958834,0.14375158434822455,0.6231625335557125,-0.11018699407577523,0.9999309040251239,0.14984115461508443,0.6761575852121631,0.10081267605225253,0.41187409276054043,0.12572278508118231,0.6967415100052248,-0.12182402326947175,0.988427624815987,0.1683478554089865,0.7188651022456947,0.08051428056898577,0.7497784665652689,0.1437945671024778,0.7473513512384329,-0.11172508554799224,0.9804626618112844,0.17233166808173783,0.7282854006403974,0.08120548512254448,0.7311923816090544,0.14977596416359867,0.7647670138449901,-0.12492148436251149,0.9704338823046009,0.17456577434426274,0.7300814361799336,0.06731232362134121,0.7455970616567709,0.15539989514010305,0.7586253398940682,-0.12427266190449406,0.9674703734261655,0.17219270269076042,0.7271698372704647,0.0738426397244136,0.7202657035418925,0.15388811415150064,0.7532190623737522,-0.11032955809718095,0.944381188778651,0.11404137242408034,0.7089940820421496,0.05411284239519214,0.9966689234688175,0.10343217672336677,0.7118322565442046,-0.05408688137928649,0.9982582160404758,0.12873795273758126,0.7957690159479782,0.06830138464768733,0.34878503566696556,0.12626596220902042,0.8068641026814785,-0.06545848984803476,0.9823245860281453,0.1167935076214019,0.8871538156554819,0.10532357614664811,0.49416625641641193,0.11168914004450761,0.9092793095679517,-0.05574098832550507,0.9822012555031557,0.1109441965818406,0.9023842016855883,0.10727675294592275,0.5331930688449319,0.10382773194994252,0.9257650829496844,-0.05667226655142652,0.963541590032124,0.13912182762509312,0.9098261538006017,0.09121017725694755,0.6273649363290701,0.13484523338930957,0.929689234211332,-0.09070273524238956,0.9716736220178157
15,250.0,0.17743360499540978,0.6006312710898267,-0.0354906541428396,0.9994755217007235,0.1792716618095127,0.5918624202410385,-0.029646359117967765,0.9993592245238175,0.17913369124843975,0.5913418616567343,-0.029690538932170208,0.9993436222984684,0.17892958223819747,0.5907285582451598,-0.029730854201174942,0.999589193434943,0.17799584212757308,0.5904646118481958,-0.04792278721219021,0.9994563687415357,0.17701762630825962,0.5890432908421476,-0.04793407838969006,0.9993540587879369,0.1760154941252301,0.5875863773482191,-0.047963359703620305,0.999539114180066,0.17244087656339024,0.5854890374910268,0.0019234385801523582,0.9989686381249208,0.17004408864747922,0.5829601912271413,-0.07968376151153025,0.9991480509440112,0.17262429566610438,0.6052327014151078,-0.021569997959193742,0.9993649579229815,0.17115559890156712,0.6035561277752836,-0.04526931739279205,0.9996407911891037,0.15316395390601395,0.6203247592562726,0.05864223607239273,0.9997274024145951,0.14364144915626173,0.6222983797391259,-0.11328552982636868,0.9999328113737568,0.1496007229600635,0.6753016568365556,0.09958736385617944,0.4055051448799318,0.12508946870054527,0.6948953866958623,-0.125248422580106,0.9887374327296309,0.16802672545115166,0.716149040630886,0.07699871382543025,0.7455122953369508,0.14454924918356404,0.7439983487129217,-0.11562102181570878,0.9809330616678518,0.1721445896795819,0.7256551526841668,0.07696573826528737,0.7279215341522585,0.1506783990632921,0.7614154503459027,-0.12893876610767283,0.9711440886769983,0.17451216990039475,0.7264573091552377,0.06318471509785883,0.7424979692413699,0.15614419111183722,0.7551058956554964,-0.12839599202076601,0.9682705828121738,0.1721048000312988,0.7240363529750284,0.0702051562922342,0.7168688859258384,0.15426393349965423,0.7498873159998944,-0.11423623881169735,0.9455127148401177,0.11426635654199699,0.7089246852057325,0.054271132463500654,0.9967042349633723,0.10389382108336412,0.711548282986596,-0.05424719144191065,0.9983043784186961,0.12879825418903723,0.7959666904949012,0.07270070165395742,0.3576132002330964,0.12628736879144403,0.8071861040024535,-0.06710113797869006,0.9827940577552439,0.11690765158051544,0.888094189621154,0.11365224882250749,0.5044273535410566,0.11177555507137671,0.9095110297203071,-0.058548127788872986,0.9828937167213084,0.11117642124493923,0.9027750350180133,0.11597049803960899,0.5407320175852098,0.10395238548517235,0.9262046416600551,-0.05960047794949445,0.9646844977424266,0.13920889227163236,0.9106332688104545,0.09977464342401149,0.6351219727879484,0.1348863300823031,0.9301082860855836,-0.09433242678642279,0.9726452288173502
16,266.7,0.17743122790540983,0.5992074779101786,-0.03946048562370598,0.9994934825670159,0.17910028923125507,0.5901757819311964,-0.03364843680035503,0.9993802990232203,0.17895190488724494,0.5896142323811853,-0.03369124269201644,0.9993637942132503,0.17873397185688938,0.5889630715052291,-0.033729935419701415,0.9996007567360294,0.17784230552968538,0.5889335076014205,-0.05212745513944403,0.9994764555068251,0.17686683507192713,0.5875815664018907,-0.05213883998138567,0.9993764247213098,0.1758690831207095,0.5861827049936571,-0.05216749260822935,0.999553356851851,0.17223474028564648,0.5842011230332516,-0.0015981577952126319,0.9989800311270223,0.16985464876606363,0.5819156226657689,-0.08420111629224966,0.9991747481482377,0.17263581213496992,0.6039561515762697,-0.02529264339024114,0.9993819793065396,0.17117493564174302,0.6024707782836192,-0.04927500834067666,0.9996569468861543,0.15313873546464113,0.6197174276624411,0.05641493502826921,0.9997347990671801,0.14351388741107224,0.6216797857057486,-0.1170825163523357,0.9999354396547597,0.14931790175892068,0.6746887394360139,0.09795836394741428,0.39791513482729624,0.1246100277418183,0.6933935171081911,-0.1292972263126147,0.9890562381063196,0.16762953854742518,0.7141679610524864,0.07331876314821703,0.7416459662573683,0.14526783071813137,0.7420517972537455,-0.11990088117974154,0.981518853278388,0.17173750201861077,0.7238865523111258,0.07267471722194133,0.7254504760106409,0.15158955681891678,0.7590129318691441,-0.13359276205301296,0.9720390410650351,0.17450374364852916,0.723838831697192,0.05876848899892402,0.7402795354525253,0.1566868963695709,0.75259451355253,-0.1329088285565377,0.9692802769797196,0.17202241222063713,0.7217477077529549,0.0662637635001115,0.7143533996173319,0.15473129990555,0.7475553013029559,-0.11847531050443659,0.9469679679189417,0.11453351165567134,0.7088763855752496,0.05456404157337692,0.9967926825795862,0.10433746590500795,0.7114368308158153,-0.05454163342004734,0.9983871068273279,0.12894081146944147,0.7959356875646688,0.07922701573088062,0.3700973448299229,0.12626259241785331,0.8076874046098624,-0.06801960581824898,0.9835788380532045,0.11711658750261589,0.888933732396081,0.1254933728348642,0.5199108691442584,0.11182247350613284,0.9097956021626796,-0.05910932308151613,0.9838966925938931,0.11152047238179624,0.9022917861030222,0.12829753295296725,0.5521365460895361,0.10410321752230334,0.9265244773456035,-0.06012595001430743,0.9662416605722344,0.1394631536233994,0.911255027566638,0.11185776406810405,0.6471644696735206,0.13497698874700648,0.9304448820295795,-0.0954679917721522,0.9741115059171411
17,283.3,0.17740417733078923,0.5977755671455751,-0.042541755806832116,0.9995039928527113,0.17888456157275623,0.5884993757520407,-0.03679082542657855,0.9993924186343246,0.17872059345245372,0.5878880733535408,-0.036832026250305655,0.9993753007480084,0.17848304126943873,0.5871977266811194,-0.03686878670539177,0.9996064844585607,0.1776648866278786,0.587405573754084,-0.055499548003787126,0.9994892080624905,0.17670380288646348,0.5861167340051565,-0.05551202896805041,0.9993912833077574,0.17571856081485762,0.5847730806895669,-0.055541175639345575,0.9995623372849971,0.1719529855818977,0.5828662628219246,-0.0045132201658340115,0.9989782089278819,0.16964259885606323,0.5808609951110117,-0.08817445664178764,0.9991951442900165,0.17263771664528632,0.6025130635216127,-0.02823516238658203,0.9993897790000559,0.17120063375859046,0.601251534053258,-0.0525206066668034,0.9996691232635869,0.15312795837720244,0.6190886242049085,0.05472119879864515,0.9997343449365532,0.1433621368237905,0.6211849479448233,-0.1211061683439074,0.9999379685946881,0.14909141120456526,0.6740434340068278,0.09598448304902946,0.3839964568614963,0.12429515556210573,0.6920712987581894,-0.13382389502865938,0.9892820290156781,0.16690481844402505,0.7128455411820189,0.07003285842282436,0.7262535719644461,0.1458595267363958,0.7404268156914489,-0.12437040961924063,0.9818434828803659,0.17109949035303945,0.722678613095057,0.06942989322401233,0.7125028059596112,0.15219982181276603,0.7571783633459188,-0.13852716485659292,0.9725670956429988,0.17415060386771258,0.7225648420197628,0.05520130516517734,0.7275676869210748,0.15695685077281235,0.7506977262951084,-0.13726183843045017,0.9698606076694678,0.17173460622628545,0.7201367134139657,0.06273061108021513,0.7018403893425356,0.1551222645101094,0.7457903055917654,-0.12279548141218376,0.9477120666276848,0.11486268717618224,0.7088590746834169,0.05497924699669797,0.9968618211292092,0.10480211746125002,0.7113336551757091,-0.05495598149441541,0.9984586125328434,0.12906738831883394,0.7960786507243207,0.08286823793536147,0.38077925074668184,0.12624644878364755,0.8084155491420206,-0.06752302107356849,0.9843519159725741,0.11722166836261758,0.8896353329930993,0.1310887670233137,0.5353900023869109,0.11188779416538427,0.9101573313985558,-0.056955941021442455,0.9848618053254634,0.11175890444290079,0.9020510287511923,0.13401283749512274,0.5639917992410209,0.1042489870673135,0.9266339568864739,-0.057781243430716694,0.9678003901527048,0.13963410116377342,0.911818464597067,0.11716109301362726,0.6594342929976331,0.1353660417454584,0.9306769342649558,-0.0941219077933403,0.9755161631675
18,300.0,0.17737402234758662,0.596211121195839,-0.04575851914428533,0.999516603492556,0.1787023260479883,0.5868909245445619,-0.04001231420607797,0.9994063377380378,0.17852601196084716,0.5862853839283901,-0.04005131462500212,0.9993889218284977,0.17827197199776074,0.5856033364931746,-0.040085758304312144,0.9996134298188353,0.17752318155197883,0.5858344747906643,-0.05874805294332054,0.9995030249868128,0.17657722248917546,0.5845845455215095,-0.05876151738422262,0.9994084324155542,0.1756018031211128,0.5832821953864329,-0.05879085440011256,0.9995734067190267,0.17171077430248272,0.5815702052343463,-0.007256444030818313,0.9989818391345803,0.16946830210231612,0.5796557721637549,-0.09104843615066444,0.999221100693658,0.1726433840535937,0.6010375505401979,-0.03121079646405722,0.9993981719017035,0.17123047865572444,0.5998282290640335,-0.0555303510101069,0.9996817679632285,0.15313875888075157,0.6185065053758172,0.05350099237901828,0.9997298603966129,0.14324023184322188,0.6204690110115783,-0.12417406837145495,0.9999406025523238,0.1487675557533901,0.6733853362855462,0.09405974476110374,0.3657002392269319,0.12410624005964833,0.6906932705924629,-0.13776498323395148,0.9894424165998194,0.16595513763881875,0.7122125597227194,0.0680154572640147,0.7029436429341639,0.14622611516997938,0.739071184680576,-0.12868885837850125,0.9819682609467287,0.17011137235732315,0.723235584440686,0.06781398753325149,0.692383766174317,0.15252527097860985,0.7563097902706697,-0.14339570913996025,0.9727756437801186,0.1736866164775123,0.7224382105327793,0.05315856777486351,0.7076348690759573,0.15703995029131584,0.7498847473235362,-0.14146495433080775,0.9700578990436743,0.171428693901925,0.7193144645009727,0.06049063837244402,0.682323452972231,0.1553470939397813,0.7449302957171491,-0.1269266704718273,0.9478502784456533,0.11511310154483441,0.7088448774246947,0.055366274678990995,0.9969096552757998,0.10528146298158744,0.711300875459399,-0.05534057567516967,0.9985150297482815,0.12908691380705162,0.7964421368780596,0.0842520204328356,0.388858619190398,0.12627025303386516,0.8092244437762675,-0.06585221311875757,0.9850184605235153,0.11722498919282649,0.8898498359180639,0.13324456697418585,0.5487596108799893,0.11204057931900033,0.9105652599107658,-0.05300650568235492,0.9856872955958056,0.11180599920806439,0.9020187627701539,0.13627712038301298,0.5746350742521744,0.10443785822107686,0.9269108573595689,-0.05373221795473784,0.9691882360549207,0.1399548507872083,0.9121863842010505,0.11968491616703224,0.670323340665727,0.1359453946352006,0.9308110163325362,-0.0886955055452529,0.9766985064461124
19,316.7,0.17734906999837796,0.5948610958598913,-0.047336736960070507,0.9995302529562095,0.17853892842928581,0.5856544687634427,-0.04166536175069358,0.9994199275970466,0.1783486285379956,0.5850853437469123,-0.04170277111587073,0.9994019951139185,0.178079339010375,0.5844335073516487,-0.04173547703595391,0.9996204858734501,0.1773999929428102,0.5845772255034678,-0.060379588178225974,0.9995166176841379,0.17646361106917985,0.5833480925787067,-0.060393025122937746,0.9994255588168196,0.17549138125919173,0.5820661158788776,-0.060422957120906784,0.9995852623667043,0.17150429671718972,0.5805162929353264,-0.008844324215758776,0.9989898233186638,0.16928124002047962,0.578528878234682,-0.09254471709330883,0.9992481895855503,0.17264473934968325,0.5998102171080457,-0.0326985652957644,0.9994066158930468,0.1712530404329301,0.5985855573699592,-0.05699138024023605,0.9996940181368881,0.15312635259968904,0.6178353627522791,0.05281423670904981,0.9997260400227146,0.14320599961848496,0.6195394368398761,-0.12561939337423877,0.9999432421865925,0.14840917573088702,0.6723136788322817,0.09374437906912403,0.3453073757035394,0.12400275326910482,0.6893328144436796,-0.14002766779490888,0.9895266748610004,0.16539889503093003,0.7103385499545511,0.06891612318300071,0.6762673854827885,0.1465598415760768,0.7378781920387637,-0.13126185500905635,0.9819706025577734,0.16967678495815836,0.7214542485418779,0.069178655743599,0.6696850685846243,0.15265529638245004,0.7556407025882181,-0.14632594869250354,0.972815082186745,0.17370004242374795,0.7210052779742655,0.05414225994831044,0.68508753890083,0.15705954035123199,0.7494390237899059,-0.14381856081031627,0.9700422286987311,0.17142000581536987,0.7174039539836707,0.06125562815439138,0.6601502668289916,0.15546680703049626,0.7443749336969291,-0.12931981540861592,0.9476568812415721,0.11536958600793573,0.708824875808898,0.05572912700119477,0.9969235658645637,0.10583319869779412,0.7113597109204252,-0.0557019605877854,0.9985463505699528,0.12902993389538364,0.7970072258086438,0.0853750340285756,0.3942032726038073,0.12636178448086702,0.8099098148800083,-0.06376394452083683,0.9855347275733954,0.11716793867803764,0.8898696416900278,0.13449324880327507,0.5591587055297129,0.11225697788454245,0.911014528501602,-0.04917615261815847,0.9863154263723471,0.11178505846432285,0.9017406049228855,0.13756990077949716,0.5832736577306479,0.10461135669833146,0.9274108949161718,-0.049977917578958364,0.9702953355652952,0.14028969407081615,0.9123322339284994,0.12144649773836146,0.6793127854665124,0.13653093647389195,0.9308241889590316,-0.08390262190784734,0.9775997229984835
20,333.3,0.17730116418429798,0.5935421586036687,-0.05083015170835317,0.9995332814398273,0.17835290800957465,0.5845935685294019,-0.04522609302685378,0.9994229362124496,0.1781560728947323,0.5840870766412649,-0.04526174600635259,0.9994022136642826,0.17788048514298044,0.5834848142805558,-0.04529365435952235,0.9996187743686502,0.17722879208269587,0.5834312666030161,-0.0636221397490729,0.9995224106879469,0.17629169921080284,0.5822080203465057,-0.06363726123457868,0.999433222271148,0.17530956793399094,0.5809188882509871,-0.0636685229837895,0.9995916230337967,0.17131185318742492,0.5796597089086264,-0.012346160930714445,0.9989683571315955,0.169002563470886,0.5773876139095855,-0.09463128873280124,0.9992657332193291,0.17263579723380873,0.598618674845923,-0.03613921281482495,0.9993973232450947,0.17125611007213604,0.5972777434757782,-0.06001839006230949,0.9997008584794551,0.15314214073476348,0.6172282951218746,0.05014435361538618,0.9997072390147625,0.14323222708134437,0.618378273078374,-0.1272213483850162,0.9999453538940073,0.1479308505853018,0.6712385870161515,0.0902443393355325,0.3243075240226021,0.12385346208299917,0.6880609194437668,-0.14051336617696863,0.9894862316903621,0.1635393961554483,0.708543961956388,0.06530627945349335,0.6440453444208423,0.14669965349492584,0.7364254253251217,-0.1290457525423596,0.9812373064813167,0.1682499299446743,0.7200022680418836,0.06546842360070779,0.6414362816583548,0.15261514130092813,0.755176879110791,-0.14364226588181098,0.9718248758997243,0.17234653021608093,0.719942464714959,0.05064318337965583,0.6566490871565687,0.15695029497146618,0.7492385080882487,-0.1411177147002448,0.9689447141828997,0.1699694593747458,0.7158678259168357,0.05769222957037748,0.6324832467805777,0.15541634673164015,0.743815475986118,-0.1270130376021068,0.9459379599207931,0.11565061871494574,0.7087932314191551,0.05593507311173852,0.9968703190485644,0.10631983904611506,0.7113698068119236,-0.05590760565939408,0.9985546526454752,0.12896108769235165,0.7976401646931972,0.08592420887379426,0.3970837082181661,0.12649138910429827,0.8105083306630458,-0.06151680541890013,0.985850061689105,0.11715309002569753,0.8896247205280129,0.13565564652283996,0.5661062938826429,0.1124911382794381,0.9115003347396857,-0.0461668826284863,0.9867167870203661,0.11175082978748148,0.9015254435085123,0.13878288794131516,0.5881204321270902,0.10486158764078511,0.9280317510877344,-0.04716727297220915,0.9708828159741,0.1405312738248281,0.9122564650717243,0.12312384340025138,0.6856321323485607,0.13703775122052156,0.9307920734087632,-0.08103739825033011,0.9781729351906556
21,350.0,0.17723353916690476,0.5921946338244851,-0.05658633616708578,0.9995239717619766,0.17815279180095323,0.5834263052259177,-0.05106708283225699,0.9994123351006288,0.17795908167248695,0.5829956957272124,-0.05110112116450359,0.9993878659747903,0.1776856858105888,0.582448317891076,-0.051133798346633036,0.9996071656545011,0.17701000400951944,0.5821579893430078,-0.06910275330855738,0.999517846675147,0.17606196375120267,0.5809483301071898,-0.06911980360746389,0.9994284397079838,0.17506111945424774,0.5796627799669906,-0.06915108096741499,0.9995890997705013,0.17114055085749866,0.5787584866796225,-0.018135118874765592,0.9989150790941155,0.16864675922053213,0.5762248067628775,-0.09881913874830525,0.9992653159868157,0.17261770438580298,0.5975676576296493,-0.0418544686621144,0.9993693573134294,0.1712349192017602,0.5960906289872674,-0.06527033501437737,0.999700293654488,0.15324943690072934,0.6167715731121249,0.04477197641418097,0.9996757251875747,0.14328290025393178,0.6172714545613247,-0.12995112651870375,0.9999461883590341,0.14753999028887077,0.6706000112351922,0.0837798565626145,0.3035270373026532,0.1238116653902191,0.6873222759791788,-0.1408570082414719,0.9893474011194145,0.16151201937879844,0.7076308131217961,0.0582252018863247,0.6079219352631346,0.14679981271425893,0.7354217654182802,-0.1256979867106393,0.9798980639094406,0.16633751420747678,0.7205691933631903,0.058087210037878624,0.6090383416130434,0.15246711174647026,0.7550954989024576,-0.1394928651196617,0.9699759738785887,0.17045555441152493,0.7207404829206926,0.0435776080758799,0.6240160465240483,0.15682014752002,0.7493412523042593,-0.13732875883579265,0.9669685477302196,0.16796443575904496,0.7164625497091389,0.05071632581807322,0.6010072146143236,0.15529852395965948,0.7436966271627522,-0.12367766634339386,0.9429263188725433,0.11608647803465534,0.7088076301983429,0.05592976634701097,0.9967560115314672,0.10674819846947996,0.7113627819787893,-0.05590450444391799,0.9985458794094274,0.12886774327073788,0.7981585434504923,0.08626250745285131,0.4001522064208987,0.12661224745568783,0.8110656369300122,-0.059546143526122725,0.9860805812336156,0.11718340466419865,0.8892971844900228,0.13705707589785268,0.5716246593566172,0.11273050272748593,0.9118678740092693,-0.04445004037448341,0.9869914083253777,0.11175909815799631,0.9006837350981582,0.14027794556958345,0.5898565791902093,0.1051413658119384,0.9286283027558107,-0.04563434191402938,0.9709629246166781,0.14067596268086216,0.9119927996680857,0.12448912823484068,0.6904299543017438,0.13728440091723498,0.9306379698571711,-0.0799745204193252,0.9785291666076303
22,366.7,0.17717565170356217,0.5907147498357868,-0.06244472751305221,0.9995160698890693,0.17797442490146287,0.5818817104612082,-0.05694440220083513,0.9994038059597932,0.17778779353414276,0.5814973995799114,-0.05697839653917726,0.9993762373924263,0.1775193164745968,0.5809847116470341,-0.05701282230161489,0.9995972287087221,0.17678860752355496,0.5806029297056656,-0.07472456565925059,0.9995151928492962,0.1758236225162235,0.5794579244795304,-0.07474287031661903,0.9994257943970823,0.17479284888222116,0.5782111400649665,-0.0747730054316067,0.999587677773976,0.170988827943802,0.5776862530481252,-0.02380102646670173,0.9988661805788683,0.16823856958321176,0.575111914248694,-0.10335401268232444,0.999264061450959,0.17261213773772843,0.5965412628083007,-0.04763667906324072,0.9993438522020983,0.1712216777460917,0.5950037524813702,-0.07073301946123446,0.9997000552359089,0.15343129492941368,0.616360207398733,0.03878823171059294,0.9996479721296407,0.1433067073424658,0.6165743072827661,-0.13236628898552494,0.9999462479636789,0.147236643092973,0.6702343509310773,0.07835952724729271,0.2869161849930175,0.12377692688079116,0.6871021503493904,-0.1412947192078546,0.9893232555616477,0.16000596682230644,0.7065256692114337,0.05330141562791102,0.5801719852856231,0.14699567002909536,0.7351883593059727,-0.12509850164254516,0.9787787568001527,0.164729993967783,0.7200336285999849,0.052836523346957744,0.5842619339625045,0.1525597990978333,0.7553149830727356,-0.13858368283226385,0.968393856570835,0.16876418391863518,0.7201350813820253,0.03855703478412971,0.5991787626629788,0.15693251149994997,0.7495943421409249,-0.13706788562593017,0.9653206666310635,0.16615556890056257,0.716078815006075,0.045957890294847065,0.5768333701860342,0.15531626911390406,0.7438405042602908,-0.12325121604260952,0.9404557659512481,0.11681090579146439,0.7088703626678108,0.05571651423261283,0.9966260024479465,0.10705628246068961,0.7113390366236374,-0.05569409969307131,0.9985289034389322,0.12881045327300125,0.7983424266179409,0.08589520731142594,0.40441921353340177,0.12671974088464474,0.8114479326066523,-0.059033479541540194,0.986143350601197,0.11719017227490752,0.8892191279502147,0.1363458228962763,0.5758577925818311,0.11302959280354644,0.9121965027990802,-0.04565820825241865,0.987018559660231,0.11182806037721188,0.899677041031066,0.13951776637917485,0.5892205295108618,0.10547700240498506,0.9291602344740011,-0.04696311890369373,0.9705041675340569,0.1407326381830943,0.9117121668089011,0.12389132167611812,0.6937936402502518,0.13738842521395012,0.9304914446104147,-0.08390081319071005,0.9785609671047762
23,383.3,0.17712649348236278,0.5891441191945761,-0.06658842946801871,0.9995057355789919,0.1777710346948534,0.5800729280426393,-0.06110726172725364,0.9993939938999366,0.1775870103211631,0.5796811807723277,-0.06114110439306218,0.9993640808832084,0.1773195571842649,0.579159986405146,-0.061176721893605776,0.9995873229844237,0.17655638995624737,0.5788747696649464,-0.07894919103100193,0.9995113526071828,0.17557993956974588,0.5778040971074789,-0.07896869168395093,0.9994219938913989,0.17452222534588419,0.576601346333822,-0.07899813815241774,0.9995849756967461,0.17075767190683466,0.5762830518540886,-0.027899619413628486,0.9988196435428808,0.16784116058122556,0.5739570288431082,-0.10773037515935452,0.9992602751368576,0.17261740210510448,0.595303751173474,-0.05175737983414108,0.9993181540852509,0.17122314728441707,0.5938204498518085,-0.07494115119888675,0.9996986332393835,0.15363379177593062,0.6160057357379374,0.034426706887426856,0.9996178377242323,0.14332621012415214,0.6163508920442495,-0.13566650237355923,0.9999458647909625,0.14701298163050708,0.6702177070436028,0.07345902281148098,0.2701232227541153,0.1238715669938497,0.6871949632962551,-0.14303376561119452,0.9892093709536969,0.15896641001814898,0.7063673195384803,0.04841595905877298,0.5484849498385478,0.1473076052608945,0.735409245604561,-0.1253871719042461,0.9773049468085886,0.16367863899185556,0.7196541286650163,0.04784334096170611,0.5552133492061073,0.152849384716579,0.7555462377411983,-0.13872019591785623,0.9663644319488895,0.16717650422028146,0.720632326035273,0.03364137382734392,0.5699898146447686,0.15722210634322403,0.7496966293879923,-0.13741268927142744,0.9631925168491552,0.16472838464237405,0.7163990821157188,0.041098683008125886,0.548756925832658,0.1554041093304045,0.74388485295432,-0.12360238141956792,0.9371767214366373,0.11754317723569424,0.7089336117108669,0.0555104728610743,0.9964950822648555,0.10742501949980153,0.7113110054106945,-0.05549103624763947,0.9985139738945741,0.12876305126008541,0.7983936440377014,0.08692712727047155,0.40599684630121535,0.12684028205417458,0.8117246968405594,-0.05840182091508597,0.9860161031995508,0.11721804099423554,0.8894178640274781,0.13868442319688354,0.5774005225726541,0.1133668032430468,0.9125086296172376,-0.04668956125775976,0.9868442813555407,0.11190950125455865,0.8993897778647294,0.14201271463008164,0.5860043877647041,0.10582385566972558,0.9294995892615552,-0.04835050641780811,0.96967424381347,0.14055202617531742,0.9113761754263022,0.12670492487294344,0.6949916595504402,0.13762471505573828,0.930366774400076,-0.08623440563678747,0.978303912140075
24,400.0,0.17705303075767712,0.5874217663492479,-0.06996390010629386,0.999508636338371,0.17749945819377913,0.5780888086273561,-0.06438756609956428,0.9993988786424917,0.17731369180338735,0.577677122184209,-0.0644213718672594,0.9993691728228622,0.177043072524525,0.5771392356781737,-0.06445670287523955,0.9995890884172356,0.17627456713290454,0.577017154012408,-0.08243589848279959,0.9995184029851648,0.1752878370739166,0.5760192473729455,-0.0824544766829128,0.9994312496412376,0.17420550187428807,0.5748744748887565,-0.08248162801776619,0.9995903628213072,0.1704467009930385,0.5747186229342509,-0.03058261841180781,0.9988087273779377,0.1674306853896097,0.5727291901906335,-0.11135469128688183,0.9992683529853829,0.17261823798928955,0.5939013787678313,-0.05488897700394907,0.9993116429873883,0.1712133749609903,0.5924676912171505,-0.07835213840007788,0.999702848139264,0.15381840935775223,0.6157774442718147,0.03193355050115361,0.9996018977392295,0.14325900304885147,0.6164021037873773,-0.1383439643042429,0.99994596980867,0.14681046349661703,0.6705291924022498,0.07123634254648578,0.2571391143969129,0.12405417788596389,0.6873512977645515,-0.14552273778688352,0.9891189166477755,0.15875209796996353,0.7067083063579747,0.04600613635210767,0.5247248723393398,0.14784730403196256,0.7356230872018003,-0.12941801122256696,0.9761984660511932,0.16372088591257744,0.7201925260680068,0.04536546819976402,0.5334941688038057,0.15358184490885063,0.7555950511069531,-0.14323203336624885,0.9648950837907344,0.16698431755815246,0.7211045197078165,0.03090928432842098,0.5482606121471953,0.15794444438957045,0.7494964031946096,-0.1421569309064321,0.9616507944606606,0.1645674024309432,0.7168963466371814,0.038599606425989266,0.5277890931992307,0.15580235137825932,0.7435573367845449,-0.12776498851322002,0.9346384803454089,0.11818940369855799,0.7091059627987095,0.055350200228747905,0.9964359743254533,0.10773901960679472,0.7113612436112908,-0.055332887562967524,0.9985276290348605,0.12874970123881396,0.7984218824477429,0.08999837012518025,0.4085345821721216,0.1269904744057429,0.811855072066898,-0.060579847544431735,0.9859592432067514,0.11738607819591258,0.8894569675127671,0.1454276116121384,0.5803314447402959,0.1136462010798001,0.912748657521748,-0.05267840410981863,0.9867418209711717,0.11202605778262738,0.8985753399985182,0.14916077823865992,0.5842259242421108,0.10608289213407615,0.929775706359319,-0.05495113223081547,0.969048494384403,0.14044931318078732,0.9110640145483477,0.1337213356580054,0.6974337867328104,0.13783813090551478,0.9302997248513365,-0.09286226616019301,0.978197287945521
25,416.7,0.1769273699749085,0.5858562787373864,-0.06922268441745218,0.9995261629422514,0.17713321603479854,0.5762831909315931,-0.06364417590555696,0.9994195955140257,0.17694007427919492,0.5758239967482435,-0.06367914556037817,0.9993919758569634,0.17665908166340433,0.5752543494814922,-0.0637140884285882,0.9996034928730563,0.17591476369471792,0.5753725653602968,-0.081899629462333,0.9995368548801975,0.17491472547962567,0.5744266084262307,-0.08191571420147312,0.9994534963653208,0.17380745992774066,0.573347077483223,-0.08194012833493103,0.9996046480678384,0.1700138392902557,0.5732449945949376,-0.02988276453245256,0.9988420094762537,0.1669626207578751,0.5716186250959128,-0.11163177518617547,0.9992914284978601,0.1726025761592957,0.5925610207376031,-0.05415102839469914,0.9993291440464208,0.17117349448658184,0.5912116084780016,-0.07790359287034904,0.9997139033817117,0.1538599552143189,0.6155802125022529,0.031883226796275116,0.9996069584574026,0.1431510342018946,0.6165936220259898,-0.1380637153273538,0.9999469291596192,0.14664673166615633,0.6706984213420328,0.07237191462800621,0.24802660942077653,0.12427532211655672,0.6876298813592825,-0.1456527745439894,0.9890601379530777,0.15958417526313248,0.7060507990065081,0.04807004687331975,0.5104156562260223,0.14874140208675757,0.7357761405763177,-0.13157848800931668,0.9756346742312121,0.16497486900715613,0.7178734796387813,0.0473805234900543,0.5209864945638751,0.1549438514879773,0.7548703863507231,-0.14584651589393627,0.9642492816561752,0.16814502009323679,0.7191815546580729,0.03263601359157338,0.5359639440264025,0.15917183529763007,0.7485185889970694,-0.14476466391767784,0.960971877688454,0.16554902564911628,0.7155215768587027,0.04060838140902068,0.5156335064343047,0.15661024053891512,0.7427056829134628,-0.12999950278373001,0.9333081983384639,0.11852720663661057,0.7092852422169282,0.0552134409192063,0.9964730342229214,0.10808354154938751,0.7115647736049839,-0.055198203772306484,0.998566184725081,0.12875358902272732,0.7987218612716318,0.09325521758624492,0.4121988515059156,0.1272125875666029,0.8118419874282116,-0.06282616442158113,0.9860161571275627,0.11760441604114723,0.8895280304409214,0.15145604951041097,0.5854631861050927,0.11385040481885284,0.9128764782633106,-0.05681427284365613,0.9867539718037568,0.11212269252254857,0.8979346014204486,0.1555282934790567,0.5852281195776807,0.10624860475460696,0.9299714763959255,-0.059337744755404376,0.9687690365882154,0.14034833723590498,0.9108204359099985,0.1399687741483962,0.7019622638112029,0.13799063648496365,0.9301867854027528,-0.09710299720366802,0.9783106559798838
26,433.3,0.1766820408049085,0.5846838213148575,-0.06822167070848606,0.9995449185371406,0.17662869393825542,0.5750130159514295,-0.06261555477976803,0.9994426795414523,0.17642388599259526,0.5745041285242357,-0.06265102043038329,0.9994167316527601,0.17612769632112427,0.5739007648967565,-0.06268495853458136,0.9996192284992771,0.17543128487609694,0.5742145265851706,-0.08093344526631498,0.9995568933941076,0.17442468376386747,0.573291347140358,-0.08094856888055807,0.9994775085222161,0.17330025704134092,0.5722541468484065,-0.08097192786988763,0.9996204461370204,0.16943499800704787,0.5721389736448019,-0.028843253052660417,0.9988792368343906,0.16642638473283689,0.570767150038765,-0.11090916572582162,0.9993190850530359,0.17250919980662222,0.5914309592474079,-0.053144033998250996,0.9993497984749937,0.1710625929491862,0.5901289866084148,-0.07698729598806023,0.9997258782386786,0.15377583461148409,0.6154227029709594,0.03265160428626199,0.999615410963695,0.14304005248206014,0.6168011313393007,-0.1374273073105586,0.9999483000664491,0.14652088639282057,0.6707906978470943,0.07276530067125961,0.2421490968692872,0.12441640453679229,0.6879774757793977,-0.14509971510796332,0.9890089290482664,0.15977606815951223,0.7056489161082682,0.047936432063579594,0.5018539286795121,0.14975562124025266,0.7354921755336585,-0.13136324428376706,0.9751956491243279,0.16601068845817032,0.7161623863946829,0.04712843415992604,0.5134997594924204,0.15653046752725341,0.7537859366053632,-0.1457947932538533,0.9637837239674166,0.16897341963790724,0.7175430910927914,0.03243678684035939,0.5286589548701336,0.16059460384505148,0.7470800848234272,-0.1446963974407742,0.9604831082480301,0.16609171174821413,0.7142495399429689,0.04047940831099241,0.5082377394040429,0.15766644406886338,0.7415040163766776,-0.12980780076412937,0.9322892966724585,0.1185243853500912,0.7095195792970208,0.055144549480506386,0.996569304239183,0.10840639223655071,0.7119284130278093,-0.055130941527230436,0.998622758047922,0.1287453600338528,0.7993008465993978,0.09573746969302502,0.4159529095604309,0.12745011917182386,0.811776703312284,-0.06407125737695471,0.9862028786114291,0.11775324600083496,0.88963798681895,0.15581048670269204,0.5923697437558859,0.11392093733662659,0.9129529226393933,-0.057165251601310044,0.9869474456423811,0.11203299711147952,0.8980174178168894,0.16005770294439237,0.5884976784388228,0.10638789513281421,0.9299827530270537,-0.059460985696031976,0.9688766541935157,0.1402604097411747,0.9107087112608416,0.14420684001275483,0.7082462850071141,0.13805312769753603,0.9301741832778574,-0.09698432967776352,0.978713858695258
27,450.0,0.17632815880434868,0.5839070138477148,-0.06579038837835907,0.9995676392600658,0.17603029026871647,0.5741575871195116,-0.06019473927361629,0.9994692518597564,0.17580934010800875,0.5736227177438287,-0.0602302325978166,0.9994454383850104,0.17549427492277975,0.5730154344013763,-0.060263083449431876,0.9996376747176767,0.1748733236676172,0.5734230308305654,-0.07850184043248501,0.9995789698192058,0.17387432001885927,0.5725128906113764,-0.07851559562342514,0.9995039190564844,0.1727474963381178,0.5715166018122723,-0.07853790691920695,0.9996377854120171,0.16877264777819329,0.5714171699115212,-0.026610252669169807,0.9989255326134825,0.1658650948887781,0.570196852797554,-0.10863615288620912,0.9993480046590176,0.17233513579482135,0.5906551026162652,-0.05079784705525356,0.9993777927898232,0.17089056826773155,0.5893991816611521,-0.07463143446615769,0.9997394084930427,0.15368170184748525,0.6153245369593308,0.03427411580369588,0.9996305590584171,0.1429618966011775,0.6169729545002895,-0.13544043189003363,0.999949841272264,0.14652112552097876,0.6708955282256721,0.07422154077461793,0.24126482790424728,0.12456515857151586,0.6883524230548319,-0.1434455911318462,0.9890485632987257,0.16012472410996767,0.7056752131098798,0.04939990064927513,0.503161260059902,0.15082278563862767,0.7352651158968613,-0.13074324031670898,0.9752498666445422,0.16720195469402144,0.7150514069057652,0.04860728801715945,0.5150715339751474,0.15805129139196317,0.7526414678210309,-0.1453307916720709,0.9639757616179337,0.17021598702385327,0.7170342632702424,0.033967672359375756,0.5304890927814305,0.1619207412004472,0.7456124055953258,-0.14440652160417478,0.9606974380356932,0.16694456977503652,0.7140403985977177,0.042006939472187164,0.5095225090072272,0.15878790333157505,0.7404625273886187,-0.12927266245796576,0.9323680400848395,0.11848979585227522,0.70991576569421,0.05513214940826102,0.996704402424041,0.1087153273678962,0.7124595301491878,-0.05511963544856938,0.9986908691270018,0.1287391029653096,0.8001033606983372,0.09641818702220922,0.42209270170756785,0.12767498337087185,0.8117834925651557,-0.06629625636906855,0.9866047274498719,0.11788155848071696,0.889750866662889,0.15654820132823227,0.602501505897159,0.11391220206306102,0.9132687137240463,-0.059649472790105046,0.9874232383001426,0.11188228180011121,0.8981341549328402,0.16076413009847926,0.595325384821211,0.10644542958055231,0.9302604056539996,-0.0617167646331447,0.9695128770101645,0.14018361412343533,0.9109733615602773,0.14418411183924912,0.7170567171914242,0.13804269404638392,0.9306517811048605,-0.10015809429543365,0.9795253503890271
28,466.7,0.175948059984616,0.5831718104226252,-0.06316448907767028,0.9995926192828595,0.17546162789776223,0.5734184611411326,-0.05755686458377615,0.9994972177914218,0.17522796562739795,0.5728980728558135,-0.057592462038710046,0.9994758906818578,0.17489927581378406,0.5723314824558443,-0.05762461838977682,0.9996573584420347,0.17434606594698782,0.5727033898943951,-0.07593074973140448,0.9996018920625966,0.173361802384967,0.5718192032405313,-0.07594328231754763,0.9995314507257378,0.17223660789784945,0.5708717022623339,-0.07596475630998617,0.9996556582905005,0.16814268344924577,0.5709551175435389,-0.024025310363088352,0.9989768039612551,0.16532566859608616,0.5697589232808071,-0.10633131861686715,0.9993776707422172,0.17212880225408655,0.5899792569024227,-0.04819171556404662,0.9994103823389333,0.1707023999520712,0.5887107820737933,-0.07211486356598995,0.9997537391526365,0.15359042159148636,0.6153236599195575,0.036481591030245765,0.9996520962033961,0.14291579879465569,0.6170814122472494,-0.13337694534233646,0.9999513881547117,0.14679053283873067,0.6708730913343888,0.07731789173114872,0.24365610451925385,0.12465901814755949,0.6885393432208475,-0.14175926503681013,0.9892568730172664,0.16078925842330583,0.705329699175699,0.053356518702847654,0.512720468498412,0.15182908517973775,0.7347820429574881,-0.13058248658974975,0.9759819990112675,0.16832442297821965,0.714118171305884,0.05279238947800231,0.5243859830356783,0.1592883680547988,0.7512862767492028,-0.14540259327207303,0.9650459942363565,0.17147565384705876,0.7160442783719022,0.038144165383917975,0.540250917275747,0.1630194094919024,0.7441839348702208,-0.14460044105847686,0.9618502202488134,0.16801499681813387,0.713240850539435,0.04604334827689901,0.518309227057866,0.15984916190306359,0.7394066481363211,-0.12917882416929527,0.9339078863461818,0.11853571945712689,0.7104715137254629,0.05522634550219494,0.996856459549496,0.10894638938563218,0.7131193592434844,-0.055215607441607015,0.9987547511146189,0.12873785197734844,0.8010912537574774,0.09674600192478733,0.42908155634289724,0.12787837073916491,0.8118861033802947,-0.0681656311665263,0.9870467327889949,0.11798462449085154,0.8902318420864292,0.15578610130718787,0.6138180068561013,0.11392750981308172,0.9137224923996704,-0.06128891805807754,0.9879476428031928,0.1117154938124476,0.8986369967460639,0.15989083832218548,0.6041892511504041,0.10651262743132464,0.9307218931970149,-0.06295427875149823,0.9703788956006375,0.14023224796567654,0.9115646197682342,0.14353691112427494,0.7267462412516281,0.1380806423368909,0.9315773873102104,-0.10322602696362004,0.9804216424624133
29,483.3,0.1756293248562587,0.5824132192702525,-0.06252516469075571,0.9996151782217487,0.17500511734258573,0.5726550334975837,-0.05685707075255262,0.9995231401352663,0.17476130028565737,0.5721691619782225,-0.05689099235903653,0.9995038991882694,0.1744191823970705,0.571659658636366,-0.056921884417533916,0.9996755009605778,0.17392285168170943,0.5719028172038855,-0.07529335681881229,0.9996230460348591,0.17295330904778994,0.5710327994255797,-0.07530586066700168,0.9995567770231345,0.17183329235939765,0.5701283897672385,-0.07532744819209694,0.9996723390760882,0.16760208209355684,0.5705267531531202,-0.023153686895966544,0.9990245983714157,0.16486752600896937,0.5693088429314754,-0.10574625219617578,0.9994062667801273,0.17194505887372166,0.5892530168805807,-0.04747236750665168,0.9994396879559478,0.17053749944482544,0.5879476950282146,-0.07147558459213807,0.9997666676839201,0.1534761495533445,0.6153378940763932,0.03803308769350963,0.999666835580554,0.14293362838881368,0.6171422998110458,-0.13343364497025817,0.9999530883062461,0.14684546348594496,0.6708455369586042,0.07812575357300901,0.2422001950797582,0.12472107580729902,0.6885731702759157,-0.14214335807732184,0.9894294795535867,0.16119471405233665,0.7057169846126017,0.05324714755018556,0.5134755004019969,0.15275811510426668,0.7343708503813976,-0.13099085858889997,0.9765327147075115,0.16878417134284984,0.7156526276043489,0.05272476942766284,0.5254458189010625,0.16009180105867854,0.7503378902162829,-0.14589402221498046,0.9658652487255286,0.17222270227613917,0.716383624644507,0.0380252880886907,0.5416134226889842,0.1637802982614155,0.7433477640151983,-0.1449100353888104,0.9627307483128146,0.1687224627960297,0.7134708336421427,0.04585321513669835,0.5193929828348618,0.16071522590659926,0.7387808901923049,-0.1295161105337598,0.9350144465764371,0.11855430333387292,0.7111894743783138,0.055483621500787325,0.9969987329982584,0.10929065765369514,0.7138835617474153,-0.05547696955147248,0.9988194164775673,0.12871170611608607,0.8020874488921399,0.10044963551419128,0.4337159579708466,0.1280707170565924,0.812143865085784,-0.06788579942215062,0.9875250118119383,0.11806931453091767,0.8907341502961664,0.16290141003472475,0.6240606875646686,0.11396574193523051,0.9143530584516986,-0.06042689102746196,0.9884929884047743,0.11153574039538709,0.899051453386035,0.16735968419483743,0.6122356908661983,0.10657045387086422,0.9313455252420341,-0.06212387180754121,0.9713062871070142,0.1402548516080494,0.912008044265566,0.1511290357226418,0.7358720075516478,0.13812785489218585,0.9327825875509359,-0.10226042213894079,0.9813145172028321
30,500.0,0.1753434574320204,0.5815970273244953,-0.06406777298876222,0.9996334626561127,0.174625133474668,0.5719099555696764,-0.05827884003520016,0.9995424463635406,0.17437752087910982,0.5714721282323205,-0.0583113256309714,0.999524911244711,0.17402949574447826,0.571023163341341,-0.05834080793318299,0.9996883046059389,0.17355818762665715,0.5711255811509637,-0.07668609384979526,0.9996393521626799,0.17259247246242715,0.5702713614418398,-0.07669918381032495,0.9995764011428477,0.1714708641881036,0.569403395766304,-0.07672172926721124,0.9996847879318971,0.16713697143963419,0.570128665083931,-0.024059585606058455,0.9990506001881198,0.16444631275676558,0.5688755739302866,-0.10653958114839743,0.9994262683959242,0.17178386378855948,0.5884695223399575,-0.04882192700391728,0.9994602033070162,0.1703719340619588,0.5871278586841768,-0.07278182783297135,0.9997770076706304,0.1533139759585972,0.6154464568410605,0.03832022792526657,0.999672818751563,0.14291989519482579,0.6170915790966583,-0.1346778834149952,0.9999552028519774,0.14645984981741234,0.67120487349374,0.07716391377505807,0.2364668086880731,0.12478471121617735,0.6885030752136598,-0.1440722034091042,0.9895938776788265,0.16119925322986797,0.7068935036659245,0.04929290640921823,0.5042536528337573,0.15363691676230667,0.733888345105308,-0.1333225206250237,0.9770444915408187,0.16876841868673065,0.7201582533972609,0.048195198089593966,0.5173396425587794,0.16068820513430107,0.7498209221022475,-0.14822399616241466,0.9666068412008747,0.17343129146666766,0.7176820891244076,0.033507881264778855,0.5336373703820368,0.16454894344011955,0.7428870115961352,-0.14734421173731496,0.9635275034677422,0.16952729721864077,0.7142281787736081,0.041716025964844826,0.5118898933842072,0.16157301976567234,0.7383020520210272,-0.1318556872152148,0.9358579544793998,0.11877807903857467,0.712192677316212,0.05584488773629784,0.9971095437095286,0.1097016937675931,0.7146769733656025,-0.05584266214143666,0.9988889750980203,0.12872896733738137,0.802781048275176,0.10568503077541086,0.4345768406277614,0.1282556028593155,0.812507521538508,-0.0698760446338427,0.9879780184654969,0.11836332295622153,0.8910633495875774,0.17362977138587418,0.630483448505402,0.11399401688859584,0.9152103009678075,-0.0649617534308207,0.9889771881557654,0.11173170272793097,0.8992525395892922,0.17860312334128803,0.6166674154145382,0.10658412746020733,0.9323737564541053,-0.06704536594805269,0.9720608875865036,0.1404489598103933,0.9122074132873905,0.1620662354287648,0.7424526895795555,0.13822391842092796,0.9341412300155284,-0.10868531784841001,0.9821379496937714
31,516.7,0.17506577287401487,0.5803468993731912,-0.06870250989283838,0.9996356027466917,0.17429195912111387,0.5708182993389315,-0.06281662022783648,0.9995468542689376,0.17405523146901825,0.57044453847976,-0.06284800934649654,0.9995297732807349,0.17371478960627615,0.5700765621094481,-0.0628765388613656,0.9996885997908463,0.17318806477955423,0.5699787310191567,-0.08088229525656934,0.9996422585986916,0.17220295114176626,0.569151688189734,-0.08089796311798556,0.9995799263318387,0.17106487353642796,0.568347519352323,-0.08092240918250318,0.9996854691278374,0.16673481109596447,0.5694723129272465,-0.028036557137966177,0.9990356280690156,0.16397457960106088,0.5681884090105697,-0.10901595616624477,0.9994305911518286,0.17164268096288057,0.5873619914054875,-0.053269661962986034,0.9994577566782641,0.17018304410434915,0.5859692408925015,-0.07677251597245541,0.999778350194296,0.15308955879438502,0.615486147857848,0.035691564015689375,0.999657557124184,0.1429064039673125,0.6169499896821526,-0.13725648181779054,0.9999570505959654,0.1449878556387766,0.672009837059748,0.071040226412671,0.22465100174858474,0.12483183117139916,0.6883985712414701,-0.14632856774897812,0.9895278783071615,0.15985695308163062,0.708199887048631,0.03876798777353199,0.48071196817216455,0.15438246017410653,0.733287408238366,-0.13443679965677724,0.976312072504135,0.16655438074043832,0.7257428594997957,0.036505055791210585,0.49553849299748776,0.1612281238748915,0.7489302555720017,-0.14936369089853208,0.9658104408354993,0.17199014907791513,0.7200687414123903,0.02226544350075227,0.5115995250997093,0.16537231703599303,0.7419417841093886,-0.1483635696626846,0.9627092083295192,0.1681066623755865,0.7159205448059813,0.03109770099676793,0.49121075159027494,0.1624372516359603,0.737561322393872,-0.13292780163742257,0.9343795577685045,0.11897877639248267,0.7132619534220019,0.05618625063271754,0.9971684955415279,0.11020599021798097,0.715389035996937,-0.05619010648557122,0.998958953789303,0.12875294259616316,0.8034166126024161,0.1114180747951781,0.4293718437353773,0.12840863778477632,0.8129663325491412,-0.0693415428201358,0.9881313954080861,0.11870023111502338,0.891318505718595,0.18541864908876887,0.6301559749103732,0.11401107481547773,0.9160568657375523,-0.06470190219226342,0.9891216187250054,0.11226371462856029,0.8992937036923007,0.19093456438609546,0.6146039820852738,0.10656883744966424,0.9333115872882668,-0.0670152226729053,0.9720668168295005,0.14075416042691197,0.9120626563117624,0.17394517858823152,0.744456997939519,0.13833005939211174,0.9350449528012964,-0.11127034574747094,0.9825094654446564
32,533.3,0.17476622121674687,0.5791896922247755,-0.07222007534333644,0.9996192029544293,0.17389463243030379,0.5698283087639586,-0.06629003513427012,0.9995331622305378,0.1736486958605904,0.5694808449063986,-0.06632149521084064,0.9995158882368186,0.17329920473552896,0.5691367870285402,-0.06635044390956565,0.9996753902662375,0.17277278857571748,0.5689956914810912,-0.08400222304321477,0.9996287567274919,0.1717680430128462,0.5682053367296859,-0.0840202825410026,0.9995633505639583,0.17062187052908412,0.5674482811064951,-0.0840470900847799,0.9996705253918973,0.1661984218018397,0.568754321052915,-0.03137538147469364,0.9989821428344371,0.16349258380276827,0.5675788351467681,-0.11072438352164776,0.9994117816289273,0.17143266044911898,0.5863687027068369,-0.05678512297925499,0.9994314454850703,0.1699476114341192,0.5850174966312595,-0.07980200612828851,0.9997683735120871,0.15263407712890997,0.6154952020872211,0.032940936230477856,0.9996236931710023,0.14289226773239327,0.61678748755228,-0.13921175329458157,0.9999579418273207,0.14282989076205674,0.6729909380277003,0.06439050695016274,0.2095940822646733,0.12490894326141912,0.6883007458278116,-0.14761464226813553,0.9891164728573398,0.15815796951452904,0.7093267440795904,0.0284197395223947,0.4483084579308831,0.15484349997270686,0.7325021539415637,-0.1340349323692777,0.9741138219833381,0.16388775904973357,0.7310266182536176,0.025305735213415982,0.4648163219292962,0.1615373336133504,0.7480187047095532,-0.14901538264183783,0.9632579627491186,0.16928525339989448,0.723609396389553,0.01162615580306877,0.48030172359375756,0.16598813164801834,0.7408454673630855,-0.14782019811017183,0.9600084793000001,0.1656898224637623,0.718888918558757,0.020744094891207574,0.4618526455901921,0.16315289764177243,0.736651690233322,-0.13247597501391467,0.9301877362387528,0.11914450604291199,0.7142057220141098,0.05641199488724986,0.9971588537806564,0.1107841861389933,0.716038272494362,-0.05642006457561542,0.9990093367440367,0.12877034644285848,0.803849081198375,0.11361776682592582,0.4172405089650838,0.12849698605991555,0.8134380919592726,-0.06641550982991859,0.987791319688162,0.11897965094872892,0.8913129227502011,0.18954417819068559,0.6215255487532847,0.11401102833804638,0.9169096719651002,-0.05978654360487352,0.9888105023474927,0.11300409975506018,0.8993122606050405,0.19521261822609687,0.6058669061887836,0.10653935159955713,0.9342018252327335,-0.06207363555828735,0.9711940799440664,0.14115833029860553,0.9116735855738328,0.17842645446459465,0.7403857651210972,0.1383754348471052,0.9357428380421237,-0.10811304726770954,0.9822151973134002
33,550.0,0.17441903338545856,0.5780648532367892,-0.07299236385595237,0.9995883731614983,0.17339127546265024,0.5688283216385619,-0.06706149272975473,0.9995047620364605,0.17311893403530132,0.5684839203244167,-0.06709401841674537,0.9994879733948487,0.17274612046423427,0.5681303001585465,-0.0671239608810062,0.9996522636640646,0.17228821629569657,0.5680747599828815,-0.08460966675054465,0.9996013102077309,0.1712731399706433,0.5673309536207294,-0.0846290868662653,0.9995301167170214,0.17012991365932295,0.566608758199783,-0.08465826937130524,0.9996419974735811,0.1654907386927379,0.5679952984764467,-0.032344866189218724,0.9989048895381754,0.16296320940767028,0.5670622246606013,-0.11086015829018192,0.9993713412966054,0.17114164006142402,0.5853778067089266,-0.05768407703865146,0.9993881838662291,0.16967076914651066,0.5841585511252998,-0.08046146162918641,0.9997494816780098,0.15205302976426635,0.6154864856175019,0.031667430397300515,0.9995803946540476,0.1428765044325875,0.6166610831306099,-0.13986760590757652,0.9999580071085983,0.14070710326944091,0.6740960450399494,0.060329035811481066,0.19458332161108666,0.12505018782048005,0.6882123776844574,-0.14772461212816704,0.9884106147856947,0.15655686316036055,0.7101721905526666,0.0227262153334561,0.4141255106244771,0.15508329868316661,0.7316310036750072,-0.1327814374651229,0.970869041624524,0.16138907202652536,0.7343520805949262,0.01923257968432848,0.4318251623993832,0.16168538587433962,0.7471185638791045,-0.1478423909062432,0.9594938840184901,0.16622666305019754,0.7278093525341585,0.005969248102268297,0.4464937632992157,0.16637362681684054,0.7397721154349196,-0.14655925049668278,0.9559813056673329,0.16307545204957336,0.7228046087991629,0.015099898158084789,0.4301540468420304,0.16370997755300443,0.7355912753513887,-0.13122815461385828,0.9240389977182667,0.11936585214876003,0.7150567855153771,0.05657645829376724,0.9971133016404659,0.11132158339023597,0.7166109312148327,-0.05658419359297984,0.9990450541178393,0.12883113040810548,0.8040994831493928,0.11233594481434149,0.4015930663971677,0.12853766622997476,0.8139191837537862,-0.0651932646121298,0.9870063889594313,0.11917031485409972,0.8913301683607562,0.18729941405001155,0.6072677969932561,0.1140175334044866,0.9179191305523833,-0.058019960210436906,0.9881030292738059,0.11380266752981012,0.899353464444479,0.19285343232608992,0.5932155506951473,0.10653275890009752,0.9352589022545594,-0.06045496428296684,0.9695778744561339,0.1415294763587771,0.9117831303959807,0.17589713491144648,0.7319624821345017,0.13840827487763913,0.936521041960944,-0.10820718074128749,0.9813958378065207
34,566.7,0.17407080176330758,0.5769848028818771,-0.07222371193624683,0.9995465846288779,0.17284957851682403,0.5678061729385744,-0.06635545442501709,0.9994661751247594,0.172544735528174,0.5674569294566204,-0.06638834022340326,0.9994503174509328,0.17214553058147442,0.5670892113731025,-0.06641918598186407,0.9996238719849366,0.17178876059395937,0.5671553838820689,-0.08402894472792041,0.999564190705618,0.1707704053038644,0.566464844204131,-0.08404832617157987,0.9994842580386578,0.16964014938899463,0.5657862396467304,-0.08407832185427355,0.9996035411244354,0.1647349312191919,0.5672383024579006,-0.03202207900938536,0.9988184769948331,0.16244941027391535,0.5665795150257296,-0.11100565393765777,0.9993154065949583,0.17082561339650848,0.5844191284406757,-0.05704764933103611,0.9993326039541344,0.16939933101336174,0.583343298662277,-0.0799729806326685,0.9997230910119563,0.15139190426894608,0.6154881687391376,0.03156305139973052,0.9995310874212363,0.14287660732155766,0.6166276364099416,-0.14040444223653714,0.9999569228717267,0.13902083039283764,0.6749695056960701,0.05915426569325588,0.18059775446142484,0.12520352538142895,0.6881096930730916,-0.14763397900831143,0.9875942184811555,0.1553532211553484,0.7104275765873143,0.022399804067044046,0.3821896541686288,0.15514713809603747,0.7310347159703579,-0.13058215379714977,0.9671660945529037,0.1595361317907062,0.7355445027351385,0.019190846720621713,0.4006267984708153,0.16164434594767446,0.7466329392932716,-0.14554822444915783,0.9551348232087642,0.1634213910216378,0.7312656981604445,0.00601374550855586,0.4144844313462578,0.16652198845431931,0.7391531666119899,-0.14397923861231132,0.9512844738506142,0.1608493548064006,0.7263669399988089,0.014822148407499005,0.4001594327744986,0.16408442670390733,0.7348556177956722,-0.12894164877278474,0.9169266110374821,0.11947607390937359,0.7156838434083126,0.05677329677911036,0.997066151528132,0.1118193066545896,0.7172639653796247,-0.05677917599678044,0.9990651522363942,0.1289065678914389,0.8044196793011262,0.1107505102242743,0.3857465570881256,0.12853345984504344,0.8144182506061741,-0.06048415441598215,0.9859866045770198,0.11927348836546861,0.8914285642760147,0.18453021773270212,0.5921191715058831,0.11406292092232485,0.9187835313024981,-0.04920913332274986,0.9872339254333867,0.11426004164275677,0.8994495045571107,0.19001533091068282,0.580659735770453,0.106577516311691,0.9361226530302145,-0.05128235361050995,0.9677671704973501,0.14174872849668785,0.9123013700757715,0.17297976002806723,0.7227825522422795,0.13845434146268037,0.9372034413473953,-0.09902049175330577,0.9803373416264859
35,583.3,0.17377126997425454,0.5760921637217208,-0.07126533381995706,0.9995120593479708,0.1723357609340124,0.5668406940641861,-0.06545653087752211,0.9994343462444495,0.1719976223650434,0.5664829526628771,-0.06548900973229185,0.9994204384940019,0.17157051180090238,0.5661064897264758,-0.06551995589619596,0.9996019942419876,0.17133857664607832,0.5662805863789153,-0.08334015061457958,0.9995332530566632,0.17033218627884286,0.5656346139453711,-0.08335843433936443,0.9994456171989448,0.16922443963232509,0.5650042806352892,-0.0833881536409969,0.9995705456960776,0.16402958759239752,0.5665787004289177,-0.031389779544302415,0.9987548192342129,0.16201012262276254,0.5661868708474299,-0.11129666651998256,0.9992654124895739,0.17055331596306406,0.5835831988425486,-0.05614936546910381,0.9992855049314959,0.1691873527708509,0.5826387944675631,-0.0793519101682164,0.9997006910187864,0.15075239822978076,0.6154784844035198,0.031941955554343426,0.9994893130801981,0.14291915084634518,0.6166831226575946,-0.14065858508859372,0.999956096921649,0.1379702559539251,0.6753683005060473,0.06013987124675801,0.1680971696263269,0.12532847197282893,0.6878826362746107,-0.14821257335799093,0.9869153130622145,0.15463885097276608,0.7101960863385887,0.025030555647043973,0.3542011848517829,0.15513782487029132,0.7306490086373834,-0.13045458779448565,0.9641532472201763,0.15859695630414156,0.7354617686498739,0.022344310767948645,0.3734447161356611,0.16147263631934222,0.7466725167774024,-0.14535447955131542,0.9515792273339778,0.16172453832058692,0.7331999199731014,0.008916687453165657,0.3865987034071062,0.1664516684554873,0.7391371897288737,-0.14357708891232818,0.9474184399559391,0.15953419180143458,0.7286659166926435,0.017407242208719267,0.3740004059814274,0.16423452893892937,0.7345924121992934,-0.1287184464079994,0.9109358276639672,0.11955256937515177,0.7162612988835294,0.057078978312867075,0.9970515341985801,0.11233614207733253,0.7180791922977998,-0.057082390501385694,0.9990860621134448,0.128966795546668,0.8048558178402134,0.11075093206905193,0.3737251928874427,0.12851724383376906,0.8149446192241856,-0.05643164295525782,0.9851950832775669,0.11930268293335333,0.8911785568509789,0.18551169548715876,0.5814138367062527,0.1141404988510269,0.9194939278420954,-0.04214025927441464,0.986605468250457,0.11440366790408188,0.8986090506826134,0.19118673886571624,0.5722754398981734,0.10662802344276799,0.936667808464596,-0.04381205744686584,0.9664740534055807,0.14184440459523892,0.9126312136650092,0.17455741621199122,0.7169301027343392,0.13845570527371917,0.9377100694747205,-0.08955101846229468,0.9795838083539697
36,600.0,0.17352493958813817,0.5753490470704583,-0.06913022306703391,0.9994813317344309,0.17191725401651303,0.5660045742988591,-0.06339147686958317,0.9994036526907065,0.17156112761724573,0.5656571672076275,-0.06342161375851862,0.999392217113859,0.17112240266232276,0.5652981911386766,-0.06345001590393842,0.9995831109228595,0.1709695500986918,0.5655281174750559,-0.081460075719016,0.9995022018750517,0.16997412201904127,0.5649378413245796,-0.08147638716867997,0.9994070331255602,0.1688825438419979,0.5643719945635118,-0.0815052659738632,0.9995369854427526,0.16352205688045152,0.5661236672174367,-0.029636779711360046,0.9987038544246135,0.161705085919017,0.5659264326095585,-0.11042108031965445,0.999215347426279,0.1703656443527768,0.5829072140512017,-0.054105004207009394,0.9992447353544697,0.1690418322881064,0.5820371168000362,-0.07755624148107716,0.9996787763777241,0.1503347286156247,0.6155026611827674,0.03357821028857007,0.9994476380802344,0.1430035467658725,0.6167260748999464,-0.14045594064962308,0.9999543541953685,0.13773228370008025,0.6756887322380434,0.06355712137051996,0.1571498051995324,0.1254908556029911,0.6874315483229505,-0.14896067764077878,0.9865227767399386,0.15453028536978233,0.7105236677896414,0.030308272866975718,0.33024098617689973,0.15513009684426454,0.7303097333226891,-0.13096840182940175,0.9622846132233036,0.15877159081754244,0.7354807796932408,0.02803592694302402,0.3503485293615435,0.16126542715799252,0.7469665493283959,-0.14574962570553746,0.9492210830960962,0.1621205998318537,0.7338973141851886,0.014143503825401986,0.3629350023610254,0.16635702195621685,0.7394252220789597,-0.14364136116845277,0.9447812466394341,0.1598416616519293,0.7295328776041672,0.02258963590221747,0.3518746537821636,0.16428392841702427,0.7344758851187576,-0.12913896356310173,0.9067255485625502,0.11962863483599263,0.7168629368146267,0.05737561040690971,0.9970707808222097,0.11279292546567471,0.7188680966695155,-0.05737594089337762,0.9990918976919999,0.1290048417590914,0.805711590108418,0.10756973957731618,0.3626905083656313,0.1285131573677064,0.8153631176267357,-0.05225052382974402,0.9845143868809663,0.11912697305281966,0.8921902350017009,0.17828024427096062,0.5730642789886116,0.1142233358252617,0.9200653916313541,-0.034283846528047626,0.9861936994961337,0.11407417307297398,0.9000401213055571,0.1834700384310315,0.566933373610179,0.10670786670276104,0.9370646902493075,-0.03543974051163312,0.9657007938339603,0.14149712097077152,0.9137037708645782,0.1656245475723631,0.7129431764284775,0.13850918766998122,0.9382600528853287,-0.0790351478471643,0.9791035935992294
37,616.7,0.17324961650939227,0.5743972261746728,-0.06923806809243707,0.9994552476065507,0.17154909031731752,0.5649743818101433,-0.06349495124249235,0.9993795866057994,0.17120457830883223,0.5646671397345411,-0.06352298103627708,0.9993703961372382,0.17077986966995978,0.5643700588317149,-0.06354915528070364,0.9995688512211762,0.17059873257364558,0.5645353027752471,-0.08162247425033939,0.999476197220031,0.16960674950054727,0.5640096777961372,-0.08163866471676605,0.9993750197546829,0.16851617892583223,0.5635390082995101,-0.08166683252368662,0.9995086335000545,0.1631528089443844,0.5656389508928575,-0.029675960185981953,0.998666391486214,0.16130360180423386,0.5655548090026496,-0.11073080840564918,0.9991758721215391,0.1702101244812921,0.5820369606926332,-0.05418395996093754,0.9992104484921418,0.16888889102708737,0.5812163608414791,-0.07770809708606635,0.9996589592524945,0.149998989843187,0.6154838772047138,0.03380958806900754,0.9994050519807005,0.1430989887033191,0.6167902492341546,-0.14124096291405824,0.9999520665123356,0.13734621519134166,0.6759998173940754,0.06413080082053235,0.14683952076094503,0.1256244501897268,0.6870494087537136,-0.15005736123947883,0.9861227728071674,0.1539015904778527,0.7111180935587207,0.030968397589666526,0.30792141954104124,0.15510131418704998,0.7300634043557308,-0.13116574110019785,0.9600003815832598,0.15817301188196467,0.7354277940023518,0.028715077255453404,0.3287740988390789,0.1611024680591766,0.7470930247079763,-0.14586363165151517,0.9463723472186505,0.16153335074583702,0.7342659774280735,0.014791014648619163,0.34080011362121243,0.16632576073919036,0.7394568380855384,-0.1434035464411691,0.9416538562093468,0.15929959643454789,0.7299897273381557,0.02326035472963539,0.3311393899577007,0.1642716888870513,0.7343396941820786,-0.12924885430506305,0.9020127994673599,0.11965560842128035,0.7174871421995622,0.057649735716127255,0.9971068586621973,0.11315912469511949,0.7196272299403241,-0.0576482535827728,0.9990981306348535,0.128996647539593,0.806927138850803,0.10744116810106102,0.3529820115793322,0.12850933841296613,0.8158892137663711,-0.048279466018790324,0.9840756512823567,0.11883046371596209,0.8937482862245475,0.1781127779256731,0.5674359202384953,0.11428687969843555,0.9204240441322333,-0.026923395338512623,0.9860019258090436,0.11350991505952115,0.902344206968944,0.1832505010423207,0.5634740562666034,0.10676587124665586,0.9372176527976996,-0.02747156231531077,0.9652914433252251,0.14097789568560473,0.9148425913992388,0.16478573566391364,0.7111314591907325,0.1385673170997984,0.9384855457714633,-0.0676366585705962,0.9788928968565812
38,633.3,0.17293564833345879,0.5737129336311708,-0.06949909137828014,0.9994347407704315,0.17120261632260836,0.5643344067391899,-0.06363858797010927,0.9993627780959726,0.17087542159216756,0.5640741019021901,-0.06366409840328358,0.9993545640082593,0.17046899029186807,0.5638325441451304,-0.06368763354562583,0.9995583097140001,0.170231655240059,0.5638700354666941,-0.0814023762941361,0.9994559373174402,0.16923693106288012,0.5633777238073807,-0.08141953285251351,0.9993500227019908,0.16813746307577418,0.562961115723565,-0.0814470623930296,0.9994861511957085,0.16284197143145981,0.5653432408968612,-0.0293279572256974,0.9986399752753128,0.16087894709337336,0.5652845047769097,-0.10896077113492156,0.9991490698996051,0.17002119265851534,0.5814220649855482,-0.054296210408210796,0.999184551693145,0.16867691917078848,0.5805877134913494,-0.07733252502623064,0.999641710803623,0.1496709372316089,0.6154479980468754,0.03477807343006137,0.999355512005943,0.14319729521161045,0.6167394490469074,-0.1402999127194996,0.9999492650940311,0.13684606481166123,0.6762687592279348,0.06437434841479578,0.1371292347709339,0.12572872071039118,0.6865531858943763,-0.14928046010789428,0.985749006271363,0.15320333909420752,0.7118088489487062,0.031371193716213844,0.2872381792182016,0.155008525365875,0.7296213223820647,-0.1292008271529562,0.9574984056609024,0.15762565959067582,0.7355732179823381,0.029162405236136366,0.3087732763517473,0.16093064489818765,0.7468551652772091,-0.14355110696383896,0.9431848242169342,0.16102143554460446,0.7346773999077938,0.015267003371956814,0.32025166068758304,0.16621977090835585,0.7391456479117988,-0.1407546124288015,0.9381832508813773,0.15883345192387002,0.7304062389192132,0.023711141642360475,0.3118331176894054,0.1641437624182021,0.7340533279237298,-0.1271465175918171,0.8971357090132583,0.1195932389015244,0.7179445482435686,0.057825321065528096,0.9971176102047883,0.11347773954981857,0.7202224192165199,-0.057822648968015436,0.9990883270899462,0.1289395760922206,0.8083192819640755,0.10543584326903033,0.3434972465038302,0.12850042113236027,0.8164540813082746,-0.04562142615516984,0.9836215121405473,0.11846284284478151,0.8955433028084898,0.17338736497220553,0.562206001508804,0.11432928804840368,0.920898235979535,-0.022470855109748403,0.9858822056225375,0.11279039510658818,0.9060894761766712,0.17811821259203423,0.5604484648931598,0.10680139100267781,0.9375049925985797,-0.02265947161331065,0.9651280840237942,0.14027287704604025,0.9159580838112611,0.15855754557110024,0.7091992525827322,0.1386290845416842,0.9389514327049262,-0.0603242869533244,0.9787397498176218
39,650.0,0.17259979177088977,0.5731850408372429,-0.06823926206145972,0.9994227857816794,0.17084910188402463,0.563950896263123,-0.062270850120555825,0.9993554892994115,0.17053556229387024,0.5637287327221466,-0.062293835339092114,0.9993483906700504,0.17014372916448695,0.5635231307574685,-0.06231429924567545,0.9995540465627405,0.16986400811445157,0.5634681468918215,-0.0795586573935691,0.9994430314926881,0.16887379898911442,0.5630075647717434,-0.07957699717510319,0.9993341281300507,0.16777561108271294,0.5626223910422556,-0.07960368018774765,0.999471082573846,0.16252075845286973,0.565160053116935,-0.02756671438969319,0.9986335209437786,0.16045461736974273,0.5651179154713952,-0.10589477348895307,0.9991363769485844,0.1697940734170733,0.5809492383684435,-0.05294470276151389,0.9991734340077363,0.16843965365773167,0.5800902133896242,-0.0753774564890635,0.9996300509997783,0.1491699190366837,0.6153530989374438,0.036732408794618816,0.9993226868765701,0.14331074484757025,0.6166592070034576,-0.1380576824858076,0.9999468440101268,0.13632818843637204,0.6765883309500562,0.06447692712148036,0.12825925932044085,0.12577620787279956,0.686015217077165,-0.14654021107015167,0.9852441066787363,0.15246475736300164,0.7123066328820733,0.03198649556863878,0.2687744689839229,0.15496700576373518,0.7286888077145537,-0.12394591172536223,0.9542896378607985,0.15722579260667174,0.7352205571674171,0.029759887251116002,0.29100178394998844,0.16092578073342653,0.7457601626714075,-0.13773667741389511,0.9391825823556815,0.16065530266080597,0.7343789168766572,0.01586771503623044,0.3019927938779198,0.16622237861156475,0.7380191797301887,-0.13463488540479124,0.9338165521621711,0.15852268749759324,0.7301734487215683,0.024377189044441513,0.2946416820798604,0.16409147779146843,0.7330324621427633,-0.12173282355070122,0.8912265754881366,0.11957951422248576,0.7183038450422746,0.057897413592963035,0.997135139646985,0.11380911582992198,0.7207109871364781,-0.05789300125269667,0.9990785945029492,0.12889094721703312,0.8095167279243476,0.10363501878011802,0.33482123840422884,0.12849239508310964,0.8169852182978681,-0.04517392388411934,0.9831629650933409,0.11813628247806013,0.8970292153812596,0.16910868102595933,0.5580022391818823,0.11435087273518252,0.9213402952466698,-0.022205091480697922,0.9856979903720681,0.11214294178145282,0.909557373750778,0.17348965505758934,0.5580986709821796,0.10683962418919526,0.9377874277886897,-0.02238740656702293,0.964814293952216,0.13952999171756572,0.9169552184286579,0.15316863925684077,0.7077834577787496,0.13866817880244492,0.9393924673398342,-0.05933866401513421,0.9785259593100782
40,666.7,0.17217377608730694,0.5727985841887342,-0.0671933233028367,0.999418829168593,0.170449102208728,0.5638128660974052,-0.06112507766201387,0.999357393809728,0.1701632475569136,0.5636352130344939,-0.061146108699696444,0.9993488816987908,0.16979815775439866,0.5634613150642036,-0.06116452334182608,0.9995539301917673,0.16940520419960942,0.5632440107209346,-0.0780002598961195,0.9994401023501449,0.16839793679260084,0.5627803121294298,-0.07801972400574463,0.9993296691349582,0.16728657767886218,0.5623894617671062,-0.07804521528028313,0.9994669840449386,0.1622461932046074,0.5650651085944407,-0.026002784570058207,0.9986323657489966,0.15993432913507744,0.5649293377285916,-0.10181095486595525,0.9991411197753186,0.16948886925265916,0.5806116404987521,-0.05177452326530506,0.9991672039031989,0.1680674602588019,0.5796716695740114,-0.07361492762962982,0.9996225947425486,0.14864035163606926,0.6152488135156182,0.038937382577430665,0.9992814149175379,0.14340968642916008,0.6165257493654892,-0.13436852395534526,0.9999444796925506,0.13585001939818983,0.6767369849341262,0.0649142634300959,0.11969489604234704,0.12572516359034047,0.6854035343442649,-0.14251833870297398,0.9848418519610458,0.15186966884703873,0.7124241278285077,0.032956535440115724,0.25209109910896865,0.15492346528030587,0.7276542101587573,-0.11818556061812818,0.9512598401024235,0.1569627147345317,0.7340517384665358,0.030921293156487624,0.2752081957601368,0.1610119186696553,0.7443352824165712,-0.1313806218760355,0.9352314841179628,0.1604806347971872,0.7330295642217006,0.01720247133856729,0.28578342142559254,0.166245854326657,0.7367035576275422,-0.12811113042490832,0.9295057881446118,0.15837357441584282,0.7291063325745724,0.02540756043578899,0.27927980252674667,0.16403796275456758,0.7319772669247224,-0.11581786863860638,0.8856486394291838,0.11947564071133031,0.7184314387185238,0.057834204818521265,0.9971236671720239,0.1140840607030052,0.7210990048590166,-0.05783088948755041,0.9990532511756541,0.1288382297470457,0.8103620040984387,0.09944769633667816,0.3257383576461249,0.12849456284727379,0.8174231534912477,-0.04369611151161651,0.9825396764846083,0.11779389778772999,0.897863476049333,0.16039149179345097,0.5528682924452286,0.1143846586346627,0.9216536680857347,-0.020495163276791586,0.9853831132253018,0.11153505778028859,0.9122420833224348,0.16422217587629967,0.5546065682456611,0.10693250844875979,0.9380196730295824,-0.020711128466895663,0.9643572114762813,0.13882299193314154,0.9175582641646982,0.1433109531090374,0.7053508048965822,0.13875987841969456,0.9397090531530841,-0.05825719556638177,0.9781724384852826
41,683.3,0.17174445163635993,0.5725366047450478,-0.0656765372980209,0.9994214773178108,0.17004325063455683,0.5637240239552094,-0.059525320040328206,0.9993649948210951,0.16978614245142268,0.5635866835003811,-0.05954571635950183,0.9993533463705161,0.1694489944548835,0.5634417335192367,-0.05956348812296282,0.9995560191926509,0.168926952140672,0.5630455130622505,-0.07611776427144101,0.9994444989022762,0.1678980908223562,0.5625668593815398,-0.07613791631800793,0.9993338102386118,0.1667683543193909,0.5621618883950374,-0.0761627586824554,0.9994709775561386,0.16199286565894183,0.5649749381201612,-0.024130771291397884,0.9986345171928412,0.1594266962437404,0.5647648686454414,-0.09769675383965182,0.9991584505353663,0.16916908536638542,0.580413225151244,-0.050182965539750636,0.9991657847449901,0.16764685724462794,0.5793491800626123,-0.07159098698979338,0.9996198217074084,0.14826114901474557,0.6151553761391417,0.0411185810253734,0.9992333820887982,0.14347320511227574,0.6163648026330135,-0.13012495353108372,0.9999420245488492,0.13562695398217167,0.676726843629565,0.0663505831644649,0.11180697771764946,0.1255609549227216,0.6846644424256829,-0.13838464944135587,0.9846531436556869,0.15175195535024016,0.712165134293693,0.034744641521856925,0.2375712196032208,0.15489701075213308,0.7265183272815892,-0.1143213751770202,0.9493938656080343,0.1571121407406672,0.7327408251308265,0.0330044675086226,0.26179975626014546,0.16113081432524193,0.7428274608793719,-0.12719691296418517,0.9325735540617087,0.16073596690382289,0.7315293011211219,0.019342660682187207,0.2720568009785245,0.16622195783115581,0.7354487407775158,-0.12405369608175196,0.9265816722597401,0.15861820323126669,0.7273360803013762,0.02718090514341992,0.2662890056769055,0.16398953469026667,0.730871580895924,-0.11191955492610031,0.8820444544156398,0.11944327538921728,0.7186347955749154,0.05775081206645288,0.9970906320072364,0.11431404345092328,0.7213494323548821,-0.05774933773846858,0.9990078154064367,0.12880228034087599,0.8108651893479489,0.09374186715909419,0.31724214270001394,0.1285064873241244,0.8176702062288926,-0.043295852839946775,0.9816981468881887,0.11754202878191365,0.8982138832410183,0.14947233420042777,0.5477384697823301,0.11442075066623242,0.9218349598702936,-0.020107487926170953,0.9849566817283638,0.11126635968685157,0.9133607972235913,0.15272528287910292,0.5513801517940706,0.10705796026048214,0.9381813861074908,-0.020395300927616315,0.9637563001541871,0.1384003921633676,0.9178169880594533,0.13149534698043558,0.7026232225554336,0.1388507868562427,0.940000182106382,-0.05894203661453161,0.9777085213434136
42,700.0,0.17139275159154632,0.5722436791374574,-0.06367027795030962,0.9994186446780258,0.16967170862924497,0.5634658535321557,-0.057511264546996115,0.99936653602691,0.16943691458020904,0.5633589767274407,-0.05753084289885707,0.9993510530108504,0.16912192531994424,0.5632423077310839,-0.05754799005531134,0.9995541033290689,0.16848099586509535,0.562720426491329,-0.07403441021839784,0.9994433522224433,0.1674250165621441,0.5622504012925288,-0.07405424153520954,0.9993312103407731,0.1662696223883403,0.5618593607630052,-0.07407843818267193,0.9994701430911117,0.16176924038501025,0.5648351084618346,-0.022189137126718265,0.998630432855516,0.15895500140530733,0.564625896158673,-0.09466468471856351,0.9991719864663631,0.16892671230293468,0.5802834374564039,-0.04823793878867516,0.9991594921974917,0.16728079389958167,0.5790852563721798,-0.06947044425067453,0.9996137278420592,0.14815287008172,0.615094261510032,0.043071445432447286,0.9991765817006436,0.14347136020660411,0.6162340272040598,-0.12705475872471228,0.9999381757917865,0.13587512430690593,0.6765828728675847,0.06837587342375806,0.10451268901427593,0.12535982330640166,0.6838596122605465,-0.13497957658200047,0.9845272785141362,0.15188235186395205,0.712034648373014,0.03725831866973925,0.22428556212357129,0.1548832669144586,0.7252169506890438,-0.1105513668486051,0.9477414432026098,0.1574938311463312,0.7313395568302705,0.035733785125471325,0.24947071643102756,0.16122382240636018,0.7411749873842517,-0.12319384125016994,0.9300670879227781,0.16118747563589197,0.7299566893350515,0.02217740822760833,0.2594425295080459,0.16617470624901012,0.7340995385533293,-0.12007389856236331,0.9238059435571949,0.15906536366258361,0.7253911410059253,0.02972405359503771,0.254417148374376,0.16398875273409358,0.7295592767851699,-0.10814682358787181,0.8788744409879055,0.11943755831037259,0.7189184256962373,0.05759045251068619,0.9970570178258995,0.11445665146623346,0.7214726890836449,-0.05759003545556754,0.9989405558222824,0.12876189322698692,0.8114695520628072,0.08452932430165161,0.3072557562873479,0.12851882832390932,0.8177326406751366,-0.04153860892568319,0.9805456144469131,0.11716575885102871,0.8992475356374475,0.13192022769224085,0.5412634866578242,0.11445092764638728,0.9217890302340196,-0.015496936671081055,0.9843002955118823,0.11086952012209672,0.9150375695455649,0.13431743780771901,0.5476923584938054,0.10721498089177275,0.938133339087169,-0.0155761731522424,0.9627846167201095,0.13792637061505103,0.918459506261917,0.11234820847000403,0.6987578499884838,0.1389783727271217,0.9402204184305106,-0.05559486062044194,0.9769534383501333
43,716.7,0.17094419825644735,0.5716488446508139,-0.06341196774017246,0.9994208954629451,0.16918155196167187,0.5628913584209627,-0.05722877223576822,0.9993740859485816,0.1689767780758087,0.5628247942243307,-0.05724909067863514,0.9993561222439729,0.1686887045701346,0.5627494170552212,-0.05726747197054685,0.9995569870585495,0.16790300678639197,0.5621284643809005,-0.07378225667136062,0.9994477090381448,0.16680763803777252,0.5616971481414073,-0.07380173390819918,0.9993357317788267,0.16560100870473055,0.5613557440893995,-0.07382490627822427,0.999474173500425,0.16142410536607119,0.5645822712353301,-0.021984539305170393,0.9986415193194442,0.15831695284162262,0.5644625482105078,-0.09420361511764079,0.9991901147933241,0.16862327286175333,0.5798712401163015,-0.04804582521319393,0.999160255704608,0.16683980112984081,0.5786421582812359,-0.06926789879798893,0.9996110995610563,0.14811508925188166,0.615114183652969,0.04301837796256659,0.9991304363523218,0.14341140644890932,0.6162414579164419,-0.12596868120488675,0.9999348010335658,0.13608907730806452,0.6765675544738774,0.06852469948076072,0.0978944801858494,0.12518382782027843,0.6835095172836672,-0.13294511181967608,0.9842249382109876,0.15210651003179107,0.7119786341985073,0.036642847494000506,0.211447814390773,0.15490778429167623,0.7243520503952394,-0.10770883943353388,0.945105053129651,0.15759179918538968,0.7303397456804916,0.03507595553639392,0.23725350484961572,0.16136743128299724,0.7398824691772465,-0.12001969239541471,0.9265662970997045,0.16120143021856048,0.7288610452697397,0.02183955304679418,0.24691351964360211,0.16617512561026088,0.7329250318663467,-0.11718746806894038,0.9200238982836412,0.15913709004720064,0.7239899436632797,0.029197931112278096,0.24264329104196475,0.16402123158886328,0.7284816730590099,-0.10538883081504286,0.8743852944601156,0.11942622491291599,0.7193360640889128,0.05742706322953819,0.997050589039213,0.1145128228125119,0.7217790683110561,-0.05742782496270683,0.9988991987137575,0.12875490529196612,0.811797942434039,0.08311980182216287,0.2993817570663636,0.12852208103452417,0.8180337207657955,-0.041266173833892486,0.9797242113522129,0.11691885902768098,0.8998471044358759,0.13206700945184355,0.5368361160868693,0.11446560812847964,0.9218379798389623,-0.017130703354875258,0.9837676570529037,0.1107632177216667,0.9154456456502285,0.134731724148705,0.5445682378042316,0.10733919306879959,0.9382072431700577,-0.017429825716785037,0.9618326226870226,0.13777045408884694,0.9188259385880976,0.11357580870389947,0.6965369724092034,0.13909936802727846,0.9404143691062934,-0.057305952800171756,0.9763542811075853
44,733.3,0.17045456809656973,0.5712085678463894,-0.06265575811266905,0.9994258823848914,0.1686606194291797,0.562474125907535,-0.056404082548050696,0.9993842442830411,0.16847582374300288,0.5624365324065803,-0.05642450370249298,0.9993647649174653,0.1682083769923166,0.5623933672904973,-0.056442509449663655,0.9995618377413076,0.16733464669613624,0.5617089072863265,-0.07277335297493712,0.9994544926143836,0.16621542118844543,0.5613070556095672,-0.07279321693238763,0.9993441445486894,0.16496708137648458,0.5610030690828963,-0.07281647303274705,0.9994808804421205,0.16103000229313272,0.5644014789944607,-0.021021384745836272,0.998658444200244,0.15772961434863875,0.5643537640571599,-0.09288998941580462,0.9992103860491806,0.16825160242262352,0.5795029941059298,-0.047296893383775476,0.9991677176384706,0.1663785768406733,0.5782972205252879,-0.06828110913435623,0.9996121979895098,0.14811419731094735,0.6151737911360609,0.043950496152752955,0.9990944975898386,0.14334601021948326,0.6161727621441799,-0.12494828445570819,0.9999328766550344,0.13615746441341592,0.6766491589092077,0.06921798806814926,0.09182932582639519,0.12506386921519336,0.6831517333076118,-0.13146064111164646,0.9840257054283512,0.15207684323901233,0.7120149135589604,0.03549880481192047,0.19941365505967834,0.1548902690410615,0.7235595328467238,-0.1060865854933149,0.9427183696201876,0.15753614405790978,0.7296718784740998,0.03366916963741895,0.22571939300923138,0.16147535187857504,0.738839228947958,-0.11820932406754728,0.923396445456006,0.1610522901728041,0.728056030614036,0.02077403017097997,0.23503848058836818,0.16618105840115333,0.731949096634275,-0.11553160385006958,0.9165911901564832,0.15905790243830012,0.7228137027649658,0.028103494041022824,0.23140357363791708,0.16404520259017047,0.7275514034997854,-0.10380001472575331,0.8703679186957229,0.11940885015896396,0.719725994836717,0.057343710746083985,0.997047512304216,0.11457869516951705,0.7220870455106105,-0.057343000280005635,0.9988818594387607,0.12876289586226153,0.8120515658741911,0.0848343620697658,0.2931113526934671,0.12853334276449122,0.8184916263534915,-0.042700494329134656,0.979323293481555,0.11674897550117411,0.9002310151145578,0.13753782567523784,0.5337881758099514,0.11448193554367346,0.9224407247134624,-0.024430953853187123,0.9835227358908887,0.11043167256173642,0.915615291822525,0.14068184083416357,0.5426331389518015,0.10743516577141635,0.9388164480527249,-0.025451963944804118,0.9614436143920543,0.13765594505128415,0.9191066736266733,0.1203467927518346,0.6953135076023288,0.1392600273802168,0.940978870505379,-0.06653620817122011,0.9760922051611408
45,750.0,0.1700476564112165,0.5708076953887944,-0.06058469840458466,0.9994346016929271,0.1681665898788544,0.5620809367724832,-0.05434709006831764,0.9993974594842828,0.16797369505677917,0.5620445694242209,-0.05436807657991141,0.9993794077918651,0.1677020575319019,0.5620089201700124,-0.054385583847761196,0.9995710736229313,0.16686476128441957,0.5613909789494109,-0.07072028411286224,0.9994628315880192,0.1657497428712392,0.5610339215823587,-0.07074009130398437,0.9993551714079727,0.164497094494956,0.5607780246507558,-0.07076348541747961,0.9994882685797561,0.16053680365993875,0.5642301184790479,-0.019193004994165343,0.9986920697348466,0.15724892488547745,0.5643081750188559,-0.09222396214803066,0.99922986257644,0.16790423364866358,0.5791118826184958,-0.04534957983664107,0.9991856501215988,0.16604540887333108,0.5780082515307838,-0.06640877964950748,0.9996168698583338,0.14799114494096677,0.6152424443335764,0.045212140750317376,0.9990878956658507,0.1432975906701316,0.6161154309908553,-0.12475209505785087,0.9999325218654822,0.13609532799039578,0.6768316853614085,0.0695613012427376,0.08653784969023301,0.12498549549352564,0.6829168768156147,-0.13062332002889554,0.983662806806111,0.15197352568308523,0.7120180044855395,0.034347592187779316,0.18856036804971255,0.15483172237873088,0.7228493037677952,-0.1041978292521977,0.9396578783080698,0.15748021219457908,0.728838287648701,0.03223069358084885,0.21523779346829386,0.16162238447439115,0.7379091296877185,-0.11622446420646858,0.9196705562727798,0.16094920961629788,0.7270236185618815,0.01950655904199397,0.22424244454928824,0.16619985515163072,0.7310182764416655,-0.11348844248624082,0.9125166734059658,0.1589769522349041,0.7217659467742562,0.026970918778152712,0.22114923028718875,0.16407115828423285,0.7266321352549967,-0.10189433786131094,0.8653276165326442,0.11940453059616551,0.7202942201069429,0.05735320509189655,0.9970816260292423,0.11474661812895828,0.7226208732241681,-0.057349092016617496,0.9989025195439664,0.12877102834837786,0.8122415230387738,0.09008110846791956,0.28896779389608496,0.12854850292205822,0.8191335995992031,-0.04385115241720566,0.9795181893167049,0.11671400673332677,0.9000672783170435,0.14880609476850157,0.5339943397612803,0.11447972981702723,0.9231935625984562,-0.031244526218090762,0.9835805864561179,0.11001168865533109,0.9149147754623783,0.1526711036761603,0.5432444555418836,0.10748428957802916,0.9395210742950446,-0.03283879932548321,0.96151336885634,0.13764619969186337,0.9191726928665531,0.13342765292951048,0.6968224900109432,0.13940404852231353,0.9414157470067349,-0.07488336697930387,0.9761704547064652
46,766.7,0.16955401500066133,0.570664192949023,-0.0588210975485189,0.9994499314399,0.16765978790464867,0.5619640605790279,-0.052615444929826866,0.9994157155354826,0.16746054589748394,0.5619172028132852,-0.05263684672259153,0.9993995002337872,0.16718351273309628,0.5618700782457992,-0.05265314273890999,0.9995834089460834,0.16636629473595405,0.5613316439446953,-0.06894471496343618,0.9994768869309205,0.16524477728775583,0.5609911084175114,-0.06896484040078668,0.999373668716068,0.16398900818257117,0.5607506377356397,-0.06898783005419237,0.9995011800811412,0.15996394058068605,0.5641956386112036,-0.017678469951663712,0.9987292346500222,0.15670878262746912,0.5643357577778048,-0.09102161583446328,0.9992524953115562,0.16741446654001885,0.5788607682500571,-0.04370552070793654,0.9992080302465537,0.16557232822690704,0.577863971392314,-0.06474440438406813,0.9996249193236949,0.14772305602119096,0.6153173758870084,0.04666012720692729,0.999091219334376,0.1432516539380665,0.6160741221337096,-0.1240310197075209,0.9999338643891478,0.13595377547400347,0.6769997534297767,0.0698658107292085,0.0819183712204298,0.12495335156009318,0.6827907278424223,-0.13013601161184774,0.9833852932566696,0.15197804215408517,0.7119682289305193,0.032768870393435186,0.17908692927587613,0.1548033526965551,0.7225206806546172,-0.10441608691499354,0.9370027411551709,0.1575000612508684,0.7280524600119823,0.03036800674384551,0.20618627397787018,0.16179807200318302,0.7375216058322367,-0.11658909739482978,0.9165215123267407,0.16095722644102017,0.7260538311231709,0.017842899830568415,0.21491627962816345,0.1662358350697019,0.7306894745145531,-0.1138062672246071,0.909073432286581,0.15901748268377225,0.7210815321831481,0.025398504875955144,0.21217284528982086,0.16411196050189802,0.7262971429597769,-0.10211890581108282,0.8609543783324112,0.11935833877041235,0.7208732763926193,0.0573716582286926,0.9971120272363942,0.11489266157150277,0.7232620630945483,-0.05736585972564565,0.9989464566821151,0.12877543696335392,0.812334054992313,0.09756723720402952,0.2861997655459815,0.12857928588276826,0.8197846270742877,-0.048221710891950736,0.9800850521950502,0.11669568043379565,0.8994113519078216,0.16215631933439356,0.5348275417373298,0.11447636889559891,0.9239168763160712,-0.04393996076569674,0.9838541263625742,0.10976060550837297,0.9133857942762835,0.16662899582158963,0.543895590872992,0.10756203816050583,0.9402257090523136,-0.04642631752150403,0.9619436973617197,0.13762296949114128,0.9186210234959927,0.1484656007516953,0.6988326055662977,0.1396193156639736,0.9417051162038537,-0.08985059105214625,0.9765315055847175
47,783.3,0.16897753022965945,0.5705470840136214,-0.057216525255214645,0.9994668506440669,0.16703298971766528,0.5617968638738,-0.051029818576006705,0.9994339346885688,0.16682042820113058,0.5617321587744217,-0.051051094241085546,0.9994197203999481,0.16653000669819978,0.561667919158936,-0.051065747226987604,0.9995960763522564,0.16576902710256136,0.5612253404798966,-0.06742900929280694,0.9994917483556847,0.16465808025428239,0.5609055331775123,-0.06744904425882163,0.999392875603268,0.16342131580625274,0.5606916234606792,-0.06747139387187509,0.9995143271627888,0.15923528089409794,0.5641634208815443,-0.016334711352274545,0.9987669360070008,0.15612587190809715,0.5643794025693625,-0.09056230386098232,0.9992735016913649,0.1668226236388798,0.5786356216385256,-0.04222059178920022,0.9992316450391504,0.16502272515069882,0.577754071780614,-0.06338620788994294,0.9996334342729485,0.1474132701044992,0.6153837697846554,0.04779871109695665,0.999101536614555,0.14318552613258373,0.6160661748477395,-0.12379939641271327,0.999935618468694,0.1358755287669955,0.6772010553450816,0.0701649217378526,0.07815406116701312,0.12502065229983567,0.682725310325623,-0.13054880712713524,0.9832352655274534,0.15221295399325246,0.7120415880566557,0.03204244659060526,0.17147453129291546,0.1549019203299569,0.7224661736261282,-0.10627681371711557,0.9355707622709736,0.1577017598208928,0.7278697462308981,0.029519562210355507,0.1990005650690625,0.16199959814548504,0.7375316364424576,-0.11867268631855656,0.9149258420580916,0.16116387290614004,0.7258249606404992,0.0169674103103933,0.20756403463227424,0.1663426785241991,0.7307466211773106,-0.11601473887761442,0.9072949063210267,0.15929912882191805,0.7206132071358822,0.024657815872203753,0.2051101234697162,0.16423556705315923,0.7262897718520397,-0.1040330539856639,0.858452132769994,0.11935311910651987,0.7215015661148803,0.057451749131793114,0.9971482498305192,0.11507140241918118,0.7238886384736929,-0.05744377133392157,0.9989932860646937,0.12881416082382213,0.8124887375604545,0.10517159849405297,0.28375914692878745,0.12863812702042726,0.8203414706956779,-0.05340836179398359,0.9807247689792096,0.11667229199693326,0.8990056997253787,0.17377322202637097,0.5365188348860972,0.11449058211985097,0.9245318060829533,-0.05424636300830618,0.9842343443915965,0.109745503181503,0.9119155577250897,0.17858542005221062,0.5454792692547756,0.10768820345401772,0.9408255446524854,-0.05725983140014471,0.9625250015939992,0.13760875591209965,0.9179405626796547,0.16068949231079657,0.7014389180001763,0.13990584867341188,0.9422472034181875,-0.10170458576508937,0.9770228437014995
48,800.0,0.16847740326608943,0.5703144556000124,-0.05656254185097562,0.999485115210216,0.1664562828484037,0.5614997148513798,-0.05039806646250547,0.9994533090364373,0.166227386111305,0.5614158766610285,-0.05041927950722834,0.9994409368151718,0.16591837292625802,0.561336199442546,-0.05043318796725504,0.9996095725468235,0.16523262361685448,0.5610142179897857,-0.06692788324185786,0.9995081424713143,0.16414460326944091,0.5607361509686428,-0.06694731151773821,0.9994133796010706,0.1629321717080617,0.560566555886042,-0.06696884156692601,0.9995286890438632,0.1585513892627899,0.564070182187217,-0.015924837440252318,0.9988084293547138,0.15563074109100172,0.5644163091977441,-0.09111742888178151,0.99929580234346,0.16632192191623518,0.5783980148179194,-0.04166681177559356,0.9992556912558427,0.16455835742609853,0.5776265575772244,-0.06301651717651463,0.9996424175444111,0.14711458271458044,0.6154027297383267,0.047995476318257235,0.9991171700613847,0.14313393405505598,0.6161072055498764,-0.12415286472865522,0.999937568392073,0.13578371916498466,0.6772261943135947,0.06950268539644427,0.07470317681630458,0.12515861363638026,0.6826903053692415,-0.1313272047610511,0.9830494551431572,0.15229361114047835,0.7119911199524294,0.03152196801134521,0.16427747408549004,0.15509802812621717,0.7223042079380586,-0.10729931082044336,0.9339645703633633,0.15779355523132155,0.7274767188798819,0.028858797624707243,0.1920096874237062,0.16220417831625267,0.7374295422009065,-0.11968376168182927,0.9131530381384356,0.1610634866214935,0.7254813171568376,0.016182605354558864,0.20038775248186944,0.166493010662851,0.7306444531395326,-0.11716119341907055,0.9053076477277853,0.1594178683701017,0.7197369365465078,0.024123467504978197,0.1982143351009915,0.16441581149895998,0.7261515458424891,-0.10507863582599739,0.8555018419311166,0.1193461545876095,0.7219937528882713,0.057548828245628486,0.9971899645669127,0.11532235819669005,0.7244494216782711,-0.057538906378405474,0.9990415686652782,0.12887790160519746,0.8126510665530255,0.11121137511162538,0.28169799560592307,0.1286969149396534,0.8208321191015704,-0.05804571704495525,0.9813853502273567,0.1167900590669542,0.8985890291986017,0.18210697457903918,0.5391259789466861,0.11450770248969404,0.9247106228555959,-0.06016006586807119,0.9845825916244878,0.11003080578077415,0.9101941642307106,0.18713961683568514,0.5475647960390367,0.10780411355552227,0.9409764664513731,-0.06328312165680391,0.9629162493206213,0.13785279435770864,0.9170632362365729,0.16970822286038184,0.7047590216000881,0.14017345153150113,0.9426074680827919,-0.10781247026863561,0.977472657249088
49,816.7,0.16803442864190976,0.569919313703265,-0.05731603840277313,0.9995087044579649,0.16596646181174698,0.5611514193671094,-0.05113797138134642,0.9994781812032071,0.16573587769553788,0.5610740241550268,-0.05115902193245438,0.9994675091334759,0.16542304484617154,0.5609992458706814,-0.05117313723479002,0.9996269799414144,0.16475100815296184,0.5607261913163326,-0.06776926914850875,0.9995297562508364,0.16367283605393923,0.5604983142444069,-0.06778775581291749,0.999439560231709,0.16246545669578383,0.5603745437803727,-0.06780778403793067,0.9995477341470271,0.15803813437620812,0.5639637566748124,-0.016739782389430784,0.9988614604586654,0.15523572124186027,0.564419493788765,-0.09245791428145915,0.9993238988376807,0.16589951018492394,0.5780581633249923,-0.04244737894762133,0.9992858086313527,0.16415109733740502,0.5773781169028513,-0.06394826053153906,0.9996545116106677,0.14684457438332704,0.6154264750934787,0.046894875133321426,0.9991403789747336,0.14309631359009528,0.6162231564521794,-0.12490844016983405,0.9999398418835239,0.1356756112405233,0.6773317513011756,0.0681350497262819,0.07184457388662162,0.12534876877353313,0.6828155943325593,-0.13200128007502793,0.9829084929965799,0.15244039112613325,0.7120028734207158,0.030803175731783844,0.15816080570220958,0.15545343997932626,0.7222688850902381,-0.10749694775967378,0.932429799011776,0.15785347563879842,0.7274043985775545,0.028078656288839543,0.18596160198960998,0.16254432783240375,0.7373186463401437,-0.11974711574259267,0.9114402759642835,0.16139778423877002,0.7252526850927449,0.01516395230733214,0.1941990156968436,0.16677553951740276,0.7304185117994041,-0.11773184261151731,0.9033956499326803,0.15960369933219193,0.7191926439603176,0.023422634849945723,0.1922796794346402,0.1647214534736816,0.7259121565591726,-0.10544953495264062,0.8525278369585678,0.11933526325793502,0.7223487695058193,0.057625830528282025,0.9972461149806076,0.11564860173634128,0.7250131595702403,-0.05761542384113588,0.9990943528357012,0.12895372084208906,0.8128342231114711,0.11653149092481258,0.280542762506576,0.12874890509105874,0.8213553996313192,-0.06042049878409935,0.9821033846764345,0.1169719351899057,0.8984909994261612,0.18960104315053863,0.5429656789416363,0.11453490030197878,0.924767780871619,-0.06220222193570368,0.9849654549644113,0.11054351748455146,0.9094661843209046,0.19481346649783013,0.5503789867673605,0.10790267551229121,0.9409572113127942,-0.06534932837599805,0.9632738516444259,0.13820627402691624,0.9165933416003279,0.17750635175477902,0.7090892649832231,0.1404014023996536,0.9432085525421876,-0.10999017173335673,0.9779659254210342
50,833.3,0.16770509311131082,0.569604235036033,-0.057291867122763726,0.9995357791582751,0.1655714213848115,0.5609091946056916,-0.051093772408508153,0.9995059172312426,0.16533540898845323,0.5608364088194715,-0.05111424252390865,0.9994962187040427,0.1650181781677974,0.5607674093473529,-0.051128186995074903,0.9996459654399334,0.1643797741049813,0.5605454246203109,-0.06776714360430132,0.9995544524419883,0.1633174994162152,0.5603655775388086,-0.06778465708096827,0.9994694562185386,0.16211472877434335,0.5602787874993828,-0.06780413467259638,0.9995705286661791,0.15769019864854372,0.5639111200968429,-0.01669203370277372,0.9989184822355005,0.15500604538690488,0.5644530710719885,-0.09227168630985993,0.9993572093191607,0.165596168665659,0.5777732389313839,-0.042421386532840305,0.9993212364968806,0.16388243011065906,0.5771916991188417,-0.0639991022291638,0.9996700968061182,0.14649698776858205,0.6154176961807982,0.04693677116717615,0.9991642690840229,0.14312438312030984,0.6162483181272238,-0.12506862268561417,0.9999428476606103,0.1353612464098704,0.6774160975501655,0.06851189619018923,0.06915887764522012,0.1255305175270354,0.6827270672434858,-0.1324339374190286,0.983059934207372,0.15250021999790567,0.7119439187504001,0.03116661168280104,0.15270971542312997,0.15581306389399946,0.7218820112092159,-0.10898948212464657,0.9320113829204021,0.15776439223970695,0.7268936832745875,0.02852782846561502,0.18061244274888733,0.16285753179164172,0.7370456968035022,-0.12142255760374532,0.910863978522165,0.16164962947368633,0.7245169991538644,0.015458291130406528,0.18867805316334693,0.1670526180948531,0.7301983861696157,-0.11938261169762847,0.9026541369301939,0.15968402652513425,0.7180846503802714,0.023790756595276668,0.18688192183063157,0.16505821687834615,0.7255682377588186,-0.10696035339718782,0.8510736766315649,0.11931041521685472,0.7225350198291602,0.05774011303271571,0.9972878467468996,0.1160971029173761,0.725455230190641,-0.05772929301574121,0.9991450707117724,0.12902358883903148,0.8130207118533912,0.11852530815771656,0.279672614165715,0.1288192889520101,0.8219226712272286,-0.06164328434637619,0.9828815006074458,0.11713196479138882,0.8984945189385194,0.1919093877077104,0.5467110105923247,0.11456712796574556,0.925019712675186,-0.06342652173978947,0.9854432088988175,0.11090239953427095,0.909466621421633,0.1971627949249178,0.5538139059430081,0.10799840447448557,0.9412115897451135,-0.06668730470396228,0.9639354433332177,0.1385112972486588,0.9164708427020488,0.1799894613879069,0.7134908097130916,0.1405881934222722,0.94399285600299,-0.1115119567229635,0.9785730129196537
51,850.0,0.1675559005567007,0.5691137455758599,-0.05635520017572816,0.9995618405796239,0.16531512496017287,0.5605284089133857,-0.0501315102335953,0.9995318026769736,0.16507277318409525,0.5604723408108669,-0.050152096719968925,0.999523063500723,0.16475244363149022,0.5604221054485871,-0.050166362630469495,0.9996639035996944,0.16416140965053028,0.5602341578120281,-0.06694965100004564,0.9995775194395163,0.16311551062833707,0.5601128027552653,-0.06696492398069023,0.9994974533716845,0.161917085448901,0.5600703273500719,-0.06698418373153328,0.9995919324102863,0.15754588374069772,0.5638015185083666,-0.015720305875653325,0.9989738975252431,0.154902491541136,0.5644330893244066,-0.09124211860554565,0.9993890750975843,0.1655028206961497,0.5773921637308034,-0.04145916143343566,0.9993552934555787,0.1638342340787253,0.5768657780828934,-0.06325652716415274,0.9996851114999687,0.14633603819778995,0.6154163593337654,0.047820978044044435,0.999184049311139,0.14316766389778693,0.6161969786598573,-0.12457642739727393,0.9999454787799298,0.13520579394840068,0.6773982189950494,0.0707311630249024,0.06661271871555424,0.12562098673411787,0.6825186638605032,-0.13263549691154852,0.9833121895790107,0.15263086770262047,0.7117944246246706,0.03417499771430381,0.1483378516776222,0.15602224071820586,0.7210309618995309,-0.11148603012164442,0.9321451016834811,0.1578176958220347,0.7259021685236982,0.032072272151708624,0.17642037073771172,0.16306790354706002,0.7362806115831653,-0.12440339759701784,0.9108837984857112,0.16248938867024026,0.723146469820114,0.01874849093811854,0.18435634034020573,0.16720270188081843,0.7297063810484755,-0.12176626104684113,0.902509578636715,0.1599399390674774,0.7169324585369661,0.026779567113234905,0.18259176966689894,0.16525806983311983,0.7250115899812613,-0.10933789114157366,0.8504027582350238,0.11929924928006681,0.7228410556202849,0.05784148811584432,0.9973256105468394,0.11648295003743407,0.725853147960845,-0.057831329958779515,0.9991886048089897,0.12910262388842456,0.8132022931462248,0.118320922056834,0.2794887764113292,0.1288670457544782,0.8223705972943993,-0.061321256593579385,0.9836901312782658,0.11746887791724442,0.8985913963544943,0.19080077466510603,0.5516618972732911,0.1145868698755901,0.9251679948398053,-0.06265302889403847,0.9859670060021544,0.11147340529021771,0.9102217668578745,0.19597710527124873,0.5582645592235388,0.10806562325784147,0.9413836711928963,-0.06584901806144491,0.9647346337636319,0.1391561393226897,0.9168701228641334,0.1788156635704496,0.7189117670059209,0.14068069060643523,0.944503926095509,-0.11042901022093646,0.979247655187335
52,866.7,0.16747358157521214,0.5687772319430401,-0.05487950607424694,0.9995857789402924,0.1651849767991476,0.5602919998623079,-0.048649236737262666,0.9995547192437315,0.1649418700309028,0.5602457807177593,-0.048669687339237794,0.9995467946642929,0.16462198325565897,0.560204610938118,-0.048683912981124185,0.9996796874772942,0.1640406038079944,0.5600550884292244,-0.06544610982139909,0.999597697030931,0.16299107245036545,0.559974761236282,-0.06545921557006387,0.9995221751076842,0.16178095411686683,0.5599528664634346,-0.06547807973055617,0.9996107532864532,0.15748634650593724,0.5637290080388391,-0.014183563490708678,0.9990215670494813,0.15482566824981153,0.5644196357045859,-0.08946902340366733,0.9994162746838168,0.16544679516837724,0.5771321512403946,-0.03994393242256985,0.9993843124026351,0.1637924086479915,0.5766128471919473,-0.061744668654033164,0.9996978016126731,0.14613854814143418,0.6154092550277714,0.04962577546636267,0.9992025750023986,0.14323118683837718,0.6161477111634759,-0.12340884407361358,0.9999479850133267,0.1347574293613435,0.6774782651946663,0.07455581355662577,0.06427689996503652,0.12564425241379518,0.6821584162257972,-0.13279944161574053,0.9835884202094312,0.15278975665569317,0.7116085035460341,0.03932377873432072,0.14557436960084108,0.15612066714536588,0.7196079606101632,-0.11511845354522986,0.9329014562425165,0.15832259115718672,0.724460451375871,0.03794770900692261,0.17420597516355074,0.1633396517662776,0.7347848159926285,-0.1287852433465777,0.9116437037785854,0.16379022669224524,0.721567468983787,0.024243062362074873,0.18206619435832627,0.16739087658269078,0.7284249067306523,-0.1251710784577189,0.9031669724555249,0.16052281785578965,0.715978446460906,0.03184278060992561,0.18018866578737908,0.16546667686530533,0.7238009117898492,-0.11275469511747369,0.8508323686463498,0.11928808724596396,0.7231482607977736,0.05789044499397282,0.9973388626461945,0.11679565622693025,0.7262935468128755,-0.0578819069833983,0.99922400712967,0.12923587291013636,0.8133100384757639,0.11838818909156898,0.2790280452796393,0.12894596656163543,0.8227635707174035,-0.06244666111611189,0.9843744011152366,0.11782598637399229,0.898486060755594,0.19073129977498748,0.5544588423910599,0.1145860698251498,0.9252578729674936,-0.06482983078984991,0.9863457168851588,0.11215509935503921,0.910614348593213,0.195899804433187,0.5609057943026229,0.10810012051037388,0.9415414617175155,-0.06808236809003926,0.9653047379993263,0.13979984536057438,0.9171131054560351,0.17899980786300856,0.7224529527482537,0.14069413358256938,0.9447355014937271,-0.11271760186978756,0.979730958030338
53,883.3,0.16731919206324092,0.5682538038208376,-0.05280291768057009,0.9996093085833966,0.16494766445386988,0.5598549473853343,-0.04657901309075813,0.9995769688061312,0.1647012404033117,0.5598267316818242,-0.04659952010427206,0.9995702164513731,0.1643785805929276,0.5598055777095617,-0.04661337818418233,0.9996954060736164,0.16383613575072528,0.5596900213332408,-0.06348165710057535,0.9996169720377248,0.16279807119142453,0.5596678881418142,-0.0634922190081506,0.9995458409899765,0.16159532183692582,0.5596955872717362,-0.06351039008725262,0.9996284246444709,0.1573258297783989,0.5636023623602735,-0.012132398251976295,0.9990692280587703,0.15471464182649353,0.564380750769661,-0.08785869181156165,0.9994413483710524,0.1653575201829276,0.5767356810115637,-0.03784225224739032,0.999411514827184,0.1637255166258132,0.5762354532877608,-0.059807177810441925,0.9997094557398849,0.14580353101094573,0.6153850924401061,0.051847337789478795,0.9992229683058609,0.14334528786795492,0.6160825604484199,-0.1221783086657525,0.9999502641814104,0.13429077892076413,0.6775920334316441,0.07902461964459652,0.06224533454293301,0.12571461782568988,0.6816445191701259,-0.13302811696415867,0.9837344175293339,0.15311119031338477,0.7113341916175121,0.045732683014302056,0.14470886971269348,0.15618561775911433,0.7177078127861027,-0.11853135164294933,0.9341425129345491,0.15915218918096463,0.7228131521315806,0.04509766923174975,0.17416700578871241,0.16370946949436563,0.7327579231489277,-0.13287424686409188,0.9131226766677136,0.1653389824288233,0.7195210655530299,0.03095438491020886,0.18205172249249063,0.1676897832325528,0.7262973302886604,-0.12836053222417843,0.904572438626063,0.16146271782261998,0.7148115947133024,0.03811647796205114,0.1800628070320403,0.1657208019778843,0.721811779907772,-0.1159403466043019,0.8522075272741778,0.11924660489672714,0.7234550600960146,0.057978195093926974,0.9973600279717226,0.11707667438756861,0.7268214083853227,-0.057969649987561406,0.9992562674340755,0.12939836794421797,0.813353354022617,0.12063528703791764,0.2792430576824009,0.1290719693615324,0.8231520425705688,-0.0626085336719241,0.9850422512917298,0.11824323911042449,0.898302784987859,0.19490014797165295,0.5574115798586895,0.1145820202572006,0.9253960138275517,-0.06568748149133868,0.9866867093812859,0.1129708538452785,0.9106492911066334,0.20031023593175995,0.5640064818518506,0.10813859105110177,0.9417063139733821,-0.06904882281309088,0.9658135175704963,0.14045028388500225,0.9171997195198428,0.18381636270454965,0.7260939705939526,0.1407206200418019,0.944871732166836,-0.11362660215014511,0.9801616555168522
54,900.0,0.16715213230678025,0.5677341080847245,-0.050807580529224336,0.9996320832343336,0.16467433316367025,0.5594462667192736,-0.0445816992294221,0.9995989288602564,0.16441903014977785,0.5594400791894826,-0.04460226336405394,0.9995937801542742,0.16408706562859682,0.5594423498426169,-0.04461568221449855,0.9997111303465714,0.163597556097167,0.5593495170275374,-0.0615418801705043,0.9996355913934261,0.16257364835057952,0.5593882827531728,-0.0615506374410221,0.9995689902986806,0.16138259215014333,0.5594694557644077,-0.06156801308194801,0.9996454375130797,0.1571096373455866,0.5635164209774566,-0.010136150222803873,0.9991181180590682,0.1545819008634205,0.5643786873136252,-0.08607287172760289,0.9994661098434818,0.1652761172680629,0.576343573275067,-0.03582715420495899,0.9994370511599956,0.16365930438041698,0.5758622600918728,-0.05788552672380497,0.9997203293300818,0.14550597894759415,0.6153726123628167,0.053990019041867524,0.9992439264342905,0.14349417459397099,0.615999729860397,-0.12066311389207848,0.9999524071103058,0.1338484585285188,0.6777413657733378,0.08258522195475448,0.0602146039406459,0.12579455758844113,0.6811001811708728,-0.1331448732387453,0.9837129854020625,0.15335177098001762,0.7108814489273803,0.05103245005011563,0.1439778684150606,0.15619481319472917,0.7156793758982709,-0.12084345413105838,0.9348900658743728,0.16020109681856076,0.7209995502517341,0.05079545612846106,0.1743606201239996,0.16409591762792508,0.7302059020314903,-0.13562140862147024,0.9141195473216835,0.16658269223712752,0.7172678056217381,0.03628632878618584,0.18223472294353316,0.16799113154411327,0.7233820869809111,-0.13041781669571295,0.9054119785626735,0.16231061872981856,0.7132737040519719,0.04326997386912508,0.1801582447120123,0.16592250693412067,0.7192177119709202,-0.11805475751558948,0.8527988961764751,0.11918450111434582,0.7236758555684777,0.05807155796459747,0.997387125378564,0.11730136261099869,0.7272512430236459,-0.0580613602484976,0.9992879175004512,0.1295727803593591,0.8133243180456622,0.12271089851856241,0.2794280676614672,0.12926054710433604,0.8234599743570606,-0.06360925982395813,0.9857404345557811,0.1187405635913214,0.8980149825414029,0.19801504058497305,0.5602498054504399,0.11456842649550673,0.925480328855061,-0.06909282363596421,0.987018219062261,0.11383068171285456,0.9099554277601702,0.2035682598749798,0.5670158437320169,0.1081493958121255,0.9419083907490692,-0.07275143123808367,0.9662856289318636,0.14105400017329633,0.9170147663071049,0.1875181574197044,0.7295275557608837,0.1407304768051421,0.9447468661126643,-0.11738827256929316,0.9805639811924532
55,916.7,0.1670524094785964,0.5672730008761092,-0.049367408667291945,0.9996523034004945,0.16451470908664534,0.5591018654051285,-0.043135861733130075,0.9996188566798263,0.16425100678489335,0.559117830934979,-0.04315690997810594,0.9996151838983816,0.16391126882462287,0.5591430607296175,-0.043170685746840104,0.9997256284668339,0.1634595003866015,0.5590422919818337,-0.060194704681634945,0.9996521245865602,0.1624433533066796,0.5591238708723163,-0.060202794238215444,0.9995894375301551,0.16126492832388206,0.5592476044382372,-0.06021966040134434,0.9996604834284109,0.15696267074062722,0.5634188396590101,-0.008689182100906264,0.9991639086178379,0.15451905131340038,0.5643420616785689,-0.08505428582429891,0.9994888703028368,0.1652272315252396,0.5759294742629646,-0.03436367657212987,0.9994602458817625,0.16363030884947108,0.5754736519995194,-0.05655307943622275,0.9997298121452339,0.14523242839745124,0.6153513505345304,0.055423929755176855,0.9992638116791142,0.14366683931577784,0.6159235295795262,-0.11963656296332686,0.9999540221123475,0.13355491842542386,0.6779381973402845,0.08478723643791114,0.05837061735136172,0.12590410382974723,0.680521686871847,-0.13266617414497206,0.9835887125560223,0.15373052514734734,0.7104284621420366,0.05399578845217118,0.14369076490402233,0.1563183381443933,0.7140545816648579,-0.12004132249525624,0.9354699395951778,0.16113543936184488,0.7196731936363951,0.05378383806064019,0.17514491152195716,0.16459442604155777,0.7278561904316863,-0.1348587522904079,0.9149573757534942,0.16780870585214536,0.7150639749708635,0.03899276895182476,0.18307476951962437,0.16840947242010218,0.7204353411992397,-0.12956701006208157,0.9060867599078595,0.1634957620075772,0.7119287110510332,0.04609701534112298,0.1809325551702864,0.1662253361372722,0.7165561119715378,-0.11722989238443837,0.8532477418581651,0.11903694662309837,0.7238340037209652,0.058133406298501195,0.9974207253683188,0.11755300561587025,0.7276501655578619,-0.05811992447291106,0.9993128350802837,0.12974862612429128,0.8133718456540795,0.12228184193372735,0.27868892039571513,0.1295250143323627,0.8237627858207346,-0.06269062541070443,0.9862948996680131,0.11909131634803054,0.8980333805084235,0.19663113923299894,0.561657031377157,0.11455747698034566,0.9256342990057815,-0.066696475659098,0.987251696132479,0.114332268635432,0.9103374850182313,0.20210328059537086,0.5694521069526677,0.10816666803189695,0.942180704502833,-0.07013426401785447,0.9666488369305936,0.1415134228411176,0.9171744074140282,0.1858565204200292,0.7317756811777756,0.14076001729284024,0.9447127921240677,-0.11434364815553037,0.9808270562262769
56,933.3,0.1669945787815822,0.5668695569038396,-0.049225697382575026,0.99967129173733,0.16440604130427056,0.5588052017348157,-0.042983005089419254,0.9996377286456888,0.16413887980438424,0.5588384412583854,-0.043004454423983915,0.9996350549516231,0.16379586358865114,0.5588841126078655,-0.04301899440941359,0.9997392183258427,0.16334986828622375,0.5587665637334192,-0.06003157262291231,0.9996680333500825,0.16232940767492576,0.5588797841753282,-0.06004029938152862,0.99960896514711,0.16115153900214618,0.5590406996863233,-0.06005737469309856,0.99967528524853,0.15688744400228785,0.5632981743131369,-0.00840526779315302,0.9992067899022791,0.1544560172728131,0.5642749099504384,-0.08469479105302272,0.9995113639604485,0.16520533959070854,0.5755236461049038,-0.034185945632911885,0.999483417896998,0.1636231690645219,0.5751069784164433,-0.05635078889983045,0.9997395049958009,0.14509903604076033,0.6153545720236646,0.05601594189093231,0.9992824083282842,0.14385223814419346,0.6158206888607575,-0.11933371602069773,0.9999554639770878,0.13348978544984555,0.6780778538613097,0.08605211902232404,0.05708440002940954,0.12610107589335678,0.6799845865794596,-0.13274619692847853,0.9835970458530251,0.15474606837545132,0.7098038991292323,0.05527343281677795,0.14568190702370246,0.15650954062030442,0.7129989493460887,-0.12094497929016758,0.9364727167856132,0.1627548784017564,0.7185755570729578,0.055074416633163224,0.17826300575619666,0.1650231083234152,0.7265984926904956,-0.13591436899843679,0.9162464368911023,0.16898120230152505,0.713397519929069,0.040064240317969124,0.18639477377846142,0.16882954892658064,0.718625128269196,-0.13055621513298588,0.9073017154421132,0.16522777932030827,0.7106631880714784,0.04726660393533256,0.1839976473933176,0.16659809648990645,0.7147441137404673,-0.11812042019196928,0.8546221965835215,0.11909700788202748,0.7240782067889264,0.05817165633752237,0.9974492589632676,0.11778206697532118,0.7279338751520434,-0.05815671845560986,0.9993330807912925,0.12998476482573018,0.8135390622275223,0.12136475670905349,0.27786322576659084,0.12978590741044008,0.8240673627172204,-0.0610478921305566,0.9867553852853328,0.1193133024942308,0.8980464566321607,0.19492356408210043,0.5621853584334968,0.11459615826606759,0.9258181708199644,-0.06306646941673193,0.9874373390561066,0.11450065636918666,0.9110992976597384,0.20031915746984041,0.571553244477227,0.10825473389455258,0.9424560013271519,-0.06623947265602298,0.9670211672782905,0.14182726258323317,0.9173323966207966,0.18374638968989976,0.7333263953526821,0.14083170748892293,0.9446944424084261,-0.11017204040572764,0.9810390330496296
57,950.0,0.16698355972766887,0.566442708174388,-0.04924725439576878,0.999689649967921,0.16435675748756967,0.5584641269275125,-0.04296324189220159,0.999655757631575,0.16409405853067138,0.5585077035994761,-0.04298489097328416,0.9996539325941184,0.16375544809159792,0.5585697548730036,-0.04299937827246533,0.9997521411804933,0.16329034382388719,0.5584468614487426,-0.06008228907982512,0.9996838172276822,0.1622638517902012,0.5585859559831169,-0.06009133780996009,0.9996283196267635,0.16108131408691417,0.5587838888168339,-0.06010910673510465,0.9996900501705358,0.15690655367715028,0.5631142968223213,-0.008115128880100596,0.999247434593383,0.154415405931927,0.5641532370022369,-0.08472944654169542,0.9995334999901915,0.16523158195472912,0.5750728959128975,-0.034117141827231384,0.9995063514936545,0.1636584443705424,0.5746904810269677,-0.05637958060417861,0.9997495327677052,0.14522462231772298,0.6152911271367758,0.05659345874474166,0.9993019841966182,0.14404651877425975,0.6157019677616304,-0.119417452741237,0.999956979638055,0.13383598980449504,0.6779758930206303,0.08751434158711213,0.056358378203142295,0.12641241294997088,0.6795426209767665,-0.13487501797221968,0.9837885328701572,0.15596510540871406,0.7091631860960103,0.0570042773726441,0.14915495827084507,0.15662307327701944,0.7123422140166878,-0.1275597118905613,0.9382389358111798,0.1645237384807497,0.7177147127333147,0.057006984239532876,0.18280161278588442,0.16529699379489549,0.7259464746429811,-0.14344417268321638,0.918488142036257,0.17035326219740382,0.7124657943135222,0.04177282502253853,0.19124891786348264,0.1691576455320632,0.7179148849986854,-0.13751172593661726,0.9096229502132968,0.16694572993687234,0.7098217663310828,0.048942398634694906,0.1884873026893254,0.16687861510685525,0.7138875808034629,-0.12463946853365225,0.8575939990225299,0.11930060493094588,0.7243778790746421,0.05828946562750003,0.9974997100375955,0.11790187053737194,0.7280859152475998,-0.05827531254007707,0.9993568403380265,0.13026221096515664,0.8137168430146723,0.12243409348385684,0.27923454273314724,0.1299848932595481,0.8241542748042521,-0.06003657054333464,0.987283164546604,0.11963843802611042,0.8980929709616168,0.19733863004616342,0.5657220198994595,0.11467642017773227,0.9258978196552828,-0.06046575769072492,0.9877557584217624,0.11476324463174464,0.9117743117468705,0.20286238051596156,0.5758787876083742,0.10836168449549455,0.942556764398303,-0.06338696944571681,0.9676402182806113,0.14228234049819777,0.9175136429922929,0.18599007385117683,0.7370014588038132,0.1408914959146864,0.9446187359946121,-0.10753799158902402,0.9814720153808602
58,966.7,0.16704396761599052,0.566197270438785,-0.049547673513491985,0.9997063250768758,0.16441636922813607,0.5582336187362675,-0.043234301287503496,0.9996720155080168,0.16416422242210035,0.5582686549141298,-0.04325620741361666,0.9996707694871092,0.16383557944070737,0.5583285348755977,-0.04327099681610155,0.999763732864744,0.16332670691467477,0.5582385091554555,-0.060461138153360044,0.9996981053125298,0.16228599207741884,0.5583853324254358,-0.06047058105468755,0.9996458377156946,0.1610858248812813,0.5586014844122391,-0.06048945993894627,0.9997034867604581,0.15700943838982367,0.562929661501022,-0.008113986235998932,0.9992830270812633,0.15441169767152707,0.5640331790560772,-0.0852469539358503,0.9995533086004719,0.16530329272860583,0.5747632441066565,-0.034307705327158905,0.9995268412998751,0.16372173031171175,0.5744099673770727,-0.05672109552792144,0.9997585614522305,0.1453915068081448,0.6151933783576606,0.05707215996725223,0.9993207596597224,0.1442513998065677,0.6156208401634584,-0.11997714851583763,0.999958412987846,0.13405243697620584,0.6779261004357116,0.08913199461641771,0.05583886819935985,0.1268573963925953,0.6792241987727943,-0.13843925226302384,0.9840765226454969,0.1570274049327488,0.7087025841077174,0.059122518059753285,0.15302331532750824,0.15690433908076523,0.7119436491103404,-0.13544675920690818,0.9405006652786625,0.16608364028590078,0.7171806097030644,0.05933639886123798,0.18770150627408722,0.1656997608286995,0.7257588392212282,-0.15159503122170775,0.9213359469459177,0.17150738267671506,0.7125789097377238,0.043867982923984555,0.1964711972645352,0.16968781891323284,0.7178044631367643,-0.1462982176315218,0.9126617851711462,0.16825657799130406,0.7095152139663701,0.05100343021608538,0.19332661799022144,0.167407838361604,0.7135413629668104,-0.13278020953848257,0.8615995673906243,0.11956061174472182,0.7246704044796177,0.05847761762284102,0.9975519606045321,0.11808387473935181,0.7282364340055563,-0.05846600110332175,0.9993783178783606,0.1306374484584446,0.8139082448823117,0.12272614950225476,0.28171103625070504,0.1301478665499461,0.8242290474119647,-0.05880763576853847,0.987758812450228,0.11998572306973602,0.8979254648798994,0.19846767187118544,0.5700161939575563,0.11478009429715938,0.9259120538121184,-0.055798849179631224,0.9880669713020331,0.11495665460824975,0.9125187851133807,0.20405169186137984,0.5807411358470013,0.10850059595846002,0.9425748104140879,-0.05822413130885083,0.9682268670627057,0.14268284184592123,0.9176239087468108,0.18691365775607893,0.7409411640394308,0.14095039594741104,0.944525043169658,-0.10249736869619014,0.9819071179344547
59,983.3,0.16707431986218418,0.566016759191241,-0.04982957669666839,0.9997209055083146,0.16447290068581003,0.5580897388004126,-0.043510953407912056,0.9996860282761717,0.16423354333355325,0.5581240285010569,-0.04353318647259761,0.9996852562541061,0.1639185618786586,0.5581857391766143,-0.04354836490182653,0.9997737237385349,0.16336863168648325,0.5580904285113021,-0.06081571962152213,0.9997102533067983,0.16232153844265723,0.55823446455456,-0.060824897672448884,0.9996607559067869,0.16110917925834667,0.5584565088862468,-0.06084480722035685,0.9997148229962312,0.15710111388138376,0.5627957696006416,-0.008241152834324616,0.9993141804422658,0.15442268763269706,0.5639450436546694,-0.08575209797847844,0.9995702618644359,0.1653554744663694,0.5745484573500501,-0.03450530430390724,0.9995447141783584,0.16376502599035003,0.5742010190373379,-0.0570327731825057,0.9997661198888513,0.14542273751326978,0.6150816451935546,0.05720845361550653,0.9993364016215014,0.14444537957509368,0.6155615761166532,-0.12045903503894816,0.9999595937274759,0.13412612392788853,0.6778916659809299,0.09004727431706025,0.05538360934172362,0.12730786488169724,0.6790266689800086,-0.14146477906476895,0.9843049418358583,0.15774648104395195,0.7084312069983715,0.06072264625912625,0.15602890437557596,0.15726448595523845,0.7116732370285765,-0.14292974025011074,0.942608759516762,0.16687747623239257,0.7169581311089657,0.061074700383912994,0.1914695657434919,0.1661305590754465,0.7259012375559131,-0.15958183152335043,0.9240008535839269,0.17220490106514535,0.7130214032672706,0.04549730320771539,0.200474309779349,0.17028074321292708,0.7180804695401878,-0.1543067147334418,0.9155095588593263,0.16888342372008744,0.709231765497299,0.052590500385988365,0.19708122667812178,0.16802707385449195,0.7134927908579514,-0.14040186256170284,0.8653210429918206,0.11977975851013554,0.7249520108813337,0.05869538815958163,0.9975961986042212,0.11831043376809083,0.728453261511667,-0.05868649252113846,0.9993943628810709,0.13098834455013286,0.8141701334998728,0.12491933753093093,0.28533266129947865,0.13028876767272052,0.82435006754739,-0.056539044671115465,0.9881866574287422,0.12039835609140859,0.8982708510898415,0.2029056038175312,0.5750217636426294,0.1148850360796566,0.9259812917028162,-0.050106357960473955,0.988341498942603,0.11527859419584283,0.9133998098827552,0.20871409986700346,0.5857703458695189,0.10863669394027627,0.9425420534043092,-0.05217172773111438,0.9686801518712732,0.14306893306119112,0.9176879553567802,0.1913869402238302,0.7453862769263137,0.1409771137294316,0.9444008356048954,-0.09632356677736562,0.9822983826909754
60,1000.0,0.16703544202305032,0.5658208812986105,-0.04908167020905589,0.9997302066712159,0.16441092107977198,0.5579771995544438,-0.042721123922438875,0.9996950881821776,0.16417366833913905,0.5580206626937507,-0.04274348134086249,0.9996955394744881,0.16386137618905033,0.5580907236962096,-0.042758783059460806,0.9997804420334959,0.16331411046641225,0.5579690535863244,-0.06008542151678181,0.9997171702839086,0.16226862158094146,0.55811334507806,-0.0600943638100511,0.9996702018238257,0.16105405347687868,0.5583365644727438,-0.060114851664929206,0.9997211268969951,0.15707495099022287,0.5627495901925227,-0.007422694869871655,0.9993380421683908,0.15437722277073646,0.5639149716922219,-0.08511378758010416,0.999582162925176,0.16536548804669166,0.5743481687137063,-0.03372794442943167,0.9995555054573793,0.1637711979094007,0.5739816824595138,-0.05632315877647631,0.9997694946470721,0.145425503452619,0.6150147971652807,0.0579161019552322,0.9993439316749579,0.14457353594757272,0.6155224981762117,-0.12003557632366824,0.9999601415225445,0.1340567533458983,0.6781047242028377,0.08996331798178817,0.05473797945749195,0.12766336330345707,0.6790294306618831,-0.14147087931633007,0.9843323486191893,0.15775707505998168,0.7084092838423598,0.06054523055042543,0.15590090765839543,0.15766358162675598,0.7114088251477202,-0.14363886841705878,0.9437210332779664,0.16671803664593482,0.7172459420703712,0.06073434668637462,0.19162533893471687,0.16664518415927898,0.7253505956558959,-0.16044414185342346,0.9254676642872045,0.1720093602225895,0.7133954507964003,0.04537918383166907,0.20061616102854424,0.170857927628926,0.7175573422795256,-0.15462134920415435,0.9170037564777198,0.1684651729606448,0.7093321028209874,0.05246268762719067,0.1972287666229976,0.1685488671064378,0.7131175682658246,-0.14101729329143262,0.867103985377721,0.11988769152334766,0.7251175528480898,0.05887731306609657,0.9976183573404954,0.11852050608112707,0.7285690194084536,-0.05886989140084816,0.9994021313531065,0.1313091388770513,0.8143841028213507,0.12484599862779898,0.2879924192315058,0.13046166797479003,0.824412834076655,-0.05611497394385796,0.9885119739032935,0.12073543596835372,0.8994274763833915,0.2018066261495864,0.5784158564749222,0.11500649792807452,0.9261169547126413,-0.04938952252268795,0.988462959017073,0.1155819005909421,0.9144800929796135,0.2074729374476843,0.5888493827411111,0.1087651926846732,0.9426446670577646,-0.051463391986631246,0.9687689627919885,0.14330865797542403,0.9177214304606127,0.18949932498591301,0.7482088889394494,0.1409871613695509,0.9443163417634517,-0.09571371653250292,0.9824519072260183
61,1016.7,0.1669917078245255,0.5655041337013249,-0.04755519153106784,0.9997355824425115,0.16431522369384777,0.557750679197766,-0.0411708032091459,0.9997005973543446,0.16406719102745976,0.5578008350871863,-0.041193398691359046,0.9997025387627745,0.1637423336505891,0.5578761072385883,-0.041208834875197664,0.9997848130407794,0.16325196056138913,0.5577587371780763,-0.058557272489581834,0.999720405964625,0.1622200579870316,0.5579150092034117,-0.058565936982631725,0.999675202937354,0.16102040381658655,0.5581477908861073,-0.0585859325670061,0.9997236785434548,0.15697964600154343,0.5626854555947445,-0.006123965051734736,0.9993561960401995,0.15436393022537243,0.5638843434197566,-0.08382934544767659,0.9995896929786325,0.16536815748328265,0.574077753793626,-0.032297576733288334,0.9995614943050211,0.16377876486097076,0.5736875278609144,-0.054899238936957896,0.9997699771608631,0.14537583930151815,0.6149781459853767,0.05854879213230955,0.9993465287344803,0.14467245411305213,0.615511312371209,-0.11895608085961577,0.999960172744025,0.13386761787391854,0.6784480441184276,0.0889101358396667,0.05372723883816178,0.12785232492855625,0.6790767198517214,-0.1378701464051293,0.984122438090189,0.15743586775802443,0.7083802052906586,0.058937580280360766,0.1535190088408335,0.15803831886677527,0.7111410612151742,-0.13564207475809834,0.9437325653575722,0.16587047278881084,0.7172217681294402,0.059024723335391036,0.18939813190982469,0.16714760590167282,0.724327234994798,-0.15200682623045797,0.9256082773208625,0.17126663171109713,0.7132751941680913,0.04391144162842209,0.1982824298597519,0.17127830641610292,0.7164116984321962,-0.14565480855249235,0.9170274223600121,0.16778504422732776,0.7090625223659339,0.050975701461235715,0.19506981685048072,0.1688690795784906,0.7122376731463846,-0.13282245042778207,0.8668578465779628,0.11983655854350053,0.7251525975409013,0.058944484485047244,0.9976297475042805,0.11876657853523899,0.7286859835897179,-0.05893619677850183,0.9994045297304797,0.1315680160408929,0.8145298333395101,0.12313048222235279,0.2884893644423714,0.13073725075948817,0.8245480088960563,-0.05549270996735214,0.9887054590951836,0.12090882410605758,0.9008557569412964,0.19769140865121582,0.579443752765656,0.11513457766601026,0.9262714726584306,-0.048218987349953,0.988421817620596,0.11572389198201052,0.9159075277192258,0.20310153563817357,0.58998925061453,0.10891097180900128,0.9427805372646884,-0.050244424314726005,0.968525931948708,0.14355293342045386,0.9178813922972913,0.1846735307148526,0.7491120327086681,0.14112065377689553,0.9442476289612913,-0.09425805544569385,0.9823627301624851
62,1033.3,0.1669078838257564,0.56505617925099,-0.04641529988674893,0.999739967641377,0.16417071436132716,0.5574645031066172,-0.040038769798619436,0.9997054735819506,0.163911942215193,0.5575314760208134,-0.04006144528587662,0.9997087631906789,0.16357485524245682,0.5576213115737556,-0.040077275818302546,0.9997887299174362,0.1631271690130235,0.5574961588496258,-0.05739035723464834,0.9997233521370668,0.16210789907546283,0.557681052457719,-0.05739925624359226,0.999679678962345,0.16093411828790405,0.5579334752900263,-0.0574181899428368,0.9997260684058787,0.15686397964046128,0.5626022446723216,-0.005265497380778907,0.9993724368867427,0.1543419361114503,0.5638290870757334,-0.08276382337013886,0.9995970754396355,0.1653564146586828,0.5737091529937022,-0.03128754383041747,0.999567077273415,0.16377474367618572,0.5733078150522145,-0.05381985452203527,0.9997703376270484,0.1453845217114404,0.6150030153138302,0.058908712651048425,0.9993495174816683,0.14472581375212906,0.6155308541797462,-0.11791325254099719,0.9999600421814699,0.1337873353844598,0.6787830591201787,0.08824093107666295,0.0530341221463113,0.1279444694519044,0.6791509020896189,-0.13328689265818833,0.9838617188589921,0.1573319236437481,0.7081368310110914,0.05772616980331289,0.15215793110075462,0.158387587893577,0.7106965354510721,-0.12536894636494783,0.9433492393720724,0.16574953283582428,0.7165805158160987,0.057833502512602615,0.18817536178089336,0.16763720625922807,0.7231363029707052,-0.14125284126826704,0.925235359441667,0.17079622121084317,0.7119402715138032,0.042801153092157304,0.1970550957180206,0.17161379754543316,0.7146788296245399,-0.13446291997319185,0.9164946732066933,0.16761048421973285,0.7081060494695396,0.04982187386069983,0.19396180978843158,0.1691581564290184,0.7108902420316429,-0.12232092377685375,0.8658761864616764,0.1198768853431657,0.7251453541574029,0.058894911160071735,0.9976452276820236,0.11893686652183541,0.7287070666040698,-0.05888578082833976,0.9994055288178587,0.13180778069155566,0.8146438314801177,0.12084620623361506,0.2878910402456921,0.13103097890104576,0.8246395729836971,-0.054970717855862244,0.9888236749739883,0.12092121584074847,0.9022728062811359,0.19295218657879615,0.5794339662506471,0.11533340634334663,0.9263789369946441,-0.04721696639344809,0.9883042006265557,0.11569927703766604,0.9171234085446318,0.19812683406330306,0.5902204258101331,0.1091515989530655,0.9428818027178454,-0.04919680119270373,0.9681359415962589,0.14385454143796658,0.9180234358424239,0.1794428470588867,0.7491368395941603,0.14136438071727764,0.9442060504640859,-0.09285145288422,0.9821704569317053
63,1050.0,0.16682798238027674,0.5644343665667947,-0.04521305184988751,0.9997453065145591,0.16402449068569014,0.5569739483651664,-0.038802060342970374,0.9997113801184161,0.16374867657820397,0.5570485960869567,-0.03882488076175965,0.9997158589817237,0.16338952950068894,0.5571464243389315,-0.03884044839512737,0.999793367726463,0.16300038780484893,0.5570426271075298,-0.05625940610965097,0.9997278849283862,0.1619941258714314,0.557261549291157,-0.05626810324333967,0.9996856678099867,0.1608513437566304,0.5575480773335415,-0.05628616398289095,0.9997298944564099,0.1567235269716809,0.5623574285280141,-0.004122681605319185,0.9993904091063007,0.15432831715969825,0.5636444006647386,-0.08206862885327573,0.9996057124364951,0.1653448222648531,0.5731545289357507,-0.030149450436944072,0.9995744796026328,0.16377073313508728,0.5727628384317675,-0.05280993453093941,0.9997721030598603,0.14544375311760688,0.6149775471006125,0.05970090858283501,0.9993546349661698,0.14479169178576706,0.6155322023800446,-0.11730640346095683,0.9999601330075952,0.13381522539116097,0.6789237204052158,0.088532879239037,0.0524469198925155,0.12799748068764105,0.679171204566956,-0.13042648065657853,0.9836466397557947,0.1573864044178101,0.7077554464340216,0.057355841178269654,0.15082314894312915,0.1585791749613627,0.7101468387104222,-0.11835405407916941,0.9430272579193122,0.16583167938959043,0.7156893298739484,0.05740337481810937,0.186914778891064,0.16790057434922184,0.722115386100043,-0.13392667543320438,0.9249825903347567,0.17073826349916926,0.7100907933144347,0.042399868369102506,0.19583890409696686,0.17185855550425405,0.7130395429474972,-0.12693587619633911,0.9161100926853368,0.1678863714138668,0.7068302915209821,0.049459443738063213,0.1928915885232745,0.16936263371081592,0.7095883431888768,-0.1151215015422731,0.8650934327216382,0.11995475171577372,0.7250848809878037,0.05892412559617138,0.9976805817513246,0.11903130085695365,0.7286635750815986,-0.058912105503536455,0.9994133937926527,0.1320279176746097,0.8146217408634373,0.1203933014046579,0.2881205067748117,0.13129759757291715,0.8246467368943358,-0.05472086760259814,0.9890247583389289,0.12104137915940522,0.903088379473914,0.19269888386839926,0.5811674509729662,0.11556659461486916,0.9263709528105606,-0.04703174336325558,0.9883108195804422,0.11586018155018496,0.917511837823051,0.19794675991648736,0.5921094701403667,0.10947245217504964,0.9428690302939648,-0.04903386781613035,0.9680010165487024,0.14422382272425163,0.9180078307787585,0.17940004028025142,0.7505681628272651,0.14163580394926534,0.9441626071929938,-0.0926379458535286,0.9821670027006246
64,1066.7,0.16678164402643852,0.5638245826675782,-0.043883936036200784,0.9997527656101053,0.16390229832558417,0.5564249101139255,-0.03743403724261695,0.999719494865055,0.16360522026107435,0.5564983657428201,-0.03745737281583607,0.9997247060139982,0.16321882321721043,0.5565980303855174,-0.03747307225352245,0.9997995098431912,0.16290258438814265,0.5565375487009688,-0.05516480778654421,0.9997350828988218,0.16190783253737873,0.5567879336220881,-0.05517282407908217,0.9996942934535806,0.16079434610548485,0.5571105593726753,-0.055190757981368514,0.9997362948599322,0.1565940138839541,0.5620280901590987,-0.0027216987800784426,0.9994119292213811,0.15434129819983539,0.5633954292251955,-0.08190395824965982,0.9996171763965069,0.16535246301265,0.5725922215552561,-0.02881185204855035,0.9995855291684476,0.16377999952861252,0.5722318547112606,-0.051835777326708785,0.999776414462499,0.14546339710553496,0.6149396073250548,0.06111591930190727,0.9993629143351608,0.14490937760898054,0.6154993999572032,-0.11734927764960706,0.9999604736055654,0.13383931063470395,0.6789281680470426,0.09055640158199135,0.051976716766754825,0.1280878810655504,0.6791686813036606,-0.12895701683702931,0.9834548036257433,0.1580407051813036,0.7067987663405287,0.05932661979680974,0.15020784238974264,0.15908903876940422,0.7094887722106211,-0.11272103303954722,0.942961942581904,0.16641149989196247,0.7135533179555626,0.05932414176918216,0.18638184098970334,0.16852001916794562,0.721060284546444,-0.12752639679681696,0.9250692895480571,0.1712754092046194,0.707328529584976,0.044139080104373785,0.19542528546991816,0.17239271033377887,0.7114544255392897,-0.12146943736644027,0.9160954980623162,0.16879243013404677,0.7048461181776868,0.05130856111645703,0.19260772424084813,0.1699240931442807,0.7083250227428624,-0.1096253760513806,0.8647858358564837,0.12003608083441153,0.7250037079765688,0.059051070362329525,0.9977286855379748,0.11927056880224328,0.7286236059098021,-0.059033682481164064,0.9994248463993988,0.1322949273245676,0.8145884303819572,0.12085984895626713,0.28883075856027174,0.13153266268117098,0.8246002963611064,-0.053811141068027174,0.9892655185290753,0.12131152834211086,0.9031646989640743,0.194555441538493,0.5838912895747598,0.11581765221697951,0.9262908015932363,-0.04486583652240893,0.9884297734215153,0.11616718272368122,0.9175563483011161,0.19999915929067716,0.5955102415311908,0.10984510112376447,0.9428306931541086,-0.04669306374021942,0.968167892524175,0.14464827307633002,0.918090965066638,0.18197935890583777,0.7529260799998334,0.14195329021839878,0.9441179377692093,-0.09019103646278388,0.9823268708728615
65,1083.3,0.16675530657881793,0.5633931330272134,-0.04318172041149369,0.9997622966766365,0.16384040670735506,0.5559636496362237,-0.03669894876934236,0.999729235967001,0.1635285509484156,0.5560366255896436,-0.03672289316143311,0.99973483880361,0.16312299952620563,0.5561353422346573,-0.03673913968460903,0.9998068213462836,0.16285448556854623,0.5560791180247356,-0.0546464041939804,0.9997440718469173,0.16186466387340012,0.5563361587978548,-0.054653576796963144,0.9997049513317298,0.16076725721359264,0.556669564474197,-0.05467218834729426,0.999744701953162,0.15651274011248645,0.561647752920787,-0.001733350932010495,0.999436693532127,0.1543573850677128,0.5630587736765548,-0.08195451008422039,0.9996308286984769,0.16535583209423804,0.5721873073350819,-0.027985441631504487,0.9995996072178802,0.1637731031292962,0.5718393070357191,-0.05131964367770017,0.9997828858239317,0.14547525913942438,0.6149131286711924,0.06246415578893258,0.9993739298411785,0.14503219652743576,0.6154179998806549,-0.11760918937978299,0.9999609703109386,0.1338624053058171,0.6788352273759393,0.09370135515928274,0.05203436900462427,0.128183771456991,0.6791436189696907,-0.1313056619394394,0.9833952330407649,0.15927035609881096,0.7051670466150561,0.06405575591183849,0.1519446720679602,0.1599390882821311,0.7084690218880069,-0.11989256065516254,0.9438111555008668,0.16748310554595233,0.7106839162962783,0.0643796725642114,0.18857096064658407,0.16967270700704495,0.719824007579259,-0.13545394795281557,0.9262958935328899,0.17245305294082292,0.7045463039761504,0.048735898342870565,0.19781981692427694,0.17342282051131852,0.7101233204205836,-0.1292393792952811,0.917348450138456,0.1702188239211129,0.7026149687312904,0.05585791720520887,0.19492309434073324,0.17096370032855457,0.7071084153084533,-0.11683076265312385,0.8663187083743873,0.12012291025547762,0.7249775046393989,0.05922818148419975,0.9977730796450668,0.11951116117693138,0.7286315276509245,-0.05920508113645376,0.9994329072180256,0.1325000056198666,0.8146617951847264,0.12239684093566176,0.29126121458553156,0.13174945896580115,0.8246283162207837,-0.05246440126072797,0.9895337791669943,0.1215718157944226,0.9033445488838929,0.19801436648482384,0.5879500763756893,0.11607529542275846,0.9262529242606397,-0.041408584763606426,0.988636303515662,0.11650379356883829,0.9175642643656056,0.20363912554014313,0.6002552055177239,0.11015018146662492,0.9427929350308016,-0.04290440802772843,0.9686147400311069,0.14495640709286656,0.9184154697826936,0.1863376916874024,0.7561461386226478,0.1421608328819276,0.9441031217575081,-0.08596439304805943,0.9825994088536225
66,1100.0,0.16675642842338212,0.5630270384606865,-0.04194022147428425,0.9997692278453288,0.16381624766758524,0.5554870026452206,-0.03541884376179607,0.9997361103693652,0.16349238937809368,0.5555612984157747,-0.03544358465643159,0.9997426157905949,0.16307109168597642,0.555665024689266,-0.035460626262994066,0.9998124213445762,0.16284975480465674,0.5555885689599177,-0.05360415152141029,0.9997498818806247,0.16186425018878223,0.5558411478996281,-0.053610631575187084,0.9997125892412102,0.16077486177285522,0.5561810334523523,-0.05363032062138834,0.9997501486823679,0.1564825851292838,0.5612441840625949,-0.00022782214883981024,0.9994578815641864,0.15438052160399313,0.5626706736428402,-0.08154489383811048,0.9996413929121842,0.16536423634915137,0.5718382653735937,-0.02662139084367527,0.9996096009299876,0.16377529147125436,0.5714957004501711,-0.050281743563356886,0.9997869673229406,0.14548771509102423,0.6149254157429653,0.06431027696955777,0.999382036072868,0.1451509970994224,0.6152249319212781,-0.11763823280731844,0.9999609930174698,0.13387926987239301,0.6788262980324886,0.09677388660964518,0.05249729663843204,0.12839970418385105,0.6791169018972493,-0.13403903586523885,0.9832765034266888,0.16079414458501917,0.7035581270853684,0.06850391715055426,0.15490385393301656,0.161027966510682,0.7071373774891813,-0.12873312972840817,0.9449415632656648,0.1687649069797426,0.7081818098113655,0.06903419306590448,0.1921522737968537,0.1711367744775047,0.7179013859658019,-0.14554386195682356,0.9279304231916161,0.17381453159309582,0.7022380005745665,0.05303890506426497,0.20163897815204818,0.17468049625555687,0.7083119835172386,-0.13811294379688455,0.9190374669574564,0.17169989858354853,0.7009735220954536,0.06012123823165898,0.19859343909081972,0.17215256534871612,0.7054635201181689,-0.12543403747535897,0.868477072034564,0.12019806851943342,0.7248981822104686,0.05939559851373949,0.9978038611866186,0.11972726313840784,0.7285477859633315,-0.05936749918120252,0.9994320699146821,0.1326615938118527,0.8147131743885228,0.12250881216355741,0.2931563840025949,0.1319363975808735,0.8245465187799369,-0.051341949651638706,0.9896934145972849,0.1217713395044918,0.9037958440326516,0.19778476158777886,0.5908939469428294,0.11635189858220879,0.9262361015592309,-0.03851245343685153,0.9887421187900368,0.11668021905989881,0.9178869639124196,0.20333417824336475,0.6045995865549365,0.11037127531710132,0.9427623947461453,-0.03982804041533246,0.9689694415955323,0.14515440733659846,0.9188553520611361,0.18609925678798145,0.7580447140194126,0.14227701013996497,0.9440600730123981,-0.08259095109644396,0.9827039894603555
67,1116.7,0.166795007529713,0.5627596974372868,-0.04076240318162104,0.9997756339254841,0.16384817872728633,0.5550687142780852,-0.03422572836279872,0.9997426470120755,0.16351017923582178,0.5551331156776069,-0.03425138319532079,0.9997500975926724,0.163071360616457,0.5552276174227401,-0.03426893552144371,0.9998177091280627,0.16290634444781724,0.5551684924534392,-0.05256414839199615,0.9997552122388574,0.16192361286708298,0.5554053840183081,-0.05257082890186995,0.9997198099181772,0.1608322986534665,0.5557289577665787,-0.05259128447089881,0.9997552406220216,0.15647577742735558,0.5608036007199972,0.0010455305247368033,0.9994781755265743,0.15441810304210313,0.5622425788924812,-0.0810058045954932,0.9996514064925065,0.16538122793038698,0.5715823939868386,-0.02540493570268156,0.9996190213021785,0.16379790788605114,0.5712333208038698,-0.049271816653864764,0.999790963672457,0.1454715459119707,0.6148398830777128,0.06572087321962634,0.9993901423045575,0.14528027673562377,0.6148982104801001,-0.11757927246036992,0.9999610441071654,0.1338071610246387,0.6788500235194257,0.09839809118282233,0.052846457454420306,0.12866749791871943,0.6790356323832561,-0.13597824885731663,0.9830538573719213,0.1621999563205811,0.701515382244474,0.07065248223287723,0.15775588225750709,0.1619806821857181,0.7052698475973952,-0.1342715234273957,0.945976220426106,0.16975097003437234,0.7052669695445475,0.07133192143269954,0.1957941871313823,0.17231815840516784,0.7152561403456194,-0.1521608829498292,0.9295524841263187,0.17492498599347628,0.6999432643254604,0.05516960347692176,0.20552307580198576,0.17563414431753627,0.7057116230328884,-0.14354956504844496,0.9207231374013998,0.17274905031635662,0.6987804770469671,0.06222472872052878,0.20227471490701054,0.17301236731665487,0.7029092624073943,-0.1307173648050854,0.8706798156102504,0.12024947646118354,0.7248174094018487,0.05955098729048461,0.997834659758069,0.11993054265067699,0.7284649014472966,-0.05951675683969547,0.9994325950032196,0.13274446555546363,0.8147268834568211,0.12272196724301301,0.2945275249935334,0.13211431815510713,0.8244065557207386,-0.05071789735839484,0.9898427469389786,0.12190630641721553,0.9039532627378198,0.19807219008604698,0.5938781953993302,0.11658191716387167,0.9262228295916608,-0.03711781810436933,0.988863857019516,0.1167978083803541,0.9179247646104728,0.20361688520227175,0.6095745137759622,0.11056254875092286,0.9427384280023128,-0.038401565026669304,0.969418074403491,0.1452596386273703,0.9191987315813708,0.18638708903676,0.7598892847696945,0.14241233751887378,0.9439690652347753,-0.08106320670672831,0.9828233690488912
68,1133.3,0.16682579545747678,0.5625932841073903,-0.0390428263871443,0.9997778421356571,0.1638874262571336,0.5547548305420653,-0.03253946417853948,0.9997451674370545,0.16354736189047508,0.5548075238863631,-0.03256668540693467,0.9997533843630844,0.16310490242072526,0.5548890289806188,-0.032585290127566904,0.9998199144999194,0.16295203992298685,0.5548463520549596,-0.050961623766592606,0.9997564185233351,0.16197169891425553,0.5550596543720794,-0.05096906618702983,0.9997221401759564,0.1608802278836569,0.5553433355830968,-0.050990976925407175,0.9997564979961947,0.15650383773304177,0.5603156458763854,0.0025810111020248224,0.9994894067446398,0.1544489981163117,0.561720050516583,-0.07985149004629685,0.9996574606214257,0.1653816302617392,0.5714156883103512,-0.023733819790539304,0.9996226855686741,0.16382872135866267,0.5710679065613524,-0.04769707027645342,0.9997920507476451,0.1455048109803882,0.6145349854514717,0.0671264781128793,0.9993952711423245,0.14540506047861929,0.6144108942576821,-0.1168616460192772,0.9999607858203714,0.13396671414375316,0.6786681583949503,0.09949976170346858,0.05288081988692288,0.12901769081751513,0.678885059697288,-0.1354007820288341,0.9827158422697166,0.16334866271132525,0.6989807912281587,0.07086826080367684,0.1602065627064025,0.1627127684298017,0.7026186358361022,-0.13303623596827197,0.9467915920984185,0.17110584463391998,0.7021960843177074,0.07125953265598847,0.1992226484276001,0.17319666203998396,0.7116852601369228,-0.15114571154117595,0.930937548478445,0.17574938138326024,0.696883014270238,0.05515581546794804,0.20919257544335879,0.17629000402632228,0.7019890575181875,-0.14202673910629193,0.9221613690966658,0.17352572154431128,0.6959192412240169,0.06240734316053849,0.2057517894676755,0.17361558618999676,0.699291240601313,-0.12929109342041478,0.8726294210978922,0.1203415769906272,0.7246599850200477,0.059638382778281304,0.9978459931555256,0.12012035328717466,0.7283078886213761,-0.05959944001265939,0.999425581523351,0.13276406200159174,0.8147017161051437,0.12172339253482373,0.2946008968920937,0.13225787168457404,0.8242198313985558,-0.050332607080539105,0.9898562885466083,0.12192014498370043,0.9041565429596681,0.19563805205481408,0.5951123833656315,0.11677984786885133,0.9262061573210224,-0.036303386092186,0.9888356100945253,0.11678460666111545,0.91805025225594,0.2010305240040735,0.6134305284136822,0.11072129188548958,0.9427260444277815,-0.03753479960418885,0.9696161803745096,0.14531053673653388,0.9195957808267509,0.1834501780214765,0.760275372437069,0.14252325608616795,0.9438894674891525,-0.07989298126527247,0.9827370870681043
69,1150.0,0.166860953682945,0.5622875832376031,-0.03744543184127129,0.9997723386401229,0.1639352178289778,0.5543382451647808,-0.03091885167218392,0.9997390281586427,0.16359693024839686,0.5543752653258192,-0.03094778857415633,0.9997487153325769,0.16315430757545302,0.554436286290487,-0.030967474161159445,0.9998163410595493,0.16300345247700115,0.5544278791972573,-0.0494170983632406,0.9997490786370785,0.16202645997206383,0.5546148618062341,-0.04942523297809423,0.9997150841213415,0.1609340494587309,0.5548572568666371,-0.049448699468658125,0.999749646300362,0.15654088769640254,0.559773323081789,0.004115176066989083,0.9994867330505741,0.15447383551370542,0.5611519103958498,-0.07862453304585962,0.9996553318841124,0.16541125377019258,0.5711558716637752,-0.022187507046120523,0.9996158878008532,0.16390479107697817,0.5707891242844723,-0.04621629683034764,0.9997868566286003,0.14562363000143153,0.6141356087866288,0.06831090329658424,0.9993913826488321,0.1455107338371732,0.6139007182348346,-0.11598796929631923,0.9999595596676789,0.1341460340079808,0.6784454328673232,0.10006037389948262,0.0522658480774789,0.12926389773686736,0.6787332750502092,-0.13293218328839265,0.9822303170249583,0.1641039223898026,0.6964277483168108,0.06999863506782628,0.15943236152331047,0.16318790543647052,0.6997677031017491,-0.12462211506707337,0.9468837352026083,0.1718626114584152,0.699525586196355,0.06986699856462938,0.19913838732810263,0.17347254000958956,0.7079369397390461,-0.14194622210093916,0.9314603323028208,0.17611249500796922,0.693831670851935,0.05398584636194369,0.20919397686209013,0.17647075582118274,0.6979501020340697,-0.13324971319664103,0.9226445186705823,0.17378440783137378,0.6928101380666102,0.06151987984776501,0.20580094626971668,0.17381342890716744,0.6954428894179212,-0.12096337974071511,0.87325778461638,0.12053005503756667,0.7244387240636921,0.05973489440622788,0.997832153524672,0.12030965018840072,0.7280966157004952,-0.05968966406016127,0.999403635660808,0.13275735789821272,0.8146435504867923,0.11943980909529195,0.2939921546550026,0.1323446674006327,0.82407390787488,-0.049981238941351605,0.9897751126970571,0.121964977610679,0.9042124067034046,0.19115887014638824,0.5956468809218638,0.1169546760973477,0.9261861557052256,-0.03522916031735286,0.9886851055281509,0.11683748272203273,0.9180737393242979,0.1963540322723844,0.6165867674918406,0.11088830197141292,0.9426668030875076,-0.03631247819534372,0.9695596297581998,0.14538690305891502,0.9198373357454943,0.17782748809882584,0.7601219841412141,0.14259549833479393,0.9438478379022515,-0.07845291743675872,0.9824987876982924
70,1166.7,0.1668919729334969,0.5619787289982754,-0.03597775119401162,0.9997641160374603,0.16396261538778045,0.5540012802396506,-0.029443700842204566,0.9997295794032875,0.1636266623224532,0.5540216848963787,-0.029473986476659796,0.9997409355072755,0.16318476909682877,0.5540551855450588,-0.029494470606247603,0.999810545217424,0.1630358554068067,0.5540948283104674,-0.04800901881286079,0.9997384292738786,0.1620655606190365,0.5542537910597669,-0.04801750537895024,0.9997044092132938,0.16097788016001396,0.5544445287613646,-0.04804217283214845,0.9997396667798368,0.15655965890203216,0.5593089092345469,0.005510385771880729,0.9994786466870996,0.15450352075554086,0.5606444336119156,-0.0774957683114779,0.9996500072025125,0.16545891406990243,0.5709005991617843,-0.020764032201398004,0.9996054853711817,0.1640042102053053,0.5704915239697415,-0.04485443198964713,0.9997794429461169,0.1458479357617243,0.6136106536501935,0.06941450032449908,0.9993857031776799,0.14563405655679257,0.6134393527394253,-0.11512306616419846,0.9999580099469145,0.13469979025068746,0.6780333121617641,0.10099935425179353,0.051563508986007645,0.12959618937401554,0.6785686555362888,-0.12926109986645845,0.981761955079579,0.16477299871898843,0.6938268655822395,0.06997948601132353,0.15824957475775775,0.16354526011716763,0.6969838255927681,-0.11546407107795996,0.9469478698003867,0.1729953161307745,0.6968161634036478,0.06943555318173913,0.19857901192846766,0.1738037147692273,0.7042761217980162,-0.1320974841004327,0.9319297018505285,0.1768159696034024,0.6910920057977954,0.05364570287721501,0.20869221857615894,0.1765693355174293,0.6941581992875967,-0.12402595402229409,0.9230794736317233,0.17419093421527332,0.6899281910487589,0.061437037374292146,0.20541656797840496,0.1739560145707359,0.6919429841495701,-0.11199492535420835,0.8738973538080858,0.12079104710192917,0.724218314602262,0.059827969365176745,0.997805093015944,0.12055602279447383,0.7278957225027545,-0.059776718595198265,0.9993735636983607,0.1327766456774304,0.8146671908242367,0.11668415190208535,0.29318290665036173,0.1324018772159305,0.8239936090651019,-0.04929463441173239,0.989647567272187,0.12203358574992143,0.9042920385088246,0.18588770855040793,0.5956307905060909,0.11710359439963394,0.9261559702101214,-0.032866038825540345,0.988461199260894,0.11694599297784633,0.9181262935910912,0.19084583151908163,0.6192253969964532,0.11101983842395609,0.942560738041288,-0.03369963204576858,0.9693661587578917,0.14546425143877675,0.9201437830924994,0.17124750642549436,0.7596646973064973,0.14266489375205277,0.9438155321847832,-0.07577567760433475,0.9821773994536634
71,1183.3,0.1669203369390398,0.5616397006171094,-0.03518536722376236,0.9997587033680514,0.16398968512103684,0.5536223678361806,-0.02864961822827659,0.9997227589289355,0.16365859693004983,0.5536348393985207,-0.02868037200754599,0.999735715843383,0.1632213102919716,0.5536482674734937,-0.028701065551667005,0.999806707813627,0.16306070486704521,0.5537168582280481,-0.04724302763740225,0.9997306239037294,0.16209620095434654,0.5538599888483687,-0.04725106699126111,0.9996971771830611,0.16101503656024035,0.554014188902719,-0.04727601596996901,0.9997327583176756,0.15658093917937518,0.5588470101356511,0.006248523946851497,0.9994756721314937,0.1545401910940807,0.560158403146835,-0.07690111937977023,0.9996479778062737,0.1655127817676182,0.5706030385834835,-0.01999321979071414,0.9995991814704175,0.16409651154563554,0.5701646123613634,-0.04411638581327033,0.9997745780717766,0.14619200783116487,0.6130755714007791,0.06984010800009688,0.9993855782917576,0.14575858910878509,0.6130927517300565,-0.11452203989028939,0.9999568661053982,0.13572355679103315,0.6774789180074424,0.10170707248506099,0.05151881330779624,0.1300895441146125,0.678433429627192,-0.12851875381810335,0.9815612974621007,0.16539147141433908,0.691408412797111,0.0713837686039153,0.16031317767642805,0.16394456511452093,0.6946493983268743,-0.11705964697258822,0.9479598828724459,0.17406664717765094,0.6944433848063156,0.07099394393818724,0.20177725950876885,0.17441262872446162,0.7012953332492289,-0.13385014306931278,0.9335126422700435,0.17782137010778715,0.6890330513318386,0.05511018953153069,0.21208732255867566,0.17695663798423053,0.6912427289145338,-0.12626602003971746,0.9247902574993321,0.17490076096284968,0.6876998543739323,0.0628407304840429,0.2086958175613768,0.17434582823798783,0.6892285545667018,-0.11386028641746165,0.8765217803773433,0.1210721500572705,0.7240477516537627,0.05989324798186624,0.9977837091400518,0.12071937854800915,0.727755018642971,-0.05983780377677513,0.9993441331954237,0.13277652221066621,0.8146723111470546,0.11419558170295904,0.29437436092467556,0.13245217147327615,0.8240551125435609,-0.04863242201861885,0.9895838243620744,0.12202084241878428,0.9044735829035447,0.18121404449145012,0.5970924638566522,0.11723429780630848,0.9261300308363785,-0.030779159140019212,0.9882734105700546,0.1170132355321022,0.9182332867667795,0.18593498496782224,0.6225120283308487,0.11107523561943153,0.9424503474008475,-0.0314544284095367,0.9692236979802457,0.1454573834226246,0.9204467762084241,0.16579508852391028,0.7602025809742161,0.14269668076719566,0.94380385535104,-0.07361932311739246,0.9819010978653324
72,1200.0,0.16693885695366645,0.5612618213608156,-0.037404561681406864,0.9997584848176873,0.16400986838908435,0.5532230933507287,-0.030919164862661157,0.9997215100697117,0.16368129494644357,0.5532407249723166,-0.030948425155310426,0.9997356250172577,0.16324677069981905,0.5532538890838627,-0.030968480699119137,0.9998064410118837,0.16308066745599123,0.5533093724931993,-0.04926065036228729,0.9997285519327443,0.1621209461064567,0.5534493724505111,-0.04926991835236553,0.9996965669450313,0.16104646239961906,0.5535971181733272,-0.04929403215646747,0.9997316428593235,0.1566043822538286,0.5584502106621156,0.004256039702643954,0.9994799097379056,0.15457618875162954,0.5597471310978848,-0.07783139958268126,0.9996513781093422,0.16555210451285057,0.5702684351376129,-0.022091502944628413,0.999599150248937,0.16415623256138406,0.5698219736417138,-0.04589658762727468,0.999773684002105,0.14655166083858134,0.6126239328157339,0.06843148615388649,0.9993929891359246,0.1458906006245387,0.6128508533750265,-0.11479555992853083,0.9999564800943654,0.1368005360875812,0.6768311006682264,0.10145106911659248,0.05238656362607369,0.13083400683743623,0.6783208165849963,-0.12913859954902113,0.9816372479711268,0.1658383558193844,0.6895186219896594,0.07245146837972465,0.1672422644637881,0.1644530026685625,0.6924084396589376,-0.12014276463361023,0.9498021233649487,0.17503457693826596,0.6929558146567577,0.0722064226865769,0.21027573091643212,0.17521336107026975,0.6985841989517216,-0.137114669595446,0.9359955759275533,0.17879822566395726,0.6881787805330191,0.05596788866179334,0.2209765974964416,0.17753026173228323,0.6887822662081042,-0.1299654213445528,0.9275513830639074,0.1757316575163888,0.6864350097520016,0.06383944426973664,0.2171284166120349,0.17492866728987028,0.6867986775579912,-0.1171501576900483,0.8807777308282405,0.12132747968037931,0.7237131425312593,0.05985092903886527,0.9977664096014849,0.12078889849640084,0.7275041114716307,-0.05979405680582641,0.9993217786153163,0.13278363999866313,0.8144930430821016,0.11239142857846769,0.29666242145356697,0.13249793861593528,0.8240131877717524,-0.04831636519659137,0.9895340601603198,0.12204578554346457,0.9046320148876741,0.17846914700099414,0.599011912232354,0.11736180172080093,0.9260781350589942,-0.0302397982173023,0.9880717226437168,0.11700947334369032,0.9183724125226345,0.18310956869806577,0.6253428998447603,0.1110868542676881,0.9423238464764193,-0.03108712924378261,0.9690107589676273,0.14543520765645174,0.9204663662683402,0.16281747959908996,0.7608947129476644,0.14275064851556518,0.9436882677532384,-0.07366695964620232,0.9815939012027929
73,1216.7,0.1669558875617528,0.5607320439247863,-0.040973298783813235,0.9997645559765052,0.16402828409558262,0.5527265525999527,-0.034544474844421684,0.9997276181266429,0.16369816660881054,0.5527585801624121,-0.03457222533013142,0.9997421815281831,0.16326300941762484,0.5527833756946385,-0.03459100673596066,0.9998108262107493,0.1630987482411522,0.5528052534375876,-0.052555584481784316,0.999734146254404,0.16213852167129528,0.5529555309386485,-0.05256750416897596,0.9997041168667028,0.1610642948320935,0.5531133101100016,-0.05259041559128538,0.999737895670392,0.15662163637933288,0.5580175036475776,0.0009460057730653463,0.9994937493687591,0.15460161368052178,0.5592986203375321,-0.0797562350829443,0.9996612440972108,0.16557939918268305,0.5697975811504186,-0.02555942881320206,0.9996072139058801,0.16419261055333284,0.5693515510786151,-0.04895210904734479,0.9997779102552512,0.14707031136467352,0.6122563083966578,0.06595727464272867,0.9994068514733094,0.14603209353628624,0.6126580777622408,-0.11579129773946044,0.9999569995062698,0.13786224098432642,0.676245150111971,0.10019322839521233,0.05344810691617788,0.13158158106463305,0.6781680725869683,-0.12894823934350705,0.9818387655984795,0.16659764164970048,0.6878427408990411,0.07185504904815135,0.17661716469696603,0.1650240421295167,0.6903381574721569,-0.11891348056849989,0.9519105269795378,0.17571681808857703,0.6917156094596504,0.07111745292232155,0.22141445676485713,0.17590714707261051,0.6964547179994134,-0.13564185017631175,0.9387594404674718,0.17972084737959376,0.6866675899142316,0.05459705686994965,0.23264263428392884,0.17802983593373084,0.6863550458635608,-0.12917580845810128,0.9306755264600124,0.17650151181788684,0.6848635474840805,0.06310067361309418,0.22817172464870286,0.1754434903462729,0.6842508372806373,-0.1160837745382673,0.8856161832809454,0.12150980567648306,0.7233547596704397,0.05978257971860118,0.9977712517692937,0.12076499561468769,0.7272862082435977,-0.059724485590344434,0.9993186195691434,0.13284018848623558,0.8140181189491642,0.11380087193988626,0.29960337848890417,0.13251611093680074,0.8238424857457485,-0.04792853994738491,0.9896120173590531,0.12226331872599475,0.90403661841438,0.18230590224266063,0.6020893284252716,0.11743825141872687,0.9258819250833427,-0.029606840972389515,0.9879848900295447,0.11730098014786139,0.9174266940071476,0.18726575587477018,0.6286615445500333,0.11115734562987381,0.9421395829745708,-0.030698452056163856,0.968921967915127,0.1455588582016174,0.9198779321852191,0.16779160215741123,0.7627784467878802,0.14278786735875276,0.9433576124055052,-0.07380241616850813,0.9814496324175888
74,1233.3,0.16697158841859738,0.5602928428422841,-0.043642830458425375,0.9997744475092213,0.16403208176294976,0.5523106030055458,-0.037307853766140514,0.9997385967345471,0.1637026710169657,0.5523513583909901,-0.03733506000467712,0.999752757095156,0.16326859806265162,0.5523866954303926,-0.03735279318477429,0.9998180412110835,0.16310833394527446,0.5523740478924346,-0.05497952479691737,0.9997448410306665,0.1621514353014175,0.5525303766840984,-0.05499464734679181,0.9997166139738908,0.16107983745279777,0.552696940444765,-0.05501730633633481,0.9997488629250307,0.15664694848514749,0.5575611222357981,-0.001694210871521917,0.9995126894542157,0.15461812274796632,0.5588159135409768,-0.08090787168060036,0.9996752142906197,0.16559072832266503,0.5693835161981133,-0.02821941540709566,0.9996204177538561,0.16421164359365203,0.5689471931684589,-0.05117695530255639,0.9997855708712631,0.14758925210861942,0.6118443721816658,0.06392851631556243,0.9994246874536794,0.14620588577929006,0.6124002961885366,-0.11608334063064493,0.9999582966168729,0.13873823128995452,0.6755716488474897,0.09907391809281857,0.05444092285775007,0.13231846832093747,0.6779232905024579,-0.12765267597777513,0.9820543527603156,0.16744003622304837,0.686427425770533,0.07027428561732887,0.18743882150877103,0.16571028104850236,0.6882497327668331,-0.11590361666111727,0.9541157796269377,0.17651780801160008,0.691229913915907,0.06866308904829485,0.23440748027392813,0.17652367410205672,0.6944286794889546,-0.13225416058585768,0.9416410014742903,0.1804675332137518,0.6853430100849701,0.05202304607345948,0.24624905132112065,0.17847759808812835,0.6840715238026216,-0.12669376390320924,0.9339603810083306,0.17716744187332345,0.6837231460071751,0.06136429132450199,0.2410868221805211,0.17592434939884016,0.681804449785324,-0.11326324620417194,0.8907457732018976,0.12164292094253368,0.7229454120000208,0.059684336895034475,0.9977807828358248,0.12072129050890613,0.727043767770132,-0.05962657946206279,0.999329918906803,0.1329401589575269,0.8133301337560024,0.11691599658557356,0.30173450992220946,0.13253037347680055,0.8236048590569275,-0.04862288935553463,0.9897445866039829,0.12261942525704711,0.9027034271331067,0.18861159185568505,0.6044325346038459,0.11748477639186959,0.9256638203348438,-0.03322591251205832,0.9879585362616047,0.1176761012701762,0.9160432361421138,0.1939569498811451,0.6313766099157792,0.11125795543193825,0.9419697154135938,-0.03476199897981828,0.9689335908208582,0.1457531281879971,0.9190543889999396,0.175685614347458,0.764370188826607,0.1428863810641426,0.9430145876748228,-0.07807796661342899,0.9813815241768253
75,1250.0,0.1670045533350537,0.5598909485907786,-0.04557691443534127,0.9997808649426422,0.1640525580871674,0.5519024672962374,-0.03929226224621139,0.9997460643450427,0.16372613963626692,0.5519400011925474,-0.03931926315029465,0.9997600969814127,0.16329535770983933,0.5519778756868275,-0.03933641012935414,0.9998229174386895,0.1631321679978145,0.5519644731567024,-0.056708077767065636,0.9997519056002306,0.16217403539589484,0.5521282042775839,-0.05672619686949826,0.9997251431147265,0.1610986867121289,0.5523175881022503,-0.056749372255234534,0.999756404331753,0.1566883730036873,0.5571729597591223,-0.003602557638216589,0.9995247977120543,0.15462355457601104,0.5584292582103189,-0.08161246067001712,0.9996851313681837,0.16564381122589122,0.5690035536175687,-0.03015463799238207,0.9996289128348949,0.16426815589269014,0.5685859833444872,-0.05277328370582494,0.9997904698054003,0.1481261799732845,0.6115416174843202,0.06233615268554011,0.9994362706229807,0.14636946788855973,0.6121667793818888,-0.11618823132344663,0.9999591566267475,0.13888057782536473,0.6750408723240812,0.09806121814818616,0.05468685729872617,0.13270888654958643,0.67766322976067,-0.1257231459021569,0.9820941629863927,0.16784010685625542,0.6850617868559705,0.06919958229575843,0.19526708693731412,0.16647402942180645,0.6861997161592761,-0.10977112785691315,0.9557728824161356,0.17654857749030717,0.6904202444212781,0.06713168216603148,0.244532292087873,0.17698436762605407,0.6922224532990233,-0.12543542044503359,0.943899035453797,0.1802877443177361,0.6838391423225407,0.05041331105998588,0.25686538361367744,0.17873722882497892,0.6817560933885125,-0.12075328472114755,0.9365513523419705,0.1770438048101608,0.6821199769065498,0.06021159692179594,0.2511511331512816,0.17626631330876136,0.679423726740338,-0.10735316148826061,0.8948452132088804,0.12176963545027242,0.7224514966919313,0.05960149335719295,0.9977724921135682,0.12073213394199107,0.7267282860619686,-0.05954334831663545,0.9993366968064088,0.13309893153962643,0.8125905479703637,0.11890789547136861,0.3034814823241463,0.13256126358395542,0.8233717878659572,-0.04985439458063674,0.9898449665024175,0.12297983786889494,0.9011916234379729,0.19221874503862305,0.6068519467399238,0.11752337501162582,0.9253520426296059,-0.03771551290438291,0.9879272381464648,0.11807608959220714,0.9145347958519352,0.19774825870990767,0.6338821337336591,0.11137402696268907,0.941725623039973,-0.03947672815549944,0.9688882629076646,0.14600680981363579,0.9181162033762258,0.18021210247562058,0.7659528227079488,0.1430008950687591,0.9425615952128463,-0.08255372870536083,0.9813008932840264
76,1266.7,0.16704377673921145,0.559700279008775,-0.045815766922065224,0.9997846824782242,0.16407891895089843,0.5517077871731353,-0.03959442515458382,0.9997506709325888,0.16375464626720987,0.5517319923355469,-0.03962220216081259,0.9997646751857946,0.16332558436053152,0.5517600434167049,-0.039639105044660145,0.9998257131803611,0.16315902556691864,0.5517661486353198,-0.056935238341490474,0.9997562652542485,0.16219833635148562,0.5519212314060761,-0.0569551273116044,0.9997305557841354,0.1611208695740928,0.5521125765073871,-0.05697893564190187,0.9997609513146544,0.15672177289213463,0.5569428460938595,-0.004100604858692916,0.9995297505742035,0.15463500434444075,0.558184697514489,-0.08158002580915184,0.9996906008039208,0.16569842256250847,0.5688004096349084,-0.030480224639177343,0.9996324153173545,0.16433293549787442,0.5683865944544478,-0.052993528190113284,0.9997927574884331,0.1487987410454524,0.6112937132517502,0.061806948766821954,0.9994449274880552,0.14648955705620004,0.6119790020443149,-0.11580753468331845,0.9999595312845146,0.13931722655182804,0.6745841219311675,0.09768987695376086,0.054916840046644246,0.13299342564174116,0.677415910221282,-0.12323005994160979,0.9821091237522314,0.16859520758901336,0.6843182103974483,0.06792006606147408,0.2028848245030359,0.16704656254677558,0.6846146810622448,-0.105093610073839,0.957297032787687,0.17745483276389906,0.6898373081570585,0.06546938153249882,0.25432934292725173,0.17732837938127077,0.6906782786051437,-0.1202534298811641,0.9459956714085177,0.18091081721442098,0.682988115719387,0.048798485171227264,0.2672213379825866,0.17887853369826373,0.6798111682846437,-0.11638095016990399,0.9389603052820484,0.17749903812294926,0.680943091710409,0.05889820857417019,0.26110671957333903,0.17648888840561835,0.6775727442332682,-0.10289497212285094,0.8986152580806193,0.12200487440540686,0.7220571097873512,0.05947951741871384,0.9977460503578193,0.12073800819260742,0.726419363703047,-0.05942049285485636,0.9993397224517103,0.13342210153738668,0.8119104845183243,0.12009141878003175,0.30421552913529554,0.13261361987817866,0.8230337557338538,-0.0533137889135452,0.9899170796076464,0.12340961786962701,0.8996135365395326,0.1936475606191727,0.607941119443803,0.1175462890948569,0.9249135681561068,-0.045964760971920864,0.9878308517592301,0.11846838926985159,0.9134160393760324,0.1991708129644395,0.6348771481286917,0.11145052916946874,0.9413258575257808,-0.04804426201042679,0.9686122593425576,0.1464412006593887,0.9171592820258374,0.18218120861621145,0.7665035384041928,0.14304611796424513,0.942036844435193,-0.09117907498564046,0.9811510841051745
77,1283.3,0.16708788772424074,0.5596504410107934,-0.0449763591445628,0.9997885170437049,0.16410792796384732,0.5516113525345216,-0.03874526208355316,0.9997552462986545,0.16379016353970494,0.551622189226605,-0.03877329134515356,0.9997692164920632,0.16336820948691605,0.5516421028545928,-0.038789512323481726,0.9998285969098417,0.1631887313865481,0.5516749875886103,-0.056034503061147004,0.9997609513146545,0.16222206893421368,0.5518260711715339,-0.05605442289795198,0.9997361841655921,0.1611360318603971,0.5520248100871136,-0.05607758870437036,0.9997655664171499,0.1567594139348894,0.5568372408548995,-0.0034752160510314388,0.999533863294693,0.15464583890778688,0.5580924323626931,-0.08090415809835713,0.9996957466715866,0.16576404159977337,0.5687093450909574,-0.029759607854343617,0.9996358610334859,0.16439300065948864,0.5683201551437382,-0.052197894347565554,0.9997952580451972,0.14953886611121053,0.6111285572960268,0.061661262065172244,0.999455318564461,0.14655749003092458,0.6118580273219522,-0.11498232256798527,0.9999598860740668,0.14080740440459488,0.6740153971172519,0.09661991007271274,0.05623330033960801,0.13324095805486053,0.6772591500055227,-0.12038313029777445,0.9821963934671318,0.16980948973269702,0.6838084516071143,0.06485093526896982,0.2140469983929681,0.16733513985361384,0.6840814522334513,-0.10160667378278013,0.9587816340582719,0.17885086082276858,0.6887005908148635,0.06207024607630007,0.26729730126403645,0.17743707483723065,0.6900273533094502,-0.11628834229140063,0.9479931734857112,0.18197350913570054,0.6819945006143484,0.045930332903351134,0.2808623413244885,0.1788335265148255,0.6788541504314972,-0.11309396014327103,0.9412721423875725,0.17859363201118664,0.6800079459235787,0.05604714829297296,0.27417343712988373,0.1764877190192542,0.6767509863490155,-0.09958908174719136,0.9022290933699841,0.12230411881492259,0.7217938899993902,0.05932239514021651,0.9977337008430852,0.12074367063386107,0.7261774823779157,-0.05926206654735978,0.9993468806857162,0.13382670780022948,0.8113478166716446,0.12059143398489279,0.30511293524787564,0.13281881454445077,0.8226807940573926,-0.05936304692711153,0.9900442418598001,0.12374275461548859,0.898291624727704,0.19360797532967172,0.6098859480449137,0.11758211929173705,0.9244132808276592,-0.05908262481292093,0.9878204493295586,0.11875518269482123,0.9125298942838403,0.19901531154201157,0.6353465176763994,0.11148665916352053,0.9408456257411418,-0.06176157597275012,0.9684057349250438,0.14685942019735077,0.9162623711994722,0.1822004758176351,0.7676416777429131,0.14316911498705556,0.9415981315431148,-0.1055282407573292,0.9811520434561237
78,1300.0,0.16710524473871513,0.5597196618715926,-0.04576569210205762,0.9997941539401107,0.1641311986105784,0.5516671651885627,-0.03950224444270137,0.9997617006301887,0.16382811324937013,0.5516709855624612,-0.039529032650448055,0.999775273459299,0.16342081413382586,0.5516865139915834,-0.0395444017790613,0.9998326301574714,0.16320004065831514,0.5517283167157858,-0.05659141817263198,0.9997678200403856,0.1622315709080016,0.5518700962974916,-0.0566116853484086,0.9997441569964098,0.1611389099132448,0.5520655001912802,-0.056633339396544906,0.9997723812148691,0.15681121249993651,0.5568579634030664,-0.004066883641782973,0.9995394576163527,0.1546508584703719,0.5581176422891166,-0.08078065727438252,0.9997032625334611,0.16580357438042062,0.5687026097660977,-0.030506992801314328,0.9996412566729962,0.16440767901284364,0.5683399552390693,-0.05269079176442967,0.9997992174966002,0.15019782313278754,0.6110187996001475,0.06070943389620104,0.9994695839427774,0.1465740189665841,0.6118072895776663,-0.114387961725394,0.9999603912943893,0.14261233735652207,0.6733744910785134,0.09560028179770431,0.058704547229267344,0.13355341056982686,0.6771444621540256,-0.11882244015023831,0.9824010190509621,0.17100618566785553,0.6833495071956095,0.06253146078614966,0.2289817922172094,0.1675598245291484,0.6838419238726303,-0.09985454167638513,0.9602807533173341,0.18069818261123852,0.6871364457266677,0.05967753078965918,0.28381051761763454,0.1776593653928667,0.6894690337635228,-0.114067143272786,0.9499126672744758,0.1832418569496701,0.6810296064331423,0.04385066688770343,0.29814560640425936,0.17883673877943143,0.6784085659753714,-0.11151640188126345,0.9435249708947688,0.1801017210597085,0.6792316238085434,0.0539252255998907,0.29058012366294883,0.17650506609962113,0.676518252917699,-0.09797766911132003,0.9057999054590867,0.12264486650625873,0.7215651387260078,0.05912564003041816,0.9977280582700465,0.12073533095064626,0.7259622698738466,-0.05906523639957115,0.9993571213313519,0.13426212966442116,0.8109021924790888,0.12031864055565435,0.30622605908484707,0.13336378194036946,0.8222719799904603,-0.06604830636864621,0.9901511498859958,0.12392202800228491,0.8975079315049315,0.1924110509100416,0.6120653237615318,0.1176606352840152,0.9239745083309362,-0.07173256948590284,0.9878243179548362,0.11887769613947195,0.9119471765699848,0.19762493244239276,0.6344883725756695,0.11152152184929175,0.9404125724520009,-0.07494918487611277,0.9681490006900977,0.14709184283301954,0.9154867047355295,0.18100225144908555,0.7686192790667221,0.14340011917409454,0.9413016296568377,-0.11903585209732973,0.9811954299608874
79,1316.7,0.16716943823155916,0.5597668432054069,-0.046279541615928954,0.9998000633148928,0.16420511972336554,0.5516756801378163,-0.03997918342550598,0.99976856935592,0.16392234109696902,0.5516754871323,-0.040004994542825814,0.9997816029049108,0.16353514364787525,0.5516889748119177,-0.040019311720416686,0.9998368195125042,0.16323989984535048,0.5517356594403588,-0.05684526371104381,0.9997753046807796,0.16226332812082211,0.5518711124147692,-0.05686607868188907,0.9997524704251978,0.16115686936037893,0.5520577090127131,-0.05688632900516196,0.9997796189217348,0.15688569630895355,0.5568551988828754,-0.004472217755392197,0.9995448617708123,0.15464996369112116,0.5580982679412483,-0.08044791150660748,0.999711093448458,0.1658988708541508,0.5687452923683898,-0.031059491581150487,0.9996469843955273,0.1644513976006282,0.5683611120496481,-0.05296378937505544,0.9998035714739852,0.1509638669944946,0.6110153340158013,0.05984559761626384,0.9994836279324131,0.146554891552244,0.6118242371649973,-0.11339463258073451,0.9999608794848132,0.14459970167705,0.6728812456130987,0.09361514449119575,0.060590410161586075,0.13375545754319157,0.6771395859264197,-0.11488910551582072,0.9825615655808229,0.17236323583693744,0.682712092286065,0.057898565772033915,0.2421093696639653,0.16777021686236077,0.683733741442363,-0.09170566463754298,0.9612927976108739,0.18262204385939113,0.6852679422923501,0.05432954607974919,0.29834053913752256,0.1778320372104646,0.6887829672722594,-0.10449662201461346,0.9511618841262097,0.1845644662777584,0.6790546036901932,0.03921159463269373,0.3134796903246927,0.17876377914633082,0.6778031786282862,-0.10354781683002207,0.9450679903938664,0.1816311450231644,0.6780058145523076,0.04949149063655312,0.305138497125535,0.1764142555849894,0.6761281660624918,-0.09016561614615584,0.9083553325562257,0.12306095766169693,0.7214607397715256,0.05884669419555441,0.997739962169103,0.12070511068616603,0.7258665533292866,-0.058785942338761873,0.9993739780925577,0.13488171568938673,0.8104942923500429,0.12073928898289099,0.30708935856819175,0.1342133233944576,0.8218724472182143,-0.07167031846585734,0.9902540076346631,0.12407450484378006,0.896720278830756,0.19294967679750366,0.6141075264839904,0.11777454862991976,0.9234503167016173,-0.08021786383220134,0.9877767108735591,0.11902225549731944,0.9105802689279835,0.19812127805891505,0.6324886537733536,0.11157831478686568,0.9398799368313386,-0.08371339454537352,0.9676156611669638,0.14724827309449523,0.9147698680559802,0.18187597323031668,0.7693528447832386,0.14359590056396676,0.9411168637729833,-0.12796684106191009,0.9812447513852808
80,1333.3,0.1672742707388743,0.5599247983523782,-0.04722852330832257,0.9998092821666179,0.1643397772595997,0.551822247959319,-0.040903346701746925,0.9997793067069288,0.16408303592886253,0.5518219839958922,-0.040927964307013044,0.9997915398506898,0.16372175159908486,0.5518353893643337,-0.04094126022287781,0.9998436825616027,0.1633119937919436,0.5518802546319511,-0.057444239833525285,0.9997864649409347,0.1623190534966334,0.5520056826727735,-0.0574660379262198,0.9997647234371738,0.16119318632852475,0.5521782239278161,-0.05748369225433899,0.9997903307278958,0.1570281946942921,0.556979854901632,-0.005087725740546985,0.9995592889331644,0.15464711615017493,0.5581855632009964,-0.07979399959246324,0.9997236444836578,0.16603589199838198,0.5689287554650083,-0.031972293697652386,0.9996597028913959,0.16452039991106315,0.5684994374002733,-0.05345842419635685,0.9998115897178658,0.1516153606630508,0.6111730961572561,0.05883657417836648,0.9995028234663471,0.14653518157345918,0.6118600084668119,-0.1121832558086941,0.9999618984404072,0.14673484223229555,0.6725893701825828,0.09041576300348561,0.06472281508502511,0.13412055940855128,0.6773434650330321,-0.11264899302096601,0.9827498623303013,0.1737225460154671,0.6825167224520734,0.05171552460108488,0.25841064112527046,0.16793741001969303,0.6836004427501139,-0.08786468704541531,0.9622376334099549,0.18412660771892198,0.6845352167174934,0.047417920082807576,0.31521162390708946,0.17796483281112865,0.6878396215892978,-0.10047690605833424,0.9522840721266618,0.18564437542642878,0.6779890826770243,0.03324076941325553,0.33096147151220434,0.17869582417465404,0.6772715137118389,-0.09866377675817134,0.946474765028273,0.18275340469110593,0.6775772287732084,0.04362242473732861,0.3217534735089259,0.17630072718574902,0.6758754139854799,-0.08601878689868116,0.9107539994376053,0.1235786573517891,0.7214707987649105,0.05855362702693262,0.9977864083789652,0.12066747957751874,0.7258478715306242,-0.05849403870247663,0.999401909964426,0.13566478306338908,0.8102110652696525,0.12113161420538321,0.30872479223069715,0.13531353927793965,0.8215225225403202,-0.07729821545737137,0.9903865797179093,0.1241644826673327,0.895921204771315,0.19346183680352724,0.6161680533772428,0.11791670570770908,0.9230823829060516,-0.08924878530559091,0.9877801622663234,0.11905461798111606,0.9092485450562984,0.19857158973103492,0.6297833295095538,0.11166059545108259,0.9394690848532185,-0.09311883399883913,0.9671642610004978,0.14726432732173383,0.9143082329205111,0.18247100781826758,0.7701273674056648,0.1438582128002531,0.9411556550434665,-0.13771942861023415,0.9814306753022337
81,1350.0,0.1674272872152784,0.5602147607576283,-0.04786891880489534,0.9998194944290895,0.16451843082904827,0.5520560145378117,-0.041530993367944476,0.9997915057908928,0.16428734858830782,0.5520514647165938,-0.041554928890296425,0.9998028959546779,0.16395045533066716,0.5520575699352086,-0.04156775258126716,0.9998517036437995,0.16340960136481708,0.5521211283547542,-0.057853114392076264,0.9997984852109645,0.16239479609898172,0.5522336079960781,-0.05787552751245957,0.9997779613449468,0.16124858104047335,0.5523890455563867,-0.057890696539765356,0.9998019110588807,0.1572112391392391,0.5572429441270379,-0.005462806960124349,0.9995783084914805,0.1546552521841868,0.5584256620634174,-0.07902088229145328,0.9997378048442666,0.16621702767553795,0.5693081106458395,-0.032557167467616874,0.9996760175341659,0.16463384670870657,0.5688175275212246,-0.05375509265632861,0.9998213109515969,0.1521747601883753,0.6115203215962369,0.05798401115905674,0.9995250105857857,0.1465014602456775,0.6120703731264391,-0.11127567787965147,0.9999630621501385,0.1482254160302027,0.6724800126893185,0.08673015698080977,0.07133712867895767,0.13447902245180957,0.6778201262156174,-0.11200471719106046,0.9829585977963047,0.17459816379206533,0.6824077878679553,0.04473605893907096,0.27859870805626846,0.16811168974354165,0.6832137363297603,-0.08629814464421506,0.9632066119284864,0.18478166347458264,0.6838118064971201,0.03967182923640526,0.3351704506647022,0.178110073719706,0.6867929413205106,-0.09883643864166176,0.9534170968191971,0.18623818953832005,0.6771908118611295,0.026228501860584553,0.3512966391586125,0.17870379558631366,0.6766937289919177,-0.09582300448701503,0.9478898275466199,0.18324953388600135,0.6771049726577036,0.03688124806753229,0.34114963100070067,0.17621617586839777,0.6754034019651871,-0.08396753988095698,0.9131781771069488,0.12419735675766364,0.7215085199901041,0.05831931283076608,0.9978580758685165,0.12062974309637442,0.7258327205975855,-0.05826155362384664,0.9994327454339897,0.13666235974856794,0.8100893213635405,0.12098591207038797,0.312892597346079,0.1364910616761163,0.8212593708719531,-0.08152856074628381,0.9905181952885226,0.12415522266001938,0.8955227619125736,0.19309193037805117,0.6193742780458364,0.11803512488092704,0.9228099442663653,-0.0948055830030215,0.9877973085358036,0.11902500511634927,0.9081776624634159,0.1981106173424495,0.6277892192204797,0.11171430171955207,0.939199552649544,-0.09878367043676838,0.9666670390537814,0.14722148506414334,0.9141803951490499,0.1819652673744021,0.7716727767671863,0.14413858666306462,0.9411130462374012,-0.14340869372799292,0.9816892090297887
82,1366.7,0.16757141976129453,0.5607088577179686,-0.04912493040873894,0.9998300274213162,0.16467767740998962,0.5524994702566242,-0.04277360705392704,0.9998039858681822,0.1644622250681833,0.552488173757281,-0.042797307705595415,0.9998146182014837,0.16414069916520813,0.5524857668649586,-0.04281076646986465,0.9998601362818771,0.16349945678597416,0.5526131930805391,-0.05914806077877685,0.9998107325463075,0.16246171650432417,0.5527403581710093,-0.059170302181016876,0.9997913979348689,0.16129634706746976,0.5529015064239506,-0.05918311327695851,0.9998135084197642,0.15736775029273273,0.5578189293543502,-0.006409187601613152,0.9996002770605549,0.1546579720008942,0.5590769194421318,-0.07971245724530453,0.9997521667253411,0.1663729243335271,0.5699253820237663,-0.033699690408649924,0.9996938535145358,0.16474462265060072,0.5694309132439754,-0.054964791628576495,0.9998315005075371,0.15269599783988236,0.6121928691864018,0.056791633722328046,0.999549567699433,0.14643843684877678,0.6128232166880657,-0.11135377628462663,0.9999639846029744,0.14994339644908916,0.672545092446464,0.08450261326063253,0.08316451772337874,0.13506582379341134,0.6787711126463758,-0.11377942100876862,0.9832858074279066,0.17663649505093,0.6820925247101561,0.04231531172990802,0.30716798844791615,0.16836770233653853,0.6829485013371428,-0.08981872527372275,0.9645008671851392,0.1863177667061489,0.6829467756407607,0.037170284028564204,0.3617464005947115,0.17825533733481466,0.6859388578505747,-0.10294524686677123,0.9549123360997162,0.18767806390921288,0.6762867683456062,0.023793561018205133,0.37806879764511503,0.1787451023147221,0.6758818654786978,-0.1001361895884787,0.9496669769287116,0.18447022140026104,0.6765385184969226,0.03450771305887475,0.36704709416344083,0.17616711060206108,0.6747786885216127,-0.08784655978282299,0.916064605826424,0.12486009157839284,0.7217489168757489,0.05813963391951156,0.9979461885633929,0.12058449465604064,0.7259553472201035,-0.05808333467159957,0.999462164583661,0.1378541737794877,0.8100943196387523,0.12041235466798154,0.31987879389808316,0.13749926217964728,0.8208875798043755,-0.08511787014348172,0.9906497796376553,0.12420110475449345,0.8953040497643613,0.19211787765934368,0.6233781774838769,0.11818400876862671,0.9226172310965409,-0.0982249095326379,0.9878132286525916,0.11895308714537402,0.907719464529129,0.19706877285525926,0.6265882054964707,0.1117534701313292,0.9389902324903586,-0.10214734290327353,0.9661390156972983,0.14722951182297309,0.9142242641676046,0.1807259172201158,0.7737768207277576,0.14429232691015526,0.941005394572304,-0.14715228974819194,0.981961837836675
83,1383.3,0.16767443006946942,0.5615131684712005,-0.05026025697588925,0.999842964467549,0.16477450728416454,0.5532071533657259,-0.043829075105133536,0.9998190970647909,0.1645706047614417,0.5531843872297382,-0.043851265595072825,0.9998288551966357,0.16426220181442452,0.5531697159721742,-0.043863513462600284,0.9998706806273694,0.16355952123800926,0.5534097694215324,-0.06033833661959289,0.9998254861150476,0.16250206175304605,0.5535851404780436,-0.06036057748964859,0.9998075366020209,0.16131468613942473,0.5537785433587579,-0.06036813007224178,0.9998275524093998,0.15747275238945382,0.5587041605086558,-0.007027575324866038,0.9996293357440411,0.1546475433167958,0.5600987757955282,-0.08073115668126521,0.99977009069352,0.16648481147629884,0.5708615268979758,-0.034704034349748086,0.999716778596243,0.16482684867722658,0.570418545178005,-0.05612737525786676,0.999844275769734,0.15304256124155874,0.6130445202191676,0.055457778984592115,0.9995803691091999,0.1463274806737901,0.6140433237666181,-0.11187054323298598,0.9999654207910817,0.15182815846942732,0.6724090434256058,0.0826385358259792,0.09786129388071249,0.13575248278322682,0.6802298994291401,-0.11343155978691019,0.9837713099661335,0.17874471843242656,0.6812666768119453,0.03840959107591995,0.34099508041427273,0.16861927296434143,0.6832325430143451,-0.08695612528494433,0.9659537871678678,0.18767563005288457,0.6816702598617195,0.03255499207547735,0.3927081496942614,0.1783721879834222,0.6859429847626464,-0.0997838136695681,0.9565712525731048,0.18907500093891522,0.6751541012809394,0.019411622119757048,0.40914526014100966,0.17876544878596365,0.675842614400955,-0.09852511187394467,0.9516194547925684,0.18572909207571134,0.6756389907428202,0.030604093734707172,0.3972814409505756,0.17608260185945615,0.6747081932567419,-0.08559021655292745,0.9191981185050245,0.12542483778226954,0.7221775991576064,0.058080244454599604,0.9980747983569198,0.12053878037702477,0.7263837485086355,-0.058025454658837586,0.9994989264579053,0.1390357365210852,0.8100160672551115,0.12186549923249662,0.33150931057475885,0.13876290903204974,0.8204612419718793,-0.08870582069669458,0.9909618837492814,0.12425343869697489,0.8951638397716347,0.19500824525242771,0.6317531125886104,0.11839480840024502,0.9224570876076115,-0.10304992894331622,0.9881169966288983,0.11891757696866997,0.9074725508689887,0.20012321216719503,0.6291089086305531,0.11180317756675547,0.9388784993262524,-0.10708483911695943,0.9662039081255601,0.14719888426008687,0.914263464155652,0.18365811166309187,0.7792994805744722,0.14448708082948422,0.9408559089615238,-0.15266606495493945,0.9826178579103386
84,1400.0,0.16769731967222135,0.5625418566522148,-0.0503116475329513,0.999855904352098,0.164789996686436,0.5541386065028967,-0.04377944767475131,0.9998342877342594,0.16459437637102048,0.5541041152817866,-0.0438005714899018,0.9998431404431669,0.16429552506832862,0.5540791806720555,-0.04381170655999868,0.9998814293316439,0.1635617627984003,0.554439607120696,-0.060460789572624976,0.9998402850968505,0.16249678887072075,0.5546765469369438,-0.06048234445708143,0.999823729197185,0.16129725178082793,0.5549102255276275,-0.060484383787427674,0.9998417837279191,0.1575154278959548,0.5597860302243918,-0.006797132913821515,0.9996595184008288,0.15463018985021693,0.5613410785084683,-0.08095480111383263,0.9997884262175795,0.1665159690947761,0.5719776096798128,-0.03474360686682522,0.9997401436169949,0.16484635358765024,0.5716104876427427,-0.05634119503554848,0.9998571077982592,0.15323862717265185,0.6140762510753818,0.054585438931272184,0.9996100891204114,0.14620575876463038,0.6154409022558307,-0.11176630393380219,0.9999667008717862,0.1535791541848865,0.6722994021006998,0.08056609509956275,0.11345549885715764,0.13663225159758624,0.6817827536946256,-0.11129254741328111,0.984265932015011,0.18033637248334444,0.6808032308306018,0.03327656546164129,0.3738216559092207,0.16907629299731491,0.6838494965008333,-0.08257524988480983,0.9673565824826567,0.18918442726135268,0.6810718434197567,0.026705392725056145,0.42256993764922757,0.17866453031698876,0.6865028228078575,-0.09483460336923608,0.958169741289957,0.1903061192660106,0.6743167894227169,0.013817834390682134,0.4390917349429361,0.17887359289895932,0.6762527653149201,-0.09549337128798174,0.9534965469723662,0.18678109276862387,0.6748360537347344,0.025451944497901786,0.4266778003601803,0.17612128030686164,0.6750586203166422,-0.08182117573562128,0.9221996948832564,0.12584564834833153,0.7227022931689313,0.05808587141689804,0.998201461065384,0.12049253213973281,0.7268968508357099,-0.05803266433732854,0.9995323220888781,0.14044328175839935,0.8097704932803205,0.12085228200469707,0.3426260933989572,0.14004118456726994,0.8199526610828587,-0.09028166000332158,0.9912154504231052,0.12433027972777694,0.8952138792900819,0.193061513560159,0.6385086547760741,0.11861514903250205,0.9224483541079938,-0.10464112034865795,0.9883331230708539,0.11890823110228502,0.9074776456469588,0.19808142809640808,0.6310009218397599,0.11186184876021893,0.9389517874944784,-0.10865821157182974,0.9660864642688214,0.14713008488927581,0.914335591452463,0.18162863240355548,0.7837700730278384,0.14468861832505192,0.9407326806159253,-0.1542025392963774,0.9831622611908692
85,1416.7,0.16771052564893463,0.563615373202733,-0.04880460156571301,0.999867606730689,0.16478698736145395,0.5551208371207832,-0.042204526918275045,0.9998482181912385,0.16459324104445333,0.5550765906061449,-0.04222460942608973,0.9998562364351189,0.16429738629431964,0.5550437938599364,-0.04223356591094111,0.9998912754512976,0.1635680070945196,0.5554980947857815,-0.05903047411924321,0.999853778453101,0.16250198724724008,0.5557798487799512,-0.059051647604931014,0.9998384657360265,0.16129659329141902,0.5560556678544911,-0.05904872254246761,0.9998548314684921,0.1575066291150594,0.5610183136803768,-0.005311054288454003,0.999687041555133,0.15462168199675436,0.5627068167641054,-0.08025925854841873,0.9998054901758837,0.16654173249290116,0.5731472401391896,-0.03335802549762387,0.9997614366667619,0.16486426762172166,0.5728434778395157,-0.055106243916920296,0.9998688953263426,0.15329730155922128,0.6151690653392251,0.05457022129779775,0.9996355403037305,0.1460924134367989,0.6169149535042904,-0.11089012204181588,0.9999679667609086,0.15467372323785522,0.672190598079137,0.07581910668384467,0.12626881187870398,0.13750351539679945,0.683475568180993,-0.10568955789009737,0.9846665036110658,0.18082640568415337,0.6793844330878489,0.021890391994799904,0.3978545424484074,0.1694220112902779,0.6842809574944637,-0.06987303726020319,0.9683239800589432,0.18975453788325913,0.6788295989944826,0.013980581646873848,0.4444410304228468,0.1789186320134573,0.6857379249164042,-0.08035727395188247,0.9592111593201054,0.19057476875327897,0.6721703466914954,0.0021897415087247904,0.4609525374003823,0.17894842369215844,0.675651331742605,-0.08379806294327696,0.9547683511461538,0.18702287191436417,0.6728157770066039,0.014229035803249914,0.4485065610635851,0.1761438655001778,0.6747201170240135,-0.06975302437231659,0.9243132103057141,0.12602923881439945,0.7234758223806114,0.05805953450146179,0.9983207214446302,0.1204664125328973,0.7276799792335152,-0.05800647909442588,0.9995634896414627,0.14197708737282536,0.8095406662850159,0.11977269748846699,0.3543597374643601,0.14147371621358973,0.8195229456538251,-0.09079950231881376,0.9914617339770007,0.12451921793676568,0.8953282095137104,0.191141425853684,0.6452764301072988,0.11888519426186889,0.9223167129925326,-0.10379308568579818,0.9884893269765952,0.11906798964455023,0.9073406514667336,0.1961349944273632,0.6335093492553352,0.11194565005245671,0.9388986542111357,-0.10757234479699823,0.9657759013630102,0.1472664120651428,0.9142239462761659,0.17965144486654386,0.7882924534025653,0.1448179753053757,0.9406701723734545,-0.15248002324785515,0.9836430294173112
86,1433.3,0.1677107917410988,0.5648311206272674,-0.04752751102759728,0.9998786846796678,0.16478612735157933,0.5563469926516219,-0.04091291697252367,0.9998614901588083,0.16459469497203838,0.5562997545514792,-0.04093211569956373,0.9998687221890412,0.16430094767184497,0.55626278264182,-0.040938598414262166,0.9999006390571601,0.1635594204777764,0.5567653122402377,-0.05776293646721617,0.9998664827573874,0.1624850978453955,0.5570650469689146,-0.057784246546881586,0.9998523734864743,0.16126770561649698,0.5573579385167081,-0.05777679774023242,0.9998671980131247,0.15748966591698793,0.5624130311466402,-0.004032913889248105,0.9997134691192998,0.15458867521513087,0.5641694806870965,-0.07867920930896492,0.9998220035008029,0.16654802362124138,0.5744404991467797,-0.032175328937314826,0.9997818356468571,0.16486450674987985,0.5741743331863771,-0.05383581242391045,0.9998801038378768,0.15323825819151754,0.6161551475524907,0.05502856150269512,0.9996587889535093,0.14603463595821753,0.6182353411402026,-0.10905256228787566,0.9999694994517743,0.15497924103623356,0.6724508660180233,0.06832394890841989,0.13471498624199923,0.13858424056143998,0.6853771578697936,-0.09678899709667485,0.9850212647801362,0.18023165918531886,0.6780478017670772,0.004327025619291127,0.4122806830065594,0.1698764725810007,0.6842534428551088,-0.049497782651867224,0.9690038703736812,0.189525726295653,0.6763612202235636,-0.005215912214702087,0.45795857622509945,0.17927340666453057,0.6835639022645501,-0.057564673767912994,0.9598337128048859,0.19005128528390625,0.6697729825973515,-0.015202250475773511,0.47426864930561646,0.1789952488172623,0.6739573052951273,-0.061435249501041046,0.9555936484109795,0.18649444906484527,0.67051850330262,-0.002944964139411849,0.4621297674519679,0.1761987592492786,0.6736202126457582,-0.04901315919345337,0.9258907692773009,0.12614331642786672,0.7243273144676577,0.05799622212847078,0.9984328349431363,0.12049408327965518,0.7286328644979574,-0.05794421814027291,0.9995929144677669,0.1434446509395328,0.809397541341328,0.1161296296687354,0.3664017603510905,0.1430162645521619,0.819218380110605,-0.0915595037596567,0.9917213122049975,0.12491895329384585,0.8956438813890737,0.1843601174297788,0.6521686202003847,0.11909591442062749,0.9221704800923672,-0.1030513097842535,0.9886232018470772,0.11935644738730938,0.9076234471230287,0.1890208401850293,0.6360919958069216,0.11199232190847405,0.9388234359877456,-0.10639084343399328,0.9653991091819044,0.14769819875558227,0.9148146424974721,0.1724025131691071,0.792786856492361,0.14491844035330284,0.9407053618204032,-0.15064618133363278,0.9841000068755383
87,1450.0,0.16770319285846905,0.5663342617806938,-0.044807879697708886,0.9998885733740678,0.16477925791626896,0.5579586199351724,-0.038166119229225914,0.999873442309244,0.16458833785284144,0.5579135758536207,-0.038185697581086864,0.9998799789519545,0.1642937596355167,0.5578605135281884,-0.03819204795928231,0.9999090830485033,0.16353246072928124,0.5583060554095681,-0.05499073756592618,0.9998778133165276,0.16244984027885268,0.5585471192995711,-0.055010651016519224,0.9998647570610053,0.1612223287423453,0.5587953300703143,-0.05500110025916785,0.9998781822976619,0.15745935766469876,0.5639950491133194,-0.0013358256823959814,0.9997375380425233,0.15452968364670172,0.5656663888976692,-0.07538699571575444,0.9998367655844923,0.166542723065331,0.5760347048441573,-0.029553478051509194,0.9998001654942837,0.1648507132416681,0.5757248373258685,-0.05106796501647862,0.9998899925322767,0.15321585748876854,0.6171541384288246,0.05683759174176629,0.9996787905693062,0.14598497535501218,0.6193660554431738,-0.10598144467387888,0.9999701011748549,0.15486312622115736,0.6729816397031153,0.06268596489514627,0.14159225885357185,0.1396793659244266,0.6870331423623226,-0.0922799067837852,0.9854018972033554,0.17947309215863558,0.6768793520473304,-0.008770239229003596,0.4234776610419867,0.17046165040561143,0.6837835851169773,-0.041994465603714934,0.9696911119279414,0.18920312112285992,0.6737850052969802,-0.019540811401037958,0.46869882515498607,0.17968068591185993,0.6809074623244153,-0.04919040203094486,0.9604355834779292,0.18960287102631174,0.6670413613319401,-0.02800068466014985,0.4846106639930184,0.17907304139364344,0.67186127674012,-0.05206400422113286,0.9563802509080803,0.1858325479995638,0.6680994544710437,-0.01564886057305905,0.47268487584023283,0.17629467234725058,0.6721187319074362,-0.04083168914630302,0.9274784809067143,0.12641814918745142,0.725254512968518,0.0579014010727406,0.9985280888421202,0.12055861949920663,0.7296307682991032,-0.057849851392564364,0.9996084173520413,0.14492888961519523,0.8095191603615175,0.1065995455497788,0.37741736003330806,0.14462656066531238,0.8191107880501526,-0.0907773762231782,0.9918517385210317,0.1253389361358825,0.896499999931881,0.16693874625932614,0.6572166709672842,0.11939278351409104,0.9220070384797603,-0.09979852608272013,0.9885376152538126,0.1196268211518016,0.908604800701142,0.1707809205566135,0.6377534554118207,0.11207298331317456,0.938633058752333,-0.1030924870144754,0.9645942676635023,0.14822000832784754,0.9158769335065575,0.15375741996935446,0.7954451895895465,0.14496947470165444,0.9406371599151981,-0.14400711939448413,0.9842564690680737
88,1466.7,0.16767571724596492,0.5677910816101805,-0.04252675832027483,0.9998974771726705,0.164761829234305,0.5595537878218155,-0.035941064269060206,0.9998842222349992,0.16457321672212522,0.5595141564096727,-0.0359615017438219,0.9998901628312618,0.16427991361845118,0.5594526103564675,-0.035968695722875164,0.9999167039280853,0.16348180103869675,0.5598174759319854,-0.05267408206349331,0.9998880199023662,0.16238281130790722,0.560010223161607,-0.052692784262555026,0.9998759542192738,0.161130488628433,0.5602258614131387,-0.05268342243064021,0.9998880681537454,0.15741955240567537,0.5655257616724291,0.000694571944352772,0.9997597365152275,0.15440114977813912,0.5670978994596576,-0.0726356155106,0.9998501283781877,0.16652894232954313,0.5775768983931773,-0.027366866401973243,0.9998167270705821,0.16482763347171614,0.5772184587660294,-0.048686328033606244,0.9998987998281214,0.15332248026416426,0.6183663578260516,0.05830018789995288,0.999693535623097,0.14582280956563506,0.6204253406751727,-0.10292292066982822,0.9999699848038817,0.15506057157402958,0.6738486034529554,0.0566919479696524,0.14764575944060382,0.14097784033843458,0.688511382965815,-0.09006181714080636,0.9858378938266217,0.17968328297138228,0.6750359932581589,-0.02016003962074009,0.43213836635862113,0.1714118314640864,0.6821843215397431,-0.039495249766679064,0.9704890932355615,0.18975626854669495,0.670637794903347,-0.031431464611419636,0.47714104255040524,0.1802619340873901,0.6771158803076975,-0.04623415010670824,0.9611353817440221,0.18958866383348205,0.6639372081983662,-0.03854723630606066,0.4923859210241412,0.1792793025573096,0.6686613077209114,-0.048838987148233856,0.9572377375194011,0.185722874743598,0.6653059550694063,-0.026609082151913946,0.4806545532885055,0.17655934251490107,0.669642757801783,-0.03823904047853183,0.9291887680689501,0.1269376171486719,0.7265077119781862,0.05768267863563133,0.99860585871197,0.12065445383389799,0.7308260230791006,-0.05762994981237824,0.999615757238298,0.14645362964698255,0.8098226246379676,0.09890165925025948,0.388801611605145,0.1460877564691363,0.8191242672148211,-0.08977959766274413,0.9919662106604811,0.12577769905328762,0.8973553663208378,0.15443391033581338,0.6621348205066867,0.1198924300926073,0.9218869549887528,-0.09741638565347316,0.9884842690967385,0.1198815699844134,0.9096567148254039,0.15779177631650665,0.6392257923171638,0.11226798913308561,0.9384277917089923,-0.10085464552754454,0.9639453746023638,0.14868286890642995,0.9167409397306903,0.1405834952990215,0.7977096182959427,0.1450068879695167,0.940493061428979,-0.13952392623538074,0.9843983337992721
89,1483.3,0.1675695407958259,0.5690838694572453,-0.040140713432005495,0.9999059779303421,0.1646923280897596,0.5609280921164017,-0.033537816699771676,0.9998944117909393,0.1645165617976871,0.5608972566468379,-0.03355785388322106,0.9998997790472854,0.16423358236040397,0.5608404789652147,-0.033564847583572095,0.999923921766736,0.16334332312856414,0.5611558783622019,-0.05000118503258345,0.9998976588249214,0.1622008617435184,0.5613443085125518,-0.05001725256443028,0.9998866035824737,0.16089469407285972,0.5615603526433313,-0.0500058641745931,0.9998975112324677,0.1573561408690045,0.566828778811864,0.0032341702220340593,0.9997809330622363,0.1541002073458264,0.5683840342930389,-0.06869324757939299,0.999862974598295,0.16645817174797978,0.5789614887464618,-0.024968063370102947,0.9998324002538417,0.16470573416778034,0.5785921244394215,-0.0458961886664232,0.9999070933886944,0.15351956869874694,0.619647534120651,0.060015548197996094,0.9997058170182371,0.1452751691852298,0.6213057353383022,-0.09890435245775048,0.9999694937751413,0.15637756955055976,0.674558335826511,0.051137277058192696,0.15407848216238484,0.14236304518722365,0.6897467289652148,-0.08637643392596933,0.9863902131716417,0.18048602129731872,0.6719787149202261,-0.03246732951984521,0.43809153494380804,0.17277164828209662,0.6797529231934325,-0.03194994222195378,0.9713544533366256,0.190372869372368,0.6664354148365208,-0.04475615430800691,0.4828275215058103,0.181130043807484,0.6734575515701662,-0.037508941432904654,0.9618207897458765,0.1897770613431932,0.6596949384326032,-0.050082572868892165,0.49716513497488873,0.17969464191368661,0.6653376562254774,-0.04016250017143434,0.9580512529327763,0.18578095024540325,0.6616728362582984,-0.03838517308412566,0.4857451262928194,0.17704613152004436,0.6668768525123601,-0.030532407940232348,0.9309157331784573,0.1278178464798701,0.7279607341403058,0.05724360403560461,0.9986789169765662,0.12087988888933554,0.7322591230982831,-0.05718925879115154,0.9996192228226441,0.14770539530685983,0.8103905490466533,0.09018939946378987,0.3993437219233743,0.14767451655297065,0.8191847716059009,-0.08916481690747403,0.9920722075871067,0.12602548797925323,0.8985180145218266,0.13988034462644952,0.6661363698187333,0.12042774153607241,0.921727359294892,-0.09598314265410113,0.9884076402300888,0.11981704298939033,0.9111120246705561,0.14263155346825018,0.6400236430622287,0.11251462712174377,0.9380990806080053,-0.09927821797983993,0.9633452778770817,0.14885750058151437,0.9180086283456719,0.124983426360857,0.7994179186366859,0.14506555100282043,0.9403017532257812,-0.1343347724704516,0.984485688663665
90,1500.0,0.16737611804689692,0.5704003373781844,-0.03980730420776779,0.9999136612528854,0.16457147257668642,0.5622717823301047,-0.03318548601652897,0.9999036050978168,0.16441369198617495,0.5622504353523259,-0.03320608793624812,0.9999084529422586,0.16414524614810955,0.5622037904603145,-0.03321414689222974,0.9999304413795478,0.16312611954552797,0.5624510475567412,-0.049173227378300294,0.9999063667796914,0.16192840252603813,0.5626248518625899,-0.04918574524067701,0.999896216960181,0.16055879138764892,0.562829522859483,-0.049171764403581654,0.9999060545648855,0.15728464580717555,0.5679976457641243,0.004272967072514199,0.9998001853624987,0.15367563423656294,0.5695755481719975,-0.06411545280189745,0.9998745634442291,0.166300375546728,0.5803937798454653,-0.02452991973786129,0.9998466400873102,0.16445667332126992,0.5799995547249208,-0.04464495394911088,0.9999145751907719,0.15378812948862725,0.6208671019190839,0.06170140135855906,0.9997170851344162,0.14454200012343282,0.6219134245600024,-0.09355153498195473,0.9999685372625086,0.1589845312493189,0.6749469864936106,0.046313029846974815,0.16817536027658564,0.14411731561024993,0.6906404779070905,-0.08112697054942455,0.9870192976224996,0.18170688478719632,0.6682004332542424,-0.04309454143402126,0.44975169641631024,0.17435227405457282,0.6768117291586744,-0.023587466505843986,0.9723654843512042,0.1914433318944206,0.6610988861038576,-0.05614871921993442,0.4921762531711945,0.18222970338094815,0.6700731118520106,-0.027753546612248554,0.9625398516654975,0.19024372526577554,0.654614667097728,-0.0593202983339628,0.5053087416149324,0.18015767066251678,0.6621074449448363,-0.030466589699721075,0.9588645668256857,0.18602788519291663,0.6569887768654601,-0.048241154246387065,0.4939568411736265,0.17758057230994828,0.6640355672155113,-0.022017366208490888,0.9327130516370143,0.12886413860888718,0.7294448699269982,0.05662152224353386,0.9987393418947863,0.12119601205700928,0.7335819460096819,-0.056567586248829294,0.9996158792859039,0.14871858131317878,0.8112181112879804,0.07895951611655104,0.4054101052738374,0.1490390691019241,0.8192774823733744,-0.08653444512968977,0.9919720320474541,0.1260977309374583,0.8997639701479964,0.12072035741238375,0.6646786417279931,0.12095215845675705,0.9215189161754795,-0.09251260118825103,0.9880590353693288,0.11946578643151701,0.9124695970898589,0.1226403759348961,0.6369110175541473,0.11284108956654874,0.9377363097100037,-0.09540772899275742,0.9624480009078986,0.1486348162094753,0.9195007511547639,0.1046522334218026,0.7976217695644929,0.1451950328690666,0.9401442295029057,-0.12659588065885372,0.9842430324781516
91,1516.7,0.16713376414208198,0.5713641842206323,-0.03735884527365369,0.9999210380372554,0.16439973314603182,0.5632483987581166,-0.030697979210388117,0.9999122704778407,0.16426235792182753,0.5632386690094362,-0.03071665169582483,0.9999166329701749,0.16401198577313209,0.5632105214255201,-0.030723573639988924,0.9999366062028074,0.16286506255467742,0.5634029536020193,-0.04633237829520592,0.9999146319571003,0.16161623597145092,0.5635704540071037,-0.046341049351862534,0.9999053591773631,0.16019093706494297,0.5637815282458355,-0.04632411329519184,0.9999142289161689,0.15722012448878525,0.5689334074656173,0.0072368246702743475,0.9998183335576746,0.15322774719624305,0.5706243798846293,-0.0588960849813053,0.9998856584231066,0.1661259744848525,0.5814325610796616,-0.022041762735517265,0.9998601306052441,0.16418586529436577,0.5810548152242392,-0.041571649944498454,0.9999217022032971,0.1540077016467141,0.621788362661998,0.06497496313282426,0.999726831912995,0.14385648852302926,0.6223925380479726,-0.08881144864218582,0.9999676034564071,0.16131398223695312,0.6751638934725812,0.04293207824230197,0.18458926180998497,0.1461244360322045,0.6912021835645046,-0.0756888648583776,0.9876821637153632,0.18280379261289337,0.6627820673443027,-0.051165922589245336,0.46216893338021814,0.1756851027409237,0.6728811235654927,-0.011191731939713168,0.9732240750676117,0.19186127327737368,0.6535484052839737,-0.06464505160138725,0.5013658219859717,0.1833472230604718,0.6652346395310906,-0.013677326563213563,0.9628751618521562,0.19034905376888472,0.6479442204747886,-0.0656387821904251,0.5131175205821087,0.1806058649505889,0.6578781065486732,-0.016449697315692915,0.9592244738624217,0.18601662913958245,0.6511429349581406,-0.05555745444837075,0.501786271731059,0.1781126658121746,0.6602260498773489,-0.009391923756560406,0.9339574178059903,0.12967921012923841,0.7310071786244716,0.05607127575647267,0.9988033345767436,0.12171782446759097,0.7348545420737499,-0.05601941474846435,0.9996131346339278,0.14946919892515464,0.8123765360741395,0.07284989030588246,0.40927355062393944,0.1503294316076098,0.8194459847041544,-0.0832310734050615,0.9918682348160524,0.1260211361306055,0.9007924965449748,0.10944203606673658,0.6628026933897113,0.12138071017605927,0.9211623101007378,-0.08741766923949838,0.9877859297252845,0.11906634271144875,0.9133534062476392,0.11088527632611148,0.6341346786135724,0.11321400957448151,0.9373349689301997,-0.08952762151048305,0.9619467797733495,0.14822561258361464,0.9206072432654251,0.09320951607965294,0.796132746196929,0.14539944770790292,0.9400161873726625,-0.11734936244431005,0.9840677295412343
92,1533.3,0.16684725525833322,0.5720726876031789,-0.034021253387133306,0.9999279919124792,0.16419239271254776,0.5639588265191945,-0.027325253046694274,0.9999203880627957,0.16407638007686265,0.5639566126323885,-0.027341562611538757,0.9999242708796554,0.163844698951358,0.5639496956552782,-0.027346200065776018,0.9999423793384015,0.162574582156681,0.5641430673145117,-0.0428394207819587,0.9999223635310226,0.1612805390641804,0.564338706788563,-0.042845601570748175,0.9999139308929451,0.15980866835230884,0.5645770827929183,-0.04282697050699169,0.9999219179153449,0.1570853732881093,0.5696085719835196,0.010725247451946855,0.9998352697917401,0.15279903865995872,0.5714687392825176,-0.05438269976349108,0.9998962283134467,0.16593180667786384,0.582154472668966,-0.01872630519348952,0.9998726504189634,0.16392645168872116,0.581859029474713,-0.03800480369301072,0.9999281962712613,0.15406240806693133,0.6220729663258512,0.06905017881875951,0.9997362182253889,0.14345267840794165,0.6228626767794295,-0.08524586011966076,0.9999662751243236,0.16269825044132427,0.674520347799574,0.042320481013684075,0.20119240170433422,0.14836856651873825,0.6915025115013127,-0.06816704198718077,0.9883123522713078,0.1830209273667564,0.656788167499361,-0.053753851070290556,0.4752398729324344,0.17699206088270475,0.6680052535874508,0.008374304311083903,0.9738871370043081,0.19174756464504072,0.6451689061664405,-0.06722095395837516,0.5109651855060036,0.18456730956123002,0.6590928265026643,0.008345394217897036,0.9628632522764666,0.18994186605725982,0.6403233295395265,-0.06647510187966488,0.5212645104953224,0.18111418400492002,0.6524658941087274,0.005292867554262994,0.9591886656624937,0.18557995273953407,0.644311714740027,-0.057532197307972724,0.5097847438993912,0.17862034766446988,0.6553352957680116,0.01045063616974014,0.9347988792828158,0.13004232730184292,0.7322651261375069,0.05573835064257898,0.9988699555397041,0.12236930713767107,0.7359834114710495,-0.055689814190069874,0.9996116161346443,0.1499759689683007,0.8134985026859107,0.06797558494976594,0.4113860655398599,0.15139716934590125,0.8196495884940744,-0.07978145920094995,0.9917442089035405,0.12596973847775242,0.9015064211118795,0.09923827825557625,0.6617018211455578,0.1215799216713225,0.9207733528954649,-0.08116456298601066,0.9875885673931674,0.11875122892005112,0.9139828852244792,0.1002028854120346,0.6324723873819629,0.11350106093145561,0.9370307354700004,-0.08224516255514969,0.9617562946819131,0.1478739082813264,0.9219349395661133,0.08315982421239224,0.7956190535000398,0.14559826112928853,0.9399969521022985,-0.10923217059600929,0.9839626153310147
93,1550.0,0.16650370401995535,0.5726279077075781,-0.026755422176349748,0.9999339495386403,0.16387976138364713,0.5645047426223759,-0.020006686038825498,0.999927446955727,0.16377182801564547,0.5644975531668894,-0.02002028697392062,0.999930889833542,0.16354803811936164,0.5644956912313193,-0.020023278115938122,0.9999474145117268,0.16222978418781656,0.564713523501442,-0.03573687064150972,0.9999291045325149,0.16091771636690425,0.5649294058481856,-0.035741727533085035,0.9999214013417569,0.15942831621283587,0.5651987649145584,-0.0357249796922718,0.9999285936355599,0.15677454854760864,0.5700682997703557,0.01728775873336765,0.9998501908211489,0.15238773680868614,0.572061399618785,-0.049181056341954674,0.9999054812249691,0.16567369444029684,0.5825977580887934,-0.011754622616406007,0.9998832969438469,0.16366794989222583,0.5824496008100968,-0.03133706154213067,0.999933464186533,0.15406741343793426,0.6219689249992375,0.0748527035826729,0.9997412562370307,0.14336218649432783,0.6232849927175617,-0.08229963694299977,0.9999637660526102,0.16405197836103907,0.6722558623268495,0.0470570918349993,0.2176620286135448,0.15059867997964235,0.6914869234675458,-0.0642660684174016,0.9888592163721728,0.18334235109034053,0.649685729117621,-0.04462961621937301,0.4894874464897886,0.1781106506075179,0.6624373651686173,0.018560635546843222,0.9743190123921356,0.19181584034647275,0.6361320245833628,-0.05709029769613633,0.5213687334741869,0.1854575687930699,0.6524372072446919,0.01944132002868824,0.962561610199157,0.18968267596903315,0.6314736377625243,-0.055366245941037256,0.5301826227278941,0.18155189568088181,0.646621567862375,0.016719779265778417,0.9587943809373045,0.18551652204422736,0.6367378774143405,-0.04791420556250076,0.5183912629172919,0.17898979073479077,0.649899854546502,0.020890295982272156,0.935213174138751,0.13007778780800966,0.7331111005374369,0.0556828081607819,0.9989341213589631,0.12303960394291659,0.7367758694149205,-0.05563733886395186,0.999607219582513,0.15060278915223632,0.8144116259756549,0.06368601286695122,0.4117707681088224,0.15228871717339482,0.8198522017115644,-0.07671566839729042,0.9915069313276389,0.12589923398835326,0.9019213858104893,0.08964984899475467,0.6605316741125928,0.12173273698205048,0.9203966827619651,-0.07714356482028967,0.9873585161708658,0.11861383347284235,0.9142218175388525,0.09017921806800941,0.6314312758899875,0.11374007378305716,0.9367798453285587,-0.07805979393777399,0.961539580708459,0.1475973100889298,0.9227393723669512,0.07390317320823675,0.795175330979484,0.14576202560038803,0.9399348156792784,-0.10178792228301374,0.9837802421479005
94,1566.7,0.1661827535856339,0.5727115841138934,-0.017888095872920198,0.9999383943421507,0.16354996036915564,0.5645425262905306,-0.011318354629024516,0.9999330781755,0.16344260601770322,0.5645261435281668,-0.011329923462610523,0.9999361634254463,0.16321980669384922,0.5645257177807039,-0.01133106058529978,0.9999514364060909,0.16190205372515193,0.5648049598648439,-0.02745564113415425,0.9999344150225328,0.16058717526140678,0.565061830338978,-0.027462016968500064,0.9999273646445509,0.159083447286061,0.5653777094114398,-0.027450858393595352,0.9999338842573627,0.156388982420876,0.570102257387979,0.02407069384519545,0.9998625346592501,0.15202878131752934,0.5721632327352255,-0.04531560447953999,0.9999131531942465,0.1654181132713955,0.5825733542442326,-0.0034943790219369416,0.9998917182286587,0.16346059030010598,0.5825061911628364,-0.02371483282851323,0.9999372760454821,0.15407703816890728,0.6219214257739843,0.07999251286188767,0.9997367092541293,0.14341936366898683,0.6235805948575343,-0.08084898548466825,0.9999609021913445,0.1638159766083673,0.6705526085126973,0.05088112822600777,0.22635004279159382,0.1526596446832022,0.6912684923126589,-0.0607245392387822,0.9892806751387467,0.18316669052555462,0.6440507684435168,-0.03785602269428119,0.4941804848966148,0.17908583226658062,0.6556761775697986,0.028490204031446174,0.974467555681865,0.19172790859426786,0.6290342410405481,-0.04956194226230898,0.5236095899627327,0.18600431723254082,0.6448058627900628,0.030342819302209806,0.9620217879613248,0.18919367591540032,0.6248031655947373,-0.046936150108064956,0.5310630940255668,0.18194291634219045,0.639377892017365,0.02758998080112397,0.9581121433348889,0.18527106585956768,0.630838899385362,-0.04076902124853364,0.519275926408314,0.17929698668775118,0.6432754085177471,0.030960758438422588,0.9351470981325429,0.1300916849147707,0.7337477945146111,0.05568573677114082,0.9989954715683353,0.1236104028565544,0.7372265969003955,-0.05564152271974659,0.9996082782745368,0.15125460638886418,0.8151100391433359,0.06436659360215782,0.41212162517365986,0.15285947564102365,0.8200962004207435,-0.07631818950176245,0.9913457319850021,0.1259081321103233,0.9021614676430119,0.08983726373740611,0.662227224735987,0.12191035740432293,0.9201650789805828,-0.07919187772841686,0.9873446368035823,0.11872149684599476,0.9146048852375582,0.09041761713368558,0.6325672978446601,0.11392122258742658,0.9366751256443212,-0.08033738994882225,0.961627384026846,0.14750208102521453,0.9228915373484301,0.0748486160522416,0.7968951406933018,0.1459372334537053,0.9399267321541203,-0.10313594128404352,0.9838464231718161
95,1583.3,0.16587416614804962,0.5725237187885107,-0.011621076014957266,0.9999413660594403,0.16324618387789966,0.5643016837892082,-0.005119910463690761,0.9999372902370642,0.16314406054360536,0.5642735163370771,-0.005129443287538989,0.9999400292124074,0.16292619421368565,0.564274941171919,-0.005128501249211178,0.999954439344861,0.16159369335288104,0.564636573905037,-0.02172162747454077,0.9999383971804672,0.16027090095338378,0.564947903156281,-0.02172951054360187,0.9999319485255658,0.15874358443986814,0.5653187746093391,-0.02172269574588255,0.9999379316965746,0.1559884235972451,0.5699112131482083,0.028890753697071777,0.9998724063237515,0.15168938608396632,0.5720942616462712,-0.04371594123187522,0.9999194343884793,0.16515041816802262,0.5822640288443797,0.0023568817414343374,0.9998981243088139,0.16324058955624,0.5823051219894777,-0.018614178789513464,0.9999396148182105,0.15412616233030968,0.6216127503485911,0.08313477287689851,0.9997231080418549,0.14336155000187112,0.6238111541384748,-0.08127818256616598,0.9999577913965505,0.16521307400294724,0.6668834033466525,0.052963200956583065,0.23075855133079362,0.15459970633188896,0.6907750141052977,-0.05952525475905059,0.9896416465441393,0.1833362068448749,0.6380217813310174,-0.034363466359320166,0.4898400576341723,0.1800913399174101,0.6491553584734604,0.03440382575527545,0.9744396209716804,0.1917790777626493,0.6216039089929495,-0.04597102797457153,0.5175601740678155,0.18643074518158337,0.6379293742634006,0.03652358746954376,0.9613973725409741,0.18889671422186366,0.6175760967390882,-0.04227666627793088,0.5237772649242769,0.1822675494920641,0.6324479466392885,0.03327446985280232,0.9573401439757582,0.1852249127058757,0.6238432072457818,-0.03641207853243467,0.5126392472357981,0.17956552335194192,0.6370418100129995,0.03676526173062271,0.9348591679618479,0.1302392120872226,0.7340292760304048,0.05590238954339713,0.9990583147321436,0.12433357111045301,0.737358396961576,-0.05585785245611558,0.9996141308829904,0.1516055592468808,0.8158535077458342,0.06503868635211676,0.4088693757851921,0.15333571959109543,0.8204609553019212,-0.0768536371844156,0.9911347201892315,0.12590842871438898,0.9029287525585725,0.09011665093047286,0.6627339578810197,0.12201556031193062,0.9200052618980414,-0.07971757402022686,0.987187027931214,0.1187595547664734,0.9158695652371368,0.0906927943939255,0.6324225522222978,0.11398313726697656,0.9365398003941496,-0.08073751876751586,0.9610956623440704,0.14751387777782632,0.9233514467875169,0.07514160836026787,0.7981221221742181,0.14604087457770404,0.9399282165936068,-0.10212327930189322,0.983760351226444
96,1600.0,0.16565281436556872,0.5726118371600201,-0.006572108582726551,0.9999439432507478,0.16304474217551107,0.5643493561517628,-0.00030145742320677365,0.9999410055932552,0.16292881610847665,0.5642896919023427,-0.00031072974836985994,0.9999433897790462,0.1626929200830915,0.564262986183167,-0.00030850604109998274,0.9999571527753564,0.1614167697372892,0.5646880098751617,-0.01737499015317078,0.9999419280460909,0.16009977459907543,0.5649813754217969,-0.017384243020344362,0.9999360470544731,0.15855909954933906,0.5653358896573388,-0.017380925294544027,0.9999416243462342,0.1555878065881276,0.569722555932545,0.032688048269067516,0.9998812647092917,0.15148617327213298,0.5718822564397543,-0.041735273741540485,0.9999251195362644,0.16486902605919623,0.5821800657681061,0.007083563621909851,0.9999038009416497,0.16303290852478583,0.5822979609171554,-0.014483688443544375,0.9999414852687297,0.15403652616909583,0.6211050947507226,0.08700269496157062,0.9997114056632639,0.14330607723622105,0.6236323856172112,-0.08032739020529253,0.9999556229228073,0.16656361236458744,0.6637013753255213,0.05625136338529137,0.23592804585184385,0.15664800788675046,0.6887790816170833,-0.05659911799288935,0.9899572332700102,0.18335201271942697,0.6332100516273866,-0.030576847759740716,0.4836814233234954,0.18092439713932235,0.6427346893719269,0.04026758147492298,0.9746331941513795,0.19153342857247319,0.6159896737053285,-0.041684265115431406,0.50939496925899,0.18666847830727,0.6314548424312052,0.042654860764741925,0.9612954060236619,0.18822119349525102,0.6116626007216321,-0.03737774961406279,0.5143948027065826,0.1823510371503377,0.6259116189820431,0.03896631291579635,0.9571563232512709,0.18474169004531146,0.617666792301905,-0.03343539649531957,0.5040640376863029,0.17962319510323674,0.6306592084112626,0.04250369602370833,0.9352805728004099,0.13019395087446495,0.7339912369137724,0.05627234014017246,0.9991206072625667,0.1252810937308131,0.737381884029934,-0.0562274874675842,0.9996233185132352,0.15150864706152972,0.8167491271382292,0.06505507372674493,0.40253428476197406,0.15384440833613997,0.8210174498103919,-0.07640379915634796,0.9908499405497604,0.12585950536387316,0.9040308396021532,0.08859318352880938,0.6616652324086147,0.12214422438825889,0.9198316903341391,-0.07854548025698894,0.9868960636002684,0.1186127701685543,0.9176223050980347,0.08903945521229796,0.6316355608758477,0.11399202119736453,0.9364025394121812,-0.07940913736820226,0.9602997615223846,0.14749815634318772,0.9240261032467803,0.0738899775204205,0.7985263183003386,0.1461190687758583,0.9400096024785729,-0.0998506922097434,0.9835325962021244
97,1616.7,0.1655092579977854,0.5721118563697456,-0.0040839591473784504,0.9999456746237626,0.16290280293850684,0.5638807046981089,0.0019489060546870223,0.9999435515630821,0.1627685441857294,0.5637991371608919,0.0019416000009403534,0.9999456036658522,0.1625094356990997,0.5637627527827312,0.0019461136876738512,0.9999588302203595,0.16130852699279796,0.5642215921765286,-0.015471239086417937,0.9999445194289804,0.1600039956115542,0.5644991511390327,-0.01548240449102153,0.9999392940884553,0.1584625371864865,0.5648316088176912,-0.015481416136026395,0.9999445506504612,0.1552623552935465,0.5689637689363393,0.03439917761300294,0.9998876679511304,0.1514220308689845,0.5710856971286596,-0.04154040309644884,0.9999299702190225,0.16464248512472435,0.5814436787650703,0.009456697341409474,0.9999079051471899,0.16285747573489245,0.581712989580064,-0.012562605774118794,0.9999426376251954,0.15389111212321702,0.6198103285971146,0.08934407929579424,0.9996899394761956,0.1432590711684455,0.6225464656239468,-0.08078139807496759,0.9999546834400729,0.16697844862937938,0.6610265629632137,0.05824167405565584,0.2357554130610967,0.15838674917107548,0.6841349913960417,-0.055771649416003946,0.9902378405843469,0.1832000279710408,0.6291879330362597,-0.030050873224224388,0.4687132054851172,0.1812463707867124,0.636256303106036,0.04273046074169026,0.9748632198288334,0.1908479077475413,0.6120665328843258,-0.04114301076957161,0.4934852946372263,0.1866880023763295,0.6247026409421652,0.04502997121640617,0.9613876967203057,0.1869561416762217,0.6074900002706622,-0.03657127136275884,0.49759928243500884,0.18227152100631183,0.6191696524620061,0.040557290116945935,0.957222413449061,0.18357163880552577,0.6134843372163323,-0.03384001535319149,0.48862525678816326,0.17960756946177722,0.6240033109982813,0.04467359841579486,0.9359308509599602,0.1306906094153723,0.7339600267864415,0.056737314554907076,0.9991735475403929,0.1265289733807247,0.7372365622293386,-0.056691676555644936,0.9996330738067635,0.1512729475895565,0.8175655716941477,0.06910412545715064,0.3954994862987884,0.15416830494290318,0.821601155258361,-0.07490366342521854,0.9907295164607828,0.12593565384546926,0.9050640179997406,0.0947333929084597,0.6620831376030336,0.12226450549704697,0.9195923067274554,-0.07531973045496719,0.9868759598050806,0.11858090545449945,0.9192415333929522,0.09538296929427562,0.6326614873749874,0.11402366629668653,0.9363597205707013,-0.07604856115011947,0.9596973317010069,0.1474535855508987,0.924618860085806,0.08090955338307795,0.800257631710598,0.14613788823286702,0.9401227718307865,-0.09716118552855091,0.9835281627518797
98,1633.3,0.16529056146031346,0.5705190840221591,-0.0030644413865437486,0.999947144871667,0.16266265298639038,0.5625252950759165,0.002985290404120906,0.9999456206957507,0.1624948119833357,0.5624222812198462,0.002977934740816378,0.9999472811108552,0.1621988451197035,0.5623769362767541,0.0029830356028729276,0.9999601500374937,0.16113709906737023,0.5628956783385508,-0.014471576726507583,0.9999466595195596,0.15986900670187826,0.5631512914385118,-0.014481651064540668,0.9999420018423179,0.15836257381098623,0.5634285268329443,-0.014481628535404103,0.9999470370156431,0.15484780640829188,0.5672944273267477,0.035610239420618355,0.9998931969915126,0.15140452626205636,0.5693167930557619,-0.04051723118339269,0.9999341709273208,0.1643865222022648,0.5797080113774258,0.010555070957967221,0.9999113962763838,0.1626627367167247,0.5801015922001435,-0.011517604591236238,0.999943327336085,0.15382843996797302,0.6175319211823604,0.0902191042190507,0.9996609290440884,0.1431280594496501,0.6203657502219795,-0.080092979328973,0.9999528186661863,0.16761487509523132,0.6576958043234693,0.05878707163390663,0.23800326458045434,0.16029383384046111,0.6766380866368618,-0.055974041067418635,0.990498718761263,0.1830072871276312,0.6229853119168967,-0.030639293736645177,0.45580902127992573,0.18118011312825352,0.6281106415249057,0.04081989434503376,0.9752382806369244,0.19010385799975638,0.6062291207767673,-0.04211412175070675,0.4788881511915301,0.186588166725068,0.6162651436669491,0.04262798492397584,0.9617036836487913,0.18556692770549243,0.6016465680939815,-0.037045738083266104,0.4821747385320213,0.1820679590815591,0.6107839289165682,0.03758112704824836,0.9575421866916483,0.18214461633137308,0.6074501701763703,-0.03473787932168872,0.4746088201091407,0.17955495062328533,0.6153655364399869,0.04240893501610986,0.9368757889384322,0.13187510697614588,0.7337071952365699,0.05710859011326522,0.9992172462599624,0.12769611534618205,0.7363799554961074,-0.05706317438965756,0.9996343198276709,0.15100925664107015,0.8180480514253895,0.06705496584375704,0.3867316813696001,0.15416710930211214,0.822064555826642,-0.0719720405482111,0.9902142144384846,0.1260832179160346,0.9058076058115285,0.09066397075851765,0.6582349198205135,0.1223705687693188,0.9193288996106108,-0.07033475098155799,0.9860622031348099,0.11857066835675929,0.9202870783351724,0.0911258950474717,0.6310968853178482,0.11408232791083209,0.9360900833493194,-0.07100158184766775,0.9578817429996679,0.1474114947375798,0.924987869603294,0.0762627864522594,0.7991729009719128,0.1462224807058063,0.9401856689226067,-0.09524613370498028,0.9827151241756629
99,1650.0,0.16474793070838578,0.5676199226152333,-0.0015643578233374739,0.9999466651961924,0.1620602962516604,0.5600004309699653,0.004537100045819815,0.9999458505993805,0.16186071009863,0.5599047286169874,0.00452970634796657,0.9999467418307357,0.16153252337660118,0.5598732630411788,0.004534430652191599,0.9999599655469266,0.16062178569180635,0.5603735560462593,-0.012734423835007926,0.9999473151706522,0.15940612696466003,0.560622992969695,-0.012744636718361159,0.9999431173006701,0.1579741793019432,0.5608913217272081,-0.012748211223099923,0.9999483454795117,0.15424176553885155,0.5646469791730249,0.037133791971774355,0.9998957940510349,0.1512034201905842,0.5665770002773833,-0.03815005630964327,0.9999370830399656,0.16387815631571281,0.5767121939432058,0.012021400566611981,0.9999124861898884,0.16220213259969452,0.5771617264974689,-0.009812432208231525,0.9999423083804909,0.15383506743680875,0.6142630208106272,0.09040670061395288,0.9996067626135697,0.14292587978499288,0.6168187856674199,-0.07814127774465657,0.9999497277396072,0.1684832423925401,0.6543075640996302,0.058740440401293025,0.2404034634431205,0.16242172036852168,0.6673379455293933,-0.05546590951936589,0.9907145670482098,0.18293538831529177,0.6158703452064882,-0.030532465804190886,0.44302336658750296,0.1810209304094316,0.6191934716133849,0.03962296797406109,0.9755711896078935,0.1894212826376871,0.5995017432031182,-0.042327716591812344,0.4641626264367788,0.18625365126700644,0.6072967137609213,0.041405623690003474,0.9619193701517021,0.1843533622367043,0.5955231416793101,-0.0367856456765107,0.4666649429571064,0.18180102038951157,0.6024876094999772,0.03572172352245878,0.9577485663550248,0.1809057827506748,0.601961107481094,-0.03432520124174302,0.4605513839494617,0.17956430997167327,0.6067393564042595,0.0408821020807539,0.9376641852515091,0.13361086731865301,0.7331302052452456,0.05716349769915858,0.9992466512180517,0.1287623338756108,0.7345140150615153,-0.057121897205000875,0.9996284132912052,0.150908900158746,0.8182082999320264,0.0628074780106545,0.37721866227331646,0.15374693771203368,0.8222189602397743,-0.06957420671270012,0.989133780910856,0.12625891963640856,0.9058694158281606,0.08386258390687767,0.6488890534355531,0.12246495627221617,0.9190703460148408,-0.06810874598366878,0.9844669444220414,0.11857748173532041,0.9201194785890132,0.08410814652840302,0.625326500052498,0.11423001402900342,0.935468563011715,-0.06912253193912057,0.9550957850047527,0.14731481742291236,0.9249334250177663,0.0686615682428792,0.7948305890673688,0.14654232206798745,0.9399604825746453,-0.09439211303279521,0.9811754680815205
100,1666.7,0.16388194333939338,0.5629706893648424,-0.0015535027902972495,0.999943293276288,0.16103482530230578,0.5559405400639492,0.004621577252345606,0.9999436338742582,0.16082468132178002,0.5559074878692631,0.004613810809262632,0.999943415323894,0.1604969593740646,0.555948756989979,0.004616944928697891,0.9999576466424132,0.15967273854074038,0.5563606421152755,-0.012325578369200238,0.9999457200368252,0.1585012943971726,0.5566869747071044,-0.012337640282653637,0.9999420160339,0.157147520354816,0.5570555584771297,-0.012349067167157227,0.99994787148067,0.15352162576857079,0.5609823295048308,0.03737954422831538,0.9998940882228677,0.15066311898685647,0.5629234200432192,-0.0363637267478875,0.9999383886655179,0.16319085018975404,0.5720556832495194,0.012072869798257245,0.9999101218723123,0.1615220450219655,0.5724958209764395,-0.009337010660341816,0.9999388427961448,0.1539186920438495,0.6106026115871614,0.08891090324946818,0.9995057270640426,0.14270407245272693,0.6124726647422432,-0.07679684602078943,0.999945521354676,0.16834728845528205,0.6514094159716657,0.0566104946746713,0.23923337317648405,0.16432271543003274,0.6580044825871789,-0.056215131389243306,0.990864106587002,0.18261066433929274,0.6087655283155899,-0.03239181646633718,0.42848704968180007,0.180722549557686,0.610130159627824,0.0368364543787071,0.9759261806805934,0.1888434560525986,0.5940166967255733,-0.044531615007491365,0.4478890895843509,0.18581965849513113,0.5978763869830545,0.038798158722264456,0.9620549991017303,0.18312014639377605,0.5904870459011627,-0.03839571765136154,0.4497589639254982,0.1812970638275148,0.5939218799273177,0.03243427723646167,0.9578678238959546,0.17973582233701446,0.5967526322319399,-0.0352786376717545,0.44516558874221107,0.1793154570318405,0.5982862058139987,0.0377650174001853,0.9382978223619014,0.1358326758657184,0.7318516174952194,0.056789622065566876,0.9992523250125711,0.12967564804213397,0.7315040826797491,-0.05675782777723816,0.9996165576435277,0.15076816862537756,0.8179052188282927,0.059076650511650855,0.36664231476329645,0.1532005256130583,0.8218114631516599,-0.06972595836435051,0.9872280898548315,0.12641744528497978,0.9056140468234115,0.07910829445435894,0.6337609404609321,0.12253442122822725,0.9188171738669992,-0.07188771097433005,0.981594778242566,0.11863773812850326,0.9195789865085064,0.07926664625604954,0.614130142189208,0.11441994600352795,0.9346762923967278,-0.07370358279773173,0.9504817894526897,0.1474061296099709,0.9245271228608637,0.06300939672759606,0.7866921197800415,0.14700442623524448,0.939654049419222,-0.10131567645640607,0.9786730437051689
101,1683.3,0.16276051884605783,0.5578688099270779,-0.0022239006024652314,0.9999383404141388,0.15968362845125664,0.5514574788865593,0.004231143467006321,0.9999400916553687,0.15946260804221754,0.5515028607277648,0.004225477455682789,0.9999386072158821,0.15914304199672893,0.5516200037229633,0.004227793392991384,0.9999540561721445,0.1584127595027289,0.551908476012094,-0.012565696972333614,0.9999429214568372,0.15728549517336357,0.5523207670166383,-0.012579366692253176,0.9999397737639298,0.15602802804538193,0.5528119688942323,-0.012597304641357852,0.9999464296159297,0.15262537556035188,0.5570770899454757,0.03809354259144695,0.9998900606518707,0.14982891082763683,0.5590762921742034,-0.03494025376581013,0.9999390812147239,0.1623422553141913,0.5668625207174396,0.011746349301011798,0.9999067215692437,0.16068945612226226,0.5672375928787963,-0.00947863890212917,0.9999349117279059,0.15403709879943314,0.6068343860762464,0.08765729765097306,0.99939098812285,0.1425157345476606,0.6079132585298452,-0.07599107424418136,0.9999415022986283,0.16978775319598982,0.646956616923923,0.053267172404698,0.23927217934812833,0.16623046923251392,0.6495307286580408,-0.05775109784943721,0.9910256351743433,0.18253161864621312,0.6010515604700365,-0.03770486371857782,0.41547966003418,0.18052792336259582,0.6016578844615396,0.03541152090543795,0.9763713251976747,0.18869954844315862,0.5872306568281995,-0.051130136208874875,0.432550234454019,0.18551593522230797,0.5893340848741082,0.037332260892504764,0.962200357800439,0.18225360413392397,0.584526149999528,-0.04331692609758607,0.433915326992671,0.18069264150801173,0.5861461559931441,0.02963298293096681,0.9580116726103289,0.17913489469460092,0.5899633623304825,-0.038573775972638835,0.43119745453198777,0.1789381787890481,0.5906996074176973,0.035746731396232356,0.9389708042144782,0.1381765745934987,0.7296354940959391,0.05646250414706416,0.9992432764598309,0.13085462223915836,0.7275009439105085,-0.05644524718324347,0.9995970158349907,0.15051833433764333,0.8175126427695871,0.055745029910689345,0.3524701141175772,0.15248683520725806,0.8212182039306283,-0.06823992693708061,0.9840356310208647,0.12644818496136445,0.9055620431900031,0.07486832514405256,0.6113295640264244,0.12255510829743893,0.9186459694589895,-0.07081921221244908,0.9772340683710015,0.11864784963074194,0.9196589021455681,0.07491400341192887,0.5966740591185438,0.11468492661203665,0.9339679876963304,-0.07300806719632381,0.9438135992913026,0.14761785382316236,0.9243099916548962,0.05729034401121598,0.7733895778656011,0.1474886465640296,0.9392846765972325,-0.10334541435752603,0.9746664705730627
102,1700.0,0.16163433946314323,0.5531567675726758,0.0021718644392898414,0.9999325757934941,0.1583067448366257,0.5472332977113273,0.009154971348055246,0.9999362797964194,0.15806421708493018,0.547302691709428,0.009151715466508737,0.9999330497923359,0.15774612909271615,0.547426181180137,0.009154260125277305,0.9999503266243714,0.1571591113294875,0.5477332018670586,-0.007761909717893499,0.9999396290097925,0.1560845644701096,0.5481979279291067,-0.007777771455169261,0.9999370234353209,0.1549306604124252,0.5487699764115475,-0.007801586321355514,0.999944916793279,0.1516618168070204,0.5531730737004965,0.044706499292737,0.9998865184329813,0.1489545206228893,0.5552743957156231,-0.02884772074009693,0.9999396715845388,0.16150159637133293,0.5618969457490108,0.01669772492632981,0.9999030402728497,0.15991351221288963,0.5622446735699975,-0.004694918979934996,0.9999296466509509,0.15421209306943995,0.6035176912943526,0.0914933954675993,0.9992602722985411,0.14244294379438682,0.6037256036485948,-0.07231396365733378,0.9999342844599777,0.17163821203368063,0.638975790568761,0.052556877689702214,0.2440440896011536,0.1679274035351618,0.6415043132645748,-0.05695941228242152,0.9911559678259357,0.18246015764418116,0.5906030365398957,-0.039269745882068385,0.40714593728383414,0.18036542690935603,0.5926170178822112,0.034815372012200835,0.9770632556506572,0.18858329242184063,0.5779763942673097,-0.0527925187987941,0.42033056560016846,0.1849854368539085,0.5800749460856124,0.03619932968701638,0.9626695911089587,0.18152360689072394,0.575558185577393,-0.04628448099607516,0.4210673698357177,0.17979964542956592,0.5778111730303087,0.028975948247881182,0.9584779058183949,0.17873242142654613,0.5810873253004896,-0.04127831455497517,0.4203665355841322,0.17825544873873406,0.5823764488810589,0.03529861152526881,0.9400734276998618,0.13982708397365762,0.7261565185728532,0.055977898871614855,0.9992334729149236,0.13198751849787588,0.7229267670994719,-0.05597248318649478,0.9995669694173912,0.1501613287698656,0.8170678502037417,0.049434285788309044,0.3370003217742559,0.15165230277038766,0.8201622083073576,-0.06436012011198775,0.9794579829488488,0.12625988182567424,0.9060132162911558,0.06425357060063458,0.5853256725129631,0.1225431121530988,0.9185068777629315,-0.06489289073007451,0.9709666740326662,0.11852959969214039,0.9204549278531763,0.06382795724840395,0.5767753010704408,0.11497109951007942,0.9335717303412308,-0.06707780382462916,0.9347569459960581,0.14783269663651794,0.9243308589572006,0.04350077405217151,0.7569932994388404,0.14784790930293867,0.9387895322981342,-0.10080476850271233,0.9687559065364664
103,1716.7,0.16079353221825204,0.5490263899167382,0.0035144445871646054,0.9999278698648733,0.1572945174716769,0.543361848308927,0.0108974546282774,0.9999327801522762,0.1570343871911368,0.5434356927871709,0.010896733274594669,0.9999281026068195,0.1567196846008302,0.5435356157166621,0.010900289906809735,0.9999464693523596,0.1562686661879223,0.5438777889524191,-0.006157757165575671,0.9999364245505569,0.15524797141551983,0.5443579072044014,-0.006176077999130251,0.999934721560706,0.15417685749984933,0.544929697400048,-0.006200805955034286,0.9999434749285387,0.15096194900217522,0.5492931746301201,0.048127205244132484,0.999882048084623,0.1483147790034613,0.5514429410298669,-0.026118801818007534,0.9999405401093626,0.1608667153687705,0.5574746160280141,0.01865224105616412,0.9999016523361213,0.15935669981298003,0.5578815426145285,-0.002976754325486367,0.9999261271385926,0.154195839450473,0.5999180958384563,0.0942223841945331,0.9991585555530738,0.1424666132245746,0.5992835447901775,-0.06993337578716737,0.9999278925714046,0.174128090341886,0.6301456320853465,0.04934209496492435,0.25167750815550505,0.16969675535247453,0.6338001120658152,-0.056602364139897526,0.9912098362332306,0.18229022338276832,0.5812606896672934,-0.04673599859788308,0.3979768185388477,0.18004174317632415,0.5844120298113147,0.035188895517161936,0.9775023602304012,0.1879403399569649,0.5676752272106357,-0.06091384873503735,0.40628328351747456,0.18428810366562448,0.5710725386937463,0.036237396033746885,0.9626029360862012,0.18045294497694303,0.5659532149632776,-0.053461210003921004,0.4064816321645467,0.1787897504511335,0.5695764848164153,0.029069696774794963,0.958347087814695,0.1780006324961073,0.5725244766189943,-0.04912086008560093,0.4079690972963972,0.17740174986067286,0.5748646940503805,0.035788324883296405,0.9404159585634874,0.14109798343408686,0.7221948476064779,0.05565255632003152,0.9992141893931805,0.13343152119999852,0.7188138252212892,-0.05566416538897019,0.9995256208238155,0.14949881391865877,0.8161137898763027,0.048182570331153446,0.3231146647816615,0.15041705114500875,0.8187755686896194,-0.060291512913647205,0.9741127746445799,0.12601758610634586,0.9058291032200776,0.06510510313368983,0.5615405326797853,0.12249915017968141,0.9181722714787446,-0.058375877816052704,0.965034635294052,0.11842714675835209,0.9210533187502914,0.06482851150489993,0.560597019536155,0.11527020874477577,0.9331830002012713,-0.06035097014336364,0.9266890202249806,0.14793328727994656,0.9238525174912959,0.04344900555553893,0.7412587461017432,0.14797481965451026,0.938349088033041,-0.09708384247053245,0.962844712393625
104,1733.3,0.16034483412901573,0.5451593484197348,0.0033636029804169805,0.9999217731612076,0.1568076348020918,0.5396644246010557,0.011111384235499878,0.9999273305847538,0.1565208307334356,0.5397160592533297,0.011110366898633192,0.9999194031669987,0.15619502464930227,0.5397643815903441,0.011113339137019864,0.999939782278879,0.15588411050183443,0.5401413185255872,-0.006073340809615776,0.9999317839032136,0.1549043669587091,0.5405633137339642,-0.006089988117483227,0.9999313411258524,0.15387975956712463,0.5410329784665793,-0.006110719662891439,0.9999412809099477,0.15048955309958695,0.5453206414268135,0.049903810911235386,0.999873169830868,0.1479414509875435,0.5474321757044115,-0.025219538825608453,0.999940889222282,0.16050300214971824,0.553428343364171,0.01897646406931538,0.9998978631837034,0.15906549848261345,0.5538902084032699,-0.0028747189900882207,0.9999189689045868,0.15408858231135789,0.5953208236467276,0.09622871911241901,0.998968524592264,0.14242682215713331,0.5951765066101442,-0.06833847647621523,0.9999178193864376,0.17632853062379938,0.6179622780709044,0.050371509045362514,0.26141367923645764,0.17157381063415905,0.6251555993443448,-0.06260945718912855,0.9912651578585314,0.18187424114772266,0.568927972089677,-0.042681502621798324,0.3891259715670634,0.17973171032610405,0.5744861591429942,0.02548072974951496,0.9778185089429228,0.18635940196968276,0.5531600997561503,-0.05631108936809362,0.3916336567628954,0.183601383652006,0.5601820690291273,0.025373535142058437,0.9622336569286535,0.17918696006139134,0.5519217139198671,-0.04762250397886553,0.39124937994139564,0.17788836430935645,0.5587578188805358,0.01851636712395011,0.9578803891227365,0.1771037784360705,0.5596472138450264,-0.044833614890064544,0.39474232991536484,0.17665065186364323,0.5641419177963625,0.026056648808575833,0.9402278746877405,0.14207501638503311,0.7180668030466357,0.0554620091404234,0.9991789971079151,0.13459112246831267,0.715173014572689,-0.05548892791072532,0.9994671174458103,0.1486537570045109,0.8142919625554772,0.04599181154654143,0.31004691407794066,0.14883542344683703,0.81673565648851,-0.05657782671707021,0.9679713958785654,0.12596239859149577,0.9049593494051985,0.06411332991861166,0.5381697345347636,0.12248875129790543,0.9172345172791261,-0.052481840408983724,0.9591310790606915,0.11859886064415895,0.9208434678259356,0.0638898046953338,0.545742267654056,0.11552903801202782,0.9320475629397809,-0.05413768422745527,0.9187389555431554,0.1480948804389864,0.9226391826357166,0.04084883976195543,0.7250732325372247,0.14796510054951634,0.937994281450908,-0.09361663851000021,0.9567381086803625
105,1750.0,0.1601920894214086,0.5414612378392905,0.0008486366173851176,0.9999187900906524,0.15680209582760232,0.5359895797002887,0.00870043589245706,0.999923180966151,0.15650761340345665,0.536050705682664,0.008698284936447944,0.9999120803106406,0.15617969561190842,0.5360835251354039,0.008698806077951482,0.9999330185708553,0.1559081914879028,0.5363017008418132,-0.008435813693462744,0.9999276967275718,0.1549373602583296,0.5366308774266928,-0.008452121805887499,0.9999295671780912,0.1539134305147899,0.5369858713377094,-0.00846970966640151,0.9999400008292433,0.15032476754415613,0.54140355473473,0.04824737104631609,0.999867947328659,0.14782410505272103,0.5432835732187548,-0.027156838526328424,0.9999424304280969,0.16029463069779543,0.5497507169133145,0.016678345966197206,0.999898606822605,0.1588782114642008,0.5501483820733574,-0.005156522838487516,0.9999155657632017,0.1537793080012005,0.5903012014570694,0.0966789786304747,0.9986369922047577,0.14234783464954023,0.5911475760596143,-0.06835177150510612,0.9999085352534347,0.17814440031846376,0.6064735196885613,0.0646849359784808,0.2687369159289771,0.17371603278886716,0.6155480487006055,-0.07199031558065193,0.9913100089345666,0.18112039778913783,0.5556391676266992,-0.005066081526733586,0.3771759072939558,0.17961581477097116,0.563658626306625,0.01310223580471108,0.9778744209380383,0.18389503657817854,0.5377609900065834,-0.01481712183782034,0.37416432159287616,0.18295869089308253,0.5489541348956883,0.012226034665391568,0.9614467478933795,0.17816819108667842,0.5373110827945531,-0.0058494463917754995,0.37325746388662456,0.17726373885359095,0.5475552394276577,0.005669710714192622,0.9569691504750941,0.17608255928470987,0.546029349168142,-0.0064579620957374625,0.37834389011065195,0.17613747006370922,0.5528939281191149,0.013580829082500377,0.9394155229840966,0.14292710097063166,0.7144748369852707,0.05532149331910274,0.9991142664636892,0.13559416149343773,0.7122572092782888,-0.05535634039413365,0.9993971018564141,0.14775789209774573,0.8120050657363171,0.046331058832861156,0.2996111767632623,0.14701317747433992,0.8147604068120327,-0.05442130955911822,0.9612067313421346,0.12611058141504025,0.9033174514770514,0.06699909606859802,0.5178685103143967,0.12252082391863786,0.9158446391423549,-0.048302173082317656,0.9539951795623423,0.11892592942430869,0.9196093139194313,0.06695061602762772,0.53289122240884,0.11574947088956841,0.9302236125582746,-0.049723572496856994,0.911834929670607,0.14825272631077552,0.9211487855230065,0.04239836335182193,0.7108019249779842,0.14795406872317915,0.9376723113514134,-0.09071444826466704,0.9513186329887033
106,1766.7,0.16027217322871812,0.5370283694494342,-0.0027860586193301515,0.9998976446333393,0.15705800269331263,0.5315304370153522,0.0050290802360645395,0.9999006248655782,0.15677650059972503,0.5316251175744197,0.0050230393230560316,0.9998726050059008,0.1564645568529766,0.5316998532840188,0.00502038455479557,0.999906451929184,0.1561356953212194,0.5317542638097494,-0.012341622465534056,0.9999114189829154,0.15514412451358078,0.532068008468265,-0.012358761977382192,0.9999147312981749,0.15407976791972217,0.5324127134822667,-0.012379537561043576,0.9999311566352851,0.15041749463194903,0.5370841962950574,0.04442958835335008,0.999837225391752,0.1478311951671329,0.538840770721436,-0.03199749714916663,0.9999358341807418,0.16027306446007333,0.5455393450600764,0.013060471530826328,0.9998663805779964,0.15883573960690284,0.5459607669285369,-0.009147291193671886,0.9998785058657336,0.1532877775884811,0.5842896444456922,0.09557876061825532,0.9980975531396419,0.142812232886042,0.5869526749565492,-0.07155266900857295,0.9998774074372798,0.17918579989955552,0.5896765532947725,0.08601440542510584,0.26987979383695715,0.17595101963906074,0.6044065214338761,-0.08427928618731959,0.9912307290803826,0.18058183860211158,0.539343464942206,0.04352527608474099,0.3632569752988364,0.18012711973417384,0.5514415928295684,-0.004790020574416436,0.9777558900061114,0.18126220646358684,0.5220312618073967,0.038137601422412085,0.3559469211669198,0.18272526278382267,0.5368129355566846,-0.0074370946912538476,0.9605455228260592,0.1771147492386047,0.5210472104095281,0.04536890451397218,0.35483017847651555,0.17692666749159508,0.5353366164934071,-0.013532181580861419,0.9559633419627243,0.17536704809892759,0.5291631306920737,0.042434072565464775,0.3613110851673855,0.17597326565356494,0.540083956150782,-0.004573338177232518,0.9383573787552976,0.14365898569424956,0.7107247398013166,0.055158107763245035,0.9990103074482517,0.13663255600702207,0.7093950112660732,-0.055194273236252055,0.9993049190157943,0.14695731869765702,0.8086872242745905,0.05123029915349828,0.29222736330259436,0.14538677817299261,0.8120803009896057,-0.05477765042866983,0.9536912043889371,0.12646955393609555,0.9012871611685986,0.0773324838706426,0.5002724826335911,0.12277611416010639,0.914197952974411,-0.04758910586436593,0.9497655204364238,0.11950009564558674,0.9171340607461482,0.07774000508444655,0.5220815965107513,0.11608469876505088,0.9279328925268997,-0.04909645233835497,0.9066470180239004,0.14836331137589057,0.9196118229911447,0.05221242005271575,0.6982545824277974,0.1478859576440994,0.9375822175116773,-0.09218398020381026,0.9469296194258198
107,1783.3,0.16048053758484987,0.5333930026917235,-0.0025059390283699743,0.9998323236192983,0.1574172249862127,0.5276030841327852,0.005046338242079534,0.9998319716680625,0.15714448122751157,0.5277135485694526,0.005039570054837639,0.9997566711334963,0.15683858025641678,0.5277988201095949,0.005036626365922749,0.9998349405470356,0.1564485828081768,0.5277237154188614,-0.012526702019386004,0.9998671894981754,0.15542489786942812,0.5279837250709537,-0.012546508290272748,0.9998697723661157,0.1543167070263909,0.5282724840300428,-0.012572109616095475,0.9999045672870824,0.15057330472128744,0.5331268849826998,0.04349690977306596,0.9997351283118846,0.1479207632087527,0.5346405960264664,-0.03486852720379832,0.9999130822363362,0.16033699611822777,0.5420883354686559,0.013068198714227913,0.9997659722963976,0.15885622941312347,0.5425034023466568,-0.00957520657573783,0.9997787731034422,0.15278848934741257,0.5787040960221068,0.09667093803485241,0.9973973518326176,0.14377541201455263,0.5822836245809286,-0.07342779991172614,0.9998217054775791,0.17960022531804598,0.5738880776223686,0.11149443455395253,0.26482550728888754,0.17819264602093482,0.592061539491018,-0.09229229497058059,0.9910361795198357,0.18085993755431418,0.525004639512017,0.08840419653625722,0.34703659443628243,0.18145245597476062,0.538138466221946,-0.01737357933251632,0.9775634606679288,0.17966303513163623,0.5089302815142136,0.08549564988130622,0.33707380578631474,0.18322959329400756,0.5251346358231139,-0.022050260610523693,0.95979715812774,0.17648271861530498,0.5079644379161656,0.09039065330511055,0.3361222985244935,0.17734293923491534,0.5232853761741096,-0.02796311126578424,0.955113087381636,0.17551378763857356,0.5146790572575164,0.0873790716841108,0.3441908487251829,0.17660735973290048,0.5267476964564555,-0.01755180954933168,0.9372409610521233,0.14458116463252485,0.7066115793727699,0.05524193690646266,0.9988834630875367,0.13770185836723883,0.705808335826511,-0.055271949086870505,0.9991936570122135,0.14637261416230893,0.8050111219996503,0.055194303748153546,0.2864386510281338,0.14392305697713592,0.8089211214156384,-0.05511309277443663,0.9450930527278363,0.12704632750579298,0.8992030393509644,0.08304630219936376,0.48481634401139795,0.12331070573556999,0.9117975007920045,-0.044302666648512824,0.9464482154165001,0.12021703450452723,0.9139079536710474,0.08356255647682015,0.5143396826017474,0.1167206789056461,0.9247728728112727,-0.04556527520929067,0.903753680842264,0.14843861403919412,0.9188617411113927,0.05779181172450387,0.6868653609639126,0.14777761201063805,0.9375751160439998,-0.09051502176693516,0.9433208987826399
108,1800.0,0.16060012082258873,0.5302736815952123,0.0036233021750203586,0.9997447984559202,0.15754782940660217,0.5241659198488512,0.01150289171242289,0.9997372939473114,0.1572778643596741,0.5242428921517877,0.011489925529098236,0.9995989118303579,0.15697598457336437,0.5242922334443959,0.011480754341131882,0.9997399364198964,0.1565666354837873,0.5242778573717394,-0.00796286830501188,0.9998082546960747,0.15553111689431337,0.5244966830526083,-0.007975964385661347,0.999808487438021,0.1544008262100675,0.5247506470907306,-0.008018759301020991,0.9998682283219844,0.15059156432038273,0.5297203234263833,0.049329088734728986,0.9995938880102982,0.147958251692,0.5311689660662701,-0.03523646543423337,0.9998805579685036,0.1604102793194,0.5390032104083473,0.019339504784771387,0.9996198955036352,0.15892517069975548,0.5394725913093208,-0.005716428315887853,0.9996370077133186,0.15241973953587679,0.57353611219497,0.10131785876694187,0.9966920812924711,0.14540390102636258,0.5773254973547803,-0.07678048844848365,0.9997469442231322,0.17946966347240279,0.5549566348393762,0.13121149156774803,0.25855315441177024,0.18001406533377523,0.5776521705445794,-0.10485027836901809,0.990828508422489,0.1819164376883281,0.5088398442381907,0.11689643437663723,0.33683742228008473,0.1837356636921566,0.5231762840634304,-0.05013027201805799,0.9777193211373836,0.18042664797533137,0.4949189282598953,0.11521149870185633,0.32579977171761676,0.18513314213071563,0.5101023642789754,-0.06001466938427521,0.959929253373828,0.17798234238511051,0.4937383802164172,0.1135276967570896,0.3253177901109062,0.17963207477615006,0.5090421026661286,-0.06308097738240451,0.955184493746077,0.17798618333680302,0.49917440896942533,0.11351641356235467,0.3351901883170721,0.17921020516327463,0.5120283351058055,-0.050041379850535195,0.9370728049959461,0.14524601045108987,0.7020469534964794,0.055731161541882054,0.9987708273388097,0.1386762247199105,0.7012764669599992,-0.05575287980692731,0.9990686376889555,0.14594578246275594,0.8019616234870189,0.0562559052237443,0.28151727858043873,0.1428608220247996,0.8056592543919887,-0.053268550052529326,0.9365377965427587,0.12771455021131617,0.8973565669286826,0.08504252206711549,0.46971686539195867,0.12416553816625059,0.9090406185104739,-0.035597242459300044,0.9433262972604668,0.12102254976828902,0.910782660756793,0.0856351330876351,0.5096191536812559,0.11763671111492892,0.9212881014460615,-0.036217598732383505,0.9023878631137673,0.14817377712045407,0.9189918495359881,0.0575614129858358,0.6738772449039283,0.14772824872107743,0.9373245977220088,-0.0828966932992141,0.9394718578883586
109,1816.7,0.1606677430016655,0.5277757587886995,0.006391199560658568,0.9996527263096407,0.1575273232800621,0.5215417288598564,0.014438648774687743,0.9996304284958619,0.15724563243843273,0.5215700240362262,0.014417102383006197,0.9994261094502047,0.15693259239196788,0.5215586679322383,0.014400683698200056,0.9996379642259514,0.15660079320271822,0.5217355262665525,-0.00740308127188612,0.9997441314515622,0.15557629508631582,0.5219523168745499,-0.007401097466104801,0.9997375210126248,0.1544355033409029,0.5221880759511679,-0.0074575721907119,0.9998230962526238,0.15052428202969698,0.5270102194377357,0.05128717697447258,0.999420793283554,0.14797073105971031,0.5284459562528705,-0.04094204324341959,0.999835221540361,0.16047720753011263,0.5361788585072476,0.022395338663565276,0.9994407977376673,0.15899401903152477,0.5368535405113588,-0.00576147176547065,0.9994641939798998,0.15155539200419482,0.5683848829496478,0.1028011647008715,0.9961960911750801,0.14767395243758258,0.571247586182186,-0.08512291454133539,0.9996527546928049,0.1789663923638209,0.538883691742307,0.1359836288860867,0.253512440692811,0.18188792538075232,0.5618817494029095,-0.11937625635237929,0.9907044257436488,0.1843372853029343,0.4955846255733857,0.11265999539977037,0.33767633636792527,0.1872736577476775,0.5085348983605706,-0.08651656994507433,0.9781870018868226,0.18387368747166238,0.4815509503795991,0.10956556420950671,0.32748471697171555,0.18925679652463837,0.49419880055245935,-0.10189953508476424,0.9607548060871313,0.18195916215578728,0.4802007689362484,0.10315315283480153,0.32783070348557997,0.18458946758792527,0.49377460139138396,-0.10191154187279096,0.9559996638979238,0.1824851419244495,0.48557429228510207,0.10703254420132871,0.33945115549223787,0.18421514190378657,0.4971160675798147,-0.08600914522650702,0.9377661886669347,0.14530761185146523,0.6975720638320564,0.057085680997087884,0.9986762915338796,0.1401641844283968,0.6969038304828468,-0.05711410797777634,0.998906504540217,0.14538982865356276,0.799550076325735,0.061225844635849944,0.27754133372079776,0.14208563310759417,0.8031896892048069,-0.050708255774918096,0.9296614641234995,0.12833267024585188,0.8951659997304287,0.09561872411341901,0.45564730678285903,0.12529392966202335,0.9063428668748771,-0.025759300106160718,0.9418430299985984,0.12168511748313912,0.9076884332157323,0.09680530748197017,0.5093354611169728,0.11878315146480296,0.9179327573095056,-0.02559633488722502,0.9043937325477607,0.14763519238858008,0.9192388313157225,0.06801159910502894,0.6599430158024747,0.14770130600248074,0.9369978677658815,-0.07287055945822177,0.9366255090350203
110,1833.3,0.16067193519501471,0.5247002868425282,-0.0001043574274739343,0.9995566521372121,0.1574485032331377,0.5187179190771924,0.007722876921650914,0.9995074243772605,0.15714931771868762,0.5187080218678433,0.007694025346565821,0.9992340604464219,0.1568154735224589,0.5186673147337781,0.007673878045309164,0.9995228648185737,0.15654630817118156,0.5191403939610439,-0.015318863692560377,0.9996708347683868,0.15555682565484738,0.5194601813952132,-0.015305229085719314,0.9996469673656289,0.15444370536577146,0.5198062885375254,-0.015365797050652061,0.9997568471091142,0.1503730316956839,0.524441968827021,0.04434446178908862,0.999211217675891,0.14801228046417247,0.5261382148379375,-0.05493648314759848,0.9997630176090067,0.16053807025864023,0.5326608163969861,0.01629678328477202,0.999253846350171,0.1591427886769886,0.5337560886428474,-0.01344465763707247,0.9992799475079499,0.15048977661700486,0.5617250544684278,0.09650311548085447,0.9959461234864742,0.15056354304154726,0.56445039170129,-0.10083741091546565,0.9995565300896061,0.1775109079622088,0.5214432846932189,0.1281713169245494,0.2506901976608097,0.18366269128663215,0.5441433815729054,-0.1426127198196594,0.9908772309621182,0.18656537717296978,0.47779783748445087,0.09173973082076942,0.35425018412726295,0.19205160509972358,0.4918783832164041,-0.1319788401680334,0.9793006295249582,0.18795252768766327,0.4629276792208357,0.08646928057784133,0.3468381294182371,0.19471121543929704,0.4752211968104048,-0.15316798431532735,0.9627786534173155,0.18625838061173772,0.4615048993201486,0.0759674248596033,0.34805323964073565,0.19087588999952604,0.4753607468945643,-0.15073847823909362,0.9581715209143509,0.18684984672637228,0.46718926231066416,0.08411032032398957,0.3608980334940413,0.19037379253478293,0.4788541325501037,-0.13129783226620595,0.9402435052962537,0.14485742861316328,0.6931953401792622,0.05909590298930808,0.9986181940351222,0.1417440843014491,0.6930624502045772,-0.05914261404957094,0.9987287492979149,0.1448111016125907,0.7966909181504029,0.0711201086995148,0.2761413086028328,0.141623922047161,0.8009601292156043,-0.046484956961302566,0.9258282780647284,0.12900194454760788,0.8930633295150037,0.11378329069841484,0.44291787204288335,0.1265954417841776,0.9039924116361715,-0.012512370744454018,0.9417297556286773,0.12243795998039708,0.9045085083870668,0.11596965896231795,0.5114970718111315,0.12003888686498015,0.9150175849596667,-0.011427734357615321,0.9080722842897694,0.1471930089451019,0.9191693322999144,0.08751682351742479,0.6462142382349292,0.14773765419210716,0.9364744112605147,-0.06032799184322361,0.9348791014580506
111,1850.0,0.1606551699695134,0.5211036432357066,-0.011096186547850578,0.999472794078646,0.15735714208512092,0.5156545184907463,-0.003755789094914996,0.9993897903533215,0.15705596123422905,0.5156710999352595,-0.0037854393234565175,0.9990539465631765,0.15671879265989586,0.5156647108850029,-0.0038028615526855027,0.99941544021879,0.1564902187812897,0.5162407500403272,-0.02777087252720128,0.9996013612974265,0.15556124704224733,0.5166897262845724,-0.027737124590203183,0.9995530872117913,0.15451880437987203,0.5171711189406263,-0.02779303626379089,0.999682389554524,0.1502334149110886,0.5218213115419664,0.031838493687765965,0.9989978302092786,0.14825561074983518,0.5236549434207739,-0.06805505000409631,0.9996689728328166,0.16065528634048654,0.5290366382825946,0.005390733095174216,0.9990947473616834,0.15944164636589242,0.5302386709621978,-0.025789491710297426,0.9991172353426623,0.14938743838242133,0.5558432113556638,0.08597099035978323,0.995864113171896,0.15316301513285874,0.5574795433453155,-0.1145930935939154,0.999478615465619,0.17626697676522404,0.5094556013743086,0.1229102796032316,0.2505203272615162,0.18457136338665386,0.5269250685260414,-0.16290579842669634,0.9913449173881901,0.18774989105406276,0.46110107501347897,0.08239250523703445,0.38051211975869703,0.19675133980455867,0.4749423237073993,-0.16738900790611916,0.9808059221222294,0.19145076402596078,0.444955708015533,0.07663133811383026,0.37662609985896545,0.2002840581394379,0.45705071801231056,-0.1918500615727335,0.9654409658341188,0.19008900012288787,0.4440977757885346,0.06338991366681604,0.3785173736867453,0.1972316546099528,0.4572528231711618,-0.18742128745431005,0.9610784422783631,0.18965505134491706,0.44979158327693064,0.07364774672758016,0.39196396441686754,0.19621290053640106,0.46077941429047387,-0.16629241761707136,0.9438755228405915,0.14432807337670112,0.6895275910695399,0.061010639050177215,0.9985792722020836,0.14341629970641373,0.6899446305774513,-0.061073283886625696,0.9985639538083766,0.14432956633113692,0.7937694986661281,0.08002892846152901,0.2753419237477441,0.14145015889690046,0.7987470598447897,-0.04309111869051346,0.9241849638166889,0.12962435398783012,0.8912692722820107,0.1327230291707176,0.4310555855433149,0.12777808450517208,0.9021829281534474,-0.0062511828284533295,0.9421490998495199,0.12313262408687964,0.9023052340462101,0.13573042835508084,0.5135324994723005,0.12118441540570495,0.9129410017104382,-0.004846504645510802,0.912018809999739,0.14684751558871506,0.9191206125986014,0.10319124800818316,0.6321075501896091,0.14774805946009512,0.935997747239613,-0.05381165462590403,0.9335336827096491
112,1866.7,0.16069178921835775,0.5170458867436367,-0.020653608632052244,0.9994025854837334,0.15735106879756577,0.5120291340918771,-0.013811216589861692,0.9992907955532989,0.15705523817312161,0.5121149818102522,-0.01383295966800126,0.9989021023114529,0.15671847405887798,0.5121857637450813,-0.013838831767705943,0.9993261297543851,0.1565114749329432,0.5126386313211354,-0.03861396988144236,0.9995427160036003,0.15564251939455678,0.513147904759362,-0.038556522844980186,0.99946795758747,0.15467791188330887,0.5137005817322507,-0.03859921132347416,0.9996131800469905,0.15021422079631272,0.5188620431082593,0.019869127399509877,0.9988149035544629,0.14864501215162743,0.5205716519128712,-0.07575487895380889,0.9995707159950628,0.16082763104211728,0.5253498951594039,-0.004520049838382488,0.9989740025429505,0.159818823848452,0.5262957811355594,-0.037491357641383324,0.9989877683775773,0.14853249632176907,0.5506132500512263,0.07513515438352317,0.9958175363994787,0.15500536986759744,0.5505897629828684,-0.12247152910346085,0.9994163257735122,0.17546512399400996,0.49863869235629166,0.12033817172050484,0.2522363889785042,0.18430004162447805,0.5110671676340561,-0.1759900252024334,0.9919541903904513,0.18809431365558094,0.4470117659795855,0.07551466283344092,0.4103790379705886,0.20042953037080324,0.4596838127999082,-0.1884410828351976,0.9824411783899587,0.19235210333551694,0.42967410030819153,0.06952420515673506,0.4097430564108352,0.20469609825384066,0.4436065398511435,-0.21414454281330123,0.9683069671903345,0.19065014095533475,0.4281891995952246,0.05437427972044267,0.41215067534219685,0.20189744517916738,0.4426497192609881,-0.2080744951963426,0.9642280851091664,0.19052397069476912,0.4345681213197257,0.0660098085091228,0.425781770831063,0.2004938437825159,0.44582291302226873,-0.1867062825532188,0.9479997470265349,0.14371988957836526,0.6867609676860633,0.06221195576446401,0.9985535258338571,0.14492366995130276,0.6876696518489298,-0.062280637167748995,0.9984383469536198,0.14400785238969904,0.7906317313512172,0.08624175581194111,0.27494461621556987,0.1414475462266378,0.7961373981975379,-0.0421717910184747,0.9241366499946237,0.1302335418405988,0.8901121133849741,0.14536374878315708,0.42156449953715036,0.1289806238242559,0.901150734651657,-0.006601503362790464,0.9431416420709526,0.12387579679489145,0.9010409741174614,0.14856509367624932,0.5172159047353839,0.12243913823650006,0.9118459792364217,-0.005375397036827749,0.9165519050189435,0.1467993294908888,0.9188656466347838,0.1143455792750632,0.619409683204833,0.14797097444534313,0.9354535369645989,-0.05444510777791345,0.9328063527743028
113,1883.3,0.16081251274971747,0.5136231609753203,-0.022774722427129763,0.9993355927013223,0.15749058056445359,0.5087535948980426,-0.016376935549834312,0.9992050727208462,0.15719829428763626,0.5089459873381119,-0.016383505941900835,0.9987671772638964,0.15685606854302553,0.509087735698337,-0.016371830438618517,0.999248975799198,0.15664924894060417,0.5091852659270881,-0.040964514904079014,0.9994910018784666,0.155813189489501,0.5096695167677747,-0.04089187724249707,0.9993943458511723,0.15490053452196584,0.5101677264486044,-0.04091654185737885,0.999555565062024,0.1503612690028691,0.5160947129839946,0.015079706375088021,0.9986627556028826,0.14905773032279251,0.5173321366310124,-0.07399993478542288,0.9994841728891652,0.16102740097613572,0.5226352328345892,-0.007505829154979443,0.9988851320175904,0.16013605466910785,0.5230399313427156,-0.04136251498545922,0.9988912343978888,0.14827187288375138,0.5480288721266251,0.06968978437639423,0.9956945606640414,0.1554653829052336,0.5451909445580986,-0.12049735692285364,0.9993776565506352,0.17526954554376162,0.4943054829324998,0.12416372980390285,0.25197503254527154,0.18277367807569972,0.4996754470325655,-0.1764618860823769,0.9925373934564143,0.187759170929591,0.43939139729454435,0.0762240499967621,0.4324775267215005,0.20141632145359417,0.4476777797653565,-0.18654807905356102,0.9838270630155298,0.19022254220076984,0.4218489527702335,0.07014194804997677,0.43438894550005624,0.20600446136224854,0.4361794605141598,-0.2107217240901222,0.9707406730878928,0.18810519008409424,0.4204663974898205,0.05486889964058289,0.4371708063852222,0.20319582734789182,0.43364896376927725,-0.2041560333399547,0.9668828561192474,0.1888959861937025,0.4263481895128889,0.06664529123476579,0.4509349224113286,0.2012857631558465,0.43568746390796875,-0.18419580445403155,0.9515189159484143,0.14380880693594625,0.6850395287786216,0.06256383089792165,0.9985366378511709,0.1454721227997826,0.6858447761762715,-0.06262377560848287,0.9983786827041996,0.14392353807176872,0.7879308859507248,0.08503136925754098,0.27292688403810794,0.14158743619918834,0.793198724587759,-0.04422127526430859,0.9244894271805179,0.13092222738833664,0.8891620380537857,0.14282490419490007,0.4132195086706255,0.13000621043500457,0.899932225545248,-0.014870169949496088,0.9442833718799416,0.12461179565815708,0.8999574439866208,0.1454424790683248,0.5208835828871958,0.1235766637892951,0.9106695566858571,-0.014262251888534862,0.92104816152936,0.1473208176238197,0.9185035143579762,0.11099909671715336,0.6075587272644047,0.1482311948424295,0.9349948565165209,-0.062044436910322784,0.9324873770986292
114,1900.0,0.1607875462089267,0.5104680969601589,-0.016373766564010166,0.9993030655951735,0.15741879173687537,0.5056661793163848,-0.009762751082668,0.9991661253429601,0.15713868751412358,0.5059873177891689,-0.009758940398959182,0.9987040445918136,0.15680442963327693,0.5062205791473392,-0.009737318669933655,0.9992154921804162,0.15661956653708514,0.5058424047061378,-0.03465970383868333,0.9994664731479834,0.15580794357118163,0.5062579711278283,-0.03457675723447688,0.9993597070376086,0.15493018712316253,0.5066525254930772,-0.034592382077659904,0.9995294440360303,0.15038212069443307,0.5138563684054788,0.020408293454065224,0.9986040620576775,0.14927770339307342,0.5144028010822481,-0.06637478371461238,0.9994371959141329,0.161098422748702,0.5203289957273578,-0.0017355476614154357,0.9988605124609818,0.16030763657320127,0.5201470653216048,-0.03681331624587379,0.9988602030844922,0.148415444862275,0.5477545999345329,0.07129996589251932,0.9955237479436972,0.154921068322091,0.5416470141637897,-0.11389583739496421,0.9993665814399726,0.17492241093090616,0.4932485833054501,0.12998096502962575,0.25003813278107434,0.1803777338493439,0.49141407722518593,-0.1748551761820204,0.9930939021564672,0.18687602522827343,0.4384230190799353,0.08050633328301572,0.44720509364491445,0.19981033390476605,0.43863934136572375,-0.18756970550332763,0.9851033801124217,0.18745430381525144,0.42208793475514395,0.074544084923608,0.45099278716813984,0.20493646604674215,0.42966260370754095,-0.21074073797180554,0.9729679340407968,0.1850213543290185,0.4202765268938885,0.05925325322009273,0.4541463497139162,0.20206167655331764,0.4268972334407628,-0.20379696218740387,0.9693011215754925,0.1865683311507817,0.4248853056203754,0.07090652663083309,0.46824561556180355,0.19975930665220548,0.4286353545529505,-0.18485369001116084,0.9547725007647566,0.14431554433845348,0.6843212161745349,0.06233051082208048,0.9985258777936308,0.14566037129788184,0.6841822777475635,-0.0623734637740113,0.9983778454008564,0.14396141824268172,0.7866847628638863,0.07758157114897461,0.26735158903258205,0.14181791033063626,0.7907384946232756,-0.04746216180778688,0.9244392741294141,0.1317405296223505,0.8886014251481926,0.1288894922250794,0.40346968173980746,0.13109580675760915,0.8989987203053073,-0.026109516154974716,0.944447821094877,0.12551358093818038,0.8998010981650586,0.13059701131922868,0.522603531678518,0.12493093631097257,0.9100125829378771,-0.02622347693180756,0.924991701330458,0.1479639850911641,0.9184848978405915,0.09612259978339793,0.5932681361834213,0.14890967806180327,0.9345266109421145,-0.07168937243876009,0.9309754031045103
115,1916.7,0.16117441157499962,0.5085907152720863,-0.008680462105465792,0.9992682990573709,0.15764952841259194,0.5036562908263438,-0.0017039415127198623,0.9991363343738381,0.15734448390347627,0.5040642874581476,-0.0016953377662936148,0.9986525319871455,0.15698575760637024,0.5043506962912427,-0.001670958180468353,0.9991927941640225,0.15694826202733186,0.5036010032608399,-0.0263293812140113,0.9994440731548135,0.1561354420014791,0.5039311193284538,-0.02624706019248283,0.999328255653382,0.15525868605999732,0.5042006288255968,-0.02625674931775958,0.9995079977171769,0.1506244093179704,0.5123600817862015,0.028341157273167675,0.99856623297646,0.14964470267295849,0.5123205553917661,-0.05932432821109185,0.9993939059121275,0.1613519582010452,0.5187550385793054,0.005647398312465248,0.9988339855557404,0.1606042903094066,0.5182624657948816,-0.029592635287415434,0.9988268897646957,0.14856630563735973,0.5480962991714482,0.07574484745661424,0.9952624383426855,0.15397787661779505,0.5398367416291013,-0.10817719534749085,0.9993426970073163,0.17404829391411386,0.4927121074426746,0.1339823326894216,0.24592102709270675,0.17790471868855626,0.4866366641862055,-0.1740078102974666,0.9935538229488199,0.18562428014619023,0.43809166976383784,0.08264401767935078,0.45585591026714906,0.19709860285123204,0.43297576762381085,-0.18913051556973243,0.9861778474989399,0.18360793164798206,0.42144999191874577,0.07643196341537299,0.4616037380127683,0.20291777309917283,0.42533684060687144,-0.2115371553670794,0.9748453781718307,0.18175935674281363,0.4197764794031782,0.06112282066827733,0.46514357413564444,0.19992614643914375,0.4224130695774445,-0.2045706404106959,0.9713161076818201,0.18377626226061883,0.4237867338316784,0.07297753578140627,0.4797171084653767,0.1972452480168571,0.4241682688395185,-0.18627938202449268,0.9574300334567122,0.14506069038595482,0.6842341962314793,0.062040760403587754,0.9984942305655713,0.145654558425858,0.6830362138294044,-0.06206812514435682,0.99836076725097,0.14400985340277364,0.7868552860759559,0.0694075501745656,0.2595540540558953,0.1420212643487114,0.7896989243371153,-0.05041708211813658,0.9229696932293128,0.13260942342735482,0.8884793434824267,0.11257857687416538,0.3919127682844801,0.13214670973164705,0.8985515094938739,-0.03556136525280422,0.9431278535297946,0.12653465249708729,0.9003003608612794,0.11346872895956048,0.5209069791294283,0.12628305667922618,0.9098989622933531,-0.03621143359868302,0.9279313569977177,0.1486982163928805,0.9188767472902941,0.08023145120768325,0.5761919135139106,0.14986575785137368,0.9341519702048536,-0.07953456682818283,0.9276698770977208
116,1933.3,0.16175836821397158,0.5075030411992758,-0.005530510962541618,0.9992054417019807,0.1580946622859865,0.5023699913706102,0.0016467904538980567,0.999080711886997,0.15774801941145045,0.5028067770458406,0.0016540428401813634,0.9985641127540958,0.15734964112440758,0.5031336432411561,0.0016761064595942,0.9991456213451574,0.1574802717992239,0.502258956432343,-0.021246932269561872,0.9993977461542408,0.1566724131504696,0.5025566674414139,-0.021181725763848865,0.9992656054950904,0.15580470930962348,0.5027963206881572,-0.021186677739024176,0.9994596725418461,0.15102632627600726,0.5115391924267727,0.032786956056952504,0.9984964756738579,0.15020004695370096,0.5112247836022153,-0.05778420414953009,0.9993154207865405,0.16168733934561424,0.5175422202973142,0.008748151463112756,0.9987762882595977,0.16102551420529695,0.5171313853490924,-0.024207438209227168,0.9987555884179622,0.148658566531681,0.5482386010033747,0.0780163527954193,0.9949235774221882,0.15345297611895073,0.5393490904853462,-0.10686022752807262,0.9992813524745767,0.17261652861322685,0.49110732901664045,0.13020861077876328,0.2410917147284464,0.17646190736975,0.48360622780663665,-0.17371919254461937,0.9938641673042667,0.18389115021342337,0.4353215453170598,0.07715804076620517,0.4619632320744654,0.1946912195001331,0.42790925218945486,-0.18950577576955172,0.9869092759631937,0.179886403537932,0.41971439974648644,0.07026130386761262,0.47002377964201464,0.2001874439773107,0.41922262736729243,-0.21126962062858418,0.9762131202788586,0.1787610749403637,0.4175769587357842,0.05671278653400289,0.473742729141599,0.19702750302496425,0.41708834398360506,-0.20536043956166236,0.9727335231644774,0.18075512278647662,0.42171103187969783,0.06795509674009828,0.4887303284236367,0.19433477804774343,0.4193664519559772,-0.18707420357636056,0.959281640393394,0.14578349533535195,0.684230242456709,0.06187970847600987,0.9984434843063361,0.14576127273695821,0.6824277128492088,-0.06190206997451332,0.9983076822190066,0.14408439043022347,0.7870134285518107,0.06377935338587992,0.2519522933732897,0.14216796982856034,0.7895593132291527,-0.05080877244472508,0.9209805017425907,0.13334048220089512,0.8884731417610537,0.09892175382091893,0.3792234943026591,0.13304413358370473,0.8985548700605126,-0.03721636737741178,0.9406051550592702,0.12743242652643305,0.900241633256277,0.09939735844021759,0.5168226446424216,0.12738818072137387,0.9098740759350011,-0.0378252607548521,0.9300271499724622,0.1493198374907177,0.919353039491745,0.0694318692244235,0.5579353400639129,0.15080839750312636,0.9337903147652042,-0.08135805633806054,0.9227925567399894
117,1950.0,0.16253216919444868,0.5078023331505914,-0.004639855777246083,0.9990913129988177,0.15872035423914604,0.5024303027561736,0.0025648103882780406,0.9989718198776252,0.15832150550115687,0.5028420885403955,0.0025675572687760013,0.9983922583716263,0.1578803438515891,0.5031772255897525,0.002585075645973642,0.9990504781405138,0.15820706103529258,0.5023023542903722,-0.01918615702362289,0.9993118359929047,0.1574021719750905,0.5025630877131512,-0.019132816010997422,0.99915350334985,0.15654862139906212,0.5027780390921097,-0.019135583458202238,0.9993740036374054,0.1515339350416548,0.5115010908671791,0.03440715372562411,0.998336627369836,0.1509731383550736,0.5111080067498347,-0.05729579411092263,0.9991794796217063,0.16212760692551031,0.5174258095877515,0.009607591414048034,0.9986383914947516,0.16158427652858565,0.5171410327865968,-0.021566585859372517,0.9985982463473373,0.14863679025854393,0.5485262643723264,0.0791910010434333,0.9944385432061702,0.15314988508110966,0.5398582078161698,-0.1062070180972418,0.9991614080610737,0.17068770385923854,0.49073107611565403,0.1266170860756012,0.2330427439439866,0.1755933938991457,0.48352212423370033,-0.1752597937981289,0.993965236913591,0.18175983854702554,0.43435487009230145,0.07088466201509752,0.4603544260774343,0.1922094403278261,0.4251982952867238,-0.1927868085248131,0.9872057324364079,0.17759176308200486,0.41977664686384686,0.06313602679542138,0.4716277051539651,0.19722477665969318,0.414877765235447,-0.21404553666001291,0.9769467853364497,0.17714176504384915,0.4180985972994853,0.05114009089413147,0.4753798005126775,0.19402630769071139,0.41348191102345816,-0.2088970549049833,0.9733977800323856,0.17815956686224269,0.4220429304100221,0.06197570672347437,0.4907882781255816,0.1915441595372701,0.41636490254175124,-0.19065547628062124,0.9600057034265435,0.14634489232585554,0.6838888753028147,0.06186804139897942,0.9983282429831376,0.1460749421800887,0.6817889355477837,-0.06188889397751722,0.9981702168782559,0.14420238208203098,0.7870219321477987,0.059585563838481945,0.2437089681625368,0.1423004454090483,0.7896253949119937,-0.052301544341303095,0.9177774758566001,0.1337655981381735,0.8885478661173872,0.0906893696103778,0.3647656937440239,0.1335916661080861,0.8987905383110052,-0.039692080801441584,0.9369464630172373,0.1280513001339777,0.9000763013249359,0.09097466617822654,0.5091723459107539,0.12800097536473057,0.9099824825922656,-0.04031371484909742,0.9312020199639464,0.1493899254571825,0.9200821547281182,0.0604246957671075,0.5379914896828792,0.15133831401666015,0.9337076573144829,-0.08528052305891407,0.9165539656366628
118,1966.7,0.16325545381932044,0.5094607302120757,-0.003823113526561345,0.9990197249821262,0.15934747244630554,0.5037491662161695,0.0034880001718799298,0.9989048299335306,0.15889323467300065,0.5040826854251683,0.003488435387788786,0.9982838375227799,0.15840462772619168,0.5043785969416305,0.0035029276429365108,0.9989911005610519,0.15890477597713482,0.5035896301269536,-0.017658693582883914,0.9992584500994008,0.15809095118727012,0.5037516979944141,-0.017610975319430955,0.9990820629256121,0.15723753756000894,0.5038916355087647,-0.017612825724340635,0.9993201778048568,0.15201220342091165,0.5121946902502155,0.0359111625169005,0.998232549145109,0.15167858274210078,0.5118019609224232,-0.055670019948766386,0.9990878360612059,0.16250123722212667,0.518311943326678,0.010480302652078024,0.9985411791574395,0.16204912676697697,0.5181097445033849,-0.019495909545748022,0.9984958029928669,0.1485570917526882,0.5491378789856325,0.08075500882807238,0.9939774814106176,0.15289922768161424,0.5403084414345881,-0.10593276719252276,0.9990427125067946,0.1686374715396337,0.49192661614645133,0.1254891540322986,0.2230272442102434,0.17480673179740008,0.4843158665157503,-0.1742477906601771,0.9939626341774357,0.1798750140837262,0.4354599756853924,0.0670614780059883,0.45306105982689665,0.18954005695524684,0.4249406002816703,-0.1910463401249478,0.9872387165115001,0.17641472816467296,0.42217255773998474,0.05866427400282455,0.4681369108813153,0.19444845900649127,0.41437644617898156,-0.21159757106077118,0.9772472807339267,0.1760639207703728,0.419738122395107,0.047040354460477864,0.4718680708181294,0.19127549656799875,0.4127701208704997,-0.2068861779712497,0.9735413505917511,0.17700571886130756,0.42466864983240793,0.05809437181978003,0.48773241468838324,0.1892841273830052,0.41622060395422467,-0.18901139639672793,0.959946859450568,0.14656199443907975,0.683872677031018,0.06195578050045745,0.9981891087123334,0.14652801908197868,0.6817307415462681,-0.061976125729935556,0.9980125938143056,0.14431327084700277,0.7868888009162182,0.058518402988002455,0.2364690984998432,0.14239228978043522,0.7902202890032819,-0.0552238531055905,0.9156076255298803,0.13386046176864996,0.8885879970732196,0.08681137150242221,0.35168485272498384,0.13395879240263087,0.8993069614682885,-0.04158597155695873,0.9342353741327929,0.12827846904595702,0.8998424779801149,0.08689309585662121,0.5018182425271901,0.12828578977357782,0.910386692909968,-0.04223919748550373,0.932485651402247,0.14923360376130979,0.9205342701503216,0.058114646446137244,0.5201949377854669,0.15167830742540825,0.9336726580347341,-0.09085336646863398,0.9115105583554229
119,1983.3,0.1636959378208434,0.5118405506724407,-0.0027328767339765514,0.9988592636017579,0.1597803057659241,0.5058952655111044,0.004705429343240605,0.9987433240527206,0.15927823242687056,0.5061464394841879,0.004704849406455958,0.9980302878788546,0.15874461616788604,0.506376235258012,0.004717323407974275,0.9988528631982357,0.1593474511589324,0.5057545105616256,-0.015996412773217485,0.9991288497334442,0.15851094964004708,0.5058681397210987,-0.01595406762013834,0.9989172504061752,0.1576415640967234,0.5059688715707692,-0.015957235358655463,0.9991975767271866,0.1523185329777855,0.5135550442196077,0.03774330569874676,0.9979777903783897,0.1520429211003441,0.5133174090158374,-0.05382035921017332,0.9988926507177813,0.16268982489903777,0.5199889285223829,0.011672026699497594,0.9983085564204632,0.16224349751358952,0.5198724951062887,-0.017403812990302144,0.9982218770753777,0.14854068060716005,0.550432872204554,0.08241202575819839,0.9934184153874723,0.1525524797893707,0.5415097276369734,-0.10599836990946823,0.998874851635525,0.16692787408828746,0.4938266674677535,0.12529940690313077,0.21063931428250826,0.17383655054228658,0.4862654705842339,-0.17243480398541416,0.9938462348211387,0.17838240237463102,0.43677080529076745,0.06556746221724016,0.4389819758278986,0.18584251403808605,0.42549335814657696,-0.18584630744797856,0.9870602006003978,0.17598208997930812,0.4250566107886181,0.05694497908864707,0.45791960046404917,0.1903069877908345,0.41494179907299256,-0.2055645095450539,0.9772393561544879,0.1755857261873428,0.4225030555611568,0.045765732902856134,0.4616004327932997,0.1871698449055355,0.412959938957578,-0.20140083134174364,0.9733215740748822,0.17639322862738666,0.42741388933999225,0.056615978124595866,0.4780871442386086,0.185763933828899,0.416642316750118,-0.18391737341880812,0.9593545624188021,0.14698668959594918,0.6842129116966615,0.06203302545916471,0.9980088699431653,0.1466459809314638,0.6819777942839128,-0.06205128434868091,0.9977994021915261,0.14438700321174813,0.7869680892853516,0.05784404703548981,0.2288561484643393,0.14246052148796273,0.7909730275472011,-0.058558404268253456,0.9128065222785593,0.13365483780701964,0.8885980305217568,0.08429050410077692,0.3380374667190372,0.13397676817008436,0.8997967072895602,-0.04370920980970068,0.93089075599398,0.1280741776738849,0.899518285478865,0.0842409442578044,0.4922430941036773,0.1280784812711535,0.9108086199987508,-0.044470021412486155,0.9331046569915051,0.14901663788727362,0.9207635919253039,0.055945200579507054,0.5023241255964556,0.1515981782050361,0.9338635007540392,-0.09597302866833558,0.9061825417336971
120,2000.0,0.16369621739501056,0.513766121296656,-0.0011545560403083946,0.9986771657353363,0.15982224047184002,0.507780302138556,0.006361730274788685,0.9985636671384183,0.15930679227624633,0.5079702905246193,0.006360558160979838,0.9977516673860103,0.15876100460688286,0.5081462122145157,0.006371489714919816,0.9987017966452106,0.15936757127443962,0.5076808333396916,-0.01370853961755833,0.9989793556077147,0.1585147600798381,0.5077673622540069,-0.013677009292656478,0.998727188223885,0.157635054418019,0.5078372728256956,-0.013683096106563306,0.9990564102218271,0.15231370996861243,0.5148682565916156,0.04020245213593758,0.9976979011581065,0.15203427700769345,0.5146695205143523,-0.052173892479567344,0.9986858027321959,0.1626064834140597,0.5215106663249791,0.013403540255413179,0.9980349938074755,0.1621405077832087,0.5214666610672364,-0.014864854204158,0.9978918688637877,0.14849023237114872,0.552115238848187,0.08427674784546813,0.9928921858469653,0.15227501236257107,0.5424674919673378,-0.10588327653351291,0.99868168717339,0.1656082527978081,0.4953732135750002,0.12542337924242028,0.1980468027648473,0.17258167479719447,0.48713406920433083,-0.170527905935333,0.9936861821583346,0.17737626177924032,0.4389562691961019,0.064656841258208,0.4220178226629896,0.18171942234039318,0.4254133814857123,-0.18079052368799858,0.9867430272556493,0.17693074544270848,0.42836555129005827,0.05613008035080778,0.44432069432167814,0.18592618689650597,0.41437293234325623,-0.1998761565912339,0.9770155577432549,0.176014046583857,0.4259538480213713,0.04597155146655586,0.4479431694462189,0.18272637966133312,0.41229999633062486,-0.1961693997894016,0.9728515119779684,0.1763580455666498,0.4303030584539689,0.05604444266784763,0.465294657718568,0.18173144544873931,0.41599223159608417,-0.1789403366191048,0.9584483731360669,0.14731543475673323,0.684825187637693,0.062022387804020064,0.9978062822705231,0.14701963322503236,0.6823554322833112,-0.062035248038314686,0.9975395656767353,0.14437663768019005,0.7874131656828387,0.05722598979870482,0.22019124811603924,0.14252902425470818,0.791816515581949,-0.0616983185921397,0.9080845969063902,0.13335757454236358,0.8888360943113061,0.0820327894318672,0.32319301934469336,0.13387392674173637,0.9004743524960115,-0.0459375202301003,0.9250374975658605,0.12771496673425048,0.8997177311352327,0.08185110737880077,0.4803931102866221,0.12782304272765213,0.911689255918776,-0.04686616219225387,0.9323965765181049,0.14879051276615698,0.9210619642621001,0.053507880085990576,0.48302764126232733,0.1515177374794371,0.9340659663790755,-0.10019376838491084,0.8983791924658282
121,2016.7,0.1637569240161352,0.5154519393330532,-0.0016247756138909621,0.9982738693555203,0.15990255631151665,0.5093327278182623,0.005792765977925492,0.9981506637164531,0.15937435485067833,0.5094706274214249,0.0057917590297403825,0.9971085815202629,0.1588163333279747,0.5095877448717757,0.005800852795974134,0.9983413531666718,0.15941450780346292,0.5092470333689738,-0.013924454161453824,0.9986685855048051,0.15854376341615417,0.5092994542348956,-0.013901275760006347,0.9983395593506956,0.15765290742828741,0.5093290067854386,-0.013911433695327678,0.9987685850688396,0.15235347549120595,0.5158632198969526,0.039916742238260486,0.9970573584238696,0.15201702217261007,0.5157535643804645,-0.05374143538730489,0.998260194347019,0.1625891093696868,0.5229862389110387,0.012963774968825646,0.9974932585443776,0.1621022714035853,0.5229889126051044,-0.014978943747423954,0.9972694487798789,0.14849459983053673,0.5530733806746351,0.08394901844717215,0.9921199679374703,0.15199497909772974,0.5433982270104548,-0.10841939279011326,0.998416341486432,0.16471363036405484,0.4949864078135721,0.12426915551934932,0.18610743965421417,0.17104477896576847,0.48813478861536336,-0.1729932221628372,0.9934870231719252,0.17614060356503453,0.4380382994810743,0.06386946727122583,0.4050485066005165,0.17823006141753436,0.4252467226414457,-0.1838501258974985,0.9864110350608832,0.17670462670780376,0.4263129149164475,0.05550197831221994,0.43049836584499934,0.18191093064489833,0.41378895583606934,-0.20308591212545135,0.976796434039162,0.17566518485546126,0.4248487509432296,0.04561551057157066,0.43396479742867633,0.17864574846767256,0.4114151781513581,-0.19941746478989025,0.9724199232600992,0.17573362588882457,0.4285170492671788,0.055413188678877734,0.4523064423175089,0.17793607924665739,0.4150703847408298,-0.18201458950837468,0.9575819060915999,0.14779631935414822,0.6856677305130736,0.062013604988654505,0.997567261968341,0.1472716892049427,0.6831345331101195,-0.06202102700869247,0.9971985476357603,0.1442954746030627,0.7882460923421957,0.057506909505242426,0.2104422407490868,0.14258818399338508,0.7926115450404945,-0.06369796430780779,0.9000640426363271,0.1330814943427132,0.8892736264637545,0.08315710723400122,0.30659167397589937,0.13361276331402017,0.9010078282583334,-0.04698434081815542,0.9161519720440826,0.12735577353409366,0.9004903265408113,0.0831060097331093,0.4660808302107315,0.1275083522001903,0.912549881708055,-0.047930190960566235,0.930416107177735,0.14865892699786606,0.9214069133713139,0.054609902735267404,0.46096145255225085,0.15149796221937462,0.934148569901785,-0.10127447084302002,0.8873301261947274
122,2033.3,0.1637415389219921,0.516565575486138,-0.0006543397750993752,0.9977947104544873,0.15991482280549563,0.5103341284252352,0.0066538501220444884,0.997663909480686,0.15938507091431403,0.5104537294024516,0.006652636320463253,0.9963508674076633,0.15882513494718653,0.5105527043342595,0.006660659354002708,0.9979116916656502,0.15940819822606597,0.5102457177071348,-0.012706748409462836,0.9983066604250961,0.1585315465927125,0.5102713420277554,-0.012690028663547275,0.9978914374396921,0.15763590449378617,0.5102801209404358,-0.01270399045287854,0.9984373790877212,0.15234700909682694,0.5166875464575635,0.040694841139373356,0.9963052613394608,0.1519728693224136,0.516546638238998,-0.05266350667391508,0.9977696935335802,0.16256368231205726,0.524116885094416,0.013889475947334664,0.9968605240186064,0.1620586138396037,0.524108639785222,-0.013487136080151523,0.9965492316654757,0.14845948417981478,0.5543916651180817,0.08477146178483969,0.9912786001250865,0.15178069259439209,0.5442955777758647,-0.1069683634809086,0.998145574615116,0.1638507133438475,0.4956767473902025,0.12236075493551445,0.17542044037864335,0.16936057522183384,0.48821921007973845,-0.17135713852587212,0.9932356505166924,0.17515426874160778,0.4378965340909507,0.06291200557634949,0.3882257597787042,0.17601893345514946,0.42444834964615985,-0.17839206471329655,0.9859969105039332,0.17624524377641237,0.4259781525248576,0.0549516081809998,0.4160254398981733,0.17882422889981964,0.412262510685694,-0.19681092954817286,0.9764573403767185,0.1751224036727634,0.4239296913146976,0.046474097385293,0.41925117373466525,0.1757848007338389,0.4099249697866897,-0.1936540773936682,0.9718617172468283,0.17502555251121532,0.4281663028966816,0.05511037703780905,0.4384958715665911,0.17525154636019763,0.4138753967625757,-0.17665295515741633,0.9565963092304418,0.14832780119918654,0.6867937871388031,0.061829909859668686,0.9973533692814063,0.14759710785888502,0.6842278525942853,-0.061834841434444746,0.9968822626840508,0.1442275480145501,0.7890057450249087,0.05718925027620229,0.20068289836247777,0.14262235306558166,0.7931124795050855,-0.06411317593994599,0.8906108453160246,0.13290990676198697,0.8895067487444204,0.0822891302051999,0.29061366262890065,0.13326250442436774,0.9012373146556679,-0.04686652336801805,0.9053998107001902,0.1270749462502344,0.9010952029909413,0.08221508952833363,0.4524426999546236,0.1271767843337287,0.9130088630176733,-0.04765478947332931,0.9273974043982376,0.14868579521065678,0.9216149307432636,0.05393756251959578,0.4393189833277751,0.1514576084557035,0.934128003461021,-0.10012242730174753,0.8745990849676593
123,2050.0,0.16371963350545804,0.5172956585884099,-1.2707066378511885e-05,0.9973350082124989,0.1599133610725404,0.5109487658455263,0.00753544465017816,0.9971963451022201,0.1593824646302633,0.5110671804064799,0.007534092713502197,0.9956230067071468,0.1588217318058015,0.5111660361289982,0.0075446771502140075,0.9974984242802583,0.15937447051207237,0.51082551195508,-0.01175566090803062,0.9979633206412913,0.1584776050987699,0.5108225771359038,-0.011735685058825081,0.9974678811572854,0.15755849579970055,0.5108093562580294,-0.011749926621892632,0.9981249031566446,0.15234934290250152,0.5172380067053299,0.041791125245037565,0.9955978535470515,0.15188889347371612,0.5170223883220131,-0.050862344957533376,0.9973048113641292,0.16252815865335024,0.5248542910530457,0.014533381022158133,0.9962611368724286,0.1619878588687807,0.5248096159526283,-0.012582546543507357,0.9958752762703675,0.14843158565816436,0.5552075334957671,0.08453281614042471,0.9904695834432337,0.15151476434298936,0.545054932435354,-0.10434141577709297,0.9978860872132445,0.1632646088089263,0.49625406236875663,0.12120444824298231,0.16588204602400475,0.16801646209898463,0.48938041499682866,-0.1725060180539178,0.9929762965156925,0.17437677440189192,0.43779172925722065,0.06167201804263255,0.3720593168621974,0.1747967295703435,0.4248682657877607,-0.17874979405176084,0.9854864421344947,0.1757878689538866,0.42542550251597483,0.05338388787848612,0.40169253661519033,0.1769886456784749,0.4119585724104021,-0.1969096923158284,0.9759571892874589,0.1746351094472977,0.4234603572459451,0.04472210169548083,0.4046717768623718,0.17428017443134683,0.40947987210182946,-0.1937105293784824,0.9711354034287596,0.17432139813900005,0.42819167176882456,0.05373006278560279,0.42457712831951355,0.1737614962316696,0.4137830521379201,-0.17701972595282978,0.9554056014333461,0.14886143590722778,0.6877574608439496,0.061648180442197026,0.9971739224025188,0.14787755693708157,0.6851424574851994,-0.061650593365941773,0.9966118222191227,0.14420496211165484,0.7896221166565309,0.056735651478880975,0.192253799665542,0.14273984446412052,0.7934021694319595,-0.06440684412206926,0.8817170631317872,0.1327954190117973,0.8896023148582101,0.08152444979974208,0.27661031910351364,0.13286993971892774,0.9013660663650156,-0.045961496021066424,0.8951767228898555,0.1268194835810435,0.901455618086316,0.08144902863672807,0.4408720206646695,0.12682802904219864,0.9133393367131557,-0.04645706500325887,0.9243343217032303,0.14859306812286388,0.9218585292498278,0.05315266443150388,0.42021574150948326,0.1513515923704421,0.9340811144737977,-0.09840728661843716,0.862803450652532
124,2066.7,0.1636546843108678,0.5177816777002248,0.0017263628043500455,0.9971016049385077,0.1598498154254188,0.5113387249764946,0.009750749671920432,0.9969714198793691,0.1593210299809775,0.5114685041563856,0.009749379408146661,0.9952680582091928,0.15876255645638432,0.5115707261221754,0.009763468367358056,0.9972975481124159,0.15928496278467644,0.5111903463091173,-0.009609858217161333,0.9978031856673111,0.15836931055500403,0.5111778775850935,-0.00958267847696941,0.9972701299758192,0.15742591378234694,0.511155812513261,-0.009596126176239487,0.9979821273258762,0.15233196531023308,0.5176287151518326,0.04444327790822304,0.9952792922655749,0.15180174651600076,0.517379823185149,-0.046672981587194295,0.9970919716925856,0.16245377205667055,0.525305339268276,0.016328464838720518,0.9959669794355128,0.16187959625607456,0.5252521832784021,-0.010284319342601874,0.9955553384054282,0.148443945107006,0.5559178505625048,0.0855838290992238,0.9900144054776153,0.15129637008621588,0.5449749770618624,-0.10054260563282746,0.9977336412384403,0.16275527221815939,0.4969379092965811,0.12197614319267736,0.1580833558525359,0.16698390458311363,0.48958736658096347,-0.16941513263043917,0.9928184151649482,0.173886693659283,0.4383615297930584,0.062365155489671836,0.35948929190635703,0.17440416770321995,0.42539746846471543,-0.17428662166709005,0.9850571183931267,0.1756559028511957,0.4258400599161787,0.05355820325868474,0.39054601533072364,0.17668496356123983,0.41297586333184044,-0.1920201409430732,0.9754831251643961,0.17452515519800652,0.4238582423755104,0.04324774940808617,0.3933216872669405,0.1744089871644975,0.4104247391223911,-0.18871333840347485,0.9704550504684455,0.17400983117875612,0.42900901465188923,0.05384845073734015,0.41360479167529546,0.1736797257548288,0.4144846385433564,-0.17250083174024322,0.9543506616637827,0.14919990443048034,0.688625954446339,0.06144021415994286,0.9971066543034152,0.14820191051278808,0.68591286454882,-0.0614404084072227,0.9965015252431241,0.14418859070255652,0.790003691400801,0.05610524703349389,0.18635995757012153,0.142894004782041,0.7935756813912169,-0.06450856796332773,0.8760871461459575,0.13268223830631812,0.8898036650248943,0.07972400209733424,0.26665124864805334,0.13258913939907446,0.9014543266523459,-0.04552701754229413,0.8880280795551488,0.12654541716689163,0.9019431017694026,0.07951572395506365,0.4342221972488225,0.12656421178863173,0.9135948561486751,-0.045846110830704404,0.9222079572223488,0.1484372764825822,0.9222819436164136,0.051076103001833,0.4066137855961212,0.15132961031936476,0.9341060462452122,-0.09737832702341541,0.8548875905218585
125,2083.3,0.16356428819043306,0.5181619780404231,0.0023897159844636934,0.9968664305550718,0.15975769786607663,0.511652060917446,0.01096239926603934,0.9967469317572465,0.15923421155838752,0.5118021170298261,0.010961497623828203,0.9949264923731493,0.15867947254862116,0.511912652424404,0.010980374667616127,0.9971075455347704,0.15915608689898547,0.511513505663191,-0.008719132525757671,0.9976295374688656,0.15821389499164773,0.5115286026682175,-0.00868380639613385,0.99705400637218,0.15723578064214627,0.5115330928847908,-0.00869467018526935,0.9978207747141528,0.1522797736383621,0.5181243164198743,0.046529703906604256,0.9949806758335666,0.151637823808761,0.5179294234230409,-0.04424820645224484,0.9968645714578181,0.16235810660180605,0.5256369482903257,0.017204580118968388,0.9956644177436835,0.16173392676171816,0.5255827733448577,-0.009232044175622015,0.9952056634993788,0.1485129012947992,0.5561792197681612,0.08593403760875981,0.9896259478160321,0.15110962376708087,0.5450174950418022,-0.09835198379698261,0.9975674947102872,0.1625091298705057,0.49710520534288355,0.12210407995042356,0.1507965744960877,0.16635709646202282,0.4896218762511302,-0.16820691667851959,0.9926955841836482,0.1736286793436324,0.43839543774014456,0.061108119608390944,0.3471078319208965,0.17432350275062392,0.4257462847800485,-0.1719266296852204,0.9845578074455268,0.17571799528031135,0.4259093730222614,0.051458119459095494,0.37934281854402474,0.1768360875901723,0.41386248951866544,-0.18945205779302704,0.9748566264197946,0.17444720438548508,0.42414575673285015,0.039580948739534355,0.3820031171753296,0.17466116944948845,0.41133160676275016,-0.18600221191133787,0.9696000786054709,0.17386048109758478,0.4292658311980114,0.0518983269021625,0.40253000316165766,0.17380712926387798,0.4152626125585468,-0.17007631843998333,0.9530854963120967,0.1495199806633451,0.6892921754292084,0.061261888238645784,0.9970597653161919,0.14842003512950183,0.6864588374183296,-0.061259962618351024,0.996415853500367,0.1441572088570823,0.79029359136309,0.05559681994574414,0.18107895127364582,0.1430549273888271,0.7937118780045288,-0.06463029271080384,0.8715265563556132,0.1325853034144357,0.8900342555273153,0.07860972235600158,0.25812716782093065,0.13236616693791897,0.9015459134465178,-0.04507876010168169,0.8823909986586803,0.12630795510042292,0.9023904374667583,0.07834455087071379,0.42855046618552467,0.12632984845411221,0.9137781716528399,-0.045301525897923,0.9206051542645416,0.14823778399399357,0.9229004581769313,0.04957022358264245,0.3949305855092551,0.15123864937396286,0.9342067298435036,-0.09642145782709129,0.8487450139863157
126,2100.0,0.16346753424122232,0.5183706084887191,0.0021686505116078844,0.9967404972939271,0.15965877402396442,0.5118066299529307,0.011048802928555587,0.996636521248591,0.15913713333152602,0.5119692598070421,0.011047771533152895,0.9947707397597184,0.1585918615261715,0.5120835588091899,0.011069625017366247,0.9970248625392013,0.15901983564808267,0.5116804242134099,-0.008818174956277729,0.9975266286305027,0.15805485844612133,0.5117238135564899,-0.008780238928184629,0.9969225866453996,0.1570470702080501,0.511754793780191,-0.008788643027877529,0.9977187315622973,0.1522174215032942,0.518388702755883,0.047442253501642356,0.9948588524545949,0.15143835544586193,0.5182469572339743,-0.04394300672270006,0.9967476753961478,0.16225126882394164,0.5258076815378102,0.01721454637923412,0.9954826093855366,0.16155753533045464,0.5257371323449275,-0.00928494644661745,0.9949869882492799,0.148606144246601,0.5560729702313745,0.08576061079899476,0.9894611154283803,0.15080659162430549,0.5448083139601212,-0.09809935802505138,0.9974283490862172,0.1624216444435575,0.49633727187202126,0.12141377975543349,0.1440805643796922,0.1659888234876452,0.4889284613586611,-0.16754112286227102,0.9926313871429087,0.17350281845955634,0.4380411903063459,0.05794598250871617,0.33577448697317236,0.17436550841445025,0.4254441261291507,-0.17087371363526313,0.9840557007562554,0.17602831621964787,0.4255753741377879,0.04753773535291357,0.3692702608449121,0.17746686438719445,0.41444758290336275,-0.18834082072689434,0.9741778402101433,0.1745679740394866,0.42437346918242347,0.03506322196196944,0.37193489216622877,0.1752851222242629,0.41227582238969385,-0.1847519831998009,0.9686880168460671,0.1740110523643949,0.428921304997944,0.04838293436027712,0.3927183619567329,0.17418125839460474,0.41587534546852145,-0.16893515416554056,0.9517644899232054,0.1496718085947492,0.6897926756313875,0.06114658642382854,0.9970329545793086,0.14861443567843674,0.6868790189425156,-0.061142240961392764,0.9963479467800693,0.14410920299234853,0.7905115314892366,0.055344147341592015,0.17618682625747875,0.143189841083118,0.7939779020491107,-0.06473384194430856,0.8677847555705486,0.1324852222488041,0.8904175616446002,0.07811657126460762,0.2503089486133486,0.13218351347105853,0.9017153580983487,-0.04478734660716287,0.8773334565616796,0.12613041486058924,0.9029162440981191,0.07779453588383545,0.4226407280990059,0.12611506169750586,0.9139948998178761,-0.04502988056767558,0.9191241434642254,0.14808350375720442,0.9236197102637524,0.04841167479753498,0.3842393415314813,0.151124839271818,0.9344046371323729,-0.09599374483029055,0.8432720019703825
127,2116.7,0.16342149178187065,0.5186421729269486,-0.00043066381476819553,0.9965004410062525,0.1596399602435885,0.5119985852922716,0.008372573248509856,0.9963916369846897,0.1591183436768397,0.5121580646151591,0.00837158533700166,0.9944088771229707,0.15855472357500178,0.5122617085774743,0.008393675244102882,0.9968203788711918,0.1589590303954625,0.5118916744277595,-0.011796803901060715,0.9973285226594841,0.15796961103166862,0.5119535724322004,-0.011758250206531522,0.9966701780046743,0.15692589964185455,0.5119991416022895,-0.01176467677578331,0.9975240258943474,0.15216639708905005,0.5185347540037977,0.04492832205834846,0.994488804113298,0.15128421712489365,0.5184826283227834,-0.04786448730599316,0.9964850147565213,0.16217522677921126,0.5260889501798724,0.014694696425327242,0.9951171364103051,0.16142035595008317,0.526006054310572,-0.01217376644767467,0.9945921670822878,0.14840630619298856,0.5555694557371598,0.08362452614875072,0.9892031749089566,0.15029703506401618,0.5446709933735079,-0.1015132509526753,0.9972499325161897,0.16235078445502704,0.4956281029042747,0.1193684460151764,0.13789470422835587,0.16571766563824258,0.48891068072546134,-0.16904673193182276,0.9925442735354113,0.17344108436788844,0.43784778458731544,0.05447515951735637,0.32553744316101096,0.1743517915407818,0.42596580868675626,-0.17461979389190685,0.9835099379221606,0.17621442888464262,0.425189364524115,0.043549323897986214,0.3607383143334164,0.17776867392517284,0.41531036155564477,-0.19242697457472496,0.9735118292626888,0.17471303116707587,0.42456733896618826,0.0305374244316703,0.36335097750028,0.1756627155201777,0.4130451154141202,-0.18863516904058925,0.967819897901445,0.17405589350632272,0.42848454486756127,0.04454243662101885,0.38449977125440354,0.17445519992283426,0.41675175371624207,-0.17262125795795816,0.9505090543201998,0.14964062968889885,0.6900961342312046,0.061147093950283005,0.9969522527285991,0.14859042848859524,0.6872740700131377,-0.061142093901123365,0.9961881807872234,0.14403659318174644,0.7906928999083389,0.05573453488094471,0.17123266912641993,0.14326774506341855,0.794232274804797,-0.06483255965369092,0.8633926198596051,0.1323835409822919,0.8908020343099328,0.07965974970942458,0.24188869269121277,0.13206443332490475,0.9017854787054522,-0.044368984798590375,0.8724411953063245,0.1259756130831583,0.9033463143167049,0.07943850365423026,0.415691537516458,0.12596133918989283,0.9141830489749007,-0.04461174546962696,0.918227706636702,0.14795347693420602,0.9241468764486773,0.04992580679910527,0.37234663537570434,0.15100550509634483,0.9344693422317512,-0.09546389359803434,0.8374965588251755
128,2133.3,0.16346180793784926,0.5189618014153984,-0.0012282846672903931,0.9962874565805715,0.15974314297948577,0.5122724260602682,0.007306706980757775,0.9961668877374565,0.1592210275786265,0.5124273811067857,0.0073054569906422125,0.9940784119424374,0.15862377129849944,0.5125263077872144,0.007325805235831515,0.9966271831875763,0.1590166985988618,0.5121569037437443,-0.012943186442412092,0.9971459848540176,0.1580080879586085,0.5122228293191823,-0.012908335686439568,0.9964399820282352,0.15693664621739173,0.5122721365519936,-0.012915160329568963,0.997346807093848,0.15215290444237856,0.5186920676912584,0.043737738614990626,0.9941090856279653,0.15117662080696662,0.5186785573051094,-0.04914022343499323,0.9962524431092405,0.1621666614498412,0.5264214475949609,0.013929996595141443,0.9947512944539395,0.1613778110061374,0.5262915009544012,-0.012956243052723871,0.9942165244193311,0.14808026665732985,0.5552475282124114,0.08344175027949476,0.9890634445917046,0.14955557457038346,0.5445478473390856,-0.10241320587339862,0.997115387803033,0.16216290068058753,0.4954932190123062,0.118457497230598,0.13201352811995015,0.16534808703831277,0.48852898393358535,-0.16829347113768273,0.9924312517756514,0.17339301109313976,0.43777910158747746,0.05291433933944933,0.31469654327347185,0.17428317878927518,0.42601534582319744,-0.17200429950441648,0.9829371770222989,0.17629333408105954,0.42576649501210195,0.04177095971646766,0.3513742245378951,0.1778666008086433,0.41573656740642756,-0.18945284258751657,0.9728206651551389,0.17479699282419126,0.42512618360065313,0.02904521602959862,0.35397427990323044,0.17594214351404294,0.41366135222571265,-0.18589161904085263,0.9669272133282261,0.17401775930609034,0.4289186909085232,0.04296412549558143,0.3755572083450502,0.17473311225573235,0.41770370943205726,-0.16999202611900524,0.9492356379826871,0.14977242194470916,0.6903420289357508,0.061154188676959036,0.996885279814403,0.14846941190106538,0.6875360778399882,-0.061150088019314305,0.9960541214261743,0.143961848247619,0.7908616236277994,0.05579466248552008,0.1661951676720666,0.14324876807984863,0.7944612559818092,-0.0649438049821627,0.8591073864982248,0.1323078941731227,0.8912054498990383,0.07947282635030298,0.233607400031317,0.1319912395306997,0.9018680339767826,-0.04421378335072884,0.8682013409478331,0.12591682232561574,0.9037726010595055,0.07916522522767391,0.4082518390246803,0.12590021604583387,0.9143685386294417,-0.04446539566630412,0.9176484601838255,0.1479797384568624,0.9243458481062032,0.04914142759073352,0.36097231649217176,0.1509032178492774,0.9344260720979607,-0.095296231408914,0.8327240773609712
129,2150.0,0.16347537615469537,0.5190163127013617,-0.0017204967111216032,0.9961700609752114,0.15982304300580719,0.5122938028403695,0.00668404178161707,0.9960360612188074,0.15930284772600456,0.5124518360410419,0.00668272731958756,0.993883741753442,0.1586814597249032,0.5125553863389153,0.006701955538509154,0.9965137796742584,0.1590427586010525,0.5121593305042814,-0.01354081256847297,0.9970394458089562,0.15800832957029348,0.5122325420379641,-0.013507739773818424,0.9963064364024576,0.1569038970129831,0.512295565434865,-0.013514519403023378,0.9972441068717418,0.15213897717850555,0.5186273370470322,0.043045427384121114,0.9938840908663621,0.15101821720600134,0.5186307685715814,-0.04954754215266026,0.9961242718356002,0.16215171877826975,0.5264513024262021,0.013444315642118463,0.9945406956332079,0.16132048730339327,0.5262543090752195,-0.013362012670508456,0.9940006051744738,0.1478991423334395,0.554887081895556,0.08328028129679815,0.9890099763870243,0.14879752801997326,0.54428249171802,-0.10276441701820924,0.9970325274126874,0.16208769913230636,0.49495033068316363,0.11819387120859971,0.12666723185351922,0.16507457303149375,0.4881823126758851,-0.16778184154203965,0.9923513276236402,0.17340197946344116,0.4376249270779748,0.05256204413516183,0.30432132312229715,0.17431139307362703,0.42602934156145394,-0.17083594735179636,0.9824653438159402,0.17638044272150322,0.42603938707283584,0.04130027602825847,0.34205023518630456,0.17801236574138923,0.41613624138491506,-0.18821054271289298,0.9722322864191881,0.17487236963851127,0.42550283457551696,0.02860797569155695,0.3446659020015173,0.17620830876486648,0.4142215166773117,-0.18468946218490612,0.9661546732698173,0.17399015596934736,0.42909846774169386,0.04255545325577262,0.36668079452855273,0.17497717908450544,0.418169079082353,-0.16881562662976138,0.9481180735996795,0.15000279354197643,0.6903921834060128,0.06115010939538482,0.9968503585883556,0.1483066656759808,0.6873999706336436,-0.061146521674735235,0.9959724077156616,0.14392055783952995,0.7910713808877129,0.0556378063878843,0.16148617012160174,0.14325813416923797,0.7946111730166848,-0.06502756050654823,0.8551743839468279,0.13223233606134147,0.8915117723601209,0.07914606268916811,0.22592226948056915,0.13193658632891525,0.9019561537674499,-0.04413245485297272,0.8644341528415684,0.12586720926421033,0.9040780110018599,0.07879177480936055,0.4011216631957465,0.1258817517331669,0.9145374000072485,-0.04440356258835113,0.9171187749930797,0.14797181848968788,0.9244413801601958,0.04820342308708601,0.3506859242916109,0.150776461831161,0.934383992637907,-0.09519539773464206,0.8286976558821546
130,2166.7,0.16349871350186224,0.518927016428539,-0.0017612446515288716,0.9961141560758868,0.15993100724049988,0.5121861568519052,0.006524740385689915,0.9959617427417217,0.15941424774272112,0.5123489924839566,0.006523439195007091,0.9937712975910733,0.15876644636903497,0.5124621519020627,0.0065412534666912945,0.9964463327612205,0.15908774839980275,0.5120178801672802,-0.013546314190274909,0.9969790152141034,0.15802393215043212,0.5120927606310166,-0.013514965074136857,0.9962317134652828,0.1568840550524849,0.5121694973536906,-0.013521933229640126,0.9971866139343811,0.1521361214773996,0.5184071021420619,0.04271718912890984,0.9937354113374447,0.15084288907902588,0.5183988596711844,-0.04908118450215889,0.9960596050534937,0.16215201573712493,0.5263147141252248,0.013362833099173658,0.9944125626768393,0.1612807086535863,0.5260302467005596,-0.013235278560646949,0.9938782921859203,0.14772617604051327,0.5545088733945577,0.08340182793991906,0.9890436104365761,0.14792582818440037,0.543934958321708,-0.10246324911713604,0.996991106442043,0.16205915382930222,0.4943231173924042,0.11842436183776184,0.12184301071933343,0.1648417711257936,0.48787566593715154,-0.16693244235856197,0.9922820372240889,0.17346266124929716,0.4374832723821914,0.05326773066605844,0.2942679354122708,0.17438511231115894,0.42603213872228374,-0.16934760659933099,0.9820312985352112,0.1764389659677234,0.4263317542416711,0.041997029313019366,0.332774924380439,0.17811565207583577,0.4164530358144217,-0.186677002481052,0.9716851966721682,0.17493209029947024,0.4258488672120232,0.029397361911833314,0.33542906599385414,0.17643716186285022,0.4146745502948763,-0.18316801424537396,0.9654353473867695,0.17393958142825547,0.42932584243161354,0.043243351525494064,0.3578989761216302,0.1752037374036654,0.4184027825083053,-0.16733577847480782,0.9470771934304925,0.15031793820006512,0.690289220639638,0.06115404250366351,0.9968347762312215,0.1480699671166285,0.6869843261582516,-0.061151317719902364,0.9959224377359666,0.14389877447060187,0.7912995176655908,0.05531288390713081,0.1570108671273505,0.14325975733143942,0.7947003287928451,-0.0650906749069691,0.8515254812581202,0.13216525422675274,0.8917636871337897,0.07847528957894873,0.21865190459149242,0.13191325749669766,0.9020457438060221,-0.04415329785219262,0.8612576297351296,0.1258515023759434,0.9042864441871646,0.07806514948606495,0.39402445086411086,0.12592001365763805,0.9146972000598914,-0.04445264488458636,0.9168151957648147,0.1479924193450384,0.924348971673421,0.046796658475484185,0.34119925967284626,0.15064602983849398,0.9342885868889947,-0.09522738520588199,0.8254845440387731
131,2183.3,0.16353181997934985,0.5186939125969299,-0.001350528488512194,0.9961197418825972,0.16006703568356384,0.5119494880948752,0.006828802792976312,0.9959439323061995,0.1595552276287761,0.5121188504355295,0.006827592616900808,0.9937410794553307,0.15887873123089474,0.5122466044766563,0.0068436990203779415,0.9964248424484626,0.15915166799511246,0.5117325527327404,-0.012959691307817904,0.9969646930694589,0.1580548956990243,0.5118034850983396,-0.012930011587394851,0.9962158132167103,0.15687712033589699,0.5118939323084702,-0.012937401809419196,0.9971743282817661,0.1521443373390607,0.5180313629763472,0.0427530238493568,0.993663047041213,0.1506506364260402,0.5179828306039179,-0.0477411504834891,0.9960584427629209,0.16216755232640676,0.5260116826920286,0.013685548966307026,0.9943668955848338,0.16125847505671642,0.5256193138304214,-0.01257604072313934,0.9938495854536702,0.1475613677785511,0.5541129027094163,0.08380639020885737,0.9891643467403596,0.14694047506366467,0.5435052471501493,-0.10150970217017904,0.9969911248910994,0.16207726477157514,0.49361157914002796,0.11914896911808433,0.11754086471739274,0.1646496813212123,0.48760904371738467,-0.16574527358724964,0.9922233805769972,0.17357505645070775,0.43735413750012736,0.05503139893213912,0.2845363801433927,0.1745043365018709,0.42602373730568677,-0.16753927724702022,0.9816350411801116,0.17646890381972005,0.4266435965186076,0.04386121957075032,0.32354829212029823,0.17817645981198282,0.4166869506949473,-0.18485222189199374,0.9711793959140792,0.1749761548070682,0.4261642815101716,0.0314133746904277,0.32626377188024086,0.17662870280799411,0.41502045307840646,-0.18132727522225614,0.9647692356790822,0.1738660356828146,0.42960081497828195,0.045027820304745766,0.34921175312428265,0.17541278721321216,0.4184048197099142,-0.16555248165414455,0.9461129974751253,0.15071785591897516,0.6900331406366264,0.06116598800179508,0.9968385327430006,0.14775931622300845,0.6862891444138123,-0.06116447615481566,0.9959042114870891,0.14389649814083474,0.7915460339614327,0.0548198950432596,0.15276925868931282,0.14325363756645293,0.7947287233102899,-0.06513314818342529,0.8481606784321019,0.13210664866935648,0.8919611942200445,0.07746050701964474,0.21179630536408672,0.13192125303404686,0.9021368040924987,-0.04427631234838852,0.8586717716285163,0.12586970166081488,0.9043979006154197,0.07698534925778709,0.3869602020297733,0.12601500181924732,0.9148479387873703,-0.044612642555009796,0.9167377224990305,0.14804154102291395,0.9240686226458784,0.04492113375592802,0.33251232263587793,0.1505119218712763,0.9341398548512233,-0.09539219382263374,0.8230847418308266
