frame_idx,timestamp_ms,lm_0_x,lm_0_y,lm_0_z,lm_0_vis,lm_1_x,lm_1_y,lm_1_z,lm_1_vis,lm_2_x,lm_2_y,lm_2_z,lm_2_vis,lm_3_x,lm_3_y,lm_3_z,lm_3_vis,lm_4_x,lm_4_y,lm_4_z,lm_4_vis,lm_5_x,lm_5_y,lm_5_z,lm_5_vis,lm_6_x,lm_6_y,lm_6_z,lm_6_vis,lm_7_x,lm_7_y,lm_7_z,lm_7_vis,lm_8_x,lm_8_y,lm_8_z,lm_8_vis,lm_9_x,lm_9_y,lm_9_z,lm_9_vis,lm_10_x,lm_10_y,lm_10_z,lm_10_vis,lm_11_x,lm_11_y,lm_11_z,lm_11_vis,lm_12_x,lm_12_y,lm_12_z,lm_12_vis,lm_13_x,lm_13_y,lm_13_z,lm_13_vis,lm_14_x,lm_14_y,lm_14_z,lm_14_vis,lm_15_x,lm_15_y,lm_15_z,lm_15_vis,lm_16_x,lm_16_y,lm_16_z,lm_16_vis,lm_17_x,lm_17_y,lm_17_z,lm_17_vis,lm_18_x,lm_18_y,lm_18_z,lm_18_vis,lm_19_x,lm_19_y,lm_19_z,lm_19_vis,lm_20_x,lm_20_y,lm_20_z,lm_20_vis,lm_21_x,lm_21_y,lm_21_z,lm_21_vis,lm_22_x,lm_22_y,lm_22_z,lm_22_vis,lm_23_x,lm_23_y,lm_23_z,lm_23_vis,lm_24_x,lm_24_y,lm_24_z,lm_24_vis,lm_25_x,lm_25_y,lm_25_z,lm_25_vis,lm_26_x,lm_26_y,lm_26_z,lm_26_vis,lm_27_x,lm_27_y,lm_27_z,lm_27_vis,lm_28_x,lm_28_y,lm_28_z,lm_28_vis,lm_29_x,lm_29_y,lm_29_z,lm_29_vis,lm_30_x,lm_30_y,lm_30_z,lm_30_vis,lm_31_x,lm_31_y,lm_31_z,lm_31_vis,lm_32_x,lm_32_y,lm_32_z,lm_32_vis
0,0.0,0.15902344847009295,0.5424751823856719,-0.03897554613649841,0.9993947347005215,0.15649060408274337,0.5329219486032213,-0.033239355133402856,0.9991536722296764,0.15601858283792222,0.5328184068202972,-0.03327788643184159,0.9992383590766365,0.15542766451835632,0.5326635922704425,-0.03331854212142166,0.9994423502967477,0.15556769569714868,0.5329984596797398,-0.04917548437203674,0.9993878461065748,0.15457022119136082,0.5330269819214233,-0.04919032592858582,0.9993153626010536,0.15349145836773376,0.5331220626831055,-0.04920966852278931,0.999432524045308,0.14829373004890628,0.5370535595076424,-0.0032382869727110757,0.998696234964189,0.14619293489626475,0.5377924740314485,-0.07402632882197692,0.9989272043818521,0.15614522248506543,0.5531322714828312,-0.025680811632247138,0.9989204889252071,0.15470942961318154,0.5520334328923909,-0.046376091206357516,0.9992890357971193,0.1381824914188612,0.5895652543930783,0.05075317905062724,0.9982370932896931,0.1333158739975521,0.5893394748369851,-0.1029567186321531,0.9998924945081987,0.1297416949555987,0.6565297515619369,0.08813456215319185,0.10623099477518176,0.11424841926920984,0.6608786554563616,-0.11729755749305087,0.9838374626068843,0.15105118886345903,0.6925741263798305,0.055573197259079894,0.26424228399992,0.14608169347047814,0.7024795540741513,-0.10287944209717569,0.9312921663125354,0.15777321301755456,0.7039043860776083,0.0544534933620266,0.29359722172930125,0.15335453691936676,0.7175839742024742,-0.11766447659049713,0.9037086906887235,0.16163381579376404,0.7031794999326976,0.03823201260751205,0.3187666677293323,0.15742539578960052,0.7112822532653809,-0.11022475681134633,0.8926326533158622,0.15851031137364255,0.6989237112658365,0.0472454107144759,0.3101934897048134,0.1552264640728633,0.7067163529850189,-0.09939266581620484,0.8353257477283481,0.10874804215771812,0.7006834702832359,0.051833194458768474,0.9960898544107164,0.10134773967521529,0.7038734569436028,-0.051733115510571574,0.9991205022448585,0.11971958513770782,0.7838777601718901,0.10503471802387915,0.3979799605551219,0.1169466449036485,0.797273377577464,-0.02587791638714922,0.9960668087005617,0.1119766749796413,0.8730030144963945,0.17789918184280387,0.6327245008377803,0.10556998777957188,0.9028275509675348,-0.0014298923890149983,0.9922907224723272,0.11189605810102962,0.8866198673134761,0.18407450687317622,0.5645497554824467,0.09798995405435569,0.9218960376012892,-0.0012484294406713966,0.9704712288720274,0.13808106382687887,0.8913388011001403,0.17346706844511484,0.7875095690999714,0.13252104960736777,0.9184218985693797,-0.036845796342406825,0.9856265272412982
1,16.7,0.15878809669188093,0.5426515255655563,-0.055685370096138526,0.9994238785335003,0.15640396305492954,0.533118554524013,-0.05008963841412743,0.9991864178861892,0.15594779061419622,0.5330091544560024,-0.050120535971862896,0.9992634185722901,0.15536847071988244,0.5328502953052522,-0.05015078306730299,0.9994597434997564,0.15545519547803066,0.5331539724554336,-0.06655303894409108,0.9994080577577866,0.15444684773683548,0.5331551900931769,-0.06656715912478307,0.9993360681193219,0.15336985886096957,0.5332268348761968,-0.06658864979233055,0.999446996620723,0.14820941537618643,0.5370574167796544,-0.01803165576036133,0.9986989625862668,0.14612306335142683,0.5376858030046736,-0.09167013689875597,0.9989525207451414,0.15595532527991704,0.5530437103339606,-0.04144881386309858,0.998956539801189,0.1545643391353744,0.552027830055782,-0.06289344041475221,0.999324015208653,0.13798096776008606,0.5894298212868829,0.040867740820561174,0.998361063855035,0.1320158189960889,0.5891159645148685,-0.119709455541202,0.9998987487384255,0.12944494720016206,0.6549458674022131,0.07766068034938409,0.10699450171419556,0.11372897241796767,0.660488558667047,-0.13251764806253571,0.9841377905436928,0.15050353642020903,0.6901393490178245,0.04663611842053282,0.26681427231856764,0.14576609326260437,0.7014251479080748,-0.11727390704410419,0.9336689242294856,0.15701130138976238,0.7052358218601772,0.045283432384686836,0.29592147150209974,0.15315064894301553,0.7174261808395388,-0.1315246570323195,0.9070650296551841,0.16130701346056803,0.7015111872128076,0.030126098676451638,0.3203323611191341,0.1572252692920821,0.7108877258641378,-0.1269490569829941,0.8964759962899347,0.15843204302447184,0.6967289745807649,0.03873167945338149,0.3123006011758533,0.15502019013677332,0.7057867092745645,-0.11460075793521744,0.8404023178986145,0.10927458746092662,0.7003347107342311,0.05306424998811313,0.9962848126888275,0.1020833615745817,0.7036116038049971,-0.05301566342157977,0.9991641214915684,0.11988458037376404,0.7841317653656006,0.11596143458570751,0.3880063337939126,0.11698162289602418,0.7974480049950738,-0.03826709198100223,0.9954696936266766,0.11179959188614572,0.8707816941397531,0.19261876706566125,0.6266458800860815,0.10553823145372528,0.90284104858126,-0.023370107835424744,0.9920044924531667,0.11032305604645187,0.8842367700168068,0.19871122815779282,0.5635709634849004,0.09808987272637237,0.9211726103510176,-0.024541385438559236,0.969678895814079,0.13744496873446874,0.8910049838679177,0.1848485427243369,0.7835063423429217,0.1326643143381392,0.9183571892125268,-0.0635817851871251,0.9854053344045368
2,33.3,0.15857872579778948,0.5426726468971799,-0.06716159119137695,0.9994461025510524,0.15628890693187725,0.5331489571503232,-0.06164610226239471,0.9992132016590665,0.15584482359034674,0.533023089170456,-0.0616720550294433,0.9992821131433764,0.15527729051453731,0.5328542036669597,-0.06169522566986931,0.999472652162825,0.15532185775893081,0.5331554114818576,-0.07855691255203313,0.9994236571448193,0.154301931815488,0.5331251152924131,-0.07857051332082066,0.9993508032390053,0.15321927730526247,0.533163756132126,-0.07859387993812557,0.9994576232773917,0.14810539036989218,0.5368642466408867,-0.028165672549740863,0.9986967870167326,0.14603550306388313,0.5374189061777933,-0.10414463015539302,0.9989768224103114,0.15577963952507295,0.552775962012155,-0.052274462766945334,0.9989858141967232,0.15442337734358658,0.5518572585923334,-0.07434041824723987,0.9993550096239362,0.1377151470099177,0.5890606897217889,0.03414979869765898,0.9984696464879174,0.1309479528239796,0.588891816990716,-0.13178846452917373,0.9999045687062403,0.12916254039321626,0.6533383088452476,0.07017751357385096,0.106296682464225,0.11334266779678209,0.6601097200598041,-0.1432961954602174,0.9843206235340668,0.14985965830939155,0.6878601525511061,0.039835906720587226,0.265401130276067,0.1455614204917636,0.7002963764326916,-0.1268677903073175,0.9353201559611729,0.1562435850501061,0.7056492269039156,0.03821753763726781,0.29426997900009166,0.15305215652499882,0.7168326122420178,-0.14071662457925938,0.9095112383365632,0.16077566572598048,0.7000064722129277,0.02392667066305878,0.31777280994824003,0.15710666243519106,0.7101306532110486,-0.13810400984116966,0.8993183672428134,0.1581104174256325,0.6948191438402449,0.032241311988660294,0.3103877923318319,0.1548989095858166,0.7047439515590669,-0.12474304224763601,0.8441077555928916,0.10968812555074695,0.7000312422003065,0.0541359478873866,0.9964361446244376,0.10274222972137591,0.7033598380429404,-0.05412604234048299,0.999199526650565,0.11995453493935723,0.7844069387231555,0.1244543285242149,0.3772500114781516,0.11702133608715876,0.7975755078451977,-0.04689107515982216,0.9946960849421369,0.11162618494459561,0.8690860186304367,0.2040855533310345,0.6188014830861773,0.10551209694572859,0.9028443566390452,-0.037962558812328705,0.9913772174290253,0.1090929902025632,0.8821938080447065,0.21016426490885878,0.5612672950540271,0.09819174877234875,0.9206419246537345,-0.03996722476689937,0.9682876552854273,0.13683375503335682,0.8906740205628534,0.1942298944507327,0.7782633134296963,0.13268327925886433,0.9183352206434525,-0.08194042609206258,0.9847675476755416
3,50.0,0.15839533578781867,0.542538546380543,-0.07340420942221373,0.9994614067531774,0.15614543571358647,0.533013156482152,-0.06790874667820482,0.9992340235483086,0.1557096817663739,0.5328602109636582,-0.06793244360458288,0.9992944427898959,0.15515412390232097,0.5326753173555651,-0.06795186992912071,0.9994810762859533,0.15516768253984917,0.5330027767590118,-0.08518710519586296,0.9994346442676733,0.1541354734273185,0.5329367575191319,-0.08520038851669863,0.9993595679601041,0.1530397137006125,0.5329328264508932,-0.08522535896017444,0.9994644040153147,0.14798165503002358,0.5364740490913396,-0.033640337340849744,0.9986897082555868,0.14593025403363374,0.5369917835508078,-0.11144980859188813,0.9990001093773622,0.1556181652205332,0.5523290265174143,-0.05815775834378746,0.9990083121118098,0.15428654423781812,0.5515217185020451,-0.08071702470382061,0.9993820190429695,0.13738502916835613,0.5884578596977965,0.030599352681920662,0.9985628411883407,0.13011227548122417,0.5886670322645282,-0.13919374559606834,0.9999099544116435,0.12889447453476144,0.651707075891041,0.06568506182659245,0.10413753702527008,0.11308950540565317,0.6597421396346324,-0.14963319968609595,0.9843859615780065,0.1491195545310067,0.6857365369796757,0.03517256215924311,0.26000285787241817,0.1454676751579558,0.6990932396480021,-0.13166109188681566,0.9362458615075981,0.15547006399858576,0.7051446012088236,0.03325580911976953,0.28864274422327696,0.15305905966531674,0.7158032684099112,-0.14524037923131683,0.9110473167328614,0.16003977259000154,0.6986653549330579,0.01963372856733346,0.31108801421665033,0.1570695752189274,0.7090110353061136,-0.14368961538587308,0.9011597661744987,0.15754543457712455,0.6931942190442771,0.027774308320312288,0.30445506317274934,0.15486262241999318,0.7035880798385261,-0.12981951875346057,0.8464420608111797,0.10998865642717914,0.6997730646814624,0.05504828815658891,0.9965438502175475,0.10332434411559795,0.7031181596574334,-0.055064252267281254,0.999226717721849,0.11992944883448746,0.7847032802445554,0.13051339983940136,0.3657109936078392,0.1170657844770523,0.7976558861278358,-0.051749865923609084,0.9937459826469429,0.11145645415499106,0.8679159879684454,0.2122995406389238,0.6091913098380684,0.10549158425558189,0.9028374751408901,-0.04520724531972696,0.990408897399903,0.10820586056936363,0.8804909813971753,0.21843361712637419,0.557638750189827,0.09829558219228479,0.9203039805094407,-0.04752594742569189,0.9662975072860726,0.13624742272354318,0.8903459111849473,0.20161112362430222,0.7717804823602954,0.1325779443695433,0.9183559928621571,-0.09192171905721944,0.9837131670543133
4,66.7,0.1582273982820058,0.5422672033309941,-0.07084310019300102,0.9994689623514819,0.15595608523913804,0.5327163508960183,-0.06525683296578276,0.9992491489364994,0.15552548780327763,0.5325207738649281,-0.06528442601362869,0.9993000456265049,0.15498246394452606,0.5323109938984829,-0.06530671637682692,0.9994847348758159,0.15497446556886046,0.532703518867493,-0.08285985496782128,0.9994408630189449,0.15392690542198373,0.5325926400366288,-0.08287323940367931,0.9993617790085936,0.15280996830690485,0.5325297429448086,-0.0828999660554387,0.9994669499851415,0.1478201754036405,0.5358379454839801,-0.03133678037141053,0.998673671767826,0.14579740166664135,0.5363650747707915,-0.1105660618770691,0.999021700450353,0.15544339092004877,0.5516678804443,-0.055768390673966675,0.9990223561014455,0.15413105062076032,0.551000799451556,-0.07872585597492406,0.9994052648544318,0.136920159771329,0.5875371297200525,0.032407049976644085,0.9986431683812831,0.12940040656498508,0.5885004997253422,-0.13947294794377837,0.9999153386978883,0.12902190075034195,0.6497280427387787,0.06592659474838353,0.0998924605193593,0.11308317312172489,0.6595456259591244,-0.14859949052333843,0.9842381420589636,0.14827829599380504,0.6837565019017179,0.03306861949108898,0.24855065061932538,0.14557038886206503,0.698066549641746,-0.12753592857292728,0.9362388735725773,0.15466111046927328,0.7039594905717037,0.030596667723286744,0.2769753613642286,0.1531907781249002,0.7143678012348362,-0.14091341268448612,0.9114898812203187,0.15911934134506056,0.698098310402462,0.017518205834286565,0.298083000239872,0.15715665689536515,0.7075243932860243,-0.13912935980728705,0.9018231289727353,0.15671831227484215,0.6920327146848049,0.02572652262945972,0.2924687819821496,0.15496671483630237,0.7026349022274931,-0.12556585775954393,0.8471531016486038,0.11001349701767885,0.6995049885341105,0.056020087429455384,0.9966053338277915,0.1037246939681826,0.7028464504650667,-0.05604862953935355,0.999251184009371,0.11973986739204051,0.7849878243037638,0.13676313097987866,0.3502257679189957,0.11709768963711611,0.7976352771123256,-0.05244952387043412,0.9924727451233644,0.11122510369334909,0.8673274630591989,0.2222368859109426,0.5943485498428349,0.10546977534180603,0.9028268002328426,-0.04434330894478733,0.9889447149776285,0.10830941228639519,0.8785286233538678,0.2288750488133659,0.5503476262092595,0.098378031381539,0.9204658865928657,-0.046272612753368594,0.9634832569531039,0.13559046458630344,0.8899364783650359,0.21391999792485025,0.761535701297579,0.13234764763287143,0.9184585724558155,-0.09175909842763635,0.9820376719747279
5,83.3,0.1581253224895115,0.5418612020356318,-0.06734163775330503,0.9994751952943355,0.15578222842443568,0.5322509464763463,-0.06165625687156409,0.9992641551154008,0.15534873661540816,0.532000941889627,-0.06168540407504358,0.9993064886047733,0.15481428447223855,0.5317579905192061,-0.06170899651589852,0.9994891853559592,0.15481567524728332,0.5322445176896599,-0.07958514172406429,0.999447717553094,0.15375756862617684,0.5320857053711305,-0.07959853148176563,0.9993648727734892,0.15261360364300874,0.5319577909651261,-0.0796253620868638,0.9994709207898101,0.14766335274492004,0.5350073008310231,-0.028017848109205584,0.9986724967048288,0.14568890985988447,0.5355785460699176,-0.10861297590391984,0.9990507733254212,0.15532323505197265,0.5509306816827687,-0.05238345620178045,0.9990395250774573,0.15401069039390214,0.5503963260423573,-0.07574164831922173,0.9994278152783719,0.13643293792293196,0.5864140590031945,0.03495476022362712,0.9987098517872046,0.12907911127521887,0.5882577924501333,-0.138498216867447,0.9999199481237508,0.12851859842027946,0.6482243906883971,0.06753643176385339,0.09510772639796855,0.11304325823272986,0.6591636311440245,-0.14739407598972332,0.9841124301864995,0.14733866495745535,0.6816184804553083,0.03311447719378133,0.23624931772549965,0.1456530491511028,0.6964452550524762,-0.12418086188180115,0.9358279705047613,0.15401125379971103,0.7009836520467492,0.030330078321553433,0.2645069020135064,0.15340899285816023,0.7123337473188134,-0.13782844018368504,0.9113575248491204,0.15794924753052858,0.6964113002731691,0.017347191016943694,0.28433356966291173,0.15726523668993098,0.7055171756517324,-0.13507936256272463,0.9018181108293085,0.15574820055848088,0.6905185864085248,0.02567368311186633,0.2795761695929938,0.15507059721719663,0.7008731507119683,-0.12194337802273897,0.8469081861632217,0.11014569799105334,0.6993753342401419,0.056579454846325414,0.9966351531800777,0.10422818220797046,0.7026704152425135,-0.056605031270356446,0.9992635959670664,0.11956666729279936,0.7853766594614308,0.1374956277154742,0.3395280724480041,0.11715270720777066,0.7976584264210298,-0.04900276749616581,0.991381262029921,0.11109426014480145,0.8672337503660299,0.2226004586333322,0.5842761255445938,0.10545722253265842,0.90280150231861,-0.035939987216677016,0.9875437787600934,0.10783424086513982,0.8776966673987259,0.22922556031317956,0.5463401731990637,0.09849428350017192,0.9203751229104548,-0.0372097401746682,0.9607018232345588,0.13515168712252673,0.8896161459741144,0.21497017216114786,0.7549880544344589,0.13200371251219806,0.9185873042969483,-0.08361834394080304,0.9804625766617918
6,100.0,0.15798285319691624,0.5411851207415267,-0.0657185411878995,0.9994712074597684,0.15555518156006232,0.53161366780599,-0.06002715726693476,0.9992651428495141,0.15512298118500495,0.5313164279574443,-0.060056251606770965,0.9992983284450719,0.1546050139835904,0.5310440858205163,-0.06007994409827963,0.9994825720787055,0.15459192721616666,0.5316181495076138,-0.07782194195758735,0.9994445585069209,0.15352449743520657,0.531417514596667,-0.07783626303786328,0.9993565706979668,0.15234683312120903,0.5312254201798216,-0.07786462562424801,0.9994671174458102,0.14752051518076953,0.5341395877656486,-0.026619056860605894,0.9986473974727457,0.14551772177219402,0.5347602083569485,-0.10650176519439342,0.9990698411351165,0.15522953087375288,0.5499614619073417,-0.05086875440818926,0.9990418411436544,0.15391096259866455,0.5495585997899377,-0.07403226622513367,0.99944255465553,0.1361188299599149,0.5853121763183962,0.035978408086867586,0.9987514785357892,0.1290774501505353,0.5879232883453374,-0.1366743856952305,0.9999236294201449,0.12795166955107745,0.6469005516597208,0.06741411167950861,0.08949661432277595,0.1130234251419704,0.658586598577954,-0.14535034270513636,0.9840704145885656,0.14641934491339192,0.6798994796616695,0.03242931834289008,0.22189257826123934,0.1457928433304742,0.6947801936240428,-0.12150382144110553,0.9353267408552631,0.15296695062092383,0.6976333799816319,0.029541617348080612,0.2499171821844012,0.1537420323916845,0.710286208561489,-0.13493347877547862,0.9109163028853288,0.1565548891112919,0.6944672862688706,0.01685092403065592,0.2684027006228767,0.15742553841500068,0.7036113455182036,-0.13199106994129373,0.9014563106355219,0.15434428765660252,0.689492543538412,0.02505310358745713,0.26447896446500524,0.1552223080680485,0.6991324878874284,-0.11917683233817426,0.8463291639373423,0.11027997554767707,0.6993119063831517,0.05662393481248905,0.9966359564236239,0.10468184273867387,0.7025273981548497,-0.05664595837394401,0.9992653727531441,0.11935472311008552,0.7857030743644356,0.13527350482486553,0.33079965341658846,0.11723249653975178,0.7976905930609937,-0.04527161057506292,0.990228664307368,0.11104149477822448,0.8672609385989968,0.2193178704806738,0.575582447506133,0.10547923154774175,0.9027525413604016,-0.026852077715808456,0.9859487982023337,0.10733359874713996,0.8778595101265687,0.22594080723467344,0.5428702206838703,0.09864421366226113,0.9201797502381468,-0.027503927548726416,0.9575295646985379,0.13475250417277937,0.8893562044416161,0.21118232324009867,0.7492416813260039,0.13163660253797269,0.9186559631710968,-0.07478943289745427,0.9786805198306135
7,116.7,0.15773680877117896,0.5405623969577611,-0.06508140336899534,0.9994644749732251,0.1552631798244659,0.5310879349708562,-0.0594346564085711,0.9992621257191621,0.154841503926686,0.5307697738919943,-0.05946374383001105,0.9992859562238064,0.15434121446950105,0.5304855079877948,-0.05948734886589509,0.9994729416710997,0.15428679330008382,0.5310940316745217,-0.07712594100407197,0.999438887550718,0.15320693807942537,0.5308677752812707,-0.07714174049241207,0.9993452798752565,0.15200139298325505,0.530633267902193,-0.07717188483192813,0.9994615543456312,0.14727680101281132,0.533531399000259,-0.02621595508285933,0.9986167890684953,0.14523927441665113,0.5341955451738271,-0.10558219005664199,0.999086260795594,0.15505650213786545,0.5492006738980615,-0.05030103968012904,0.9990411202112841,0.15370121172496262,0.5488561391830449,-0.07331527130944393,0.9994540186155416,0.13582820338862292,0.5842367098444988,0.03617407363795101,0.9987904202370423,0.12908209718409047,0.5876032993907025,-0.1354921694312778,0.9999266948018763,0.12761026904696518,0.6458451946576441,0.06645370594092782,0.08493917116097048,0.11300653396617807,0.6580530007680261,-0.143461008157049,0.9840861644063685,0.14578716669763847,0.6785435932023189,0.03076590163012348,0.21023082875070132,0.1459366941735859,0.6932604170980913,-0.11901996710470752,0.9352344444819866,0.15205917117141554,0.6950655835015438,0.027639237010762825,0.23803613725162703,0.15406146290756417,0.708676519848052,-0.13196332397915078,0.9108933437438245,0.15546477195762465,0.6924330705688118,0.015211255954844622,0.25537798660142097,0.15756931120441084,0.7020403175126944,-0.12925252460298095,0.9015559752782192,0.1531906688497181,0.6884115338325506,0.023455080177102787,0.2521612736440842,0.1553528301772618,0.6975812713305161,-0.11665908353669312,0.8465415806997396,0.11042900702783047,0.6992161273956304,0.05643248362910184,0.9966227298691166,0.10499620508579988,0.7023912441162841,-0.05645198410465607,0.9992590518224814,0.11918351763770703,0.7858002185821539,0.13293588587215976,0.32368641240256196,0.11731438551630301,0.7977596549760734,-0.04263071307823775,0.9888286647342508,0.11095705273605536,0.8671994095756901,0.21614484063216632,0.5673582837695171,0.10549955460287283,0.902694381418683,-0.01976904091203498,0.9840454345657719,0.10708669679505492,0.8782808127857397,0.22286997806458264,0.5393832836832323,0.0988004413389025,0.9198860242253265,-0.019965488507988922,0.9538258853412817,0.1345008129165287,0.8892697266169963,0.2082595676183702,0.7436535869325915,0.13131263781161545,0.9185334103448057,-0.06772362121513917,0.9765742364383886
8,133.3,0.15741706887880974,0.5400558710098271,-0.06508700975349976,0.9994617416745148,0.15493405291012366,0.5306733477683299,-0.059495948787246476,0.9992617397081291,0.15452549287251077,0.5303457861854921,-0.05952427394333344,0.9992763400077826,0.15404176853951965,0.5300523411659972,-0.0595468768761272,0.9994647644814998,0.15394357982135964,0.5306539251690823,-0.07710174045392451,0.9994367219152912,0.15285518978323265,0.5303943441027691,-0.07711873487347654,0.999339353470576,0.15163200738884164,0.530113898572468,-0.07715005924304331,0.9994605495816193,0.14698280961740595,0.5330535485630947,-0.026308461491550736,0.9985847586677196,0.1449007973784493,0.5337149131865733,-0.10526726004623238,0.9991064043272117,0.15481415249052513,0.5486368309883848,-0.05030056355254994,0.999043850671678,0.15342021910917203,0.548313623382932,-0.07320070373160503,0.9994669897215714,0.13561956513495682,0.583379569507781,0.03591105164516542,0.9988274318831315,0.1290546776283356,0.5872310598691308,-0.13512538018680764,0.99992988506953,0.127536721172787,0.6450995859645666,0.0663986064138867,0.08123849758080079,0.11300936696075267,0.6575652559598292,-0.1428945100023634,0.9842441706430352,0.14559262849035726,0.6775586832137339,0.030613301055771987,0.20112591698056193,0.14604392505827415,0.6919970597539634,-0.11832730117298317,0.9361259852136891,0.15164179106553405,0.6936828919819429,0.027410021938738385,0.22888802701518668,0.1542834242184958,0.7076520408902855,-0.13082508529935571,0.9120324679783419,0.15498249516600665,0.6912610303787963,0.014828693742553403,0.24528938106128162,0.1576582214662008,0.7011149270193923,-0.12864755803630473,0.902920705931528,0.1527617190565383,0.6868912293797452,0.023254604389270163,0.2426603315841586,0.15542874449775343,0.6965074425651918,-0.11600414273284738,0.8485678973652073,0.11060489607708802,0.699176478953589,0.056398068687745544,0.9966261216572361,0.10535767745404023,0.7023524017561054,-0.056418289918275154,0.9992580924715322,0.11905031935090118,0.7859843628747128,0.13261270026365926,0.3188667964367642,0.11742846135582252,0.7978403057370873,-0.042053097238143315,0.9876316587130236,0.11087396350644893,0.8671539028485622,0.21623069331759515,0.5620446233522328,0.10553503320330673,0.9026440637452269,-0.018084995138148482,0.982490343706949,0.10699914821556644,0.8785542221296407,0.2230858377047949,0.5380683172316783,0.0989389298927217,0.919594395728339,-0.018252520688942515,0.9508302410443631,0.13420492055870248,0.8891258268129265,0.20850168097586874,0.7400952577590948,0.1311646430265337,0.918421197505225,-0.0654015924249377,0.97490014632543
9,150.0,0.15704909818513063,0.5396702034132825,-0.06473740580536075,0.9994647531282341,0.15455807887372527,0.53039977096376,-0.05918149756533763,0.9992683047340037,0.1541573391074227,0.5300785076050536,-0.05920935954366416,0.9992751507532036,0.15368486373197476,0.5297855678058809,-0.05923174570004149,0.9994625591096431,0.15354150888465712,0.5303424738702324,-0.07668744630756838,0.9994398241951359,0.15243247860953935,0.5300539504914061,-0.0767048352531025,0.9993404831205103,0.15119780741986785,0.5297442674636845,-0.07673555825437824,0.9994642422312789,0.14659922818342855,0.53278413556871,-0.026114018101777367,0.9985661478269675,0.1444879699321021,0.5334124508358187,-0.10463316099984313,0.9991296160788771,0.15452641532534656,0.5482280453046167,-0.04999010814797314,0.9990520590827585,0.15310391996588035,0.5479174994287042,-0.07276366828452978,0.9994810564177384,0.1353435211238408,0.5826613023167568,0.035576971336489654,0.99886460247494,0.12904990358012072,0.5869137815066751,-0.13447333659444546,0.9999330043792731,0.1273180672100613,0.6445818600200477,0.06645926620279044,0.07798963643255694,0.11308365386156817,0.6570635352815906,-0.1422642646800905,0.984408792995272,0.14516275695392072,0.6770968493961158,0.031003125810197447,0.19340771649565028,0.14611320410455986,0.6911599976675856,-0.11758073312895646,0.9369642365546461,0.15137911978222085,0.6932062080928263,0.027930435502812996,0.22128855117729748,0.154478933839571,0.7070631753830688,-0.12980097106524885,0.9131543097041908,0.15471225054491144,0.6908927361170456,0.015070145594931795,0.23686787698950104,0.15779108021940516,0.7006119149071834,-0.12773196612085624,0.9042773729278935,0.15252746783551727,0.6859453121821091,0.02359241876928581,0.2347188478424437,0.1555309324037462,0.6959690480005178,-0.11521919142632266,0.8506238034793314,0.11068919833217356,0.6991290450096135,0.05641557524601623,0.9966418913432536,0.10574488625639969,0.7023290168671387,-0.05643596446939881,0.9992640302294784,0.11898971952143178,0.7862344696408232,0.13240774685428267,0.3156549249376572,0.11761417594693964,0.7979182373909729,-0.042622387941394564,0.9867910458928071,0.11081457954077502,0.8671858622914275,0.2159091560613543,0.5595741640953795,0.10558980419522249,0.9026295173735852,-0.020610569089296333,0.9814595125970393,0.10703993766080773,0.8789665982836776,0.2227322629519873,0.5384249999409634,0.09906108996697842,0.9193654628027059,-0.021102438059945914,0.9487183207557321,0.13403784590108064,0.8888385664849061,0.20814849152451484,0.7382791496458514,0.13121183145613907,0.9182315639087139,-0.06567630916833882,0.9737899956249062
10,166.7,0.15667407001767852,0.5393101856822062,-0.0638440772891045,0.99946639651344,0.15413944919904082,0.5301060307593577,-0.058279353770471796,0.9992715375764036,0.15373649483635324,0.5297899359748481,-0.05830666245449161,0.9992722556704574,0.15326719269866046,0.5294974134081889,-0.0583284295031003,0.9994584321975715,0.15310810719217582,0.5300178045318245,-0.07574353047779633,0.9994405195826583,0.15198210591361647,0.5297093135969984,-0.07576070264691404,0.9993401396842236,0.15074474470955995,0.5293840879485725,-0.07579091865391964,0.9994652668635058,0.14615159517242804,0.5325750396365214,-0.02526122943631242,0.9985396436282574,0.14405826585633424,0.5331648730096368,-0.103587303133238,0.9991465040615634,0.15422068039576226,0.5478466266677497,-0.049120794094744215,0.9990543893405377,0.15279258787632,0.5475533264023921,-0.0718356324803262,0.9994919073014039,0.1351274230650494,0.5822265829358786,0.0357556265024912,0.9988906326748083,0.1290344297885896,0.5865904433386671,-0.13373303768180675,0.9999357092948193,0.12707696642194483,0.6442580478531978,0.06754706267799655,0.07501567084164852,0.11317388997191484,0.6564770312536334,-0.14212717541626532,0.9846266962233052,0.1447616247903734,0.6773974129131867,0.03228242464718367,0.18628696600596123,0.14613762072154463,0.6907534116790413,-0.11777696297282272,0.9380300357228241,0.15138799094018493,0.6935062039466137,0.029394969876323448,0.2143512538501196,0.1545841417142324,0.7067048748334255,-0.13000526172774188,0.9145707857041139,0.1547525560572035,0.6912964440527422,0.016227098004448992,0.22918707983834422,0.1579055509396963,0.7002936119125007,-0.12790503672191084,0.9059303715115508,0.1525500998610543,0.6861910053661897,0.024794451892375963,0.2274654081889563,0.15561057981990645,0.6957962115605677,-0.11538282107739228,0.8529561587742402,0.11089625245048894,0.6991155346234645,0.056476905054989354,0.996654839742752,0.10613105765410838,0.7023197071892879,-0.05649554090840481,0.9992706009319856,0.11895119682663971,0.786539032345727,0.1316376534246264,0.31500528539930095,0.11783094952503849,0.7979672182173962,-0.04493369268519541,0.9863556992440004,0.11076950849521737,0.867509373596737,0.21469769804250644,0.5610788379396716,0.10563955846286963,0.9025744142986486,-0.026757282737110363,0.980975684665499,0.10674274712800988,0.8794093046869557,0.22134351162683413,0.541611044179826,0.09913437742562528,0.9190701615242738,-0.027686139657383896,0.9475262448901228,0.13390656383264643,0.8887257547605611,0.20686875780423497,0.7389495429538551,0.13119880571251832,0.9181203529948287,-0.07217436886969071,0.9732759878748947
11,183.3,0.15634608765443178,0.5389150409471425,-0.0629309037966388,0.9994768784159713,0.15372976164023094,0.5296940831911,-0.057332400764737855,0.9992847130412155,0.15331448969386885,0.5293698935281667,-0.05735912812607633,0.999281823635102,0.15283915329547165,0.5290692193167554,-0.057379629817746976,0.9994626101993387,0.15270345764500765,0.529596240747543,-0.07482807054406126,0.9994495198840194,0.15156533462660665,0.5292756614230931,-0.0748449957796506,0.9993512999443788,0.15033257788135904,0.5289471206210912,-0.07487450752939502,0.9994739861715415,0.14572113752365123,0.5322392015230092,-0.024357561376832797,0.9985316111927948,0.14370115952832369,0.5328249250139513,-0.10281138654266092,0.9991704282306496,0.1539360284805299,0.5474707001731514,-0.04822368139312384,0.9990657738276898,0.15252130514099493,0.5472068275724142,-0.07098339001337692,0.999507095132556,0.1349851865144004,0.5819931314105083,0.03655468761211353,0.9989168871016736,0.12903138285591498,0.5862919943673275,-0.13326368303526026,0.9999387604849685,0.1268318671555747,0.6440691862787524,0.06863365073998774,0.07229199650741763,0.11329653575306856,0.6558582669212709,-0.14246906482038055,0.9849615352494383,0.14443491966951472,0.6777030201185322,0.03324383248885475,0.17975258330504112,0.1461086230618614,0.690279881159465,-0.11832404136657723,0.9394780879928959,0.15153343975543987,0.6935825291134068,0.030497031286358854,0.2080982185545423,0.1546527303400495,0.706233251662482,-0.1309298404625485,0.9165008806046993,0.1549494749023802,0.6914752579870682,0.0170663892779322,0.22226488519282583,0.15798229333900282,0.6996444066365566,-0.12843830102965953,0.9081294337908433,0.15268081142788853,0.6862661753382007,0.025687351024576616,0.22089212707110828,0.15563349709624347,0.6951165852092567,-0.11586348251217896,0.8558800362405329,0.11109397915147608,0.6991260051727299,0.05657812633684708,0.9966967701911934,0.10643738933971958,0.7023430324736101,-0.056593067589260325,0.9992912581988751,0.11895044502757852,0.7868425164903918,0.13271762501625797,0.31865228641600857,0.11804870728935522,0.7980231926554731,-0.04940069821618856,0.9866361646425164,0.11077518725679042,0.8678444482031329,0.21629485487937944,0.5696636324837099,0.10567114111923044,0.9025002292224346,-0.038376628332549644,0.981413384278616,0.10644763034014483,0.8797803719838466,0.2226896640800296,0.5499344723565242,0.09916327432507567,0.9187566637992866,-0.04012375843844246,0.9478224033401133,0.1339607338110607,0.8886751731236782,0.20764065072650018,0.744590594654992,0.13119622284457805,0.918111023448763,-0.08476960126842777,0.9738397598266609
12,200.0,0.15605182945728313,0.5383588643301105,-0.06246809625909447,0.9994900198209861,0.15331690439156134,0.529171134744372,-0.05687615133467179,0.9993011582465406,0.15289330908230384,0.5288364802088059,-0.05690184483925506,0.9992953993025286,0.1524160589490619,0.5285251878556755,-0.05692057630845483,0.99946924902144,0.1522801624877113,0.5290757247379851,-0.07422366277092984,0.9994616111119594,0.15112922801857914,0.5287535162199115,-0.07424117305449082,0.9993670781453458,0.14989746468407777,0.5284355226017183,-0.07427040700401585,0.9994863470395414,0.14534751928987966,0.5318006106785369,-0.023861709716064605,0.9985293745994575,0.14334468614487433,0.5324484365327022,-0.1017251820081757,0.999198081947509,0.15370649879887,0.5469116540182208,-0.04776662996127495,0.9990803826422926,0.15230440596739464,0.5466955474444802,-0.07034412168321161,0.999524014336723,0.13495564531712317,0.5817758440971379,0.03741223098976274,0.998938903922127,0.1290332277615866,0.5859432844888601,-0.13219508102961958,0.9999418769563955,0.12660040599959246,0.6438194967451554,0.0692972029958453,0.0696165270748593,0.113493741622993,0.6551092607634412,-0.1418457378943762,0.9854554704257428,0.1441777291752044,0.6777946239426027,0.034039181612786816,0.17353561875366041,0.14616251701400404,0.6897974695478172,-0.1182317208676112,0.9412741689454949,0.15148538705848524,0.6930676045871922,0.0313837275441204,0.202297553420067,0.15482381766750708,0.7056643253281007,-0.13081789442471103,0.9187944900421876,0.15492281033879246,0.6909688824699043,0.0179536422448499,0.215844933475767,0.15821524603026266,0.6987704322451642,-0.1284896114042828,0.910717422053928,0.15259011586507173,0.685635470208668,0.026522049946444394,0.2146778120881037,0.15581646703538451,0.6941994315101991,-0.11585118302277164,0.8594195360229135,0.11136292346886234,0.6991403017725268,0.056494749195518994,0.9967380535034913,0.10665972069615418,0.702354300589789,-0.05650784767099794,0.9993170443035314,0.11894159338303983,0.787026967321124,0.13363034455549158,0.3237408328624001,0.11824207185279764,0.7980031569798793,-0.05386689624616082,0.9871986848967423,0.11074449760573259,0.8681018749872849,0.21802229824520308,0.5800355587686816,0.10569443802038836,0.9023841335659942,-0.048585221614866066,0.9821661597206486,0.10612799298195619,0.8800265107836049,0.22436068739209872,0.5592199053083151,0.0991892779157276,0.9184183563504907,-0.05095611557009678,0.9486697968982523,0.1338896368231093,0.8885980021385925,0.20856647903010972,0.7513977005368193,0.13117825204417827,0.9181447596777059,-0.09576829664763958,0.9747660330363689
13,216.7,0.15575030729884204,0.5377939031237651,-0.06358794459984421,0.9995094480968664,0.1529185473918916,0.5286413544700264,-0.057989830239897726,0.9993266207831254,0.1524979237999236,0.5283030271530156,-0.05801431923395116,0.9993183130309703,0.15202496307236818,0.5279885927836104,-0.058031158965258414,0.999483545621237,0.15185034842718226,0.528561685766493,-0.07519436556668513,0.9994806704067056,0.1506823010387876,0.5282482817059475,-0.07521268689916252,0.9993906986145753,0.14945183055741457,0.5279584101268228,-0.07524138440688456,0.9995051764306575,0.14500046627862123,0.5313655989510677,-0.024658415643941806,0.9985468784968066,0.14297365432693854,0.5320995733851481,-0.10187054283562168,0.9992331720533834,0.15348105487369368,0.5463245227223354,-0.04873841770348099,0.9991068698111042,0.15205796559651702,0.5461412157331198,-0.07114007253022427,0.9995449639502033,0.13492803204627274,0.5814595165706821,0.03777825796887991,0.9989743913922998,0.12898278945968272,0.5856107189541775,-0.13239529232184102,0.9999449962661386,0.12654293293044688,0.6437041731107807,0.06902334094047552,0.06781083132539481,0.11374312213488995,0.6544764496031267,-0.142602039944558,0.9859812855720527,0.14417717357476562,0.6777461057617555,0.03278937013376329,0.17053577516760157,0.146335073879787,0.689075316701617,-0.1195640063711576,0.9432788150651121,0.15153091294424886,0.6924669231687278,0.029907393136194796,0.19998705458073404,0.155108337601026,0.7048527655147376,-0.13229732783067805,0.9213234611919955,0.1549499524491175,0.6903271845408853,0.01651870574624767,0.2131409141279404,0.15854399757725862,0.697748028096699,-0.13015198778538487,0.9135587187040426,0.1526307605561757,0.6835845822379707,0.02523493110423998,0.21193134075119396,0.15608935341948565,0.6929547048750383,-0.11724244448400688,0.8633944959867574,0.1116800812028704,0.6991433813458402,0.05659657574835282,0.9967923561731982,0.10685970953532635,0.7023598977497651,-0.05661292924057874,0.9993427509353282,0.11894200600328908,0.7870681910287771,0.13374651684647526,0.3294279788221634,0.1184139542636418,0.7979684273401901,-0.05686035965170184,0.9876074592272448,0.11071686943372099,0.8681264292626161,0.21796457753295007,0.5902572614806043,0.10569112854344512,0.9022113964671187,-0.05360836145423711,0.9827457155500148,0.10604425093957363,0.880070172605061,0.22429193840140402,0.5681119362513228,0.09921435657001684,0.9180935990242738,-0.056214806579408236,0.9493001983279281,0.13385530099982318,0.8885432737214232,0.2087707122166953,0.7581394399915429,0.13115807587192183,0.9181373459952226,-0.10157423253570291,0.9755430562155594
14,233.3,0.15544525498435624,0.5371744434038802,-0.06368406436273034,0.9995260352180125,0.15253760133470817,0.528060717242105,-0.05791606381535534,0.9993490661893579,0.15212363714263563,0.5277273654937747,-0.057939166646628196,0.9993376618339909,0.15165528513136375,0.5274173816045129,-0.05795358405226757,0.9994960228602099,0.15145063613142296,0.5279991059076221,-0.07525978095474703,0.9994972121147889,0.15027738610903435,0.5277008527801155,-0.07527786209469756,0.9994112366721751,0.14905408379577467,0.5274402527582082,-0.07530763674350016,0.999522058736711,0.14468563880239224,0.5308989030974256,-0.02382739535754637,0.9985547775313975,0.14263757495653073,0.5317101194745022,-0.10152928850480494,0.9992644247554605,0.15325335874443974,0.5456977742058895,-0.048495930752583946,0.9991293634687158,0.1518156741346633,0.5455426119622734,-0.07106800270932066,0.999563171750024,0.13469291513874426,0.5810760458310449,0.040298243718487906,0.9990058002017801,0.12893646884532212,0.5852028245017646,-0.13301418012096777,0.999947789169494,0.1263930293775741,0.643581520943415,0.07133187460047863,0.06619325918810712,0.11399549352271224,0.6539699917747865,-0.14400664468606322,0.9865304174877356,0.14432496612980264,0.6774951503390363,0.03444010427310355,0.16827702025572472,0.1466164475395567,0.6883921935444792,-0.12170107449804042,0.9454585313797004,0.1514573083037423,0.6917519966761276,0.031693191932780425,0.19841836818626962,0.155527582480794,0.7041932088988173,-0.13477728338468653,0.9240261089234132,0.1549219269128074,0.6895854047366556,0.01818510411041125,0.21122564659232201,0.15902424355347963,0.696964215664637,-0.13248478372891753,0.9165626593998507,0.15264388280255464,0.6815284887949631,0.026776390416281583,0.2098707748310908,0.15653003326484147,0.6918796158972246,-0.11932017512264714,0.8675603071848558,0.11194080752985827,0.6991011273293273,0.057172374711150255,0.9968407778512871,0.10708927398636235,0.7023375233014431,-0.05719753833753727,0.9993625510306593,0.11894541836920247,0.7870866088640127,0.1332964017277673,0.33418642906915597,0.11857030505225781,0.7979168466159281,-0.058869399485133984,0.9879258502097364,0.11069388758568544,0.8681786287398572,0.21709159229482938,0.5992369538261781,0.10568167553061539,0.9020409158297953,-0.055591290373177796,0.983298477672396,0.10599813361962644,0.8801052627109351,0.22328147646926716,0.5761554354713081,0.0992413262526195,0.9178716029439661,-0.05821728564444047,0.9500598538489576,0.1338327115490324,0.8885219295819606,0.2070985840899605,0.76415065640495,0.1311459761290324,0.9181464796974552,-0.10392280419667568,0.9763173971857351
15,250.0,0.1551179587841035,0.5367011825243635,-0.062293125582592875,0.9995413365818213,0.15216702293782017,0.5275958975156152,-0.05630505031773026,0.9993697887375248,0.1517515111537208,0.5272760589917505,-0.05632671412257925,0.9993558838253936,0.15127991849467878,0.5269793896448048,-0.05633855593346418,0.99950887475695,0.1510890963531677,0.5275433063507085,-0.07407268136739736,0.9995117215883171,0.14992238368306854,0.5272556798798701,-0.07408888744456432,0.9994291549637212,0.14871284365654003,0.5270159301303685,-0.0741204747131893,0.9995364688691646,0.14432385918639964,0.5305482035591493,-0.02142164576798679,0.9985659604980839,0.142319977993057,0.5313930312792464,-0.10085504892326544,0.9992908721878422,0.15298038295337144,0.5452656887826469,-0.046720553366910875,0.9991505997521544,0.15155909387838284,0.5451258534476875,-0.06982641276859107,0.9995783822877073,0.13421561604454413,0.5807264362062732,0.04419431498362908,0.999036391576132,0.12892836048489537,0.5847408743131732,-0.13335547489779345,0.9999502414748789,0.12599964972053262,0.6436202213877729,0.0759269705130941,0.06480660502399721,0.11422111306871695,0.6534984196935386,-0.1457209260690781,0.9870643502190006,0.14447884474481865,0.6771412775630048,0.039560751013812595,0.1669839911517644,0.1469286254474096,0.6878510571661455,-0.12570001929998406,0.947762915066311,0.15133179937090202,0.6912046585764209,0.03738764017110782,0.19783234170504993,0.15599310327143906,0.7036631135713491,-0.13955519738651467,0.9269135821433301,0.1548878373134705,0.6890784871010558,0.023378199321173503,0.21035419972169983,0.15956734901382819,0.696307826609839,-0.13665037353833526,0.9197231786591672,0.15262309781142652,0.6805753707885747,0.03169392342013974,0.2088385572036109,0.1570483921539217,0.6911269057364695,-0.12317137952361797,0.8718776021684925,0.11198941334372484,0.6990541986056742,0.05799075730499771,0.9968966103735432,0.1074495943529266,0.7023284861019685,-0.05802460866315028,0.9993780397233516,0.11889248163927177,0.7871099142801199,0.13279757116522117,0.3373960980347227,0.11872107074374252,0.7978770505814332,-0.05830024129578049,0.9881912100882765,0.11067706381990805,0.8682209792591282,0.21628429421356762,0.606903521787553,0.10568249332053328,0.9019047532762807,-0.05236956352988883,0.9838555880955295,0.10598322997490572,0.8801080556142905,0.2223835026934035,0.5837421814600631,0.09927124778429675,0.9177608404840749,-0.054707133521636364,0.9511064972196314,0.13382484515508025,0.8884998446419132,0.2053347073850179,0.7695665274347583,0.13115956244014568,0.9181532575970611,-0.10015584563925159,0.9771051889374149
16,266.7,0.15480193424792527,0.5363251424971085,-0.060569384268352004,0.9995551733743584,0.15181124636105142,0.5272080756369095,-0.054353764724163825,0.9993882888839366,0.1513885564747312,0.5268970813070029,-0.054373875792537454,0.999372845604307,0.15090978642304748,0.526607541810899,-0.05438245016904108,0.9995210113979528,0.15075439001832702,0.5271500774792266,-0.0726273003078643,0.9995244145393378,0.14959645413217101,0.5268630953062152,-0.07264149614742829,0.9994450835954583,0.14839306757563647,0.5266229169709346,-0.07267467606635326,0.9995487218811405,0.14396179290044886,0.5301826709792732,-0.0186514130216979,0.9985794339861196,0.1420234257266636,0.5310324430465703,-0.10020481227409281,0.9993137887546002,0.15268351350511833,0.544896659396944,-0.04463136515447075,0.9991705133801422,0.15128940343856823,0.5447694943064738,-0.06836579349778951,0.9995915861356834,0.13383306704816372,0.5803418216251196,0.0481121870023864,0.9990651153382808,0.1289381008772624,0.5841703074319027,-0.13350055473191408,0.9999524326551534,0.12557174229905727,0.6434477766354884,0.08041585910887952,0.06352496306811065,0.11434148110094533,0.6529482148942498,-0.1472286738100507,0.9875539001964394,0.14451950859455848,0.6767948440143046,0.044256361822287274,0.16560301610401712,0.1471513779390427,0.686980661891756,-0.1294392765987488,0.9499216874440517,0.15116944980053687,0.6905520842188886,0.04258825523512707,0.19702097631636134,0.156360482176145,0.702670778547015,-0.14400053662913198,0.9296657641728726,0.1548469683953695,0.6884455538931351,0.02825243052627361,0.2092973426693963,0.16000149718352738,0.6953577626319163,-0.14054659718558912,0.9227094479969576,0.15264637555394867,0.6803085974284586,0.03626784593576479,0.20766367302054467,0.15745104991254363,0.6902457532428565,-0.1267946972733453,0.8758254335040144,0.11196053418375206,0.6989776634034661,0.05883261916183294,0.9969727425348198,0.10776589065790185,0.7023024984768464,-0.0588718750292347,0.9993941443307066,0.11881156939835785,0.7871715312912356,0.1330738195351193,0.341660797595978,0.11883652139277694,0.7978397863251828,-0.057646559462660875,0.9885366842860275,0.11067013087726782,0.8683906027248933,0.21682339339029236,0.6162960671243218,0.10567996118749899,0.9017897844314582,-0.050148147557462996,0.984534402688345,0.10601638896124711,0.8802102804183966,0.22288254471052274,0.5932998316628597,0.09930420525017246,0.9176636962663567,-0.052369005800712715,0.9526008083706816,0.13391656180222838,0.888520655177889,0.20477166842846659,0.7762141738619128,0.13115331530570995,0.9181826483635682,-0.09802993812731342,0.9780582984288541
17,283.3,0.15449867503983644,0.5358859953426183,-0.05694564981829557,0.9995709686052239,0.15145992736021688,0.5267373834337511,-0.05052889422291805,0.9994088751929154,0.15101688106854766,0.5264299341610503,-0.050548758357763325,0.999393386500223,0.1505156798022135,0.526143570741018,-0.05055557173632444,0.9995361538160422,0.1504605334429515,0.5266826266334175,-0.06935588518778488,0.9995384869121378,0.14932137372947885,0.5263956359454567,-0.06936715862580713,0.9994628003665387,0.14813279750801278,0.526151089441209,-0.06940022607644404,0.9995616049993613,0.143590651807331,0.5297094072614401,-0.014454394091098091,0.998607448169164,0.14181015959807813,0.5305599002611073,-0.09846458300238571,0.9993364669027789,0.15236082602114914,0.544459808440436,-0.04085687796274824,0.9991934299469001,0.15102840037572962,0.5443453391393029,-0.0653009608033158,0.9996046281996235,0.1332391308886665,0.5799910199074523,0.05278978550008369,0.9990944294702446,0.12898969934100205,0.5836043272699633,-0.13294616625422534,0.999954547200885,0.12504537190709805,0.643209264391945,0.08546314636866258,0.06234360663663778,0.11438506770701644,0.6522896062760131,-0.1475837351310822,0.9880026635669533,0.1444524285339175,0.676382924829211,0.05050168399299898,0.164098430247534,0.14727157709144423,0.685778901690529,-0.13240584163438715,0.9519964343025578,0.15101187924544027,0.6899194490341918,0.049590513819739966,0.19597992442903078,0.15665464316095634,0.7012081855819343,-0.14760325281392972,0.9323791946683618,0.15462731179736922,0.6882486655598601,0.03486312872597152,0.20802658441520888,0.16032597990263087,0.6938599319685078,-0.14352346389066617,0.925622653393519,0.15267017980416625,0.6807146384602506,0.04245376737699626,0.2063973404112318,0.15774561606702364,0.688838144143423,-0.1296416074037553,0.8795197748002559,0.11171980273155946,0.6988476458049961,0.05960747475425407,0.9970730826968245,0.10804623862107601,0.7022865755217421,-0.05964658391617597,0.9994141374315542,0.11871770166215452,0.7871789847101489,0.134033902060418,0.34648162126541165,0.11896031846602767,0.7977505127588913,-0.05866848535480958,0.9890055259068814,0.11066400720959627,0.8685922906512312,0.21836212774117802,0.6272750525247488,0.1056782883547602,0.9016020127705172,-0.05213419862446335,0.9853590244338633,0.10610295832157143,0.8803763815334872,0.22443454535234558,0.60506664571308,0.09933727199123026,0.9175297901743941,-0.05448522400997938,0.954600856417702,0.13406929160867428,0.8885521008854828,0.20589217259770365,0.7838959381693891,0.1311414660442444,0.9182001210394367,-0.10053839250689468,0.979193480241867
18,300.0,0.1542051640294848,0.5353353335743862,-0.05380022791879521,0.9995887676874804,0.15111514500209275,0.5262274912425454,-0.04734690505124277,0.9994324843088793,0.1506571187859491,0.5259234905242924,-0.04736756338250073,0.9994177875064675,0.15013853566987184,0.525640604041872,-0.04737436771392826,0.9995537286713017,0.15015833718436117,0.5261854103633339,-0.0663841707365854,0.9995550740332837,0.14903407224587045,0.5259048626536418,-0.06639368725674498,0.999483403705416,0.1478544395594371,0.5256664781343373,-0.06642546398299086,0.9995765004839223,0.14322792703197126,0.5292199055353805,-0.011344632488631073,0.9986504543395277,0.14155414345718575,0.5301055766287308,-0.09644353105908356,0.9993624289830533,0.15205525713307527,0.5439244253294813,-0.03779231863362451,0.9992211290768223,0.1507811127674013,0.5438550313313806,-0.06252765513601762,0.9996191348348352,0.1327219754457475,0.579642148244949,0.05546933980215167,0.9991263293084651,0.12901878356933602,0.5831445285252166,-0.1318650110846475,0.9999565709204908,0.12460950726554516,0.6428506232443314,0.08852378562802365,0.06158177253036276,0.11439120450190145,0.65155759879521,-0.14656305880773646,0.9883628629502803,0.14461857080459606,0.67586932863508,0.05435483033458395,0.1632865064200902,0.14739528936999197,0.6842431596347269,-0.1315282459060352,0.9536128640174872,0.15116909997803835,0.689152992907025,0.05355496119175642,0.19561016701516665,0.15698497706935532,0.699331436838423,-0.14668088583719174,0.934519773437864,0.15506775819119964,0.6871383644285661,0.038638958263964907,0.20752045654115236,0.1607378295489721,0.6918347449529744,-0.14247778483799536,0.9279227568989714,0.15292113025983187,0.6803975644565768,0.04621113889983726,0.20589495201905583,0.15810961098898035,0.6869410162880312,-0.1287778222135136,0.8823968966801967,0.11157350348574782,0.6987017733710158,0.059889759158804345,0.9971656997998563,0.10822627019314547,0.7021855115890507,-0.05992128700017934,0.9994358278456196,0.11865891090461195,0.7871497755958926,0.13517553465706972,0.3514993148190637,0.1190359837242536,0.7975446298008879,-0.06017762972485456,0.9894727354957951,0.11067772621200206,0.8688385855583923,0.22050650630678467,0.6377252198400956,0.10564328375316809,0.901359160741171,-0.055888438863413714,0.9861050815809348,0.10615753098612749,0.8805640481767207,0.22679790499664504,0.6158705524035866,0.0993377300245422,0.9173943712597808,-0.058472649149951525,0.956321835517884,0.1342303291672753,0.8886487824576248,0.20796382001468128,0.7912192742029831,0.13108899408862715,0.9182317739441288,-0.10484229631367192,0.9802134377615799
19,316.7,0.15394058184964327,0.5346108277638757,-0.052137985293354346,0.9996078979401368,0.150783793557258,0.5255927443504338,-0.045761491748548724,0.9994590793337148,0.15031272172927868,0.5253002899033686,-0.045783754438161885,0.9994454752831239,0.1497787343604225,0.5250285352979391,-0.045792846630016995,0.9995737529936298,0.14986222627617074,0.5255711788222908,-0.06472171097993855,0.9995741049448655,0.14875195068972463,0.5253101218314402,-0.06473094366845634,0.9995063060805918,0.1475862158196314,0.5250996720223204,-0.06476010666007093,0.9995932664190028,0.14289763215042306,0.5287080350376314,-0.010316096157545142,0.9987062102272405,0.14128842736993527,0.5296519682520915,-0.09510877551067451,0.9993914223852618,0.15179902315139782,0.543216154688881,-0.03639312336842222,0.9992532928784695,0.1505761912890844,0.5431836673191619,-0.0610503618206297,0.999634620689211,0.13237051310993386,0.5792131168501722,0.055638252801838414,0.9991643400419333,0.12904387428647007,0.5828203331856505,-0.1315905927192598,0.9999583079701386,0.12443140255553392,0.642488164561136,0.08898038346143003,0.06144062961850852,0.11440941762356538,0.6508713534900125,-0.14608250842207965,0.9886234374273398,0.1448953967718852,0.675218868823279,0.05434558114835198,0.1640828400850297,0.14756862109615698,0.6825251210303538,-0.12908384274868748,0.9547087748845426,0.15156245941207536,0.6883512139320378,0.053117275947616255,0.19691260584763132,0.15736375678153278,0.6970736157326476,-0.143855400028683,0.9359779187611178,0.15596652527650207,0.6846601395379934,0.03814242088368963,0.20885154179164356,0.16108525508926042,0.6894058017503653,-0.14002467904772087,0.9295078516006476,0.15343646350361062,0.6790169307163789,0.04607844867167022,0.20716179907321947,0.15837455363500696,0.6845972396078569,-0.1264496733035361,0.8843442996342984,0.11145803225891938,0.6984674902189352,0.05998891414630985,0.997262861047473,0.10836152413061695,0.7020354157402406,-0.060014700960545356,0.9994583385331297,0.1186267432002795,0.7868897063391556,0.1360587335768201,0.3562804134119127,0.11911888172229139,0.7971602990513762,-0.060578925268990697,0.989878918443408,0.11069717790399286,0.8690421410969331,0.2218521272852309,0.6470171610514328,0.10558885939064488,0.9010163091477901,-0.05682013893411277,0.9867306039446884,0.10623165858643403,0.8806922549293161,0.22838159757001078,0.6247708513623197,0.09932061604091107,0.9172272000994007,-0.05942756718113313,0.9576338643119455,0.13434475305534554,0.8886392201696129,0.21006973513535104,0.7978574037551885,0.1310160124585743,0.9182438935552331,-0.10572165570088803,0.9810761979648053
20,333.3,0.1537487152076904,0.5337683331398742,-0.05159572050684978,0.9996246667135336,0.15054152196361914,0.5248512625694278,-0.045203639637856285,0.9994835229147055,0.15006671420165482,0.5245763631094074,-0.04522694221564705,0.999470341773261,0.14952569277513605,0.5243233669371836,-0.045237539069993185,0.9995916911533907,0.14963245675677356,0.5248496248608547,-0.06396222398394635,0.9995916769618087,0.1485286071186975,0.524613596144177,-0.06397166848182682,0.9995270995866693,0.14736803514616842,0.5244384549912956,-0.06399937293359216,0.9996089225723638,0.14266409476598113,0.5281805906976976,-0.009710927981705898,0.9987557757468457,0.14104015699454725,0.5291819487299242,-0.09390866437128619,0.9994188717433392,0.15163350176243567,0.5424535813785738,-0.03590926031271619,0.9992822862806782,0.15043733375413088,0.5424677559307647,-0.06033624619955112,0.9996486675171633,0.13207717594646284,0.5788217016628815,0.05550294280761769,0.9991984736351747,0.1290894853217262,0.5825792380741668,-0.1314632154646375,0.9999596930685506,0.12432408119950984,0.6421906635874799,0.08896915721041822,0.061512070397536006,0.11444029424871725,0.6502726560547243,-0.1454087964126043,0.9888139565785734,0.14535943525178102,0.6745985065187732,0.05406843249996507,0.16541101251329707,0.14781848021915994,0.6811355721382872,-0.12612533959604455,0.9554037054379788,0.15205709068548123,0.6876913734844757,0.05241461257849425,0.19872647098132556,0.15777681838898444,0.695306227320717,-0.1404208540916444,0.9368559831664682,0.15697128645011366,0.6821894248326624,0.03758163732432186,0.21072721694196989,0.16147863864898693,0.6875430913198567,-0.13698644084589834,0.9304728366079791,0.15404632616610764,0.6775103268169226,0.04576263221956438,0.20888271856875662,0.15869115931647176,0.6827416306450258,-0.12357787255729957,0.8854667686280756,0.11149637791372488,0.6981137707119901,0.059971664633069764,0.9973404549417049,0.10848865764481688,0.7017518083254501,-0.0599937447834583,0.9994766144525444,0.1186373893703734,0.7864802877108261,0.13626488617488325,0.3598637013208301,0.11918959269920994,0.7966914347239908,-0.06149131591830939,0.9901484336171839,0.11073720632564463,0.8691355046771828,0.22220442053817585,0.6538029227937976,0.10553269372099928,0.9006987611452745,-0.05871275262463665,0.98717577968325,0.10629538269270042,0.8807362374805277,0.22884185186454245,0.6303843941007347,0.09930047854071579,0.917089379969098,-0.06141964860615281,0.9584260072026941,0.1344416063456309,0.8885320368267248,0.2107214132944744,0.8027577598889675,0.13095889205024366,0.9182164981251678,-0.10790417024067478,0.981708072480702
21,350.0,0.1536128038451786,0.5331638654073083,-0.05156635085032103,0.9996355828784769,0.1503795839491346,0.5242558973176142,-0.045205750458297306,0.9994996360370099,0.14990084511893148,0.5240024470147637,-0.045229419533695525,0.9994864321890338,0.14935455506756204,0.5237717401413694,-0.045240840386776726,0.9996029791377846,0.14948722649188279,0.5242633677664261,-0.06375966575883688,0.9996026101566504,0.14839440371309018,0.5240526085808167,-0.06376955232449945,0.9995401047524959,0.14724088708559682,0.523912004062108,-0.06379709286349165,0.999618325914656,0.14249497793969665,0.5278140107790632,-0.009681003966501789,0.9987868326050902,0.14084751904010784,0.5288482280004596,-0.09322716366677064,0.9994371788842344,0.1515075990131924,0.541986343406496,-0.03590913950687366,0.9993011185101107,0.15034272131465742,0.5420246266183403,-0.06009566943560332,0.9996576025372468,0.1318776054041727,0.5786129292987646,0.05474355674925309,0.9992234706878669,0.12907088299592345,0.5822836302575616,-0.131199693395978,0.9999606211980191,0.12424487336760484,0.6421281042553134,0.08854598126241145,0.061543879054841585,0.11450519696587616,0.6496998440651671,-0.14517389237880718,0.9889844003177832,0.14576655697254917,0.674189638523829,0.05389841344384924,0.1669094108399892,0.14807818971929107,0.6802991600263691,-0.12513233437424626,0.9560828464371824,0.15246903257710603,0.6874342248553327,0.05199692770838741,0.20075542302358731,0.15811898027147575,0.6942858695983891,-0.13924014213539315,0.9376909080005834,0.1576951635735377,0.6802823458399097,0.03725735027165643,0.21284510337171114,0.16181936363379174,0.6864102653094706,-0.13607558962844676,0.931398686908541,0.154576076638131,0.6766372493335184,0.045595537871122395,0.21084500565415354,0.15899342795213076,0.681675065131415,-0.12264933366151093,0.8866148732957393,0.11159523328145353,0.6978034887995044,0.059828174965722264,0.9973908975010833,0.10859443424713053,0.7014559677668986,-0.059847822501545904,0.9994880273228608,0.1186858553971564,0.7861003251302816,0.1352514461392449,0.36171718438466416,0.1192473836597943,0.7962690620195303,-0.061567231480564436,0.9902747897874749,0.11078409921555299,0.8690953680447175,0.2202692166680383,0.657848647662572,0.10548731046063567,0.9004313548405972,-0.05856219093714446,0.9874620976902196,0.10634307882615507,0.8806738966987253,0.22683604913098487,0.6334566587493538,0.09928896881285175,0.9169525986626041,-0.06123236637739912,0.9588522343408501,0.13449131378105716,0.8884344469933289,0.20880871159689784,0.8059676601773222,0.1309224423908053,0.9181879333087384,-0.10750774294137963,0.9821266872542253
22,366.7,0.1534860659213294,0.5326781925700963,-0.0524074406850906,0.9996459597633005,0.1501922919636682,0.5237958346094407,-0.046094390075831215,0.9995145286832543,0.14971055941922334,0.5235616195769541,-0.04611802189832645,0.9995012396857859,0.14916195543039423,0.5233502473149985,-0.046129810845568095,0.9996131232806621,0.14930260181427013,0.5237973729769393,-0.06439709308601566,0.9996131459871935,0.14821224624202375,0.5236045860108879,-0.06440797661032,0.9995527295839226,0.1470615565776826,0.5234892566998803,-0.06443595141172415,0.9996277945382261,0.14234033936545973,0.5275266823314488,-0.010504949926620447,0.99881550811586,0.1406257010641553,0.5285807337079733,-0.09310438590390349,0.9994556052344193,0.15140792514596677,0.541601569879623,-0.03676184408721472,0.9993195079621822,0.1502583764848256,0.5416607033638732,-0.06062586268498789,0.9996668582870853,0.1320234721615202,0.5784777771858947,0.05339654517315687,0.9992457713399621,0.12901020830585852,0.5819326383726942,-0.1307578519696282,0.999961591902234,0.12433087400027693,0.6420101126035059,0.08685123778524859,0.06185314041518034,0.11457640251943052,0.6492694616317753,-0.14486628203164975,0.989200174808503,0.14623624228295834,0.6739813032604405,0.05185102139200487,0.16936817694278,0.14835505187511455,0.679718102727618,-0.1242969947911445,0.9569439888000495,0.15300112395059506,0.6871837235632402,0.04969550811109093,0.20378759432406668,0.15844641058217923,0.6937132449377156,-0.1381528384628751,0.9387390102658959,0.15841987516198852,0.6788902594929654,0.035214241594076184,0.2160187938383649,0.16216916342576357,0.6858972282636737,-0.13521081351098568,0.9325622433707834,0.1551618150302343,0.6756231586138413,0.04367716255642122,0.21377837870802213,0.15929043647788832,0.6811671597617017,-0.12184192133801332,0.8882149656613675,0.11176255983965745,0.6975542931329641,0.059610837272235366,0.9974255391529635,0.10864214173385082,0.7012029545647762,-0.059629510378553796,0.9994978564126158,0.11877411320095979,0.7858119521822254,0.13434334312166496,0.36406974707330997,0.11927903301659093,0.7959950764973964,-0.06170442824562395,0.9903850754102078,0.11083770188547323,0.8690923565909983,0.21823159711701545,0.6615911324818934,0.10546546216521951,0.9002520782606949,-0.05942068089331903,0.9876940789676855,0.10640524505149758,0.8806421529679077,0.22461464362485084,0.6357842087745671,0.09928944671437862,0.9168570410637635,-0.06220034279284028,0.9591151844887513,0.13463910065946133,0.8881739463124962,0.20680435569513425,0.8088971234503253,0.13094171384970354,0.9180792257899336,-0.10848086753061847,0.9824604647500182
23,383.3,0.1533495123897281,0.5323950194177177,-0.05242271561707773,0.9996548578852706,0.15001177362033308,0.5235050519307458,-0.04614214776527317,0.9995259387152542,0.1495233951579958,0.5232827890486949,-0.046165835467122884,0.9995125957897739,0.14896720151106527,0.5230814161754793,-0.04617789245787124,0.9996208889143815,0.14913072117737372,0.5234983109292534,-0.06435344723008932,0.999620940004077,0.14804805034682875,0.5233156283696496,-0.06436455711012799,0.9995622833569852,0.14691145576181874,0.5232169684909642,-0.0643927103706769,0.9996347711199812,0.14217452421074833,0.5273249291238334,-0.010582297463857,0.9988369799795612,0.1404587562595096,0.5283811773572653,-0.09281478290046971,0.999468834627243,0.1512931627886637,0.5413331701641995,-0.03679951457750232,0.9993334753172746,0.15016280185608646,0.5413894341105511,-0.060547325582731376,0.9996739484014973,0.13190147777398437,0.5783774455388391,0.05317117628597082,0.9992610358056575,0.12893521714778183,0.58159674633117,-0.13025756393160148,0.9999624973251713,0.1242831569342387,0.6420038456008552,0.08656944724775502,0.06186163496403471,0.11469159026940673,0.6489855136190147,-0.14462273603393927,0.9894603235380997,0.14646597064676747,0.6739333697727753,0.052064274215982115,0.17132693812960684,0.1486822600875583,0.6796712080637619,-0.1253680090109508,0.9581214955874859,0.15323729103519812,0.687081342651731,0.05018857015030728,0.2063268309547789,0.15884749662308478,0.6937604801995418,-0.13937693266641538,0.940202502977281,0.1584753074816296,0.6788309443564647,0.03577845100136033,0.21861255523704362,0.16262285056568337,0.6860125604129979,-0.13615647029309055,0.9341600480533788,0.15537726950077796,0.6755588650703435,0.04403477091164819,0.21615365289506475,0.15972089980329798,0.6812884864353004,-0.12282622037898935,0.8904260141508926,0.11181576053301501,0.6973998404684525,0.059461455614793914,0.9974404488291067,0.10873726365112131,0.7010942896207178,-0.059479206445671305,0.9995048982756485,0.11886098093929753,0.7856326472191589,0.13413908935728536,0.3666480978329979,0.11931609433321734,0.7958856962976008,-0.062197560887961204,0.990505618708475,0.11085861282689238,0.8690377473831183,0.2178654550086886,0.6650742604618985,0.1054501529960406,0.9000982159659983,-0.060251270908685,0.9879615306854256,0.1064669975922222,0.8806028366088874,0.2241290552275523,0.6385762606348315,0.09928439663989211,0.9167647532054362,-0.06307155816327963,0.9595750201316114,0.13459981410276334,0.8876953295298993,0.2068904886643093,0.811651249726614,0.13101711869239818,0.9179330326261982,-0.11004341606582922,0.9828161994616198
24,400.0,0.15316018746012744,0.5320888445490886,-0.052683211508251414,0.9996650218963631,0.14975135525067657,0.5232413694972088,-0.04649604910186362,0.9995385408401496,0.14925796715986173,0.5230176817803159,-0.046520254086880486,0.9995255668958035,0.14869458689576115,0.5228153836159483,-0.046533701320489285,0.9996300509997784,0.14887988638310215,0.5232514426821757,-0.06458360772757307,0.9996298296110979,0.14780430779570636,0.5230790518579033,-0.06459530513911024,0.9995732761564716,0.14667922258377086,0.5229960680007939,-0.06462427299647108,0.9996428432918738,0.14193201703684682,0.5271172154517405,-0.011194129696204556,0.9988647983187728,0.1402451168923152,0.5282132597196674,-0.09294260789950695,0.9994831652868368,0.15114810424191621,0.5410044193267827,-0.03717503501545818,0.99935041155134,0.15003207609767016,0.5410901251293367,-0.06076495136533469,0.9996820461182374,0.13186476202238184,0.5783545261337648,0.05283425659650852,0.9992758802005229,0.128873069371496,0.5813736943971547,-0.13011215201445997,0.9999634169396907,0.12424502912021829,0.6420629734084724,0.08643871936060141,0.06241702128733912,0.11486468215783446,0.6489293632053198,-0.14460930228233349,0.9897078871726996,0.14690489215510244,0.6740359096300039,0.05205739999101279,0.17456224702653445,0.14902785065628243,0.6797792400632591,-0.12619851458640335,0.9593659440676378,0.15394316684632087,0.6872131966409234,0.05029733071014998,0.21000292258603248,0.15926405574594238,0.6939267232304533,-0.14043917116664717,0.9417538983481277,0.15935629464331139,0.6791677276293442,0.035784949326799056,0.22240552306175249,0.1631089874676297,0.6862191302435744,-0.1369456961041406,0.9358423380624687,0.1559753538597199,0.6757788005329319,0.04400949339781492,0.21973395418553143,0.1601795234850476,0.681537875107357,-0.12361212571462005,0.8927701541355685,0.1118732832726979,0.6973704894383754,0.05940763652324681,0.9974544701122109,0.10880911988871446,0.7010308049973992,-0.05942534779508912,0.9995110829671232,0.118940932410104,0.7856472304889139,0.13411262418542597,0.3698018618992399,0.11932746746710376,0.7959029475847885,-0.062146076666457356,0.9906336892218824,0.11090064829304114,0.8690115639141633,0.2183374464511873,0.6690186545962384,0.10541084799028586,0.8999785582224535,-0.05956527945541205,0.9882256558963238,0.10654689052275257,0.8806071338199439,0.22466099191279656,0.6418520467621944,0.09925211895079847,0.9167105725833354,-0.06234002095602812,0.9600221088954387,0.13447401991912306,0.8872079565411529,0.20755795566808627,0.8146969023204991,0.13109042176178531,0.9178243279457099,-0.1100953011995271,0.9831534453800753
25,416.7,0.15297353977248795,0.5318635872432167,-0.051745378722747204,0.9996758784566614,0.1495089928309124,0.523052451156435,-0.045646311803942664,0.9995524372373316,0.14900553865092153,0.5228236856914705,-0.045671272845495346,0.9995402551832661,0.148428825395448,0.5226147628965836,-0.045686255253496656,0.9996408593086976,0.14866013399192277,0.5230805476506555,-0.06369876648698539,0.9996395423298797,0.14759770390533278,0.5229147332055232,-0.06371051729435016,0.999585171540579,0.14649404088656118,0.5228452796027778,-0.06373934128454758,0.9996514377139871,0.1416719669387455,0.5269655159541542,-0.01088816854393199,0.9988983188356679,0.14008799691994997,0.5280991849445165,-0.09239495261794052,0.9994974987847471,0.15098437383061375,0.5407165544373652,-0.03645096488651778,0.9993683383578353,0.14989861491180612,0.540808030537197,-0.059991895088127724,0.9996898231052224,0.13163242311704737,0.5782477543467571,0.053702842621576256,0.9992921834900272,0.1288484377520426,0.5812531993502666,-0.12974656976404653,0.9999642968177802,0.12415891069741486,0.6421298696881252,0.08713348919437053,0.06306116602250512,0.11511826515197762,0.648761133352916,-0.14467152669316258,0.9898866074425842,0.14728673512027388,0.674153015727089,0.052653702774218186,0.17750494324025667,0.1492859047083629,0.6798828669956758,-0.12668223537149892,0.9604009844007952,0.1546466776302884,0.6873007842472627,0.05117914630543621,0.2132354101964407,0.15954904471124934,0.6938014683269325,-0.141170396691277,0.9430972082274308,0.16035837857496182,0.6791503259113861,0.03648625739983152,0.225717685761906,0.16337484405154284,0.6861909769830254,-0.13755776910554807,0.9372773227237525,0.15661775923910606,0.675953987098876,0.04455228522419932,0.22298746591522595,0.1604321428707669,0.6815866288684669,-0.12409683245988129,0.894698614165897,0.11176992917344691,0.6972159345944728,0.05944046165261954,0.9974769155184435,0.10890005883716408,0.7009781201680507,-0.05945775161186859,0.9995184001468485,0.11894275460924429,0.7855793294452491,0.13447395463784545,0.37212578597522944,0.1193322833804858,0.7958880719684425,-0.06154032832100282,0.9908059494835997,0.11093785152548843,0.868959954806737,0.2193724733023418,0.6726389896302001,0.10537048322813859,0.899845929372879,-0.058286496038947824,0.9885381914320455,0.10662443403686803,0.8805778792926249,0.22579988695326322,0.6456273368426737,0.09921422636225118,0.9166700726463688,-0.06099273211189683,0.9607089190256035,0.1343171674580802,0.8866703425134937,0.20905872753688282,0.8174785829725726,0.13115831641923822,0.9176551018442433,-0.10902293452194767,0.9835335186549603
26,433.3,0.1528551968790237,0.5316048491568797,-0.051652849784919234,0.9996904901095807,0.14937521091529313,0.5228330436207003,-0.0455399701992671,0.9995714965320777,0.14887015734400078,0.5225991748628166,-0.04556466727739292,0.9995604980559584,0.1482902311143422,0.5223838204429267,-0.04557891136833603,0.9996557945296884,0.14853320732003178,0.522884981972831,-0.0636040167439552,0.9996536771456408,0.14747488924435218,0.5227278187161404,-0.06361525612218044,0.9996023461932235,0.14637484082153876,0.5226657787958785,-0.06364227299179354,0.999664193107969,0.1415179471174877,0.5267647760255,-0.010690643141667056,0.9989420260701869,0.13998358235472735,0.5279346818015693,-0.09236332348414837,0.999516665935517,0.15087153727100022,0.5404167742956256,-0.03634426157389371,0.9993923930894768,0.1498036640030998,0.5405400849524002,-0.059921132666724115,0.9997009152457834,0.1315187613169353,0.5781875224340534,0.05447939623679437,0.9993138256527136,0.12888360662119738,0.5812089159375149,-0.1296546473389581,0.9999653129350579,0.1242156880242485,0.6422077899887453,0.08739228688535243,0.0641310640743801,0.11538573141608927,0.648537743659247,-0.14489726225535088,0.9900324685232987,0.14776839173975456,0.6743060463950752,0.05244050210430512,0.18160167904127225,0.14948491823105597,0.6799556981949584,-0.12776440594877525,0.9612524168831968,0.15540455139818657,0.6876181874956409,0.05100940256601292,0.2175438035102119,0.1596728279477075,0.6935672845159263,-0.14249646166960409,0.944210520812444,0.16126798164276862,0.6794723187174121,0.036126453074671,0.23018619631017975,0.16347922739528487,0.6862302450906668,-0.13919161685875495,0.9384597766967054,0.1573632536899477,0.6762339784985502,0.04424208242978372,0.22734225363958466,0.1605267964658284,0.6817015863600236,-0.125316413030738,0.8961713342439568,0.11173367216473543,0.6969287196795151,0.05951656188283652,0.9975275454067056,0.10894950159958439,0.7007521845045549,-0.059534476803881825,0.9995321744964244,0.1189704065521559,0.7854375668934419,0.13536975852080763,0.3758687220868613,0.11933190446524403,0.7958253224690761,-0.06303214725284353,0.9910930565425335,0.11102672098647988,0.8689179874601825,0.2213186600378583,0.6786705056826279,0.10533843118520018,0.899637849557968,-0.06318479740903496,0.9889685483205894,0.10672499239444741,0.8805496323676343,0.22787196508475727,0.6510061791964945,0.09917862181152623,0.916540477957045,-0.06627378701454122,0.9616207026299983,0.13426789002759126,0.8862521875472302,0.21128085681370343,0.8216537095251543,0.13120655431633915,0.9173859613282347,-0.11422374383324677,0.9840799967447924
27,450.0,0.15280310029075272,0.5315144544556031,-0.050622302329256456,0.9997011309578313,0.14934868330047257,0.5227217986470181,-0.04444298946431708,0.9995869029135939,0.14884543064094735,0.5224871266455882,-0.044467710845527225,0.9995767786389312,0.14826699736572457,0.5222669385728386,-0.04448136066397034,0.9996679453622734,0.14851202212628875,0.5227921378044859,-0.06270488866028337,0.9996643236705243,0.14745762802305684,0.5226467620758787,-0.06271525419184144,0.9996149227732711,0.14636045552435384,0.5225930185545062,-0.06274080719976202,0.9996733324868347,0.14144462134156918,0.5266546323185879,-0.009522443903344027,0.9989792108535774,0.13996073035966794,0.52784542242686,-0.09184116870164878,0.9995322255861199,0.15080262081963686,0.5402940965834122,-0.035284330979699206,0.9994115886234108,0.14975184698899596,0.5404408034824194,-0.05912025450241002,0.9997092712493177,0.1311252088773819,0.5780765272322159,0.055771889253741255,0.9993319227581939,0.128893289537657,0.5811244448026025,-0.12917193131787447,0.9999657840955832,0.12401369604326438,0.6422803316797534,0.08777202772242688,0.06474531264532185,0.11560648324943731,0.6482258808045165,-0.14451880398250772,0.9900795732225698,0.14793371089867194,0.674422266937438,0.052208754278364675,0.18421903323559546,0.14953756545271202,0.6797843632243934,-0.1267331792485147,0.9616861570449109,0.1557748189994268,0.6879361697605684,0.050728665398699926,0.22034437244846722,0.15963175325166623,0.6930987806547261,-0.14137832465625955,0.944795279275804,0.16150669114930302,0.6799627542495733,0.03572331333444234,0.23310501234872016,0.16340939274856034,0.6859644083749685,-0.13828813178198687,0.9390721973918741,0.1578006772767931,0.6764986004148216,0.04391185123296014,0.23026323318481462,0.16046440601348888,0.6814544115747729,-0.1243542336991856,0.8968376318613694,0.11154101895434523,0.6965881273860028,0.059571469291335104,0.9975695326214752,0.10898744989009138,0.7004558245340988,-0.05959052060331621,0.9995385209719347,0.11905813749347423,0.7852423162687399,0.13427517101878222,0.3791806002457939,0.11934699650321698,0.7957383082026532,-0.06334065415319948,0.9912302806263885,0.11113540225085766,0.8688919998350604,0.21865290687197747,0.6836145633742928,0.10532402318148393,0.8993773517154519,-0.06367534842519537,0.9892587775275827,0.10681846099240447,0.8805249021166853,0.22500236474332375,0.6555925437382294,0.09916614883002788,0.9162926446823852,-0.06670296103471807,0.96224955433891,0.1343945733138494,0.886102423781441,0.20809852438313636,0.8250444588207069,0.13121004473595402,0.9170679279736117,-0.11337236847196315,0.9844635327657071
28,466.7,0.15272889321758645,0.5313706369627094,-0.04955026365461808,0.9997100886844461,0.1492882782504673,0.522593336445945,-0.04330808828983991,0.9996011086872654,0.14877925245534818,0.5223589057014105,-0.043333267704361994,0.9995917734645668,0.14819487858386277,0.5221365605081835,-0.04334698333626705,0.999679352555957,0.1484694601524445,0.5226756447837471,-0.061721215468077475,0.9996740449042555,0.14741831663109017,0.5225376430011934,-0.06173111214524228,0.999625918411074,0.14632020039217825,0.5224848616690867,-0.06175580656244646,0.9996813876288285,0.14133641478561232,0.5265222390492761,-0.008385503221125835,0.9990166510854455,0.13991341420582373,0.527720860072545,-0.0915436010275569,0.9995473254294629,0.15069782450085606,0.5401341233934679,-0.034205684704440006,0.9994301881108972,0.14967942663601477,0.5403059664226717,-0.05823541343921711,0.9997173065230966,0.13071100555715115,0.5779816423143663,0.056673627169359336,0.9993478457132983,0.12889811325640915,0.5810159217743651,-0.12894169489542653,0.999965965747834,0.12361703458286477,0.6423208599998842,0.08773003234749754,0.06519060156175073,0.11570815529142114,0.6480485314414619,-0.14423616372403655,0.9900843643006831,0.1480748114131747,0.6743306375685196,0.05148664436170037,0.18625681740897054,0.14962935731524524,0.6795125404993698,-0.12519482913471414,0.961912895951953,0.15588406792708817,0.6873503270603367,0.049872149491593985,0.22254110517955977,0.15961476025127241,0.6928062098366878,-0.13971671816848583,0.9451013803482062,0.1615545735472726,0.6800387728781933,0.03482379001520931,0.2354023655255637,0.16344796404952106,0.6856702310698378,-0.13653290342716953,0.9393788774808254,0.15813399283658902,0.676304990337009,0.043114900588989286,0.23254604069959567,0.16045217145056961,0.6809364159901942,-0.12276530868950354,0.8970844291505367,0.11124014073894145,0.6962573159308666,0.059643615214597656,0.9975995989072898,0.1090068540402822,0.700168459188371,-0.059663289004848165,0.9995395938555407,0.11913733539127178,0.7850017717906412,0.13270051067783728,0.382229695717494,0.11936134029002426,0.7956813375155137,-0.06233483481974834,0.991271464597612,0.11122346385603868,0.8688702441397174,0.2151119510332745,0.6877848051843194,0.1053217230808168,0.8991681905019857,-0.060093946932327225,0.989455665860858,0.1068997365378199,0.8804526868320652,0.22122773031393705,0.6595227292605814,0.09917966347365159,0.9160211767469141,-0.06277357574020118,0.9627017123358597,0.13451208316144497,0.8859620832261591,0.2037100323608945,0.8279008155777347,0.13123612318720146,0.9167028353327803,-0.1080369214926448,0.9847255689757218
29,483.3,0.15265268087387096,0.5311708393551058,-0.04936532764917331,0.9997156432696759,0.14923328870818742,0.522427959101541,-0.04307799236405467,0.9996103615987875,0.14871959104424443,0.5221979901904155,-0.0431035263907342,0.9996016678355996,0.1481274437336696,0.5219756194523406,-0.04311753738494149,0.9996870529083985,0.14842986776715245,0.5225158645993191,-0.06157887052922026,0.9996799769855689,0.14737961263883692,0.522383394695464,-0.06158899267514552,0.9996321258090799,0.14627504632586535,0.5223248714492439,-0.061613572317929535,0.9996857359295807,0.14122437650249128,0.526356677214305,-0.00814189305085512,0.9990451108841676,0.13985613201345726,0.52753815480641,-0.0919978111272767,0.9995568139212478,0.1505928919428872,0.5399664697192967,-0.034001154026814896,0.9994427022479837,0.1496028346674784,0.5401419344402498,-0.05813866073176979,0.9997222139721832,0.13032241875217082,0.5779259517079312,0.056727721045414646,0.9993558809870772,0.12890205142043898,0.5808782123384026,-0.1293512809844245,0.9999659288497205,0.12317239067384184,0.6423538724581406,0.08764910094794778,0.06518824363038658,0.11571664363145837,0.6479792765208658,-0.1445165666795913,0.990087012449901,0.14812192959444875,0.6739891653969179,0.05125168710947041,0.18709857478028263,0.1497784157594046,0.6789946357409165,-0.1244470470008397,0.9621780401184452,0.15590488981632972,0.6860750260807225,0.04961023071692107,0.22361960652328688,0.15968388319015514,0.6923541994321919,-0.1389920094183514,0.9454494005157841,0.16123937992822568,0.6792765146210085,0.034453039013204144,0.23651627770492026,0.16361228837853398,0.6848997104735606,-0.13540964396226984,0.9397345923242122,0.15827080110708885,0.6755383922940214,0.04280964728622213,0.23367375774042964,0.1605517339138759,0.6799702474049165,-0.12188262102149791,0.8974561662901022,0.1109477231899898,0.6959978767803743,0.05967987949649497,0.9975971948532838,0.1090318475450789,0.6999114467984159,-0.05969761294268431,0.9995352625846871,0.11920845544054402,0.7847317230133789,0.1325028936068218,0.3841438520522348,0.11937378879104352,0.7956633056913108,-0.060621137775126,0.9912300478844422,0.11124754200379061,0.8685914930843177,0.21460537967227772,0.6900126366388235,0.10529130661771419,0.8990874971662255,-0.0544201866501854,0.9895506898562121,0.1069317158489001,0.8800521464574911,0.22069885120505395,0.6621083702359886,0.09918579813979927,0.9158132729076212,-0.05664932993905889,0.9629500110944118,0.13420444159280698,0.8855079242161348,0.2028078912269503,0.8295635722932367,0.13126007999692654,0.9164316966420135,-0.10168865961687913,0.9848375036602937
30,500.0,0.1524648013569061,0.5307498290425259,-0.04877918302303272,0.9997165486926131,0.14902235709485567,0.52211359285173,-0.0424644221507368,0.99961352915991,0.14850232217993065,0.521888823736282,-0.04249058042963349,0.9996053604852593,0.14790250431923652,0.5216723566963564,-0.04250581899569151,0.9996904674030492,0.1482455496277129,0.5222046801022124,-0.060943293784345945,0.9996806808880405,0.14720638805911668,0.5220769558634081,-0.06095398181960701,0.9996328410648172,0.1461085577805838,0.5220180749893193,-0.06097985023543953,0.9996857870192761,0.14100993247259241,0.5261098345120752,-0.0074747589727242846,0.9990605910619107,0.13970138700235468,0.5272839495113921,-0.09157505631446844,0.9995612473714928,0.15042083816868929,0.5395912613187521,-0.03339225435186002,0.9994480354445329,0.14945352432273695,0.5397402672540578,-0.05747985538272635,0.9997230512755266,0.13014077785469247,0.5778382505689352,0.05736192280337928,0.9993585518428265,0.12890280286471056,0.5807118529365181,-0.12912746057623917,0.9999654151144488,0.12277339540776762,0.6424026318958832,0.08883605968384523,0.06521803672824592,0.11566897623595745,0.6479418873786931,-0.14400044722216482,0.9901071474665695,0.1483323843706223,0.6735170625504998,0.05319310671516831,0.18800947921616704,0.14992586700689237,0.6780957778294885,-0.12362540264924377,0.962652109918141,0.15624116786888678,0.6843088723364336,0.051816606273253796,0.22490120714619063,0.1597753039428167,0.6911849748520629,-0.13831428970609402,0.9460742360069645,0.1613412364607767,0.6779659702664336,0.03651438724426999,0.23784862103916365,0.1637754525457111,0.6832440467107869,-0.13402241255555844,0.9403792222340908,0.15871603503113713,0.6745137998035982,0.044720393383786826,0.234990580450921,0.16065354148546868,0.67832362651825,-0.12084906264430009,0.8983369725091123,0.11069309675977353,0.6957793860208425,0.05974960752895904,0.9975818083399826,0.10905035691601897,0.6996796727180485,-0.059765245588052886,0.9995198959396007,0.1191468998080209,0.7845725956417271,0.12843869165295657,0.38345045277050593,0.11937039097150176,0.7956755359967556,-0.05884442620334175,0.9910775224367785,0.1111530636747679,0.868589293389094,0.20652460129488096,0.6899897740000775,0.10524517013913118,0.8991177763257714,-0.04872699738258411,0.9895418201174062,0.10682589205957602,0.8801273817107798,0.2121736144735701,0.6632171329997839,0.09918571795736048,0.9157000070526493,-0.05054307356476787,0.9631045148486189,0.1337416470050813,0.8854330721355625,0.1934073524815697,0.8297078410784409,0.131287068838165,0.9163404476074952,-0.09554844349622733,0.984806852681297
31,516.7,0.15224961510726395,0.5303644566308888,-0.04774088607657527,0.9997157653172818,0.1487821766308377,0.5217991414524263,-0.04142396595506444,0.9996140542484472,0.1482534273749307,0.5215783147584828,-0.04145058634735292,0.9996067086855578,0.14764335041954413,0.5213656170027601,-0.041466449520417656,0.9996920710518253,0.14803928846404676,0.5218822303272432,-0.0598965358166468,0.9996792078018195,0.1470160207578115,0.5217507368042359,-0.05990761323344144,0.9996317142531993,0.1459320875860397,0.5216875133060277,-0.05993445128912023,0.999684277034942,0.14075146118799858,0.5258872821217495,-0.006507072660107437,0.9990692110288718,0.1395200107778823,0.5270410634222489,-0.09048620966218773,0.9995628794034329,0.15021781126658132,0.5392565301486427,-0.03237476093428478,0.9994476721400314,0.14928181114650918,0.5393590104012266,-0.056428379955745914,0.9997213057109294,0.12997888241495414,0.5776828612600058,0.05832929607658163,0.9993599965458833,0.1288977506614868,0.580564867882502,-0.1283522205693382,0.9999648758343296,0.12250659934112013,0.6423917838505341,0.09057157415719266,0.06500517754327688,0.1156366087851071,0.6476433617728101,-0.14310782651106527,0.9901644842965269,0.14850319780054555,0.6725530794688639,0.05599265740740871,0.18861817674977452,0.15008536477883666,0.6767406747454694,-0.12270777743487139,0.963327640578861,0.15649225740205686,0.682164501576197,0.05500397121622452,0.2260948015110835,0.15991155448414043,0.689520276728131,-0.1374732582342058,0.9470134632928038,0.16139828236330134,0.6758417089780178,0.03964914257327718,0.23906955477737263,0.16398127944696528,0.680743589287713,-0.132679826446942,0.9413591793605266,0.1590884171781087,0.6729041565032237,0.04755921005493122,0.23622724413871782,0.16081498989037116,0.6760823726654057,-0.11976739054634467,0.8997505307197577,0.11043110170534687,0.6955319075357351,0.05982135662010742,0.9975689592815588,0.1090456942717235,0.6995165404819312,-0.05983332775178414,0.9995057469322575,0.11902243608520152,0.7844288945198065,0.12489737428369985,0.3814599514007571,0.11935774556228101,0.7956724308785944,-0.05831733683035492,0.9910059656415674,0.11103805686746333,0.868573475451697,0.20049680201780246,0.6896563683237353,0.10519939448152277,0.8991333331380578,-0.04785763348142309,0.9895985495476503,0.10669781480516713,0.8801672118050718,0.20593864364283443,0.6645989276113969,0.09917798957654414,0.915654415176029,-0.04968472942709926,0.9635474199340464,0.1333217571179073,0.8854103570892704,0.18757222521872763,0.829564911978586,0.13132143446377353,0.9163031947045106,-0.09501960589772186,0.9848521351814277
32,533.3,0.15203647102628448,0.5298972300120766,-0.04617710713119737,0.9997177010490788,0.14853341025965566,0.5213859024501986,-0.039873201045252056,0.9996170117741547,0.14800248046716064,0.5211744194939026,-0.03989945618169651,0.9996110541479936,0.14738790974730548,0.5209710314160305,-0.039914596471048565,0.9996957892463327,0.1478044220379422,0.521463669481732,-0.05840727882016277,0.9996803062302733,0.14679310151508887,0.5213407050995604,-0.05841798902977085,0.9996344333603275,0.1457208820751736,0.5212844212849939,-0.05844474229074664,0.9996857416062135,0.14052720084076847,0.5256034561565948,-0.004967017690346225,0.9990836694127044,0.13931937302861905,0.5267545580863957,-0.08876925139200126,0.9995677386011403,0.15003815435227905,0.5388738541376027,-0.030802934918375262,0.9994508226712552,0.14911100836027247,0.5389070908228559,-0.054913793468759214,0.9997217456499743,0.13012729301339113,0.5775986569268367,0.06003679494772643,0.9993644612176085,0.1288907045409794,0.5803891647429698,-0.12671764372360148,0.9999645380746758,0.12256075938542693,0.6423606418427972,0.09352900016875501,0.06541321674982711,0.11568909777062289,0.6473517134076079,-0.14194445808728545,0.9903135498364773,0.14916874894074042,0.6711506361053108,0.06054217900548667,0.19170831569603525,0.1503209173679353,0.6750483001981468,-0.123411220808824,0.9644433487029309,0.15733260058221374,0.6797008003507347,0.06011247138182327,0.23005853380475744,0.16013050647008997,0.6874395381836669,-0.13845095109371922,0.9485678048360923,0.16202999154726677,0.6733879588899163,0.04446584394290337,0.2432532537551155,0.1642056079137894,0.6778960000901,-0.13335563881056658,0.9430224299430855,0.1597265416667576,0.6711237146740874,0.052085399805080354,0.24029363337017257,0.16102646929877157,0.6737472159521924,-0.12041378979172034,0.902245467617399,0.11034218647650318,0.6953216478938153,0.059850500098296615,0.9975810306412841,0.10900191643408375,0.6993218575205127,-0.059859505721500984,0.9994971298036128,0.11884987921941857,0.7843263603392108,0.12102195088352485,0.38033170643306946,0.11933150781052461,0.7956613727978303,-0.059049883946066854,0.9910890176182708,0.11081636448701232,0.8689077638444452,0.19417842725912743,0.6913574281192967,0.10514711907931745,0.8990362882614142,-0.05207183655528799,0.9898019972301672,0.10648827609561747,0.880582443305425,0.19941727036521562,0.6674990795907525,0.09916122293188465,0.9155491306668242,-0.05428961628959296,0.9643510835511351,0.13304195659501222,0.8857496749787109,0.18144733423278459,0.8305926322937018,0.1313183101869766,0.9162577816418246,-0.09937758105141783,0.9850943060148337
33,550.0,0.1518540985527494,0.5295566916465764,-0.043972308259634774,0.9997192479315264,0.1483373712925685,0.5210534390949071,-0.037681514308566165,0.9996201764969606,0.14781182010968535,0.5208514985584081,-0.03770779374809495,0.9996151838983816,0.14720600488640023,0.5206597447395329,-0.03772276214190895,0.9996994875726253,0.14761015630903707,0.5211284557978316,-0.05634274901378726,0.9996816856520523,0.14661281236580448,0.5210233870006746,-0.05635305813380655,0.9996372830300112,0.1455573049329577,0.5209891540663587,-0.056380213726134575,0.9996878447986792,0.14036350377968387,0.5254154120172777,-0.0028543096379421316,0.9990969271886924,0.13914805437837338,0.5265891949335738,-0.08644106522912076,0.9995734464554566,0.14990295895508368,0.5385740825108123,-0.028598818928003332,0.9994534679821567,0.14897109851950702,0.5385433236757918,-0.05285089533953444,0.9997221458525892,0.13006775152115604,0.5774271175974895,0.06219643354415898,0.9993704585801995,0.1288868451402302,0.5802094141642257,-0.12431511070047115,0.9999642372131354,0.12261051684618005,0.6422694353830252,0.09678261052994508,0.06560712981791728,0.11583298196395247,0.6470837394396469,-0.13962657749652874,0.9904259783881059,0.14973861546743494,0.6686178303900224,0.0651833530338038,0.19506474052156733,0.1505483864318758,0.6728994023232238,-0.12118755032618848,0.9654618047532588,0.1580915294942403,0.6762613143239707,0.065114783211833,0.2345140491213119,0.1604317327340445,0.6847414147286193,-0.13611741009212686,0.9500410641942711,0.1626005790063314,0.6701920912379316,0.049398283163706494,0.24795461552483714,0.16435953123228902,0.6746371360052205,-0.13076454542932064,0.9446042549042482,0.1600912121080218,0.6680714005515694,0.056769616724479804,0.24481366361890539,0.16122118206251246,0.671076255185264,-0.11810513834158588,0.9047238372621089,0.11009421767223457,0.6950315265428457,0.05980298331096063,0.9975986764544539,0.10896383438791556,0.6991327859106522,-0.059809582751421744,0.999491126764389,0.11859354234877095,0.784182781264896,0.11856684337059664,0.37867342858087477,0.11929352049316688,0.7956025032770071,-0.05951710985529995,0.9911542392912371,0.11049722135066994,0.8689986467361456,0.19062579671541863,0.6920520322663448,0.10513047732058034,0.8988832859765923,-0.054916766427812166,0.9899745129403621,0.10607188691695538,0.8810543730145416,0.19579462494168975,0.6695174801917307,0.0991410815290043,0.9154131866636737,-0.05731319103922167,0.9651371893428627,0.13294178744157165,0.8860858054388143,0.17851621551173086,0.830908343905495,0.13130214526539769,0.9161729869388406,-0.10167341111671363,0.9853011256172551
34,566.7,0.15170641811121088,0.5292812443914872,-0.041543808898755516,0.9997200029236937,0.14819542566935232,0.520753832090469,-0.03527864867023062,0.9996227565265845,0.1476710190375647,0.520559132099152,-0.03530547005080044,0.9996181726455696,0.14706989129384368,0.5203755299250289,-0.03532146378642039,0.9997031319709059,0.14747617145379396,0.5208250596409756,-0.054109490875686964,0.9996829714093897,0.14649140196187166,0.5207358797391259,-0.054119212464207735,0.999639244306656,0.14544992432707843,0.5207205329622545,-0.0541472553852059,0.9996895676567449,0.1402183622121812,0.525230969701495,-0.0005722948844777424,0.9991118397031519,0.1390152041401183,0.5264280920936952,-0.08468003429117663,0.9995788193884357,0.14976906563554504,0.5383225054967975,-0.026187831447238033,0.9994572798411059,0.1488438936926071,0.5382485815456939,-0.05065520657669934,0.9997228809765415,0.12993514821642932,0.5772638519605005,0.06431528979114129,0.9993746763183964,0.1288792874131885,0.5799978772799178,-0.12238088285639181,0.9999634368079057,0.12256816703648803,0.6422248823302137,0.10048331746033268,0.06586739846638276,0.11600369215011605,0.6469745096706214,-0.13779759265127645,0.9904941632634126,0.15050146551359278,0.6655561214401613,0.07044793452535361,0.1997680153165546,0.1508726193791345,0.6707894404729212,-0.12062448156731478,0.9664430107389184,0.15891622787430185,0.6722353242692498,0.07069425746088942,0.24044246900649313,0.1608326364131202,0.6824256891296028,-0.13583133688994825,0.9514857048080089,0.16342286907491244,0.6665468130792895,0.05474816120806199,0.2542321603922619,0.16456512822991337,0.6719951317423871,-0.1300029300508046,0.946140422707513,0.16051070321173905,0.6642673696790427,0.06199036538600926,0.250830738317399,0.1615060198874702,0.6687073934645884,-0.1174330643954732,0.9071289641516556,0.1096905856615022,0.6947607511565803,0.05977508727283709,0.9975979015940719,0.10894638512815756,0.6990100400788448,-0.059779870722975095,0.9994696236792071,0.11824073642492303,0.7840650138400855,0.11562528354781024,0.3753775301433747,0.11919848372538894,0.7955581659362435,-0.058936383575201076,0.9909911127317527,0.11006079791557229,0.8690989528383534,0.1859300548122044,0.6898021187101097,0.10507714677424665,0.8987849383127129,-0.052863832740556664,0.9899367690086371,0.10550480123077127,0.8817059795061754,0.19096338819889808,0.6696549086343679,0.09910622345549727,0.9153310911996031,-0.054962327792531004,0.9656422024681462,0.1328175202721642,0.8867862820625312,0.17350622940631155,0.8290915205365141,0.1312619745731355,0.9161805794352583,-0.098398900457791,0.9852152949287785
35,583.3,0.15158638429074073,0.5290385030564811,-0.04024151091774307,0.9997209310531624,0.14809149077960432,0.520500617367881,-0.03396035393788703,0.9996256232261665,0.14756748576958983,0.5203121900558475,-0.033987559200752374,0.9996214111646023,0.14696547318072556,0.5201348804292228,-0.03400424796910516,0.9997070857456759,0.14737543534664893,0.5205713340214324,-0.05289196772944363,0.9996847481954673,0.14639436914807286,0.5204938196000602,-0.05290150837529277,0.9996415688878021,0.14535661751315718,0.5204899452981498,-0.05293073487423719,0.999691721938906,0.14010295271873485,0.5250685725893297,0.0008809491437638097,0.9991304022925247,0.1388996938864391,0.526268839836121,-0.08369002065488276,0.9995849359603163,0.14965940018494933,0.5381433992158803,-0.02482820426424346,0.9994630416234341,0.148734544714292,0.5380552638144724,-0.049434219442662776,0.9997243937991921,0.12981049361683084,0.5772249585106264,0.06594698858403028,0.9993752496583128,0.12887819182305119,0.5797141989072168,-0.12152785382100523,0.9999626505942579,0.1224744901770638,0.6422872060821174,0.10282649312700551,0.06613158753940042,0.11621342138165527,0.6469662927445916,-0.1371577417566664,0.9905575882820863,0.15121473230066765,0.6629338122549515,0.07338036064590732,0.20388177746818192,0.1513280655656543,0.6687186190060211,-0.12345553721700406,0.967465139570691,0.1597424184992201,0.6692146403448928,0.07374570554211032,0.2456767012675605,0.16128486962545496,0.6802046071915404,-0.1393605534519469,0.9529961290813634,0.16414852298441399,0.6638750150090178,0.05758113325351765,0.2597657165357047,0.1647883454958599,0.6696223389534728,-0.13296463872705197,0.9477378697622396,0.16087212732860032,0.6609869060062232,0.06484867454994298,0.25610727426551655,0.16180429714066652,0.6664140252839956,-0.12016825342462184,0.9096088068825865,0.10921360020126623,0.6945556231907442,0.0597784779965878,0.9975773975962691,0.10890169512657899,0.698883522124518,-0.05978121502058851,0.9994415640831001,0.11780839448883429,0.7839436275618422,0.11516796371766506,0.371460808174951,0.1190616672947294,0.7955237825711574,-0.057925102079198515,0.9907553933915646,0.10960370053847639,0.8693353675660639,0.185943867479052,0.686071307886215,0.10496812704063604,0.8987630463781817,-0.04931065724009563,0.9898197054862983,0.10495366546369742,0.882457648004805,0.19104987099057166,0.6690842140288584,0.09905158870276959,0.9153018877619795,-0.051083068585112024,0.9660416160311025,0.1325708067133314,0.8875459319069279,0.17310461543855227,0.8262890151568828,0.13114965032963535,0.91624703293755,-0.09414537002642956,0.9850107772009721
36,600.0,0.1514793655702047,0.528893079076495,-0.03783040067979271,0.9997204769225355,0.14799406840687718,0.5203716669763842,-0.03162184268945742,0.9996271701086142,0.14746330465589264,0.5201857714425953,-0.03164998317758244,0.9996229410171515,0.14685528193201347,0.5200128413382035,-0.031667413810888945,0.9997099950200042,0.1472928367909932,0.5204291428838461,-0.050594292581081425,0.9996849213327688,0.1463160649651574,0.5203457048961098,-0.05060344828026639,0.999642037210011,0.14528895914554607,0.5203386119433815,-0.05063412409453169,0.9996926074936284,0.14000627682322558,0.5249775648117069,0.002968787988287488,0.9991470915930619,0.1388073918365298,0.5261353509766719,-0.08120656581152058,0.9995903401147759,0.14954659200849998,0.5380213941846579,-0.02248968077557429,0.9994699557622281,0.14863226456301565,0.5379094623384026,-0.04717109671660836,0.999725988933019,0.12970486354260227,0.5772563162304111,0.06800051991428652,0.9993744208699188,0.12889020712602717,0.5793612826438181,-0.11938754611072094,0.9999619097936728,0.12230237715301069,0.6424793828101389,0.1053186264776049,0.06613265084368847,0.11643090241012127,0.6469068215006879,-0.13659456159387323,0.9905873678979427,0.15165399866444734,0.6613701156207499,0.0759286802439463,0.20767324169476842,0.1517572942234222,0.6664800445238754,-0.12806962111166553,0.9684796872593114,0.16020918176287707,0.6675600182442443,0.07629050172510607,0.2508866268964043,0.16171591977278404,0.6772500645546691,-0.1447542082695735,0.954521230288915,0.16467243007251206,0.6622990483329414,0.05991779658056445,0.26521893200420216,0.16496277423132044,0.666695512476422,-0.13791414953413472,0.9493367075920112,0.16112627585728975,0.6588359446752644,0.06731825712181277,0.26121277184713476,0.1620527988388426,0.6635096981411894,-0.12476131000689106,0.9121105670928963,0.10873981990984516,0.6943686093602867,0.05979788729122711,0.9975379989260726,0.10884387046098717,0.6986888930911115,-0.059798222744748754,0.999405122938611,0.11733525565692364,0.7839015097845174,0.11312083687101099,0.36626285598391606,0.1188226689894995,0.79552405788785,-0.05670161172747616,0.9904083297366195,0.10912044346332558,0.8700483583268672,0.18182022230965764,0.6798857876232698,0.10481030990680067,0.8988160377457035,-0.04490262518326445,0.9895838186854415,0.10436831804968069,0.8837001493998942,0.18666666533265808,0.6671466912542076,0.09892908270869943,0.9153199564842958,-0.04625861559595384,0.9662618750617624,0.13228247208254687,0.8887416720390326,0.1676343885206042,0.8219664210364938,0.1309756359883718,0.9163622004645218,-0.08905218364227392,0.9846366019476034
37,616.7,0.15131982948098877,0.5288117073831108,-0.03888589888811114,0.9997217286200757,0.1478872299194337,0.520298106329782,-0.03252092624704045,0.9996306640761247,0.14736467599868786,0.5201146772929603,-0.03254871460653489,0.9996260262670978,0.1467642996992385,0.5199421502294999,-0.03256685091626079,0.999713491825831,0.14715727312224264,0.5203337158475607,-0.05104466385784607,0.9996868684178314,0.14617292937778303,0.5202380872908097,-0.051054873636790725,0.9996443305696767,0.14513515574591512,0.5202218237377352,-0.05108547104256497,0.9996949746495208,0.13992630867731015,0.5249219082650688,0.003164213655206067,0.9991632529667452,0.13858346782979522,0.5260231892267867,-0.07987001360881901,0.9995967774164116,0.14940308176335845,0.5379424378985455,-0.023221884454999668,0.9994759644780848,0.14845104373636708,0.5378197800545469,-0.04723070136138374,0.9997272690137234,0.12961109834057954,0.5772536652428767,0.0684950614259357,0.9993772591863368,0.12885569958459772,0.5790469788369682,-0.11782234055655352,0.9999610185623176,0.12214874511673346,0.6426168254443582,0.10544314377364666,0.06659391061181119,0.1165890111809686,0.6468194127082829,-0.13639669546059208,0.9906104803085334,0.15154448719251734,0.659894738878523,0.07522470504045492,0.2149685763177419,0.15208747770105102,0.6643806979769757,-0.13185176572629392,0.9695120595750362,0.16022785433701117,0.6666381869997302,0.07521035309348793,0.25975638060342715,0.16205507729734703,0.6741972054753991,-0.14881223794959852,0.9560709311848602,0.1646008711485637,0.6607194883482801,0.058900378999255994,0.27439212231409005,0.16515992652802253,0.6635624766349797,-0.14188080032666534,0.950995632580349,0.16111923115594057,0.6572847394716177,0.06663173508076446,0.26967779369581335,0.16227704144659508,0.6605408844493689,-0.1285400120984941,0.9147758966400517,0.10839109371105837,0.6942837380227593,0.059728466506515275,0.9974915782610583,0.10872220212504985,0.6985440424510416,-0.05972792474286902,0.9993638481412622,0.1169895047233219,0.7838751191184641,0.11120469974620009,0.36210174361864755,0.11855135254916699,0.7955532726787391,-0.05546386362541293,0.9899847138495679,0.10877065112193433,0.8708408333006366,0.17788163537070878,0.6739284736769545,0.10463525461299086,0.8988169091088438,-0.0413305617514111,0.9892682716960006,0.10398632039626447,0.884711072558449,0.18250064693746126,0.6647971754982362,0.09875818732238958,0.915326771282015,-0.042414646950506056,0.9662429065931418,0.13209927223977597,0.8898080559003927,0.16341943400246767,0.8178092042605088,0.1307755226180668,0.916446853251685,-0.08489909803583515,0.9841902000563493
38,633.3,0.15113973972343275,0.52872318597067,-0.04115226669680508,0.9997265679495683,0.1477747673080082,0.5202275798434307,-0.034496445031393166,0.9996379358427873,0.14727376472382328,0.520049183141618,-0.034522910558042096,0.9996327871368053,0.14669039277803342,0.5198797299748379,-0.034541349858045606,0.9997188250223803,0.14696629771164496,0.5202411299660096,-0.052327795752457246,0.9996921987760642,0.14595842290492295,0.5201390612693064,-0.05233890243938995,0.9996509041105005,0.1448936646892912,0.5201173793701903,-0.05236838988605004,0.9997006342524581,0.1398806990612122,0.5248546515192308,0.0027399281056464803,0.9991830388704942,0.13829821561064048,0.5258971821694151,-0.07876110751004452,0.9996069130443399,0.1492666644709452,0.5378556024460569,-0.024923238725889314,0.9994846525646399,0.14822418703919377,0.5376998867307394,-0.048063690641096696,0.9997302691141772,0.12969726607913074,0.577284055096763,0.06859450503474196,0.9993808893930352,0.12878766514006124,0.5786888400713607,-0.11643347463437496,0.9999602153187714,0.12205071924697794,0.6427125987552466,0.10516151927766354,0.06714757638318203,0.11672891499031167,0.6467696825663253,-0.13643600543340056,0.9906254353977392,0.15185372531414043,0.6585890395300733,0.07422747462987905,0.2242983948616756,0.15228516643955606,0.6622043933187217,-0.13615894104753234,0.9707097666604186,0.1606748231819699,0.6655525224549435,0.07397436776331498,0.2711818814277651,0.16231710924988713,0.6709403821400239,-0.15338314785843815,0.9578540864444921,0.16485990371022918,0.6595931450525925,0.05764149838969826,0.2862639980656762,0.16530155709811634,0.6601891262190687,-0.1465469953559695,0.9529439665022357,0.1614950058006106,0.6565451508476625,0.06562765155519762,0.2805490649881819,0.1624132302545367,0.657319565614065,-0.1329259489263808,0.9179514901978636,0.10827931371473139,0.6942810841969086,0.05960035962717878,0.9974268305869337,0.10856592868055623,0.6983944858823509,-0.05960004350968774,0.9993174388295135,0.11675512471369343,0.7839212928499499,0.10837342909404218,0.3597984172049026,0.11827932794888824,0.7956323055993949,-0.05445378096330737,0.989577702113561,0.10845897985356202,0.8718466616812213,0.17224015011673893,0.6701300456410367,0.10441543977885026,0.8988612521262402,-0.03911304012650538,0.9890006354876935,0.10371744206973493,0.8856085141499843,0.17651521166165685,0.663655437174298,0.09854708221696679,0.9153303901354479,-0.04008838037649794,0.9662899999391472,0.13193724339916602,0.8907798698970255,0.15706745925403787,0.8149033898398996,0.13051451104027895,0.9164908045814157,-0.08224929940132873,0.9838299949963893
39,650.0,0.15087478998161508,0.5286749629747304,-0.044669607210727,0.9997356448854726,0.14761286264374152,0.5201951095036101,-0.03773328697397598,0.9996501519566499,0.14714617530504873,0.5200206069719228,-0.037758288638932394,0.9996442141987036,0.14659667369865248,0.5198554112797695,-0.037776814152797086,0.9997267864999324,0.1467058708270392,0.5201966819309056,-0.054621146370967266,0.9997019569079089,0.1456732898950578,0.5200951752208531,-0.054633941323984275,0.9996626660937362,0.14457716970216672,0.5200753126825609,-0.05466135750923842,0.999710605258034,0.13982771691821883,0.5248279060636252,0.0012903844416585007,0.9992061825025655,0.13790301552840653,0.5258313502584189,-0.07819428294897085,0.9996212096441367,0.1490672855150133,0.5377753405343922,-0.027823573067074753,0.9994968573252367,0.14790344025407529,0.5375894904136662,-0.0498010934818359,0.9997357186816995,0.12990554741450727,0.5773235105332879,0.06762386290800008,0.9993915955225634,0.12857645750045785,0.5784158366067074,-0.11521722589220328,0.9999600052833564,0.12204877109754662,0.6427077054977421,0.10376798042229252,0.06854549263204851,0.11684234050058191,0.6467456051281525,-0.13616812442030235,0.9906430755342763,0.15213529197942655,0.6568951663516822,0.07183795564231424,0.23738428524562308,0.15233496186279127,0.6597823074885782,-0.13773209708077577,0.9718847076098132,0.1610987342539289,0.6636364034243998,0.07114491256929584,0.28649523712339875,0.1625292499860129,0.6672734533037463,-0.15466620879513887,0.9596169959931153,0.16514128801368544,0.6578386142140347,0.055055680551699265,0.3021440917537328,0.16535137380872467,0.6566295737311958,-0.14865228675660644,0.9549118706158235,0.16185279261498237,0.6552757564045139,0.0633133362446513,0.2950414773963749,0.16243964575585876,0.6539281918889005,-0.13477965054057903,0.921248396237692,0.10825294114294515,0.6942282688050048,0.059326998357261976,0.9973718382063373,0.1082441945161139,0.6982468253090273,-0.059327393415428385,0.999285504931496,0.11664966813155592,0.7839427420071199,0.10778550945577176,0.3594532211621605,0.11803355103447333,0.795681516329448,-0.05590585601471723,0.9893157624063045,0.10823399857396179,0.8722533952622193,0.17158340272449324,0.6687111513955257,0.10420957988216771,0.8989026035581322,-0.044618107378482846,0.9888734590439576,0.10348992510920488,0.8859087654522493,0.17579495835871936,0.6634518617675422,0.09831685040678304,0.9153323627653582,-0.046092799199479007,0.9664984941482551,0.1318184548900242,0.8910965976260963,0.156559983889262,0.8136150439580287,0.13027929124378032,0.9164772232373563,-0.08832594220127385,0.9836868189630061
40,666.7,0.1505866029432843,0.5286550209635783,-0.047957159401405464,0.9997467370260337,0.14743154105686018,0.5201703310012822,-0.040844284884986454,0.9996644968078258,0.14700511381739673,0.5199984028225857,-0.04086845332667944,0.9996579715183811,0.14649571336451042,0.5198346830549698,-0.04088738117189637,0.9997362693150845,0.1464214814560755,0.5201681511742732,-0.05685798344867574,0.9997137444359923,0.14536159946804966,0.5200705130894983,-0.056872487600360636,0.9996767526581181,0.14422652763979787,0.5200542921111702,-0.05689758825160213,0.9997221628824877,0.13977296437535977,0.5248044161569508,-0.00021328789825063394,0.9992342193921415,0.13745299904119412,0.5257865587870283,-0.0780589286060561,0.9996368913423455,0.14884201046966383,0.5377294619878137,-0.030652169049495765,0.9995120366414395,0.14754467209180205,0.5375246916498461,-0.051443052433785975,0.9997427009400874,0.13037115264506577,0.5776159195672902,0.06640934873194926,0.9994066300846289,0.12813538525785728,0.5782330206462319,-0.1141231209039689,0.9999598066012072,0.12258006809722818,0.6427523919514252,0.10262594655865721,0.07192273047708335,0.11690181280885434,0.6467422388848809,-0.136111651148115,0.9906457776115062,0.1528807736578443,0.6553755459331336,0.07045270041340879,0.2558599433728629,0.152274678860392,0.6573344100089304,-0.14162561936037893,0.9731062735830042,0.16190203669525338,0.6619852383931483,0.06952015487920676,0.30693495841253393,0.16269565622011833,0.6640479933647887,-0.1587277948856355,0.961449909777869,0.1658152455375309,0.6561569003831778,0.05351438320108826,0.32335352613812424,0.1653154478186654,0.6535795927047734,-0.15359931971345642,0.9569835946673446,0.16240102833225625,0.6538286691620241,0.06195030716203513,0.31455838680267356,0.16240542488438753,0.6508977980840778,-0.13910567192804257,0.9247610029720131,0.10839859325261351,0.6942499365125389,0.0587363211171968,0.9973167521612992,0.1077864844174613,0.6981433033943181,-0.05873523350982443,0.9992556202979321,0.1166291424915905,0.7839844794500448,0.10546149881113151,0.35942621600060265,0.11783699939648319,0.795703496251788,-0.05815270046393081,0.9889675520715266,0.10804798276651481,0.8724235693613694,0.16783432875360774,0.6668812377112256,0.10399557046947033,0.8989423286347169,-0.051221091300249134,0.9886391702152441,0.10330943337508618,0.8859361807505296,0.17183691405114684,0.6620104681877867,0.0980883513887724,0.9153288290614181,-0.05322335802373436,0.9664693701834912,0.1316375257003876,0.8913110721678967,0.1522744603100278,0.811850649969919,0.12998880942662566,0.9164697244053802,-0.0957835820459185,0.9834295000348781
41,683.3,0.15030983374232348,0.5286373978569398,-0.0502609926320258,0.9997583031654366,0.1472335954507193,0.5201580240612942,-0.04311922139355118,0.999679244699933,0.14684024027415696,0.5199874384062635,-0.043143222551970284,0.9996727336020704,0.14636482795079558,0.5198241670926416,-0.04316182949003722,0.9997463311467859,0.14615685031527575,0.5201541327294853,-0.058490324942838616,0.9997258583704638,0.14508141080538442,0.5200584559213551,-0.058506501927262304,0.9996914210773656,0.14391700142905836,0.5200438329151702,-0.05853007556427097,0.9997339674404696,0.13970204974923825,0.5247919616245091,-0.0015754249844966203,0.9992654351961052,0.13706004406724667,0.525763693309966,-0.0781187329973494,0.9996523885499871,0.14862629345485154,0.5377200245857243,-0.03275706654503234,0.9995292481921976,0.14722787411439997,0.5375065831911,-0.052674199321440324,0.9997508014951441,0.1308965810707638,0.5780409233910702,0.06524175334544413,0.9994230497451063,0.1276530119634811,0.5781186819076543,-0.11361095699526023,0.9999600592113684,0.12340316282851364,0.6428150931994125,0.10101308709099185,0.07606031958545963,0.11698256220136379,0.6467618970643911,-0.1361589680115383,0.9906303229786108,0.15358451150712527,0.6544647472245357,0.06851098118793401,0.2743752286547708,0.15225583598727283,0.6554360105877836,-0.145938379423959,0.9742550197101781,0.1624897321065268,0.6609440843264267,0.06734601940427512,0.32683986567315626,0.16281862060228997,0.661671155974979,-0.16323961530412956,0.963179474785215,0.16641796202886683,0.6552484915370038,0.05140158534049991,0.3439354669480099,0.16530205806096404,0.6511752860886715,-0.1586594879627229,0.9589428106943774,0.16271808601561058,0.6526008674076631,0.06003335739175483,0.3334540313198455,0.1623797608273371,0.6484489980198093,-0.14371166200864893,0.928087220305489,0.10857125336215617,0.6943695204598568,0.058077568986586205,0.9972794396536698,0.10729579733950759,0.6981182666051959,-0.058072990427414616,0.9992422603425533,0.11662103413116373,0.7840403857685276,0.10555283157598414,0.36018628307751277,0.11772792715401885,0.7957767446835842,-0.060732261055991804,0.9887249100775953,0.10796175648768751,0.872428647109441,0.16936656335989647,0.6655227116176066,0.103785483964852,0.8989697269030986,-0.05796822249179799,0.9884408882686077,0.10328933880442673,0.8858476139250262,0.1734957290547236,0.6607534090677902,0.09789016771884199,0.9153081377347317,-0.06049386305468427,0.9664244680177605,0.13149131621633264,0.8913294105302726,0.15380494438466583,0.8105191872233442,0.1296804008029757,0.9165117456799469,-0.10375626846438371,0.9832289673033221
42,700.0,0.15002782146135976,0.5287556705020726,-0.050078130726303405,0.9997682940392275,0.14698904681773423,0.5202553243864154,-0.04316417340721406,0.9996925251824522,0.14660374323527028,0.5200818606785369,-0.04318873655228391,0.9996864000956225,0.14614265660444906,0.5199177435466225,-0.04320642653675309,0.9997558565366844,0.1459259319873084,0.520247496309735,-0.058278384840204644,0.999735959938595,0.1448625758999871,0.5201450926916944,-0.05829577236658055,0.9997038160051626,0.1437023544595356,0.5201232007571632,-0.058319296155657126,0.9997437738236934,0.1395633312917892,0.5248624285062158,-0.002091378378238353,0.9992978203864332,0.13682022548857198,0.5258212742351354,-0.07732483886537103,0.9996656917390376,0.14834696976911466,0.537807370935168,-0.03277877398899626,0.9995471324239464,0.14695075438136157,0.5375820199648543,-0.05238345921749164,0.9997587487811141,0.1311634133259456,0.5784746493612021,0.06473626728568763,0.9994422225725089,0.12729311344169444,0.5780541698137923,-0.1125761277618863,0.9999607006708788,0.12413333249943606,0.6429954369862879,0.10085520290193112,0.08022127548853562,0.1171366675269037,0.6467897835231968,-0.13618800824596777,0.9905251832235434,0.1538720237357277,0.6541380882263188,0.06915301084518438,0.2927577935513998,0.15224806609607888,0.6538116846765796,-0.14870084396430436,0.9753546402567915,0.1627034509465809,0.6602983247666137,0.06803323293016075,0.3462849685123991,0.16291021733056943,0.659506792113895,-0.16599500605038248,0.9648596417336244,0.16679529490925027,0.6546172045526055,0.05206191557503886,0.36391244757743135,0.16526303972516754,0.6488693980943594,-0.1616679990575428,0.9608334898948676,0.16268278303600503,0.6517634249868852,0.0607113802716846,0.35184203301157296,0.16232719449769895,0.6462350714774363,-0.14660146974381957,0.931296484810966,0.10863030382565098,0.6944839102881301,0.05757105545628642,0.9972531227838433,0.10694168579010743,0.6981355207307003,-0.05756112933158879,0.9992356073288697,0.1166249659089816,0.7840488042150231,0.10623753673973546,0.3598129110676904,0.1176520465385347,0.795887382257553,-0.06243010858694717,0.9882585406303412,0.10789859046538679,0.8723338615326661,0.17135605145068408,0.6617071174439935,0.10358685326008578,0.898973791372209,-0.06240215826602214,0.9880251118115024,0.10326093754598081,0.8857709737051108,0.17564598648321073,0.658090125946772,0.09768927594025938,0.9152835125014902,-0.06499518578251208,0.9661145181882956,0.1313429382585345,0.8912553361483989,0.15605642894903832,0.8075938905988427,0.1294188903910774,0.9165938893953965,-0.10822669203792307,0.9827554084005817
43,716.7,0.14970728684039353,0.5288683828853429,-0.050664440684375346,0.999773771989914,0.14667534260522763,0.5203610885710948,-0.043826633620829836,0.9996997543743685,0.14629723273572479,0.5201831431615924,-0.04385125300004372,0.9996938478379029,0.1458521123443332,0.5200175529434572,-0.04386851067344351,0.9997604546092812,0.14562971251351503,0.5203453983579367,-0.058730875629754334,0.9997408418428337,0.14458482960859945,0.5202359954516097,-0.05874939688614441,0.9997101795105714,0.1434290593578703,0.5202086227280757,-0.05877294249477845,0.9997484116327202,0.1393865283046451,0.5249634697323757,-0.002676667013604728,0.9993173025903255,0.1365258977526711,0.5259487288338801,-0.07687868035974962,0.9996719530650554,0.14806081993239278,0.5379094651767189,-0.03337167061510543,0.9995564506167464,0.1466709254753023,0.537663959321522,-0.052654798009565934,0.9997618397076932,0.13165493877161127,0.5790364004316788,0.06427308384861269,0.9994593887102043,0.12701083435898744,0.5780988619441082,-0.11191871372007196,0.9999608283951177,0.12491583540326082,0.6431999916122078,0.1009664666794596,0.08441073802255455,0.11728622728870038,0.6467852564085101,-0.13546513588655573,0.9903854387147093,0.1538495293685369,0.6536607117879962,0.07022164691062205,0.3106243354933605,0.15221556382519869,0.6528030605543231,-0.1475481717359453,0.9763452666146422,0.16263087874367133,0.6598229067666195,0.06868894149859751,0.3648275903293067,0.16288703183333092,0.6580781965028677,-0.16434918414978766,0.9663532177607226,0.16678716951892503,0.6532681783040369,0.05287656879850801,0.3829457461833957,0.16518442758492075,0.6472023271379022,-0.15998451908429473,0.9625278285571515,0.1623541478599822,0.650597819260189,0.06189975479529022,0.36930436037835646,0.16222947835922252,0.6447689703532632,-0.14517339425427583,0.9342261268979034,0.1087803794514566,0.6947623548053565,0.05711270780080845,0.9972184385572168,0.106600674490134,0.6981672332400373,-0.057097582590012366,0.9992217080933714,0.11679940422376005,0.7840266937301278,0.10556812655358094,0.35850245044344975,0.11763148471003496,0.7960315176418855,-0.06322493829897477,0.9874711178597958,0.10783681557292038,0.872599295207433,0.170340147756395,0.6555856409527011,0.10343050814810262,0.8989222759292246,-0.0631873061259588,0.9872630408832013,0.10324103527125865,0.8862305510611768,0.17459950418699366,0.6529658663840525,0.09754076209806267,0.9152501509303145,-0.06558587189231604,0.9651579771723073,0.1313028378146036,0.8913276479357771,0.1547789644627345,0.8029885263670065,0.1292435285590945,0.9166829415730073,-0.10877658001014172,0.9819349419502992
44,733.3,0.14940014197712864,0.5290054707300099,-0.050502213516405686,0.9997769054912393,0.1463440947589421,0.5205151949610033,-0.04374858506378676,0.9997033703894849,0.14597838336513166,0.5203442800612681,-0.04377384661209019,0.9996976313136879,0.14555016727674586,0.5201885842141655,-0.04379078160439222,0.9997622399103081,0.14528919401622964,0.5204860937027708,-0.05855025812273938,0.9997430614062726,0.14424447999114093,0.520380775133769,-0.05856875897873019,0.9997133527483266,0.1430815344765074,0.5203683603377574,-0.058592568196001546,0.9997504694121231,0.13915329320090167,0.5251940801030117,-0.0031429356119285047,0.9993282726832806,0.1362024261837915,0.5262031328110472,-0.07610999899251125,0.9996740534192047,0.14782554549830312,0.538046518961589,-0.0333830909360023,0.9995611338388359,0.1464292939220157,0.5377846700804578,-0.05267983799179399,0.9997629239445649,0.13227011121454701,0.5796240085647224,0.06344497594095416,0.9994728820664549,0.12674596125171306,0.5781797738302326,-0.11076751244919648,0.9999608766464967,0.1256406062415669,0.6433916489283249,0.10131679404349561,0.08794242640336361,0.11744702394519542,0.6468125127610711,-0.1333686106261754,0.9902291042464126,0.154224387237004,0.6530967865671435,0.0707234789927801,0.32699065832864693,0.15217840316749764,0.6523259452411112,-0.14485205709934246,0.9771739074162081,0.16287047167619081,0.6591046679587595,0.06816268818719051,0.38199108697119244,0.16280982182139453,0.6575021630241762,-0.1611846408673696,0.9676139837219608,0.16703626584439063,0.651518841584524,0.05253289480294504,0.40052134224346736,0.16503923137982696,0.6460383875029432,-0.15664722593057734,0.9639656884329666,0.16245420844781977,0.6491984554699494,0.06251471950894315,0.38550192543438533,0.16205773750940972,0.6436927176657181,-0.14235908360708338,0.9367385109265651,0.10909092213426325,0.6951396323385697,0.05666630129729003,0.9971667187554503,0.10633680330855513,0.6982541510037019,-0.056644203230029104,0.9992102753548403,0.11716002687102281,0.7839724137669524,0.10543143855673934,0.3563540804953805,0.1176243144131843,0.79614482890992,-0.06386121291489832,0.9867603466624313,0.1078361446658771,0.8715319094203773,0.17056564135210867,0.6482027882621406,0.10328057018064324,0.8989418432826094,-0.0642180850818044,0.9864814054398316,0.10320447704621731,0.8847619068054933,0.1748945691755841,0.646160361312685,0.0974046116073927,0.9152536165146608,-0.06665044242427468,0.9639650327818741,0.13131315651394082,0.8910966316858933,0.15594890571775905,0.7976564679827014,0.12914104830651066,0.9167992273966478,-0.11010905993836274,0.9810844574655813
45,750.0,0.14902640382448842,0.5292597413063054,-0.050136476222957915,0.999777643453508,0.14595339056991408,0.5208139958835787,-0.04349661565252716,0.9997035179819387,0.1456035205296109,0.5206549593380523,-0.043523296536434296,0.9996979492051268,0.14519288000606367,0.5205105656669258,-0.04354027286171916,0.9997614139602304,0.14487515957582575,0.5207813978195195,-0.05833385139703755,0.9997423972402307,0.1438235051575162,0.5206896293730967,-0.05835224386482016,0.9997134095146549,0.1426477148419336,0.5206921611513414,-0.0583765797671818,0.9997499812216993,0.13885310292243966,0.525557393119449,-0.0035710902108500426,0.9993313579332268,0.13582343146914538,0.5265966114543736,-0.07571941117445632,0.9996727676618673,0.14755446783133927,0.5382963447343739,-0.033286303015691916,0.9995619115375344,0.14612589350768507,0.5380229580970042,-0.05276424615156087,0.9997622796467379,0.13291018775531233,0.5802836361385532,0.06252949471984595,0.9994815332548965,0.12651659477324723,0.5784258757318773,-0.11009066126176298,0.9999607375689923,0.126171275263741,0.6436544372921903,0.10150147371348889,0.09062566821064275,0.11764241364740198,0.646990733487266,-0.130894531096731,0.9901047774723605,0.15471907953421285,0.6525979751632331,0.07072202861309057,0.340520779291789,0.1521603557325546,0.6521746289162413,-0.13950317388489142,0.9779404515311838,0.16321982869080146,0.658093392848969,0.06721236450331557,0.3964301858629502,0.16272755605833883,0.6573535345849542,-0.15540940420968202,0.9687704642613736,0.1673485168388913,0.650107772577377,0.05172822872797652,0.4153751830259962,0.16487374263150364,0.6453040526026776,-0.15119103803521122,0.9652918208213086,0.16273340369973877,0.6480957099369599,0.06256638751143506,0.3993056884833748,0.16186963731334336,0.6430439750353499,-0.1371917845237824,0.9390693761053547,0.1094576170047125,0.695773717902956,0.05628959373349239,0.9971076732590092,0.10605796958718988,0.6984919252849766,-0.056261760670514374,0.9991948916798553,0.11774976657969619,0.7839569875172212,0.10486765631607609,0.35403896939186846,0.1176610021364122,0.796304861704509,-0.06556321716024766,0.9860800362768634,0.10789063182615106,0.8704787748200559,0.17006028124264322,0.641463160514832,0.103169803818067,0.8989695026761017,-0.06773920676537927,0.9856771741594594,0.10319782864479798,0.8825537193389172,0.1744089885836557,0.639846381686983,0.09728069497006286,0.9152924106234602,-0.07024440488645015,0.9626744786898302,0.1314385384321214,0.8908972342809047,0.15601244497866867,0.7927999837057937,0.12910286514532007,0.9169005411011839,-0.11382824963047398,0.980229990822929
46,766.7,0.14862592660245452,0.5297003189722701,-0.04815365303130381,0.9997800503458303,0.1455858832313902,0.5213595401673093,-0.04171338109743031,0.9997056552342014,0.14526008991968076,0.521223970821926,-0.04174207009020309,0.9997003305526014,0.14487285486289442,0.5210971179462618,-0.04175962791556406,0.9997625350952155,0.14446651155040388,0.5212928709529699,-0.056551445630334714,0.9997436517760875,0.14340440148399,0.5212039294696993,-0.056569736805700155,0.9997155268987028,0.14220934254782552,0.5211982982499263,-0.05659420664111777,0.9997513890266425,0.1385888031550817,0.5260781929606486,-0.002923231405605165,0.9993392825126656,0.13544571754478282,0.5270924681708931,-0.07370382334504813,0.9996734119596943,0.14722483427751643,0.5386862329074318,-0.031836001468556294,0.9995664613587523,0.1457449041661763,0.5383788971673878,-0.05127931333013947,0.9997637754394902,0.13352630535761523,0.5812562817618965,0.062363263042200225,0.9994895543370936,0.12616008945873813,0.5788005675588339,-0.10795529612473087,0.9999607035091953,0.12688704721984417,0.6439596187500731,0.10164333028452743,0.09388066899208802,0.11782079544805353,0.6473884298687894,-0.12852100673176003,0.9900138775507616,0.15549365679423027,0.6520734940256396,0.0701259158196904,0.35517134694826064,0.15213605619612203,0.6520754780088157,-0.1366051584482194,0.9787237445513415,0.16387822869278149,0.657360970973969,0.06610729261523206,0.41195681123506483,0.16267169799123504,0.6571534531457088,-0.15267995496590941,0.9699534291312815,0.16804182032744103,0.6493128452982226,0.050718746547188116,0.43129327467509704,0.16469292200747004,0.6446817091533121,-0.14904333083402554,0.9666468330792025,0.163706164274897,0.6474532853989379,0.06197991612411685,0.41434794096719685,0.16167786646456958,0.6425264676411951,-0.13475679783594052,0.9414430430957256,0.10991679202942628,0.6965915191741221,0.055851115712097756,0.9970416596957623,0.10582422819875542,0.6989205820219861,-0.05581776957426756,0.9991806092716405,0.11854177287646711,0.784016200474331,0.1041561797970818,0.3514856894810997,0.11782679103669674,0.7964636342866086,-0.06659037868181869,0.9855268398920702,0.10796610798154566,0.8696226591155649,0.16870335170200906,0.6343374025254027,0.10308783253033964,0.8990344859304888,-0.07123407331250968,0.9849358342942744,0.10319933933871141,0.880279217447554,0.17298184264273883,0.6326742711521336,0.09715051984503162,0.9153863475436262,-0.07404797240382155,0.9614332772436602,0.13145416336400179,0.8902797557058795,0.15522545576095592,0.7877329218955272,0.12904674666268495,0.9169903312410633,-0.1177201774858294,0.9793983045078466
47,783.3,0.1481856732141405,0.5303794514565244,-0.044630876609257325,0.9997812396004093,0.1451804517280489,0.5221426799183804,-0.03848103469326386,0.9997067196028581,0.14486750392686765,0.5220412697110861,-0.038511899965150045,0.9997018206687207,0.1444926772798812,0.5219455361366275,-0.03853012905234385,0.9997634405181528,0.1440370764051166,0.5220538604827158,-0.05347348128755891,0.9997441314515622,0.14296844246841622,0.5219935632887345,-0.05349222322305047,0.999716826847622,0.14175143057391767,0.5220012352580119,-0.05351796426943374,0.9997523852757053,0.1381999310993014,0.5269744963873004,-0.0012941727930280789,0.9993466252372385,0.13504522896948323,0.5279239558038261,-0.07151547003360026,0.9996732700438734,0.14683636668182565,0.5393514888627192,-0.028962161746763068,0.9995710026650209,0.14532721681254263,0.5389966113226758,-0.0485330623175417,0.9997656231834783,0.13376283645629894,0.5822645113581707,0.0632509848191625,0.9994953615324844,0.1258916982582638,0.579422996157692,-0.10570469959860765,0.9999610441071655,0.12727177355970665,0.6443732210568024,0.10203199407884062,0.09649094229652774,0.11816510416212544,0.6478078876222888,-0.1261993008000511,0.9899794941856754,0.15598861731234062,0.6517000766027546,0.06940120068334403,0.36870428352128914,0.1521259205681938,0.6522457713172554,-0.13256594680604492,0.979502629666102,0.1643774672633127,0.6564658113888336,0.06523875076146357,0.42633095667475773,0.16265487670898449,0.6564216273171566,-0.1486306864590873,0.9711147660300852,0.1685551731359392,0.6485742671149122,0.04996289277360556,0.44592781719707336,0.16461004387764716,0.644163929280781,-0.14556902859892176,0.9679650494030551,0.16467224842026132,0.6467893520991013,0.06123651191592221,0.428190309376944,0.1615925899573736,0.6423598215693525,-0.13112367902483268,0.943733093284426,0.110207315002169,0.6972953223046807,0.05556742474436764,0.9969610316412797,0.10571187344335382,0.6994046767552698,-0.05552864003749124,0.9991765930539093,0.11955281098683684,0.783997135502952,0.10409555229402731,0.3497014499845962,0.118306818107764,0.7965577528590254,-0.07069807960873564,0.985331648872013,0.10806331109432954,0.8688941711471201,0.16844881645270768,0.6276303018842428,0.10304691429649088,0.8991042006583447,-0.08088646438859765,0.984516464528584,0.10327215918472843,0.8783150286901572,0.17268785124733346,0.6252891449701223,0.09700011603889018,0.9155218856675291,-0.08445681134859728,0.9605829148065483,0.13139346667698462,0.8892010961260122,0.1555258305299851,0.7828979776019147,0.1290454502616611,0.9170829795655756,-0.12921153221811577,0.978898051239196
48,800.0,0.14766905279386622,0.5313300830977308,-0.04351859805839405,0.999783376852672,0.1447103215115412,0.5231772689592274,-0.03740580504139267,0.9997097764696401,0.14440409200532106,0.523110926151276,-0.03743733838200572,0.999704959846679,0.1440401715891703,0.5230514407157901,-0.03745743383963905,0.9997661312421169,0.14355612226894932,0.5230605602264409,-0.05260819941759114,0.9997461807160157,0.14248544616358633,0.5230298581577486,-0.05262567759269764,0.9997195913678132,0.1412537530774163,0.5230568477085662,-0.052650504169010015,0.999754638898941,0.1377656991992679,0.52812743754614,-0.0007571915796558776,0.9993596871693936,0.13459933655602602,0.5290172582580934,-0.07029093872933165,0.9996757478941062,0.14635272820790618,0.5402830044428512,-0.028015307904708974,0.9995786434128178,0.14483207109428597,0.5398577394939608,-0.0477817131295091,0.9997687112717408,0.13365187673341672,0.583324029332116,0.06328147880378228,0.9995024857066934,0.12559211928220032,0.5804022181601756,-0.104978481573718,0.9999602749234161,0.1279684000072026,0.6451094689823337,0.10157998899618792,0.10252512814033607,0.11856799395311456,0.648724944818588,-0.1269674457254865,0.9898991357712525,0.15651147989999692,0.6517882460639595,0.06919097935869585,0.38755412612642587,0.15210151885237022,0.6524811585744227,-0.13505281437011002,0.9803266894249696,0.16592048960072664,0.6551251042456858,0.06537983708438425,0.4446551175344561,0.16260271342027766,0.6554960608482365,-0.1513921668132147,0.9723129783357899,0.16958758802641016,0.6477040761993049,0.0504054939817815,0.4642423206851599,0.16437949311165595,0.643750545524416,-0.14916261391980318,0.9693115552266446,0.16621400061107827,0.6467290265219556,0.061156480972256025,0.4458209120091941,0.16138270355406273,0.6423853976385938,-0.13409006524653672,0.9460468405768993,0.11044756287620189,0.6981300484566466,0.05537781545094085,0.9968679831141525,0.10573285002084012,0.7000683489299961,-0.05533867134224805,0.9991359540394381,0.12061430123590297,0.7844802169572744,0.09985713660717019,0.3485428250971297,0.11883406270117995,0.7968601243836545,-0.07383636243286593,0.9845382230622435,0.10811576637483786,0.8691022594769802,0.16087309874239433,0.6199349789392385,0.10297197068021419,0.8991529969942008,-0.08154825972659253,0.9835260964575275,0.10332596266553523,0.878019000802722,0.16472868053686063,0.617361080078852,0.09682710894516544,0.915646638189044,-0.0847392937257177,0.9588092877751312,0.13130592164539165,0.8889868514878416,0.14668264275505438,0.7769206279800057,0.1289628062929427,0.9174240486962462,-0.12892379895562225,0.9776889908881422
49,816.7,0.14717275755746034,0.5326819136029202,-0.04365293096218793,0.9997848471005765,0.1442612281867437,0.5245365585599631,-0.03751867299988159,0.9997120471227745,0.1439613196111862,0.5244841064725607,-0.03755075910261702,0.9997067593392879,0.14360819331237257,0.5244434617814567,-0.037574238720394344,0.9997680698122304,0.1430960801385699,0.5243656209536964,-0.05278573220684418,0.9997481107711799,0.1420173446337383,0.5243167820430941,-0.05280132467548056,0.9997216860453294,0.14077315656911768,0.5243301590283715,-0.052823875986394465,0.9997563333738426,0.1373826272430875,0.5294070385751275,-0.0010531077859923252,0.999372118995304,0.13411950639316023,0.5302601485025319,-0.06957463068621504,0.9996774168241599,0.14584754336447953,0.5415981695765544,-0.028182223261821855,0.9995856455394208,0.1442962863615582,0.54112758522942,-0.04794156515882132,0.9997713991573886,0.13376284355208998,0.5844781597455346,0.06198140694981534,0.9995085341589798,0.12500045200188964,0.5818214899017702,-0.10428108807121012,0.9999582937785565,0.12998837729295104,0.6451610014552167,0.10026722365901591,0.11310937752326336,0.11889931772436423,0.6500316432544169,-0.128448247909546,0.989865822451456,0.15764204590093533,0.6508007475308015,0.06893837948640193,0.4123077222279143,0.15207249848615567,0.6527750832693923,-0.14010343736126318,0.981232180481866,0.16783082769030627,0.6530611004148215,0.06532394353832521,0.4672358163765502,0.1625193258126578,0.6548276713916239,-0.1569080771434876,0.9735719249362045,0.17070434490839653,0.6457570138431736,0.051226697329963995,0.4865371996448157,0.1639914888711204,0.643552734738305,-0.15505956893875497,0.9707247018814095,0.167877257579849,0.6453561186790471,0.06128825797211561,0.4674545214289714,0.16097204954851252,0.6424547206787841,-0.13922097640378145,0.9484694259507322,0.1108209526255018,0.6990286821410774,0.05500983092046924,0.9967500510669898,0.10560691392137898,0.7007571146601728,-0.054972812888168195,0.9990621407826749,0.1218334443512418,0.7853289076260164,0.09219805364097874,0.3465692003568016,0.11959753930568705,0.7972573268981212,-0.07727882514397309,0.9824761436099105,0.1081214022068751,0.8701958968525847,0.14762325159141007,0.6081685963131137,0.10285925581341705,0.8993239629836316,-0.08227748991478062,0.9813389891669871,0.1033065698686101,0.8795899294671565,0.15085219130629596,0.6056054206121539,0.09665267843575712,0.9157136309714551,-0.08524362600985033,0.9555387099583951,0.13111231795379102,0.889831355639867,0.13161660305091322,0.7669961253801987,0.12883918058304566,0.9178991175833209,-0.1292640467484793,0.9753043424515504
50,833.3,0.14671377199036745,0.5341943161828182,-0.04269140870088626,0.9997901462373288,0.1438095754101164,0.5260237341835389,-0.03650775729190738,0.9997193501109176,0.14351600337596176,0.5259780202593126,-0.036540047487332736,0.9997133669399086,0.14317249542190924,0.5259496825081965,-0.036565667373083914,0.9997741409710483,0.14261334637800863,0.5258407706306097,-0.05203454285150486,0.9997552122388574,0.1415059772275744,0.5257860365368074,-0.052047673258043506,0.999728909560613,0.14023572916076307,0.525800120262873,-0.05206829557816191,0.9997625180653171,0.13691304765996487,0.5309012872832166,-0.0005160579291571468,0.9993944139707664,0.13351759030705418,0.531765407040006,-0.06860515475273138,0.9996840045565658,0.14542502306756527,0.5431450491859804,-0.027447631316525615,0.9995987017949429,0.14382979699543555,0.5426413104647685,-0.04745376535824371,0.9997777825310125,0.13397667734395902,0.5855568164870857,0.06066688522696499,0.9995177075976425,0.1243081149600802,0.5835538506507878,-0.10303776108083278,0.999955838634855,0.1324742024853117,0.6445631838980179,0.0992050536331677,0.12635902244420288,0.11923980358101081,0.6514887696220766,-0.12909316732769932,0.989910977227348,0.1591823044277374,0.6493673494883951,0.06931335691894809,0.44210039433978887,0.1520389226220904,0.653316852592287,-0.14648614469028665,0.9821155695688164,0.16989195346832286,0.6504776477813725,0.0656385563668751,0.49412945764405425,0.16241868124121722,0.6552450117610755,-0.1637944763615019,0.974773253713336,0.17180242921624878,0.6431005568731403,0.05226414402325952,0.5129961626870295,0.16350212480340698,0.6442075683957059,-0.16138034562269857,0.9720728681201034,0.16939099629720067,0.6428147185416453,0.0620035782811188,0.49328548567635705,0.16043849928038473,0.6430683902331766,-0.14536904437201376,0.9507747320901787,0.11127942161900664,0.6999029488790609,0.054473903384946676,0.9966752642676951,0.10541536907354998,0.7015498365674705,-0.054439791611262764,0.9989902746109742,0.12303783318826139,0.7862681718099691,0.0850181359620322,0.3435657152107786,0.12036177338588815,0.7975244465328404,-0.08145983410733093,0.9799494800113503,0.10809936409904851,0.8706272982415705,0.1352889991941907,0.5936296610605154,0.10267625926505959,0.8995684498832346,-0.08648492963541127,0.9786141316095995,0.10311399116402588,0.8809017822856002,0.1379748731851579,0.5911192383084982,0.09642699928510765,0.9157313590958012,-0.08960938169842682,0.9514789439383013,0.13077990994566974,0.891377991154081,0.11898586047547213,0.7545526566959568,0.12871526607445316,0.9184040256908967,-0.13361641587246043,0.972436745961508
51,850.0,0.14629427591959646,0.5357217391331994,-0.04277490061663449,0.9997987037613285,0.1433423658212027,0.527515856992631,-0.03640534196581162,0.9997312454950249,0.1430539751336689,0.5274652384576347,-0.03643452695437843,0.9997245697748101,0.1427155172541029,0.5274343405451097,-0.036462217391956445,0.9997838849113109,0.142106022153582,0.5273851752281193,-0.051774104436238644,0.9997662987027858,0.14096142635459002,0.527355736210233,-0.05178345456009823,0.9997403962271562,0.13966051524593726,0.5274048788206922,-0.05179550002018614,0.9997725571904871,0.1363619211174194,0.5324891663732987,-0.00010745354285020227,0.9994247442200077,0.13288770261264993,0.5335078863870534,-0.06926724704958148,0.9996960986228224,0.1450645121790115,0.5447084307670598,-0.02744112837882271,0.9996169720377248,0.1434069133940198,0.5442546066783727,-0.047314386992227495,0.9997872937293287,0.1340348876657941,0.5865330241975335,0.059356369432948926,0.9995311952772601,0.12377939728044338,0.5856079345657716,-0.10291873308874319,0.9999538716815775,0.1342964917421342,0.643694517158327,0.09711463607492908,0.14039932794514165,0.1196467631629536,0.6534170536767874,-0.12884390496072323,0.9900042017300931,0.16029017099312387,0.6473393014499125,0.0676958092621395,0.4726646244525913,0.1520181837536041,0.6539811037835626,-0.14972876721904402,0.982986041477749,0.17094409323873985,0.6471650628816519,0.06411163650807886,0.5214537254401619,0.16234596073627483,0.6555898586908981,-0.1664905540999913,0.9759277559462055,0.17222415194624957,0.6402115623156235,0.05173118075444588,0.5397104918956761,0.1630529704548065,0.6447069985525953,-0.16378457915215278,0.9733672000112995,0.16995762643359968,0.6396783930914747,0.060846095106431464,0.5195324548653197,0.15992420344125668,0.6436805299350199,-0.1483719852708636,0.953004025277638,0.11161860468841743,0.7006316809427175,0.05407441336484187,0.9966822380111339,0.10524656978391472,0.7025248238018585,-0.05404411220834373,0.9989396106629151,0.12403681377569843,0.7871351582663406,0.08138563164642884,0.34150354918979486,0.12132881333430617,0.7978839647202272,-0.08286242222502124,0.9775422385760724,0.10811997027624229,0.8713897722108029,0.1290003941172646,0.5808772132510235,0.1024898698642141,0.8998118213244852,-0.08738373894067045,0.9760858700388961,0.10297158041170673,0.8824300425393247,0.13143834329786763,0.5776628568058926,0.09619778678530747,0.9157407255399801,-0.09034219313235517,0.94767185052236,0.13072675537495396,0.8928300681568334,0.11300608799571091,0.743404675097693,0.12863545403594073,0.9186271230379748,-0.13313932220141103,0.969868251255581
52,866.7,0.14583535208588566,0.5368708741097228,-0.040560715964862305,0.9998122992969701,0.14279775037651982,0.5286847182682586,-0.03400725481056034,0.99974997270675,0.1425254579101291,0.5286352549280442,-0.034031182882331694,0.9997428371792756,0.14219698026066746,0.5286048423676267,-0.03405936700957164,0.9997991209938419,0.14149889491853268,0.5286284741901219,-0.04898910401832493,0.9997831242425108,0.1403210170212247,0.5286495486895246,-0.04899511929778829,0.9997582265308932,0.1389912764231365,0.528757112366813,-0.04899859251010989,0.9997882701101765,0.1357404383875076,0.5339348316192631,0.002654906484254061,0.9994674239839834,0.13222619962124607,0.5350963842301146,-0.06786361602800238,0.9997158362751922,0.1447194360551381,0.5459247969445732,-0.025233891570851937,0.9996431498300469,0.14299479836509352,0.5455473803338554,-0.044703033885785545,0.9998012582461047,0.1339327423345476,0.5876522404806959,0.06047460915786884,0.9995483387084241,0.12343359206404014,0.587611970447359,-0.10098510306505937,0.9999528044746042,0.1351157497792018,0.6429091464905516,0.09653734628643315,0.15282991528511058,0.12010608010348828,0.6555575700033283,-0.1272534444218591,0.9901215065093275,0.16126908219995964,0.6448971402077452,0.06688379709209719,0.5018085908322111,0.1519905087493716,0.6545519828796391,-0.149723319780259,0.9838303128878283,0.1712001810471218,0.6442210191772102,0.06359516004366539,0.5478832281771164,0.16231368482112896,0.6558141481308715,-0.16565044862883443,0.9770507926032663,0.172462467636381,0.6379288236300156,0.05199748304273405,0.5654617831820538,0.16264628228687117,0.6448129699343732,-0.16291269589038135,0.9746241087005258,0.17023262310595752,0.6368116480963575,0.06036478041538175,0.544895654632932,0.1594103468315943,0.6439056197802231,-0.14822840974444446,0.9552074159894678,0.11178646378573925,0.7014016821270903,0.053898161365872374,0.9967603569939031,0.10511136800050744,0.7035861384300963,-0.05387090785162793,0.9989133959724796,0.1248803763162523,0.7879985145160135,0.07751409638495678,0.33856231399944875,0.12255153556664794,0.7983579664003286,-0.08149655056851257,0.9754920062564675,0.10796578051078895,0.8733526354744328,0.12115144765093222,0.5684195671762743,0.10228766110681359,0.9000776154654373,-0.08637733899411708,0.9737883011500048,0.10254678875207908,0.8855926678294234,0.12321210226842344,0.5640576169604351,0.09591222199655722,0.9158639851070594,-0.08929005513588595,0.944210404441471,0.130533685996419,0.894798500197275,0.10554959199258267,0.7321095381464282,0.12856322597889683,0.9190876767748886,-0.1307633061494147,0.9674610921314791
53,883.3,0.1452436035587675,0.5376133805229555,-0.03742706420875734,0.9998265476453879,0.14211177045390733,0.5295490367071973,-0.03065840837856136,0.9997697699637647,0.14186798390888045,0.5295326823279976,-0.030680070409462586,0.9997627905436932,0.14155687604631706,0.5295413363547556,-0.030707486417321954,0.9998152369544626,0.14072961040905554,0.5296133075441637,-0.04583604314497543,0.9998004805474061,0.13952024422940762,0.5297560862132484,-0.04584165928619252,0.9997772091910959,0.13815911894752875,0.5299861487888159,-0.04584258280339698,0.9998050956499016,0.13502913358665658,0.5354653313046414,0.005816879956650419,0.9995107395308366,0.13154419121288127,0.5366856909933548,-0.06474638162624273,0.9997376856349771,0.14432213845707131,0.5468707936150691,-0.02197380603424142,0.9996703153564823,0.14253555025373196,0.5465607188996818,-0.04169192715060146,0.9998161991437284,0.1336654211793628,0.588807114533016,0.06361253843421033,0.9995679003851761,0.12339301300900332,0.5893208072299053,-0.097846425714947,0.9999534856705445,0.13487999992711214,0.6427312095959986,0.09433084797291535,0.16247336637406135,0.12074560884918495,0.6573434642383035,-0.12512006858984637,0.9903532465298978,0.16155890339896806,0.6434781239146283,0.059196618208218234,0.5267818130197983,0.15195836481593916,0.6549230955895928,-0.1458423009940557,0.9846746666090836,0.17078174083005826,0.6421610088575459,0.055457878658281945,0.5710220932960515,0.1623479567822957,0.655414618196942,-0.160674945939155,0.9781609574953722,0.17215678805396684,0.636209831351326,0.04477286338806156,0.5878364103181026,0.16241981018157242,0.6444808698835831,-0.1581158552850997,0.9758609391394123,0.16978912339324054,0.6351484798249749,0.052915385669274735,0.5668060893104194,0.15907127303736562,0.6437999237151377,-0.1442664215962093,0.957406503813608,0.11168890198071806,0.7020560985519777,0.05401246107759934,0.9968928865024029,0.10502502712465475,0.704695826485044,-0.053984460376557894,0.9989320692561929,0.12567991479521715,0.7885550828207113,0.07692136083330432,0.33921309170268854,0.12402179695311055,0.798950632413229,-0.08119685841458191,0.97483568815958,0.1077366680616425,0.8757283772741052,0.11955202654713684,0.5609294686998644,0.10214973205611827,0.9002849431264974,-0.09033020018112098,0.9728014781361541,0.10208294824475342,0.8885967390877867,0.12152003425927398,0.553686706792741,0.09559440932103572,0.9160992531549369,-0.09364015502589096,0.942431149028597,0.13037311888876424,0.8961726824442553,0.10506788996003931,0.7243410689490188,0.12854279293900453,0.9195702132724587,-0.13428562169983282,0.9663853673707878
54,900.0,0.14444921555973245,0.5382707005455384,-0.03763214551976751,0.9998428537732087,0.1412966088170098,0.5303814950443453,-0.030426682815665313,0.9997918094907495,0.14111751530851646,0.5304256507328582,-0.030447077626983347,0.9997852813629884,0.14085739850997936,0.5304986777759737,-0.03047367451446399,0.9998328714143669,0.13972952252342596,0.5305417719341463,-0.0457797603947776,0.9998195625486834,0.13845497724555797,0.5308313994180592,-0.04578514148791635,0.9997983830315733,0.13703488948799325,0.5312094319434397,-0.04578468487376262,0.9998236383710596,0.13435038853259323,0.5370203767504015,0.007241301499085417,0.9995573759078986,0.13069796491236924,0.5382367031914851,-0.06052120455673767,0.9997624783288872,0.14377138444355567,0.5479274534043815,-0.02157142918024746,0.9997003135227029,0.1418281452996391,0.5476459094456267,-0.04141835318434809,0.9998326557023192,0.13349594814436788,0.5901913557733813,0.06607835562456227,0.9995913761002684,0.12314520811750784,0.5907911260922754,-0.09438128840355653,0.99995452733267,0.135519801860764,0.642983286153703,0.08946589664334349,0.17484920862175182,0.12138357368253536,0.6591309053557265,-0.12555287742898585,0.990640336558933,0.16207235483896176,0.6426515777905787,0.046575394569940545,0.5530846502099722,0.1519709165607181,0.6549797086488638,-0.14656169925417228,0.9855306687809179,0.17134193721271707,0.6398604909578964,0.04175129365397709,0.5951570925258459,0.16235158344109865,0.6544627064750312,-0.16104431379409076,0.9792700466655556,0.17241565315496366,0.6339065091950558,0.03218213351266017,0.6110300733929592,0.1622088821161362,0.643457120373136,-0.15903985074588242,0.9770922604061315,0.16968184496675232,0.6339606330508283,0.0405924438465653,0.5896116750580929,0.15879852360203162,0.6432341138521835,-0.14519198735555022,0.9596197661899393,0.11165152667533791,0.703056332610903,0.05430293402501519,0.9970507848830458,0.10499055009512681,0.7059964793069027,-0.05427753233483863,0.9989526697567539,0.12656270464261382,0.7895821758678987,0.07463993486903969,0.34323674014636474,0.1252105271532423,0.8001248325620385,-0.07872631649176284,0.9748968765849165,0.10738198884895878,0.8784192261241739,0.11541473368803669,0.5564907618931366,0.10201016210374385,0.9005205177125483,-0.08558598018827898,0.9723351313954316,0.10159031727484301,0.8914398579370414,0.11719137536627915,0.5457857478232615,0.09524503634089523,0.9165206551551826,-0.08851947919243863,0.94108229591733,0.13016480136485337,0.8977050100054066,0.1012119182518551,0.7186063840275725,0.12843003230435518,0.9202491073381339,-0.12740287752378565,0.9656119006020689
55,916.7,0.14349795168354407,0.539130752994901,-0.03629501359093759,0.9998575590905696,0.1403653593290421,0.5314600950195679,-0.028955466956609794,0.9998116578374597,0.14024666732265845,0.5315758869761517,-0.02897883437219122,0.9998056207384389,0.1400385108732043,0.5317215891111469,-0.029005292980443884,0.9998487461180922,0.13865675245012565,0.5316518914131895,-0.044343620183922024,0.9998367173331132,0.13734711068017152,0.5320325522195729,-0.04434894415594286,0.9998174990926476,0.13590407584394737,0.5324968667257404,-0.044351590886002525,0.9998403361865459,0.1337269636846725,0.5385341161773323,0.008677445174682715,0.9995998598280416,0.12991637062458775,0.5396341426031934,-0.0551536736034212,0.9997849294117527,0.143047604532469,0.5491503902844024,-0.02024852422376475,0.9997278480302727,0.14095422057878415,0.5488520434924539,-0.0400184203116667,0.9998477300008145,0.13339738547801983,0.5916478463581635,0.06764057775338496,0.9996140854699278,0.12239299785523196,0.5919256891523093,-0.08949555704991029,0.9999553390911655,0.13796947541691018,0.6428639349483313,0.08060997263306668,0.1914431452751161,0.12214294359797531,0.6604517669904804,-0.12546129418270938,0.9910043449628928,0.16316634274664393,0.6415539355505085,0.02734800388238262,0.5795223116874699,0.15218397478262594,0.6541351250239785,-0.1477399610337758,0.9864030820982803,0.17224720759051199,0.6370497800055008,0.020730166097304666,0.6188444069453652,0.16236315525713435,0.6520215244520282,-0.16245684595335108,0.9803871853011001,0.17276936911401308,0.6309135584604177,0.012786569162493669,0.6335783118293403,0.16204212534995316,0.6413497584206722,-0.16080148730959223,0.9783234284037643,0.16964222916534982,0.6323158400399349,0.0217597929960383,0.6117485534577147,0.15857136178584336,0.6418517231941228,-0.1466351378531684,0.9618273604483838,0.11175505745978591,0.7043809351466956,0.05413747490161945,0.9971829454104113,0.10492279274123062,0.7074750690233145,-0.054112474833216025,0.9989651838938403,0.12784346441427877,0.7906560358547035,0.0699754641169594,0.3497258325417839,0.12647373371181042,0.8014247559365778,-0.07717046780245651,0.9749512672424323,0.10734264836424881,0.8803614434741798,0.10787367111160649,0.5506464782215305,0.10190124880699891,0.9009545388675878,-0.08550717504251576,0.9714443910689587,0.1013609415718488,0.8931246541795284,0.10938792356422977,0.5373045603434248,0.09495513495944802,0.9170141730989736,-0.08849315132413599,0.9390900702703574,0.12988233850115832,0.8992454835346774,0.09383125283888415,0.7110261264301487,0.12828370219185248,0.9208791965530039,-0.12545368075370797,0.9642799099286404
56,933.3,0.1426543841759365,0.5402362715630309,-0.036824100429103515,0.999870093095871,0.13953469338871194,0.5327253142992658,-0.029463960833492755,0.9998288665499013,0.13945213385990698,0.5329010628518609,-0.029490665488299893,0.9998232637132924,0.1392782266650882,0.5331030601546882,-0.029514815747028328,0.9998625261443009,0.13769957494168064,0.5329123621895203,-0.04474227715815819,0.9998515503747131,0.13634700931253896,0.5333475300243926,-0.04474697137872381,0.9998340209325162,0.13487199800355104,0.5338601328077774,-0.044752559136776726,0.9998547037442533,0.13313812868935732,0.5400170144580663,0.008428676486281417,0.9996373795327693,0.12913080411297945,0.5410157016345437,-0.0526383265498139,0.9998043945857464,0.14238878729797555,0.5506272826875963,-0.020711603973593045,0.9997521553720754,0.14017091265746534,0.5502676907039827,-0.03998133291800819,0.9998608345077158,0.1334453686362222,0.5929743392126905,0.06768746993371423,0.999633403051468,0.12145530680815388,0.5929041618392585,-0.08735816641932448,0.9999554696537206,0.1412939698923203,0.64264251220794,0.0671172589063645,0.21068631041617636,0.12330569468793423,0.66131056206567,-0.12312096428303501,0.9913719949268167,0.16433981486729227,0.6394572059313461,0.0009127854192185979,0.6015138200351174,0.1529392912274316,0.6515326897303269,-0.13814799097322292,0.9871193880126596,0.17346766662030005,0.6325478355089829,-0.00800509692081029,0.6378444092614315,0.1624678799084256,0.6474230005627593,-0.15211906532446556,0.981238660358248,0.17302273284821296,0.625951156729744,-0.014148245632116294,0.6512847911743895,0.1619495302438737,0.6376812372888843,-0.15086760336444502,0.9792562382561827,0.1696704264198032,0.6287073663302835,-0.004357748881115448,0.6292276950109577,0.15847609298569826,0.6390127000354591,-0.13703769729250964,0.9635331034660346,0.11199020133132034,0.7061372399330144,0.05375729004542036,0.9973006049791979,0.10488769837788181,0.7092549800872807,-0.05373277799004604,0.9989750924564551,0.1293136669056757,0.7917026565188459,0.06916462700991408,0.35868524369739374,0.12752184129896627,0.8026840374583295,-0.07698259325254536,0.9753289676847919,0.10775847307273327,0.881008026145754,0.10838045712028238,0.5454011644635886,0.101795466882842,0.9014450396810265,-0.08706443863255643,0.9705897796721692,0.10156926406281341,0.8932865659395861,0.11005485838367833,0.530077267260779,0.09475585037753703,0.9173899009114227,-0.0901665708848409,0.9367229683058609,0.12959117264974696,0.9000441176550735,0.09471921906584792,0.7038391942069648,0.12807759571643113,0.9211997872307194,-0.12729110320409148,0.9630127066657663
57,950.0,0.14190473159154265,0.5414461976005922,-0.0413745228378546,0.9998821247191663,0.1387905435902733,0.5340295206932798,-0.03401114073182858,0.9998452067375191,0.1387394205445336,0.5342443102882026,-0.03403666384872939,0.9998400892530176,0.13859670431840998,0.5344818688574295,-0.034057693467253757,0.9998755369867605,0.13683191083726437,0.5341916339738032,-0.047824848798059316,0.999865685190474,0.13543706919465756,0.5346640830948244,-0.047826380069766763,0.9998498218400145,0.1339261538925626,0.5352287916910085,-0.047825048721972,0.9998683645611726,0.1326086223125459,0.5413461611384441,0.006557709160482605,0.9996725774946674,0.12832675590401613,0.5423986372493566,-0.051014962473085984,0.9998229231153223,0.14177471825054724,0.5520845339411785,-0.024596109454120926,0.9997752933275139,0.1394484688838324,0.5517074380602159,-0.04181987384245512,0.9998733741896499,0.1335125473283587,0.594077118805477,0.06665846811873577,0.9996575429326019,0.12045888638212576,0.5938328845160352,-0.08541684562251688,0.9999562076159894,0.14404202288105383,0.642821039472308,0.051636354022082866,0.23537245321841485,0.12468589452050989,0.6619466656730294,-0.11983331292867669,0.9917677413849612,0.16515140448297783,0.635548177219573,-0.028817758363272484,0.6234467512085329,0.153910116780372,0.647255693163191,-0.12617076436678576,0.9877942176092246,0.17408341666062688,0.6265720384461544,-0.039977107662707595,0.6558704887117663,0.16263559673513697,0.640768808977945,-0.1382929714662689,0.9819591300828123,0.17300363665535348,0.6194575031598413,-0.043347422743127494,0.6677920648029878,0.16192397049495164,0.6320279496056698,-0.1374158128386453,0.9800372748147881,0.16953292560009742,0.6233040974253704,-0.033385061603483014,0.6453947339739123,0.15850727614902327,0.6343464879762564,-0.12494710371607834,0.9650016001292645,0.11235024141413832,0.70791982185273,0.053249023499942996,0.9974338752882829,0.1048219282002677,0.710903494130998,-0.053226298874332834,0.9990004187538518,0.1305992149171376,0.7928809466816136,0.06887477494421465,0.36970411737759934,0.1285287844283241,0.8038058479626979,-0.07661419716619315,0.9760882371947885,0.1084895094945318,0.880795978364491,0.1085832051578023,0.5417619773319793,0.10173725265832181,0.9020031718980706,-0.08828523542199823,0.9699602524439501,0.10198641958690832,0.8928843367667432,0.11033415262188238,0.5245975057284041,0.09466848061198287,0.9177579340480629,-0.09145857251825794,0.9346580193156294,0.12957206652278003,0.9001654755501527,0.09507790314299727,0.6981446657861987,0.12788679699103045,0.9212637827509933,-0.12914019184453157,0.962104397160667
58,966.7,0.1412813528662637,0.5423852176893329,-0.043875620656070285,0.9998917863482527,0.1381333732888813,0.5349950364657814,-0.03682909755124935,0.9998587965965279,0.1380933743147624,0.5352190846488594,-0.03685219931815355,0.9998540793146413,0.13796077101003568,0.5354692197981339,-0.03687108893479622,0.9998863566489454,0.13612103249345517,0.5351742619559883,-0.049259077934991784,0.9998772030784977,0.13471729556719472,0.5356790309860596,-0.04925726442819553,0.9998626027788442,0.13320081006912968,0.5362908272516164,-0.04925015621951652,0.9998794027737216,0.13205338801656458,0.5422834129560565,0.005458079178684528,0.9997025472777238,0.12764192549955286,0.5434801436605912,-0.050704148553666645,0.9998380995932086,0.1412518783694223,0.5531290457362223,-0.026930825607407678,0.9997944945380809,0.1389035227752868,0.552782515684764,-0.04230502992868426,0.9998832855905813,0.13363800091402883,0.5949198575246906,0.06582206913403107,0.9996730259486614,0.11971690115474527,0.5946549716449924,-0.08401478046462656,0.9999557478087296,0.1454669308094752,0.6435814414705554,0.0410663670017606,0.258036432521684,0.12622158193872096,0.6622302134831752,-0.11134580629212523,0.9920552656764083,0.16573621190729607,0.6303809483846032,-0.047189057250285465,0.6390515054975242,0.15506282519726539,0.6415053975014464,-0.1028055514962901,0.9882657300858277,0.17419422737189716,0.6197800210544046,-0.05961783521897385,0.6672935911587312,0.16297405532428208,0.633206100690933,-0.11232227885297374,0.982314104125614,0.17282087604204827,0.6129857613926847,-0.06048996828585158,0.6775596454029996,0.16189164632842665,0.624823581604731,-0.11203399211877876,0.9804037383624493,0.16947807513532198,0.6168726938111446,-0.05107847323441615,0.6548338021550864,0.1585393399000169,0.6278830795061026,-0.10142266111714507,0.9658250468117857,0.1129638006289801,0.7097044899350127,0.0526058592257046,0.9975416092645562,0.10487005717697606,0.712332441693261,-0.05258249863982205,0.9990152659870337,0.13166585067907977,0.7941640501930606,0.06656525958152049,0.3775785636334195,0.1294736549967812,0.8047019044558212,-0.0768477632885888,0.976477762063345,0.10916542190881011,0.880856184732347,0.10496844564165395,0.5367617011070255,0.10170155125004912,0.9026387333869941,-0.08857516234829318,0.9688362337294086,0.10227824499209728,0.8931634255817964,0.10662951284930827,0.5183637227330893,0.09461767581247155,0.9180882856959394,-0.09155292915446424,0.9318377403985892,0.12948840572720494,0.9010350931258435,0.09075991348141724,0.6920278469721481,0.1276839602561225,0.9216492828868691,-0.1303631386586599,0.9609100761867712
59,983.3,0.14083051539602742,0.5430388876370025,-0.04277741536498073,0.9998984961282646,0.13768249182474054,0.5356937788781669,-0.036127771295252326,0.9998693920317157,0.13764859310218275,0.5359120908237642,-0.03615203677188785,0.9998648450488143,0.13751667241255452,0.5361675761994865,-0.036171194254642464,0.9998947609038588,0.13565541874794743,0.5359109526588808,-0.048327830398366606,0.9998855874651962,0.1342556831382571,0.5364447519892742,-0.04832574104269349,0.9998718074389874,0.13273813043321891,0.5371010530562632,-0.04831762044202717,0.9998874806222469,0.13158985120909564,0.5429069201151534,0.00568068036366077,0.9997271526427504,0.12715709989979163,0.5442971133050468,-0.05026569927022574,0.9998500772884921,0.14084399668943326,0.5536980884415768,-0.02606164042039643,0.9998099860690897,0.1385289593821481,0.5534496534438365,-0.04108080392082535,0.9998904863993334,0.13377717137336742,0.5952916429156353,0.06572390134845466,0.9996795966511688,0.11934722605205726,0.5952753878775101,-0.08298329618715111,0.9999541952496491,0.14536764082454512,0.6449071112133213,0.03458356945997195,0.27460974809669336,0.12811992423875002,0.6622556476365957,-0.10130299237512413,0.9922859157834742,0.16566705561819542,0.6258141313280383,-0.05972423790288828,0.6462221202396217,0.15623484480948685,0.6347509111676902,-0.07551788050858753,0.9885083692414428,0.17414019718056645,0.6136643205370226,-0.0732295010017143,0.6706170468103323,0.16350195521400102,0.6250225702921554,-0.08237853593059954,0.9822152512414122,0.1723850965499879,0.6070987752505715,-0.07188782685746754,0.6790983393078764,0.16188763862564465,0.6167142107373196,-0.08277271093711971,0.980245857011705,0.16919566265174335,0.6116683142525814,-0.06307505504671666,0.6562502384185795,0.1586060240155176,0.6201785689308534,-0.0739552055352501,0.9658942563193191,0.11361933144785118,0.7114882298878267,0.052122247538396324,0.9976428009214862,0.10522461647079112,0.7138374901953203,-0.05209612598021829,0.999025850068956,0.13217530435039893,0.7957559284709754,0.06434575344125434,0.3799070801053731,0.13055617894445157,0.8055025367509756,-0.07715361068646118,0.9763000266892576,0.1094405615613575,0.8818661371866868,0.10086872606050407,0.5288988238289247,0.1016902590081806,0.9031892333711903,-0.08873477791036885,0.966614050524576,0.10211433931475601,0.8945715342249195,0.10234878247692479,0.5094752212365472,0.09459447931675691,0.9183415202867423,-0.09175753025781548,0.9278447003591636,0.12948361961614527,0.90213502021063,0.08568364275353302,0.6844303153810052,0.12754168893609738,0.9221152805146724,-0.12951513982954488,0.9591690841175267
60,1000.0,0.14049315097786141,0.5436067581176762,-0.036397354721668246,0.9999021348499123,0.13739281041281573,0.5362710243179689,-0.03021531189664358,0.9998767744927187,0.13735265533129384,0.5364595197495964,-0.030240485001178038,0.9998722927910948,0.1372058583157404,0.5366945323489964,-0.030259506830978895,0.9999007724580318,0.13538133885179257,0.5365226808048433,-0.043015989341906175,0.9998906935964319,0.13398805970237376,0.5370565709613622,-0.04301526370857446,0.9998774273054948,0.1324676445552282,0.5377311365945002,-0.043010264901178256,0.9998925526936856,0.13116392706121727,0.5432608439808804,0.009143652516372863,0.9997462601888756,0.12682825752667026,0.5448681229636787,-0.048306373790616114,0.9998584531602412,0.14042631359327418,0.5540638310568677,-0.020541145438550144,0.9998211236227134,0.13817154651596442,0.5539740153721404,-0.036376928555823536,0.9998945707366588,0.13370271736667277,0.5953863774027148,0.06726518166916715,0.9996722766331271,0.11923647636458996,0.5956358540625803,-0.08089859819128406,0.9999508659044909,0.1443892078740257,0.6460088775271465,0.035751735702866626,0.2850917733850935,0.13039521731081472,0.6622910896937058,-0.08982163348368243,0.9924195721035919,0.16517746306601036,0.6208358690852216,-0.05660565658694226,0.64832596835636,0.15729253135976348,0.6283446578752432,-0.04900046801638039,0.9884875076157713,0.17330459186009012,0.6067523814383011,-0.06992504745721823,0.6692049673625406,0.16410189441272205,0.6176363428433741,-0.05387593921096556,0.9816816023417889,0.1707167703480949,0.6009290615717575,-0.06739374090518276,0.6759180937494556,0.1618723102978299,0.6094856517655514,-0.054657867178320926,0.9795832775887996,0.16780815450918118,0.6058041652043665,-0.05956220999360089,0.6529775574093779,0.15865649141016472,0.6134360659690135,-0.04724187091259023,0.9652488316808435,0.11411156682741083,0.7132751005036495,0.05202151941401621,0.9977368144761956,0.10600999246040987,0.7154215006601248,-0.05199345910832999,0.9990295313653499,0.13245069342000154,0.7974084104810448,0.06094951324519661,0.37652916567666217,0.13129531911441267,0.8062448586736413,-0.07727397197768807,0.9755233781678343,0.10925094428516577,0.8833619356155402,0.09381631548915598,0.5185451677867348,0.10170815672193262,0.903596895081657,-0.08862163410300306,0.9637390545436321,0.10152254360062743,0.8967130439622069,0.09496675573644192,0.49893485648291486,0.09455383994749622,0.9186122332300466,-0.09167999348470149,0.9234133220854266,0.12946325043837237,0.9032908876736965,0.0780262776783535,0.6761851935159597,0.12752807211308262,0.9225705918811623,-0.12584086933306293,0.9571124854541967
61,1016.7,0.14030175052938018,0.5438535781133746,-0.02307911906834871,0.9999038804145094,0.13718943084989285,0.5366066978091288,-0.017551572442503792,0.999881872109005,0.13709093701271793,0.5367465672038855,-0.017577622218855803,0.9998774783951903,0.13688116272290557,0.5369394677025936,-0.017595765521123442,0.9999052371297571,0.13532808423042308,0.5369003329958237,-0.03144446693892992,0.9998935517810648,0.13398817110629319,0.5373869680223015,-0.031445788707406774,0.9998806970460081,0.13251477408976792,0.5380186438560489,-0.03144883377743621,0.9998956492968974,0.13069827570801698,0.5432590359733221,0.016612328455916484,0.9997621263776514,0.12677446859223512,0.5450273581913543,-0.04379076049441386,0.9998644703910472,0.14007379895164862,0.5539987910361521,-0.009018675834384,0.9998293888001222,0.13796406629539681,0.5540135048684625,-0.0264122680361782,0.9998966143244796,0.13347022874014727,0.5952731711523878,0.07053821143649879,0.9996517215456289,0.11931944354659044,0.5955447213990352,-0.07682888777483082,0.9999465005738402,0.1432934289886839,0.6468025843302414,0.04084744410855433,0.2889477312564852,0.13290946895167952,0.6614612993739905,-0.07687010243535047,0.9925275984264562,0.16452113858291093,0.617323546182542,-0.046277919695490916,0.6436208798771818,0.158243388647125,0.6223623241697044,-0.02572923778955427,0.988316910607475,0.17192284691901447,0.6022130279313955,-0.05881020142918546,0.6616473879132957,0.16468274451437465,0.6108084803535829,-0.02913466574890275,0.9809389625276844,0.16827417555309487,0.5969216681662064,-0.05582733186227938,0.6667391913277767,0.16193791372435445,0.6031514548120049,-0.030273534823209068,0.9786681561242974,0.16535713913894845,0.6022780565988454,-0.048988984276851055,0.6437456778117594,0.15874412939662036,0.6078908897581559,-0.02393232880526091,0.9642480668567484,0.11436558834144056,0.7147086603300916,0.051440221567948696,0.9978308110010063,0.10697914021355773,0.7167228204863417,-0.05140348577073646,0.9990261282239649,0.13270439136595963,0.7986074998265227,0.05449641868472103,0.37030557223728755,0.13180482387542736,0.8066956457637611,-0.07512360740275616,0.9745687870752251,0.10896118446474991,0.8846693549837391,0.08023604750633245,0.5083557480857489,0.10175634672244396,0.9038143385024304,-0.0856623876662482,0.9605868316832049,0.1007639517386755,0.8988869984944667,0.08074170918691732,0.48960212440717826,0.09454183138552172,0.91873186826706,-0.08845897834925431,0.9188308375222348,0.12946845591068276,0.9043142029217318,0.06369374781137425,0.6693938800266817,0.1276439328988394,0.9227953042302819,-0.11688382781687245,0.9549023707707729
62,1033.3,0.1402601046221598,0.5439741327649075,-0.011798939512421695,0.9999061028162646,0.13708075313341062,0.5366448958714807,-0.006681175931589682,0.9998873983110708,0.13689674720877704,0.5367322989872527,-0.006705973230834523,0.9998829478309276,0.13660116848491496,0.5368736244383316,-0.006720628970513303,0.9999100225312376,0.13541332312992652,0.5369421243667607,-0.02167505859619097,0.999897153604599,0.13412546401932135,0.5373516366595318,-0.02167996595658009,0.9998845968927663,0.1326975127061209,0.5379160443941756,-0.021690707653760924,0.999899503730593,0.13024401806649719,0.5429471106756305,0.02308219892992862,0.9997771637780333,0.1268155262583779,0.5448007157870706,-0.04168011549682847,0.9998710921832501,0.13979125022888195,0.5537733861378266,0.0008748713492726296,0.9998370863142475,0.13787296414375314,0.5539216824940276,-0.01792952245367426,0.9998991886774705,0.13314982468173628,0.595114404246921,0.07327619088547575,0.9996098592167817,0.11949692489135842,0.5953672244435269,-0.07542324633825398,0.9999429356484193,0.1426346188499815,0.6471052907762078,0.045082665625072696,0.285724841413044,0.13542047497772045,0.659170386337099,-0.06709114533095138,0.9926407649403534,0.1636997624522165,0.6132304923874996,-0.038720754463048235,0.6285370559919452,0.15906035545326425,0.6156811572256546,-0.0019006751189451845,0.9880451815468931,0.1702589931942169,0.5978088265373598,-0.05095991403574039,0.6447976884387793,0.16512531113056922,0.6035704300517132,-0.003352548882720018,0.9801211470649362,0.16526805999733163,0.5921739907491779,-0.04750238341234983,0.6485174667267577,0.1617162043140049,0.5969532586279374,-0.006305087668200336,0.977684432551975,0.1621092444374449,0.5990176967212136,-0.04127453107919015,0.6259506628626873,0.15866789647511084,0.6020943749518626,-0.0005256489010727278,0.9631451623780394,0.11448376909607941,0.7156995080766229,0.05084101696099558,0.997929561705817,0.10799172378721698,0.7175999141874773,-0.05079498532272524,0.9990353413990573,0.13282149320557013,0.7992912048385262,0.05283857988459727,0.36422928883915884,0.13198003953411475,0.8069880689893456,-0.0720596387982369,0.9742034588541311,0.10894828928368441,0.8851271555537275,0.0775856141533171,0.5027729499907725,0.10182784426779981,0.9038233246122094,-0.08231332401434586,0.9586959906986788,0.10078087520031709,0.8999543700899403,0.07804594401802341,0.4844177918774744,0.09458417551858092,0.9187088438442781,-0.08492519209782287,0.9155980973016654,0.12974099814891824,0.9045209629195083,0.06126461319980171,0.6678236609413515,0.12779871196973902,0.9226779256548208,-0.11018800416163044,0.9538990798450657
63,1050.0,0.1402327460902079,0.5441055127552581,-0.007490666738400861,0.9999046240534109,0.13702032821519045,0.5367006432442442,-0.002393504561041483,0.9998859819911782,0.1367704960561935,0.53674837804976,-0.002415989170826618,0.9998818863005873,0.13641332799480085,0.5368454967226305,-0.002427137023741603,0.999909698963166,0.13550798098246264,0.5369447781926113,-0.017750529705413763,0.9998956010455184,0.13426117102305105,0.5372801508222311,-0.017758179943831207,0.9998844095638828,0.13287193576494863,0.5377727122533893,-0.017773069574364607,0.999900006112599,0.1299325419323786,0.5427184502283736,0.026462292653464153,0.9997836323011496,0.1268097779580526,0.5445690069879808,-0.03968002345590367,0.9998721537135904,0.13958322363240389,0.5536314050356551,0.0048996699596976995,0.9998378441447311,0.13782475959687016,0.5539364389010841,-0.01443800613993691,0.9998975169091004,0.13294767481940145,0.594936243125371,0.07541765059743613,0.9995466243653077,0.11947397745790944,0.5952145514034094,-0.074555981372084,0.9999399128414342,0.14231896045662118,0.6477963470277337,0.05015957390978227,0.28064873672667023,0.13754258269355418,0.6550898182959788,-0.06254081977974806,0.9927911985488173,0.16273287080583132,0.610521168935867,-0.02887862672408424,0.6086599372682122,0.15948102871576958,0.6089647525832771,-0.0015547341622766998,0.9879648174558375,0.16799259895370133,0.5966335932413741,-0.04015365597747624,0.6236540419714796,0.16549789834590195,0.5969893648510891,-0.004058292046898891,0.9797226900146128,0.1623566100994747,0.589726186933972,-0.037514769339135744,0.626277035190946,0.16139583715370734,0.5916955527805151,-0.006256011115120994,0.9771749292101186,0.1589289598521733,0.5970605469885331,-0.031520823016762754,0.6043716243335183,0.15856702625751506,0.5964794442767194,0.00014002488959314512,0.9626604432151438,0.11480590949455904,0.7159377052670439,0.05034620900239267,0.9979997759773624,0.10866495221853265,0.7175949499720624,-0.05029566515059702,0.9990436576661617,0.13279964384578533,0.7995873405819853,0.05247210267753832,0.36143615558033926,0.13174701091789073,0.8070432628904076,-0.07054784681115836,0.9741341727120543,0.10910151863381984,0.8851198099908382,0.077049993688152,0.5007300646532153,0.10192241271336881,0.9037282183056792,-0.0801883024119196,0.9574044119744081,0.1011424607464246,0.9004964204061606,0.07750375923656287,0.48272209791910115,0.0945984526049524,0.9187507828076688,-0.08260475950581692,0.9133182366689053,0.1301190030007136,0.9044728506179089,0.06118744664958549,0.669472407727015,0.12796325910659073,0.922605664957138,-0.10833729590688441,0.9534309619948985
64,1066.7,0.14018426054999952,0.543729296752385,-0.009522533199439452,0.9998871201560617,0.13691838014693497,0.5363925099372868,-0.004234556226514372,0.999866079716456,0.13661790248893566,0.5364021999495374,-0.004257258449104573,0.9998599234081458,0.13621853930609576,0.5364576152392799,-0.004267965292369595,0.9998930635906408,0.13554070322286524,0.5366414558319822,-0.0197332999890759,0.999877924010868,0.13432578387714578,0.5369383891423547,-0.01974282103280228,0.9998680438314171,0.13297185940401904,0.5373923494702297,-0.019760255568793857,0.9998877956753692,0.12966001956235804,0.5421845203354249,0.025413491452733694,0.9997580562319082,0.12671002745628365,0.5441974713688809,-0.040723185099306586,0.9998589214824501,0.13945450811159055,0.5529141596385415,0.003181079408109545,0.9998210725330179,0.13780569107759577,0.553387718541282,-0.01637254890409255,0.9998845032283246,0.13301388990311405,0.5941936175028487,0.07512534941945762,0.9994072374843422,0.11928490513846995,0.5947764260428297,-0.07546700679120569,0.9999342617534464,0.14277621677943647,0.6472910898072384,0.05094223487235254,0.2734110539867766,0.13925333533968254,0.6489782446906684,-0.06455475304807941,0.9927900603839337,0.1617880130097981,0.60571662301109,-0.026531122270084584,0.5849090701057802,0.15957713907673257,0.6004350298926948,-0.013354118991022318,0.9879552125930793,0.16593960850011746,0.5934063252948584,-0.03763853013515475,0.5986912278901968,0.16531189069861468,0.5884333224523639,-0.017659420463522642,0.9795632050150923,0.16043260835465942,0.5859457254409794,-0.035209250946839674,0.6003330066090542,0.1605480554557983,0.5840077059609554,-0.019557893276214613,0.9769523541132616,0.15675006735892533,0.5932609524045676,-0.02918397794876782,0.5793928731055491,0.1581818951027735,0.5886256552877884,-0.011680935521975966,0.9624679996853789,0.11549136361905515,0.715592367308481,0.049929578744229854,0.9979952914374222,0.10908617505005436,0.7171256144841518,-0.04987489857843948,0.9990422299930035,0.1326495281287603,0.799344956874848,0.056188818244707055,0.36005859715597993,0.1312279502550762,0.8069047161511018,-0.07309316914706009,0.9737063163802744,0.10939130470866257,0.8843488182340355,0.08672490645022626,0.49838688827696337,0.10193733267840893,0.9037020603815721,-0.08273354137227655,0.9554156575884145,0.10185576514119202,0.8996633433160335,0.08775760907502408,0.47958354155222604,0.09452162576573242,0.9188961528596431,-0.0851811567942302,0.9092403252919522,0.1305694580078126,0.9039729521388106,0.07074030311334706,0.6708343284470699,0.12808538121836535,0.9226039052009589,-0.11633925814004181,0.9525546800522584
65,1083.3,0.13990563934757605,0.5424592381431946,-0.013834465228553338,0.9998573093187249,0.1366087801399686,0.5354057550430302,-0.008097525844710796,0.9998333170300445,0.1362842144001099,0.5353982562110542,-0.008122183426859839,0.9998222901707611,0.13587219161646716,0.5354428745451432,-0.00813459390649639,0.9998645328340083,0.1353077143430711,0.5356978461855938,-0.023888498234252153,0.9998488113993698,0.1341164041133155,0.5360106087866288,-0.023900083000106487,0.999839745816731,0.13278189869154078,0.5364785364695961,-0.023920851404823022,0.999866391931262,0.12929567268916548,0.5410861827078324,0.023535413844954417,0.9997080337433595,0.12640298193409338,0.5432556810833162,-0.04333402269652915,0.999837279319764,0.13921417579764422,0.5512918829917912,-0.00038668031005987147,0.9997917527244212,0.13760412874675942,0.5518575055258619,-0.020305590704083457,0.9998626879283367,0.13323160864058003,0.5922848440351944,0.07419631310871674,0.9991973014104941,0.1189524989042964,0.5934048664002196,-0.07798530906438833,0.9999261299769091,0.14436838172730956,0.6447643836339318,0.04800092712754299,0.26602083728426995,0.14114932077271608,0.641740543501718,-0.07030072080947108,0.9926197245007476,0.16091986993948632,0.5976591081846332,-0.03185511007905009,0.5591135365622388,0.15943700075149547,0.5902973413467412,-0.02282609493427335,0.9878654082616178,0.1644645021075295,0.586029293991271,-0.04433195896091918,0.5714035516693483,0.1643343262729192,0.5777991896583925,-0.02827157413065879,0.9792901646523255,0.15958891383239213,0.5787117197400051,-0.04079666494258816,0.5721203911872141,0.1593100655646552,0.5739962430227374,-0.03081948731449391,0.9766189143771224,0.1557838632946924,0.5866085801805773,-0.034101500131544636,0.5529067175728938,0.15732006799607062,0.5786033102444244,-0.021479327112458486,0.9620952577818014,0.1164795330592565,0.7150866275741945,0.04983497375533698,0.997941726729984,0.10961850200380606,0.7164457071395153,-0.0497830723013197,0.9990263865107589,0.1323812369789397,0.7991402177583609,0.06089482456445698,0.3546029286725183,0.13093952479816628,0.8067516769681664,-0.07454360347418564,0.9718949482554488,0.10964296367906397,0.8838135883921676,0.09844658452840085,0.4892559193429496,0.10182306915521629,0.9037148952484138,-0.08204381274325512,0.9502454769043702,0.10237695596047817,0.8989105536824187,0.10013474240189514,0.47011042918477774,0.09438825540599377,0.9190855735824228,-0.08463158103681752,0.9001742317563018,0.13100191666966401,0.903660124256498,0.08051025353017313,0.6658476335661757,0.1280394168127152,0.9227203670002172,-0.12184552493549537,0.948820562589737
66,1100.0,0.13960400436605735,0.5404624399684728,-0.016549990534605027,0.9998245608238954,0.13628590106964122,0.5336312594867891,-0.010486215808972101,0.9997984256063196,0.13594103498118273,0.5335985280218583,-0.010510996715830914,0.9997803256625228,0.13551937469414313,0.5336239337921147,-0.010524874041688503,0.9998327607200267,0.1350643556742442,0.5339936443737578,-0.027002004463048228,0.9998181235222596,0.13389993565423158,0.5343162389028644,-0.027014747084606282,0.9998093729927433,0.13258325556914022,0.5347778484934856,-0.027038352830069425,0.9998432937122534,0.12883340106123978,0.5390791296958928,0.02284865161137923,0.9996481736501065,0.12608691198485247,0.541300699824379,-0.046591540000268425,0.9998153760319671,0.13895692215079364,0.5488586624463403,-0.002410347484761762,0.9997594980966484,0.13738537047590538,0.5494308414913363,-0.023310529467250637,0.9998383096286235,0.133073505191576,0.5887381406057453,0.07525564872083215,0.9989485400063658,0.11873114428349912,0.5907079889660793,-0.08146690364394876,0.9999159943489808,0.14604838405336662,0.6381027528217865,0.04794660210609439,0.26053708507901163,0.1431400633993604,0.6342830345744184,-0.07619126318466102,0.9921584696996788,0.16021597527322326,0.5856742660204574,-0.03512779889362201,0.5355038912523364,0.15917227310793752,0.5808217270033704,-0.023866663376490294,0.987310897736323,0.16330631361121234,0.5730984835397634,-0.04739331152467504,0.5459751231329786,0.16288063994475785,0.5680535747891384,-0.029196452582255027,0.9782667160034186,0.15888240649586644,0.5668410516920548,-0.044526571674006366,0.5459304749965672,0.15780898715768554,0.564506950832549,-0.032791320190188454,0.9754699099631543,0.15548668305079152,0.5740666985511784,-0.038221136977275236,0.5288274770691286,0.15619023782866354,0.5689495660009842,-0.022854541280096237,0.9606110964502613,0.11738100435052608,0.7141663772719251,0.05063014459751905,0.9978690658296865,0.11060445649283282,0.715395535741534,-0.05059219542003817,0.9989948925517862,0.1320801263763792,0.7988100846608486,0.06672921351024087,0.34700560427847393,0.130479911963145,0.8066567466372541,-0.0749916696832294,0.9681767764545629,0.10960246728999282,0.8834219461395633,0.11185664612622497,0.4767281228587744,0.10165911416212725,0.9037851804778696,-0.08030749786467786,0.9434659991945546,0.1024663529935338,0.8984141889072605,0.1142923729050728,0.45882510571252766,0.09423895747888664,0.9192939968336202,-0.08295112138702762,0.8890323269934888,0.13114051804656085,0.9032672870726819,0.09265868152890894,0.6571446713947119,0.1278463573682877,0.9229709733100171,-0.12437348990213312,0.9432916811534343
67,1116.7,0.13924397812003192,0.5373439504986721,-0.01547184701831569,0.9997977075122659,0.13588205263728198,0.5306285733268379,-0.0091720198702422,0.9997712600798841,0.13551829826264164,0.5305691105978834,-0.009194586148840337,0.9997447303363263,0.13508645480587378,0.530566874004546,-0.00920764320263906,0.9998068043163851,0.13472552739438565,0.5310916787102113,-0.026464821948182032,0.9997946052324211,0.13355909004097904,0.5314196177891326,-0.026479187554546785,0.99978545450029,0.13225563367207854,0.5318567582539153,-0.02650573086880504,0.9998257926532208,0.12819115320841482,0.5358130137125654,0.02537406005320097,0.9995936950047817,0.12567965331531716,0.5379761088462107,-0.04763079523330646,0.9998011503900808,0.1387023116861072,0.5455260844457721,-0.0008570454748613501,0.9997332975977951,0.13714816669623064,0.5460009177525842,-0.02280466400441671,0.9998167753219611,0.13271350732871473,0.5838223042942232,0.0788729165991148,0.9986941558974137,0.11867510456414457,0.5870045281591874,-0.08366634838637857,0.9999038463547123,0.1477079859801702,0.6290975610415146,0.050522611964316635,0.25573718193031514,0.14487160600367058,0.6269410394486932,-0.07959738480193279,0.991690065179553,0.16004150538217465,0.5737466499918987,-0.03612868239482246,0.5139921307563785,0.15892823182401214,0.5720623987061642,-0.015368880970137472,0.986562112967174,0.16306278819129594,0.5615935609454205,-0.04794466424556009,0.5228478894347239,0.16138639336540597,0.5599883879934042,-0.01933360387227455,0.9768229126930243,0.15879276678675708,0.5557250919796176,-0.04576632921539606,0.5222722973142355,0.15661218762397777,0.5560881807690579,-0.023963251173318868,0.9738536846070069,0.15574634500912268,0.5615309703917735,-0.04009580798447135,0.5074930503254849,0.15516279353981938,0.560603377364931,-0.014588485097712184,0.9585839169366026,0.11834199691102627,0.7123307131585626,0.05156665579194118,0.9978138435454603,0.11183136488710138,0.7133796442122692,-0.05154504360897204,0.9989304003261391,0.13159862018766866,0.7987555606024612,0.06694247076908752,0.3371523051034839,0.12989215978554325,0.8067479899951395,-0.07029419303649953,0.9623618409747176,0.1090543060785249,0.8843570465133309,0.10976121361766551,0.46370033990769194,0.10148271457070404,0.9040147775695444,-0.06976446739974482,0.9358248086202718,0.10187728490148279,0.899498070989337,0.11185916442246671,0.44913502818062223,0.09413145518019092,0.9195529960450679,-0.07187868495072643,0.8776727772894366,0.13093599109422602,0.9031535557338177,0.08831664387668889,0.6477882010596143,0.12760884492170255,0.9229389343942921,-0.11539943409817567,0.9369292117300494
68,1133.3,0.1388509479306994,0.5334390600522363,-0.012891989134784267,0.9997757616497229,0.13546577876522437,0.5267226696014409,-0.006416432504054341,0.9997522461982007,0.13507975495996938,0.5266673422995072,-0.006437360209279831,0.9997140907105952,0.13463571312881661,0.526661146254767,-0.006449689223830194,0.9997853239377348,0.13440404548531495,0.5272176577931362,-0.024595373088405263,0.999778432505472,0.1332433351448605,0.5275339938345414,-0.024610274870480828,0.9997678682917648,0.1319650596096403,0.5279192697434202,-0.024640820565677842,0.9998137638682418,0.12753287667319899,0.5317661563555404,0.028872470327076478,0.9995411889893675,0.1253499150985764,0.533648184367589,-0.04902330697292377,0.9997955106553584,0.13837023008437394,0.5414814381372365,0.0019837964680932832,0.9997125750496281,0.13689269196419498,0.5418172762507487,-0.02116262114473753,0.9997962713241584,0.13219015371231815,0.5785546586627056,0.08271778587784093,0.9984202015967603,0.11878163793257313,0.5826846786907744,-0.08644941732996993,0.9998897881734946,0.1495430405650821,0.6205356177829565,0.05345852353743148,0.25147465722901496,0.14661245686667318,0.6194176560356508,-0.08332870474883494,0.9912783106168119,0.15986267087005446,0.562414285682497,-0.03836296569733395,0.4938456983793353,0.15871586757046846,0.5631661415100102,-0.004751554390947737,0.9857309290340976,0.1629254399310976,0.5504063651675274,-0.05064626197729796,0.5010613188857127,0.1603254867451533,0.5511431296666467,-0.006917225585008666,0.9751421865962808,0.1582948480333602,0.5439936149687998,-0.04768746807461696,0.5001752206257415,0.15572640086923337,0.5471785834857399,-0.013266725421306642,0.9719921889759252,0.15561091545082284,0.5494025775364471,-0.042509674316360865,0.48771931869643115,0.1544044443539212,0.5516064621153336,-0.004440444998354432,0.9562368761925477,0.11930222277130408,0.709201159931365,0.052602187686023295,0.9977657397588101,0.11302605768044797,0.7100762213979454,-0.05259367291416445,0.9988495083082297,0.13090741563410996,0.7982991564841504,0.06881846132732578,0.3253513574600222,0.12899277536641993,0.8062691007341662,-0.0643972621432373,0.9540999645278574,0.10852021262759262,0.8858689381962738,0.11083007674841662,0.4505017598470056,0.10140312463045127,0.9042081861268914,-0.0607508089215983,0.9266853673117508,0.10157289746261786,0.9015472985449298,0.1128352160255115,0.440373275961195,0.0941773127941859,0.9197414489019491,-0.06257371586703123,0.8653977882294435,0.1307390034198762,0.9033150417464126,0.08820619646992009,0.6375923781167898,0.12744543311141796,0.9226131155377348,-0.1044181677557174,0.9287806806110207
69,1150.0,0.13847510658559356,0.5292382183529085,-0.008953580998682556,0.9997656260217946,0.1351529693319685,0.5227131531352092,-0.002082424205062646,0.9997461239496874,0.13476171592871358,0.522673640932356,-0.002097307759824964,0.9997020477340343,0.13432558448541743,0.5226581380480815,-0.0021068250228251746,0.9997756963684453,0.13410928064868574,0.5231564555849352,-0.020753457255306713,0.9997721456346065,0.13293178592409416,0.5234454274177556,-0.02076913128119141,0.9997614253134961,0.1316717288323812,0.523765969844092,-0.020801593239108736,0.9998089727901285,0.12705473814691826,0.527619682607197,0.03482020637463958,0.9995105436870036,0.12500268220901498,0.5292186481612073,-0.046280766704252824,0.9997986100968868,0.1380348943528676,0.5371265042395823,0.006451486299435302,0.9997054196539387,0.1365554793959573,0.5373648859205704,-0.017400867305696024,0.9997857042721348,0.13185168235074915,0.5730192150388449,0.08743364221992952,0.9982884952000217,0.11883622691744858,0.5781226612272721,-0.08675398322797963,0.999881156853268,0.15202698466323683,0.6114366678964529,0.0523416176438332,0.2506094667173569,0.14786848638738917,0.6112399527004791,-0.08037607087975462,0.9910966243062708,0.15929625218822854,0.5531306380317329,-0.04754028114534563,0.4758118901933946,0.15865176774206627,0.555258120809283,0.0045257021584326354,0.9851648353395015,0.16249546621527,0.5413725092297512,-0.061195396773871966,0.48027716364179374,0.16018359150205352,0.5430742814427334,0.0027224049387898847,0.9737403392791756,0.1572710963941757,0.534896328335717,-0.05740982702090631,0.4791814287503564,0.15549081705865417,0.5399875754401802,-0.0026829816356656105,0.9704442875725889,0.15499776601791393,0.5389652621178403,-0.0515739192210493,0.4691753600324906,0.1541955570379894,0.5442734559377038,0.005544211604588093,0.9543235727718905,0.12102023724998756,0.7047623481069297,0.053321671273027185,0.9977394768169956,0.11390359699726112,0.7052830429304219,-0.053329542634033056,0.99877649261838,0.13010515627406902,0.7971065952664336,0.0716998357148398,0.3157399495442711,0.12759132967108783,0.8048301225616824,-0.06085248876895227,0.9452276655605868,0.10816651334365217,0.8873593267940346,0.11313255805344817,0.4384390768550694,0.10142931129251215,0.9035933869225644,-0.055261083656833326,0.916964354969207,0.10157747744094765,0.9029824364753003,0.1151110536995389,0.4333846157505402,0.09427590277932946,0.918785058316731,-0.05681649630977998,0.8524331932976139,0.13071347560201382,0.9031169102305464,0.09043091783920931,0.6276577171825232,0.12716458170186914,0.9222774931362704,-0.09897844422431226,0.9194112845829562
70,1166.7,0.13797926122233992,0.525198062260946,-0.00761538222875624,0.9997471656118128,0.13473487397034972,0.5188426091557461,-0.0004997204634405322,0.9997274733725056,0.13436004945210056,0.5188000713075914,-0.0005109071886787815,0.9996691658383331,0.1339525750705175,0.5187343529292519,-0.0005188203095236707,0.9997518204507381,0.13366422270025535,0.5191927977970672,-0.018951698428108593,0.9997580221721112,0.1324696136372431,0.5194265558606106,-0.01896804225231921,0.999748002915156,0.13123435775438955,0.5196619800158913,-0.019000948362407243,0.99980001790183,0.1266558227084933,0.5234317297027229,0.03738533687733471,0.9994642989976074,0.12456556586992182,0.5250163362139751,-0.043378432059571884,0.9997945484660927,0.13762461074760993,0.5329090697424756,0.008129761088639503,0.9996845381600523,0.13609097472258985,0.5332116683324182,-0.015488937053652048,0.9997627990586424,0.13149566451708486,0.5676754145395192,0.08886014457259866,0.9979805038088851,0.11884293031124851,0.5735449280057638,-0.08551577656042014,0.9998710524468203,0.15387080893630084,0.5986914095424475,0.06005295525704116,0.2517557981468384,0.1495550445147924,0.6013740329515371,-0.08189909266574048,0.9910220418657582,0.15852994791099015,0.5423423080217274,-0.025332113284440287,0.4599511382125676,0.15862349882012333,0.5456475161370781,0.003856566900919594,0.9849469775245311,0.16136455039183312,0.5303045795077374,-0.03728894818396798,0.4605808783145181,0.16009584849789038,0.5326324474243894,0.0027922638137603114,0.9729201424689528,0.15590807156903413,0.5244525557472596,-0.03226834766211967,0.45923729453768086,0.1551106288319543,0.5302074154218042,-0.005174542067661175,0.9695627121698296,0.1541329650651842,0.5283909581956413,-0.02821457705327445,0.45163895828383344,0.1540182069653558,0.535319186392285,0.0037102341496696107,0.9532873488607867,0.12302335458142426,0.7000466641925636,0.05327963438772024,0.9976712436903099,0.11458138163600658,0.7002279815219703,-0.05329529196023945,0.9987258911132819,0.1292089961823964,0.794810349032993,0.07620155172688625,0.30960982896032807,0.1257363994206702,0.8023629245303932,-0.06289943644688248,0.9376960708981475,0.1081939712166787,0.8871201049713868,0.1208848197545325,0.4285572965939843,0.10149579566149491,0.9021684697696147,-0.06034593159953758,0.9088755817640403,0.10207719320342662,0.9020233211063209,0.12308333743186232,0.427700921183541,0.09447807109072101,0.9171059415453963,-0.06217578993666744,0.8406484410876325,0.13087111640544175,0.9018433406239471,0.09720846797738764,0.6190211858068198,0.12690093261854998,0.9218115210533149,-0.10688599199056634,0.9112496063822798
71,1183.3,0.1373760870524816,0.5212098246528993,-0.0071973200288734315,0.9997318756012697,0.13422059516112017,0.515115632897332,0.0003900395684121624,0.9997114368847446,0.1338806500037512,0.5150866111119592,0.0003813333155232527,0.99963703041985,0.1335188349088034,0.515004844892593,0.0003731703840284832,0.9997284525916698,0.13308752718425942,0.5153644453911559,-0.017361872341661238,0.999746175039383,0.13189864584377844,0.5155762916519533,-0.017378530908553385,0.9997379268918726,0.1306736036425546,0.5157928012666252,-0.01741179389258227,0.9997944803464986,0.12638195000943692,0.519617109071641,0.03997021665175758,0.9994348713329868,0.1240912519750142,0.5213134203638352,-0.03839750942729771,0.9997919031551914,0.13711558708122806,0.5290724606741046,0.008959308266639716,0.9996670030412227,0.13550609988825674,0.5294141655876528,-0.013805719669021322,0.9997376118387502,0.13127707157816215,0.5636954023724514,0.0896964474093347,0.9974881070000792,0.1187156829096023,0.5693409442901616,-0.08126532321884525,0.99985101393291,0.15635473387581972,0.585844837483906,0.07006415511880607,0.257256267326219,0.15194899766218106,0.5904795215243389,-0.08363964408636099,0.9909803867340096,0.15757818307195404,0.5290853352773761,0.007478565864619759,0.44584622269585056,0.15855933796791816,0.534862719831013,4.159464013003475e-07,0.9848979058719824,0.15922437040578763,0.5159699803306947,-0.0023921907302879193,0.44061087426685186,0.15953850675196887,0.5205613388901669,-0.0007540008518844852,0.972379752567837,0.15444938980397735,0.5131032807486402,0.0052239731663749345,0.43884659523055697,0.15470419966039214,0.5186640279633663,-0.011697150101619114,0.9690087125414901,0.15305098536468698,0.5169391788187485,0.006703639136893411,0.4338142048744931,0.1537342646292279,0.5244870001361488,-0.0018670654057392055,0.9527589650381186,0.12510615729150326,0.6958154723757795,0.05234571546316151,0.9975913791429436,0.11527440661475781,0.6955314278602606,-0.052363331828798605,0.99868358884539,0.12826232966922588,0.7921711745716282,0.07418141922070871,0.30616521977242994,0.12392952186720721,0.7995446097283142,-0.0632194823452405,0.9299336813745052,0.10865326261236562,0.8852881193161017,0.11905431108815338,0.4194695254166924,0.10163516728650962,0.9000556582496286,-0.060472785229129494,0.900848859832401,0.10289179959467487,0.8990404577482322,0.12115439488774263,0.4226002664793108,0.09479735933599025,0.9145616122654512,-0.062281878443346185,0.8287208165441247,0.130882474638167,0.9009942213694261,0.09275149855585332,0.6107523100716732,0.1265413775330499,0.921439326944806,-0.1096740418246815,0.9028782276880181
72,1200.0,0.13701690023853674,0.5174342251959305,-0.008842909531224349,0.9997097821462729,0.13394633361271457,0.511332262130011,-0.0008465431608437079,0.9996836696352285,0.13364847146329434,0.5113054230099636,-0.0008543887109096568,0.9995803719475163,0.13332967176323854,0.5112253654570811,-0.0008647831966213532,0.9996888240178433,0.13274420655909047,0.5115573150771009,-0.01792876120834125,0.9997307942027144,0.13157070463611975,0.5117712787219459,-0.01794576148192089,0.9997250380970191,0.13033412042118264,0.5120056016104566,-0.017976318707778355,0.9997879749252689,0.12632367866379884,0.5159724326360797,0.04011967654029531,0.9994013366245096,0.12380771729208184,0.5178037938617528,-0.03554377935471992,0.9997862094924571,0.1368127358811243,0.5256827246575133,0.007687535380855918,0.9996196741149547,0.13515309492746996,0.5261363330341524,-0.014147018570275545,0.9996792929513121,0.13106781528109607,0.5597465208598549,0.09022952864567445,0.9968178612845292,0.11872567591213054,0.5652323194912505,-0.08024638359035771,0.9998021210942958,0.1576233208179475,0.5652895569801335,0.08941912172096123,0.2643239398797355,0.1538315379903431,0.5779957487469632,-0.09123605525209796,0.9908946667398733,0.15692501337755305,0.5121088269211,0.054753989868220866,0.4337763247035802,0.15832348948433297,0.5233278118428734,-0.013963751095746253,0.9847258584839964,0.1572872634444919,0.4981939906165717,0.04938973291289243,0.4218769981747585,0.15846903693108344,0.5088923559302378,-0.01628843065173854,0.9716769343330753,0.15349294670990546,0.49644531380562595,0.055617778606358075,0.4197447370915189,0.15388840720767077,0.5074501009214496,-0.028129943956931452,0.9682635012127112,0.1520000972918103,0.5015566490945366,0.05413079616569341,0.41736566168921363,0.15313610292616356,0.5129626634575075,-0.01683873421556894,0.9519553212892449,0.12653259436289477,0.6923713201568245,0.05183481070257372,0.9975262653260011,0.11604619310015732,0.6920082824570797,-0.05185156244607202,0.9986265926134026,0.1271785909221287,0.7897630504199442,0.06840797637899722,0.3055859875111355,0.12230758439926882,0.7968677452632364,-0.05936761164949058,0.9217211093221398,0.10905817257506514,0.8827997247378039,0.11305907191265205,0.4122145559106557,0.1018626707650367,0.8974964334851225,-0.05093294162569305,0.8950967987378444,0.10355254759391157,0.8955118656158454,0.1150958981542361,0.4209942661580588,0.09517793605724978,0.9114637034279967,-0.052220371662683465,0.8212958716210871,0.13046676559107653,0.9007295824232562,0.08494407648131967,0.6038052723521283,0.12613992463974735,0.9212787463551483,-0.10116304120137584,0.8963075138273701
73,1216.7,0.13690605688662766,0.51396199635097,-0.006973757009421081,0.999651389462608,0.13384197510424126,0.5074415235292348,0.0010635581843200194,0.9996124335697727,0.1335795855238325,0.5074140486263097,0.0010560667308579606,0.9994524405116134,0.1332917930114838,0.5073393384615583,0.0010448933878381347,0.9996074409711936,0.13262060781319945,0.5076439011664622,-0.0161582243052267,0.9996912337484821,0.13146358941282554,0.5078281362851464,-0.01617603771211137,0.9996860311144882,0.13020578239645286,0.5080399314562483,-0.016207164064759312,0.9997660915056872,0.12643277645111092,0.5122962906247097,0.041552513128235255,0.9993117621966778,0.12372492005427688,0.5140269001324975,-0.03287717380693983,0.9997682798476454,0.13677860441662026,0.5226874067669827,0.009368496193062698,0.9995161777450932,0.1350934739623752,0.5231792614573527,-0.01260794304488671,0.9995757937431342,0.1300999302239646,0.556766734236763,0.09312396532013309,0.9960754797572189,0.11949408125309727,0.5604970256487533,-0.08117268518322995,0.9997399648030607,0.15732025390579596,0.5458655726341978,0.11373226859030278,0.26695181216512426,0.1553574466989155,0.5631538430849715,-0.10001309783685783,0.9908131219091877,0.15680208873181128,0.49673946272759245,0.09911911615303591,0.4226024065698899,0.15821534395217907,0.5101115093344737,-0.034223204922108445,0.9846172077315202,0.15625582777318514,0.48277019035248564,0.09714199017201158,0.40603937279610436,0.15786830371334448,0.49685872026852235,-0.03977693714911032,0.971257198424567,0.1534717735790072,0.48062134072894175,0.09983436656849733,0.4038723749773846,0.15367245816049133,0.49453000369526123,-0.049712939808766086,0.9677881059192484,0.15207455981345414,0.4868365753264658,0.09757252782583245,0.4043152062665851,0.15270146798519874,0.5000147890476957,-0.036947167611547906,0.9514400959014899,0.1271629383166632,0.6893851047470461,0.05256911296220057,0.9975048729351595,0.11725462511891419,0.6892912331081577,-0.05258451650540037,0.9985517320178812,0.1260540520861036,0.7881199178241554,0.058783072800863395,0.30372213749658517,0.12129839758078265,0.7945195890608294,-0.05304396631462237,0.9116269548734036,0.10922998083489288,0.8812101710410352,0.09837484217825397,0.40495003121239825,0.10235246448289786,0.8948853498413456,-0.03426440388319041,0.891599459307535,0.10381073362770543,0.893218329974584,0.10012030636980428,0.4237190712065927,0.09560295229866397,0.9086185239610225,-0.03451675087923098,0.8204850611232581,0.1295059990315211,0.9017769013132375,0.06969002190799946,0.5965319219089694,0.12583509513310032,0.9211012380463742,-0.08321124226564458,0.8917911989348282
74,1233.3,0.13688658674558013,0.5105726179622472,-0.009520357297289946,0.9995752516246984,0.13372397422790538,0.5038027380193986,-0.001603210699700175,0.9995200605619529,0.13346632321675628,0.5037593841552738,-0.0016154820942098197,0.9992914228212273,0.13318208143824634,0.5036922622294657,-0.0016285312373102434,0.9995066892533082,0.13257506418795822,0.5040879717894966,-0.019694573024199136,0.9996388639722559,0.13146180482137781,0.5043024505887717,-0.01970386443038783,0.9996301446642202,0.13020668001402,0.5045515554291864,-0.019737836594382937,0.9997318784395861,0.12652346988519042,0.5090203313600453,0.03822979614848185,0.9991820823578614,0.12379810001168941,0.5107039355096367,-0.03839948312157679,0.9997408588727323,0.13683910313106729,0.5191874958219986,0.0068546543784794405,0.99937429314568,0.1352346305336272,0.5198668695631485,-0.016312106290743478,0.9994387058984673,0.12881721414270864,0.5528900197574074,0.09188499904814228,0.9954480301766176,0.12080552038692301,0.5557423830032353,-0.08836979170640316,0.9996463656425483,0.15613526602586122,0.5276299402827312,0.12645400457438977,0.27002989252408366,0.1563239573013216,0.547540576685043,-0.1164532552162807,0.9907769702729732,0.15724345048268645,0.4799070755640669,0.11445894447110957,0.42292198964527705,0.15913520398594094,0.4948041254565833,-0.07331452456613387,0.9846937344187789,0.156886168179058,0.4644370774428053,0.11279363504477918,0.40402917918704834,0.15927415234701986,0.48080400200117235,-0.08502583493966437,0.9713062473705845,0.1549070179462434,0.46174916908854563,0.11109212147338057,0.40222266032582266,0.15555584856442053,0.47863295958155716,-0.09036714947294627,0.9677975319680721,0.15366703555697497,0.46804371760005076,0.11117972522264444,0.4048319019022445,0.15442494409424928,0.4839626635823934,-0.074988930441794,0.9514241360482723,0.12691842871052889,0.6866709902173003,0.05411851973760699,0.9974986002558761,0.11843247108516249,0.6869607312338698,-0.054133078881672486,0.9984289265814288,0.12505082289377856,0.787033413137709,0.05279816740325523,0.3002548274539768,0.1208214323435512,0.7924038796197806,-0.046170948694149685,0.9013059366317029,0.10932600852989022,0.8805392554828105,0.09217634832575214,0.39555627249536085,0.10318956275781002,0.892783233097622,-0.01771636504591222,0.8892995261010676,0.1038166596775964,0.8926732823962265,0.09422086250214357,0.4277419916221077,0.09621776675894153,0.906608661015829,-0.017104538323889897,0.8238805277006973,0.12818859233742677,0.9039710476284941,0.062300458905242787,0.5863843191237681,0.12578800817330688,0.9209237268992838,-0.06336984818889985,0.8881036326998761
75,1250.0,0.13690772510710225,0.5079048275947575,-0.012769522932579838,0.9994715111596251,0.13361325079486494,0.5012926274821876,-0.005102323190796947,0.999385405154456,0.13334455376579657,0.501238645542236,-0.0051163515974102305,0.9990787279038209,0.13305215253716435,0.5011676819551563,-0.005126557739761972,0.9993744662829815,0.13252241341840665,0.5016622727825532,-0.02462416248662133,0.9995614375386926,0.13143814745403481,0.5019167392026814,-0.024621309535134424,0.9995381519908004,0.13019312492438734,0.5022145538103017,-0.02465797082654069,0.9996654731886734,0.1265703553245182,0.5065989494323735,0.033889137918040886,0.998959646338509,0.12385531869672603,0.5082032481829329,-0.048765332216308264,0.9996673947288884,0.13691885059788123,0.5161532560984297,0.003768962541861197,0.9991809527079272,0.13537863890330007,0.5169390071006053,-0.021443037227505745,0.9992574027606427,0.1274758577346803,0.5473924563044598,0.08815622187796099,0.9951637330509375,0.12255577175390162,0.5500903157960805,-0.09978666227488298,0.999530480021523,0.1551570502065478,0.5109341329052339,0.12217229782115854,0.27353152348881693,0.15646415026414973,0.530307803835188,-0.13540994979086385,0.9909322999772578,0.15869588653246575,0.4617311670666652,0.09036246704913328,0.4337107085046317,0.16190488210746232,0.4771068053586146,-0.11344612017273911,0.9850557134264999,0.15956992691471475,0.4444890689282194,0.08522624557926547,0.41534327751114286,0.1635853137288776,0.46194083350045373,-0.13151273424071935,0.971924353213538,0.15797402461369844,0.44118752366020597,0.07899249433761557,0.4143316007795791,0.16045937225932178,0.46072679474240286,-0.13064058302413858,0.9684112384205781,0.15687425434589397,0.4474523450647085,0.08457514040526895,0.41865605541637996,0.15894174433889854,0.4656804956140975,-0.11303925620658065,0.9521183116095414,0.12640704356488736,0.6836527727899102,0.05656239354894279,0.9975555368832187,0.1196679217474802,0.6843383227075854,-0.05659088013427602,0.9983043784186961,0.12425524457579577,0.7860832327888131,0.05522860693080088,0.29659420393762154,0.1206303834915162,0.7903829699470889,-0.040589887826215684,0.894495308399201,0.10938210182246715,0.8808573115439648,0.09952349393140711,0.38692034000442166,0.10424533273492548,0.8911042043140963,-0.0032993034637045305,0.8899876844315309,0.10375646217947922,0.892992326191494,0.10222364642790392,0.4349398598784495,0.09706734191803712,0.9048380965278269,-0.001897142301978811,0.8313232858975734,0.12693469864981524,0.9062355132330039,0.06847890342275306,0.5767143567403161,0.1256055576460703,0.9210172409103037,-0.04850714440856665,0.8869704433849885
76,1266.7,0.13688936545735322,0.5062208133084437,-0.019185268342317582,0.9993400233132506,0.1335154516356333,0.49995365313121287,-0.012195499558445254,0.9992013176282255,0.1332401768082665,0.4998959090028494,-0.012213725230789618,0.9987929690451858,0.13294977872144617,0.49983541880335164,-0.012222274694414375,0.9991964272090375,0.13245619407721937,0.5004335045814517,-0.03283179471535345,0.9994572798411059,0.13138627864065633,0.5007565035706478,-0.032817203374136086,0.9994053925786707,0.13016161180677877,0.5011120949472704,-0.03285681261193187,0.9995655076844359,0.12655183318115426,0.5049828574770976,0.02502350407164723,0.9986187191236594,0.12386359416303189,0.5066644861584622,-0.06350179282682286,0.9995377404349199,0.13694219929831378,0.5140581755411061,-0.002665912743569132,0.9989421083813629,0.1354380108061292,0.5148907417342781,-0.02954116401573024,0.9990362780434752,0.12622095715431947,0.5401593049367273,0.08046578828777592,0.9950362188475479,0.1244518118245262,0.5435808528037303,-0.11322499031112315,0.9994181110745393,0.15319125709079573,0.4946724914369133,0.12005491909526653,0.27675814429918943,0.15645758878617072,0.5130746832915718,-0.1566251977568582,0.991247066429684,0.16049225344544377,0.44322357858930345,0.08170643981013985,0.4550513639336544,0.16601985692977916,0.45692451794942257,-0.15201714705853248,0.9857815958204731,0.1627006211451123,0.4245552704447795,0.07535132180367202,0.4398715141273683,0.1688872753154665,0.43961354380562223,-0.17464615085295282,0.9733012857891271,0.16164240312008643,0.42076279861586463,0.06429546716667361,0.439813098737172,0.16606390192395176,0.43830983269782325,-0.17112667681205854,0.9698808420272107,0.1606662039245879,0.4274276636895682,0.07376927474424957,0.44502006967862484,0.16451738703818558,0.4443400218373256,-0.15100035071372997,0.953963478406271,0.12581515454110653,0.6801326360021325,0.058951274979682236,0.9976089653514688,0.12086701641480135,0.681417496431442,-0.05899872311523986,0.9981936216354378,0.1238093308749654,0.7845305885587426,0.06588582889664746,0.2952512758118768,0.12045323706808553,0.7886915774572469,-0.03944006899283048,0.8925192412875954,0.10952965773287282,0.8805562683514192,0.11862019804261986,0.38229330664589317,0.10548891659293863,0.8902093086923878,-0.00029342202469706514,0.8945982938721073,0.10382017067500532,0.8927422194253838,0.12200079219681885,0.4458369314670566,0.09843336648884281,0.903947498117175,0.0012206611156995821,0.8426175060726353,0.12596728262447185,0.9073403080304471,0.08741071429990593,0.5703400770823165,0.12547074825990778,0.9214355661755523,-0.04708077935945423,0.889624164217995
77,1283.3,0.13680820308980499,0.5027452224776862,-0.023531351626540242,0.9992091031301595,0.1332732339700064,0.49737274221011607,-0.016784338768394233,0.9990185641107112,0.13297159827890861,0.4973899140244442,-0.01680019597655962,0.9985146919886279,0.13264928048565283,0.49741740595726774,-0.016803725334327856,0.9990259692782455,0.13228006731896183,0.4979494171483179,-0.038071695183004683,0.999355267910731,0.13123418532666714,0.4984019597371423,-0.038047144012082215,0.9992678704715917,0.1300395940031325,0.49888138969739315,-0.038085695001341076,0.9994600358463477,0.12643857371239442,0.5028464907691595,0.019368202203796037,0.9982792735099799,0.1238334672082039,0.5045585206576759,-0.07369542618592587,0.9993808553332382,0.13690144533202772,0.5106722528026222,-0.0071743007505401316,0.998728519394285,0.13543073974904568,0.5113382779416588,-0.03523158530394239,0.9988282947313225,0.12563621359212068,0.5345116229284381,0.07367504494530819,0.9949288964271552,0.12604775811944696,0.536679511978513,-0.1202422784907478,0.9993232885996508,0.15219194335596914,0.4851321350960508,0.11303930694148662,0.2807311216990155,0.1562181448652632,0.4963872077919192,-0.17112952435300477,0.9916826089223234,0.161825138898123,0.4280543497630531,0.06644940358542266,0.4777707684607736,0.17030831603776853,0.4370682097616653,-0.18001358530351108,0.9866571539924266,0.16349167341277723,0.4090537159215839,0.05886680686048103,0.46592703319731243,0.17419194323675985,0.41958646972974173,-0.20508950203657167,0.9749536940029696,0.16332759956518822,0.40651909510294626,0.04575207953651749,0.46667541066805557,0.17173778301193612,0.4180426058315099,-0.19961154993091323,0.9716708092462456,0.16287752205417283,0.4120784770874753,0.05753655483325326,0.47217829170681214,0.17004916923386723,0.4239541150274734,-0.17852919619707847,0.9563427851313643,0.12537084448905228,0.6765199559075497,0.0602195612376645,0.9976635660443994,0.12185305392458334,0.677954304785956,-0.0602786406165078,0.9981118100030089,0.12347661207119634,0.7828511283511214,0.07205850790653914,0.2945583292416166,0.12032151506060654,0.787201671373277,-0.04115042037197525,0.8930596936316723,0.1096855689372336,0.8801441050711138,0.12777299079157067,0.3798235952854159,0.10682744923092077,0.8899525716191252,-0.003531292191750949,0.8997081120808926,0.10380823271615172,0.8923883211045045,0.13116475762355906,0.4575806558132175,0.1000056532876833,0.9032288505917511,-0.0022648235317319645,0.8534983765511293,0.1250397279149011,0.9083314566385186,0.09562872811442336,0.5650343951724829,0.12518900349026643,0.9220222177959629,-0.05239506136803404,0.892885795661382
78,1300.0,0.13673933418024165,0.49762094730422646,-0.02553426046367914,0.9990945855776476,0.13310198414893387,0.493135240815935,-0.018700444976621808,0.9988554318745938,0.13276589910189318,0.4933017747742793,-0.018710855993309204,0.9982741560254786,0.13238488776343219,0.4934913771493098,-0.01870586763557403,0.9988838945116323,0.132174143478984,0.49377787255105554,-0.04008230345234987,0.9992674617540276,0.13114785935197565,0.4943754573663079,-0.04005335989807336,0.9991470632098978,0.1299835159665063,0.49500415438697487,-0.04008399154103941,0.9993640269551964,0.12635938468433572,0.5000674369789309,0.01643332089519218,0.9980140981220071,0.12386015305916478,0.5016252724897298,-0.0779308045194263,0.9992260535558073,0.13685413130692084,0.5062450780755001,-0.009649626148443322,0.9985623955726631,0.1354383939788456,0.5066296472435909,-0.03817408549643701,0.998653099650429,0.1258988564922697,0.5309013837859748,0.06844958875860492,0.9947286560421905,0.12705083936452874,0.5308231143724355,-0.12322684767700387,0.9992505141666964,0.1511220782995225,0.4772338327907384,0.1106276207026982,0.2832462659903937,0.15510356639112755,0.48268452144804486,-0.18079861288978955,0.9922324617703764,0.1624916046857835,0.4177784139201758,0.06216155028059374,0.4969053452923188,0.17281517315478565,0.4211355092979616,-0.1969359580959594,0.9875286562102188,0.16269687527701981,0.40111333557537654,0.0545990174370153,0.4883622072991874,0.17716939179670255,0.4063612478119989,-0.22264232167175854,0.9765624403953559,0.162463691972551,0.3973286549250288,0.040199822435776425,0.49002411961555514,0.1748994581756139,0.403880610352471,-0.21580916075479434,0.9734136575744273,0.16260615771725076,0.4035633490199137,0.05277832650712562,0.4954826519602825,0.17301936518578315,0.40883026804242845,-0.1949230666671482,0.9587139458883384,0.1252426306406658,0.673635689985185,0.060703900953133945,0.9977222453980227,0.12228252454882586,0.6749865526244758,-0.060760660895279525,0.9980699590274273,0.12331420147702817,0.7810577863738657,0.07533991478738336,0.2949771114758085,0.12007300945974542,0.7857616458620349,-0.042675036936998395,0.8961760600407924,0.11006243775288271,0.8797248431614474,0.1318214808901152,0.3801822917801996,0.10808688082865314,0.8901266228585023,-0.006507055080007944,0.9052576422691352,0.10412665704886126,0.8920035135178345,0.13508286291644697,0.4702552273159939,0.10167893696398969,0.9027306380726048,-0.005514866439625624,0.8638446501323161,0.12505481498582033,0.9089265749568037,0.09947791802031661,0.5625410590853015,0.12520183197089613,0.9226939394360504,-0.05715915401067057,0.8968352817353755
79,1316.7,0.1367715135926293,0.4931181995641621,-0.018887698694708816,0.9989881998016727,0.1330058631442843,0.4888527279808411,-0.011937599493345875,0.9987148897988464,0.13263689478238433,0.4891640884535657,-0.011939753844801879,0.9980739610535765,0.13219038716384351,0.48947968227522753,-0.011922827536528496,0.9987764812651142,0.13214842762265896,0.48941865137645213,-0.033337178063534575,0.9991857125645599,0.13114450446196974,0.49005030734198474,-0.033308966972288655,0.9990392270542333,0.13000490551903143,0.4906996332463768,-0.03332995747526489,0.9992774668194007,0.12631042230696915,0.49728617497852906,0.021312264636868535,0.9978459449041465,0.12395881755011431,0.4984636973767057,-0.07325701096228196,0.9990900613012775,0.13693664897055863,0.5023994289693382,-0.004032941812294582,0.9984482611928676,0.13558970391750347,0.5023600785505208,-0.032922898729642255,0.9985145898092368,0.12608984325613304,0.5303641614459813,0.07013748763572608,0.9944293470609763,0.12788827149640958,0.5257276211466112,-0.1187742884669986,0.9992068495069237,0.149897751354036,0.4760095846085325,0.11558201341401972,0.2789250030404048,0.1538403133551281,0.47224072331473976,-0.1787915648449036,0.9927556656655818,0.16233167619932276,0.4160201052824659,0.06464947777844615,0.5043312197639832,0.17270362944830045,0.41072404242697247,-0.1936486193111966,0.9882932929765618,0.16081757062957414,0.40221395946684363,0.05739526308718186,0.5000112567629137,0.17750485738118504,0.3995585427397776,-0.21737925282546466,0.9780388133866453,0.16006919173967282,0.39799932496888324,0.04276310244486448,0.5028374180907298,0.17450885758513507,0.3949174327509747,-0.21050635902654571,0.9750070344834108,0.16117987675326223,0.4040076761018665,0.05515817233494354,0.5087116545154938,0.1724638037738347,0.39910138079098323,-0.1912651842548735,0.9609336256980903,0.12533632559435717,0.6714230350085673,0.06095110837902346,0.9977872996103203,0.12262623863560822,0.6723558193161379,-0.06099600025585723,0.9980774919192004,0.12329942981402087,0.7791640077318469,0.07317324053673523,0.292285740375519,0.11985946020909727,0.7838997216451742,-0.046003822414647996,0.8993474301837746,0.11068437603257959,0.8792969470932377,0.1243448108434678,0.3792389162949156,0.10934823325702131,0.8901468032882334,-0.014684344974479516,0.9099500150907615,0.10475691407918937,0.8915842799913323,0.12712974491573525,0.48093444108963046,0.10328507281485065,0.9022336062930886,-0.014152306852684855,0.8734177890278051,0.125878060857455,0.9091347030230938,0.09338090426865085,0.5587639695122133,0.12562592540468498,0.9231600335666118,-0.06500048491926425,0.8999500899087822
80,1333.3,0.13688883256344578,0.49051232706932835,-0.013523801495986334,0.9989133874575304,0.13293382170654489,0.48592122112001723,-0.006338510041435564,0.9986331803458085,0.13253442304474977,0.48629055704389335,-0.006336420400267738,0.9979609109106525,0.13203374260947826,0.48664141836620545,-0.006312706222247692,0.9987283604485655,0.13216375098341998,0.486418479964847,-0.02745915612294562,0.9991303937775755,0.13118913131100798,0.48704326436633194,-0.027430505358747095,0.9989644232250403,0.1300790380863917,0.4876859088738763,-0.027442720940425304,0.9992163890884043,0.12628846438158137,0.49536415366899433,0.026242985035337174,0.997807959715526,0.12416623071545656,0.496366727919806,-0.06818213987918131,0.9989906152089445,0.1370977106548492,0.4999057835056672,0.0007022908151460196,0.9984034668831605,0.13587054894084033,0.4997962699049998,-0.028061892393799075,0.9984294658615482,0.1264673386301314,0.5310878725278949,0.0719980941641899,0.9941211995624368,0.12816659964266286,0.5239228123710273,-0.1136530932216418,0.9991669995444169,0.1480352594738916,0.47561074012801796,0.11782161146402367,0.27298462958562963,0.15233702673798527,0.4671666508629212,-0.17676030454181502,0.9932677121389487,0.16047418472312758,0.4156328539053602,0.06577402672597345,0.5075220522426427,0.17121437830584402,0.4053792286486856,-0.19229876427423398,0.9889737736611146,0.1570695908296677,0.40263068250247436,0.058610434688272976,0.5070773774669287,0.17749499848910755,0.39664310784567003,-0.2146323862529938,0.9793515375682293,0.15595418356713805,0.39893123081752263,0.04424009720484419,0.5109756163188393,0.17317734020096925,0.3917400269281299,-0.20800051235017336,0.9764103719166353,0.1581343235004517,0.4041438556852798,0.056376328603142824,0.5173530862444926,0.17118864329088312,0.39494684338569663,-0.18982087785289414,0.9629158377647408,0.1256472681249892,0.6702949660164974,0.060556226897807396,0.997831548963275,0.1225119772411529,0.6704098014604483,-0.06058459551561451,0.9980820445787346,0.12340295563141514,0.7779212792714443,0.06743269981372929,0.28845357043402553,0.11968500344526209,0.7821230547768735,-0.049168108474640655,0.9027621263549448,0.11160789217267726,0.8791025422868282,0.11229787270228075,0.3767275710900627,0.11047403088637768,0.8901328047116603,-0.023354688215823417,0.9135708269618814,0.10569142479272123,0.8913302166121353,0.11447537938753771,0.4881208709308083,0.10453482539880851,0.9020030526887809,-0.0233463871159724,0.8816886686143427,0.12742401233741224,0.9093979710624338,0.08125974273397815,0.5530634011541098,0.12650206188360857,0.9234581078801843,-0.07361411054929101,0.9017895602044611
81,1350.0,0.13708560452574786,0.4898262392906919,-0.009373029782658538,0.9988436812446239,0.13301166395346334,0.484600262982505,-0.0020245974107335027,0.9985665622211646,0.13260410016491309,0.4849801248028168,-0.0020235049374778546,0.9978768910680504,0.13208602155957913,0.4853047217641562,-0.001996740472913233,0.9986997246742255,0.1322735086792992,0.48495859901110366,-0.022787999273056095,0.9990769255728955,0.1313216664961407,0.48550018668174777,-0.022759876435711285,0.9988946744373874,0.1302406433082763,0.48605576867149025,-0.022764496860050033,0.9991565119652528,0.12639599470865168,0.4944183485848566,0.030424620335300787,0.9978047949927202,0.12452210344019399,0.49514725662413134,-0.06468584459452406,0.9988984323683247,0.13730932346412122,0.49922827737672026,0.0045311002925570555,0.9983685669444864,0.13618956790083941,0.4991698094776702,-0.02383084204934894,0.9983436692328688,0.12672150844619395,0.5319260614258907,0.0738877075768653,0.9936936781519943,0.12809818202540996,0.5236900562331794,-0.1108439585992269,0.9990949346905671,0.14623549935363597,0.47512520636831046,0.11824825015806024,0.2638476292292279,0.15117812795298452,0.4648375511169437,-0.17578025162220015,0.9936685704049617,0.15825160557315474,0.4163795085180376,0.06394983969983604,0.5047234069733396,0.1689673640898297,0.4024166933127815,-0.19112105099927826,0.9894204451924286,0.15368707690920158,0.4040030013947262,0.05651281507951877,0.5085889938331789,0.17573594195502157,0.3936121407009309,-0.21236470625514092,0.9802878726096387,0.1523837425879071,0.3992178014346534,0.04272158692280455,0.513623362495786,0.17025547368185873,0.3896228429817021,-0.20632009137244467,0.9773751979782475,0.15513875370933908,0.4052332639694217,0.05465066220079153,0.5206571107818971,0.16856962655271815,0.3922540928636281,-0.18874861441907442,0.964250530515399,0.12612020046938044,0.6699708756946388,0.06028427662593982,0.9978707659812207,0.12237297211374565,0.6693812296504071,-0.06030161696530528,0.9980887061073673,0.12348281946920223,0.77712475118183,0.06362842253985863,0.28491092012042113,0.11954871458666674,0.7805438041687017,-0.05089264682361061,0.9068573202405664,0.11260773631788444,0.8790892958641059,0.10448964685201653,0.37538047773497474,0.11137104850439807,0.890065062613715,-0.027570316479319637,0.9171568353970854,0.10680608912592851,0.8912576749211273,0.10625533511241285,0.49461631122089605,0.10560812517291032,0.9018770825295228,-0.02778601757295077,0.8893837815239323,0.1291841800723758,0.9094000203268875,0.07351874808470413,0.5487663348515832,0.12741926951067797,0.9235438704490668,-0.07828882194700701,0.9037035732042229
82,1366.7,0.13749505650429508,0.4907262183371048,-0.008182056492105842,0.9988018444606243,0.13338086576688868,0.48493367717379643,-0.0007711182863983729,0.9985392122041619,0.1329850809914726,0.4852673893883118,-0.0007751093625778426,0.9978386986823317,0.13248730628263392,0.4855437009107502,-0.0007514978836600984,0.9986935484977002,0.13260656027566828,0.4852234792141691,-0.020906313455530588,0.9990485197021854,0.13164869305633373,0.4856845055307664,-0.02087963638561114,0.9988515547343669,0.13056983550389617,0.48615174066452793,-0.02088062926417307,0.9991187935783757,0.12673065350169238,0.49443924427032504,0.03236874450175538,0.997828003906069,0.12500764358611344,0.4950855161462515,-0.06239723786711697,0.9988387454123732,0.13764465635731116,0.4998872209162943,0.005853634358139802,0.9983608694303611,0.1365563649506797,0.5000152346633733,-0.021494849451950633,0.9982871157782426,0.12692349439575568,0.5316963366099771,0.07516165574391688,0.9933536790666133,0.12787434884480076,0.523783487933023,-0.10994606571538115,0.9990129839806338,0.14433767043408902,0.4737404386202497,0.11775652070840209,0.2543927296286539,0.15045560115859632,0.46447403658004066,-0.17461516956488304,0.993992365541913,0.15564186090514787,0.415607632625671,0.06252989439027655,0.5015367198558085,0.16605775058269512,0.4002135367620562,-0.189217820054009,0.9898179485684356,0.1506213141339167,0.40324048768906395,0.05460477105918389,0.5092830359935764,0.17099233113584078,0.3884331583976748,-0.20986884335676842,0.9811309746333537,0.1491293971027648,0.3984151425815767,0.04135464468882201,0.515062647206443,0.16459936684086218,0.38510623432341107,-0.20479679746287224,0.9782464617774607,0.15182746308190492,0.4048455868448533,0.053328813896292765,0.5228155567532498,0.16395022400787912,0.3890850260144191,-0.18720824803624847,0.9654912835075748,0.12675585988022042,0.6697153818039672,0.06006350740790371,0.9979116178694233,0.12231102018129267,0.6685809634980706,-0.06007557929981327,0.9980891006333494,0.12356041620175053,0.7766917603356505,0.06069957500412355,0.28141821140334744,0.1195020732425509,0.7796297101747428,-0.05220361390993712,0.910067450432551,0.11341897220838645,0.8789767537798207,0.09731446525880275,0.3730598233994986,0.11208653272617439,0.8900374032202227,-0.02960565863620669,0.91988906406221,0.10769404683794301,0.891237065905617,0.09857262209767394,0.49908168259121155,0.10651079139539181,0.9018318880172009,-0.029964591509529542,0.8960792791275758,0.13039077818393718,0.9099748617126835,0.0670490804172698,0.5434371970948723,0.12813758495308114,0.9239785359019331,-0.08094324207022083,0.9048517743746447
83,1383.3,0.1379313227676211,0.4912862082322442,-0.007158593873360332,0.9986017232849491,0.13372519683270237,0.4853718990371344,0.00036861035845331175,0.9983451621873045,0.1333169291416805,0.4856522523221519,0.00036232752124002853,0.9975727058592303,0.1328120728333792,0.4858826540765312,0.00038213002595252263,0.9985447980108723,0.13296238368465796,0.4856490138031191,-0.01932897826745398,0.9988752518381399,0.13200758184705472,0.4860594159080872,-0.019303062132426684,0.9986391095888054,0.130945024745805,0.48646002014478085,-0.01930430327497779,0.9989450517154882,0.12702188321522312,0.4945356420108254,0.03410669433928674,0.9976192116737372,0.1255472557885307,0.49507668330555904,-0.0600414256609622,0.9985555637450452,0.13794963842346564,0.5001873657816935,0.007019766090836913,0.9981327652931221,0.13688482060318913,0.500524488233385,-0.01951519266835282,0.9979579164868316,0.12703636572474533,0.5321429428600133,0.07600577672322596,0.9926220206987297,0.1276773384639196,0.5239525777953016,-0.10822742219482157,0.998833412215824,0.14269011928921665,0.4736729519707819,0.11546498111316145,0.24291074275970476,0.1498977839946748,0.46395232563927097,-0.17134883715992894,0.9941183754376011,0.15328243090992894,0.4162353263014842,0.058924728561015396,0.4904874733516152,0.1628448743195762,0.3996561950161346,-0.18413290878136968,0.989834007762728,0.1477734780027754,0.404135760806856,0.050598011839957505,0.500994722048442,0.1653349612440383,0.38585832998866154,-0.2039920928932373,0.9814051134245744,0.14617891396795013,0.3990791965098611,0.03831754039440839,0.5070447708879202,0.15904081080641075,0.3831538983753752,-0.19945964997723004,0.9784293770790107,0.14865942937987203,0.40568024345806697,0.05003050093849504,0.5157329951013842,0.1590588369539807,0.3879770452067968,-0.1822784067619416,0.9657397923015419,0.12751932584104092,0.6696214988118131,0.05966093604053774,0.9978825677008863,0.12246137715521321,0.6680455349740533,-0.05966777904402647,0.9980346730777203,0.12370503764776965,0.7763619706744245,0.05710645942460928,0.27691669975008304,0.11957417641367239,0.7790298348381411,-0.05371074751019482,0.9125623901685085,0.11383011475915009,0.8786942135720032,0.08982801508335847,0.369830416781562,0.1125272377615884,0.8899199054354721,-0.03133786540655865,0.921817220392682,0.10802879681189861,0.8909290205864685,0.09065869024821697,0.5023361529622763,0.10689367566789906,0.9014911140714379,-0.03187888709916957,0.9015958082108277,0.13055875116870524,0.9106163354147054,0.0596979100789343,0.5370428193183177,0.12833619046778916,0.9243081013361619,-0.08271161431357979,0.9051001724742714
84,1400.0,0.1383142549367179,0.4918230105014078,-0.007331239214787886,0.9982572112764638,0.13406682653086535,0.48598471425828516,0.00027210452494078475,0.9979728119713926,0.13362936604590653,0.4862357590879716,0.00026420114556371835,0.9970372546286816,0.13308198891934903,0.48644878325008245,0.0002806748185927671,0.9982456536520102,0.1333230081058685,0.486265626691637,-0.019274657237387853,0.9985594976516005,0.13236093237286534,0.4866432774634592,-0.01924921705254488,0.998249891258422,0.13130349417527526,0.4870117689882009,-0.01925194414243813,0.9986403612863457,0.1272416952110473,0.49502624642281345,0.034423879924274654,0.9971543181510206,0.126003302988552,0.4954751176493512,-0.058122500067665506,0.9980558412415648,0.1381606197073347,0.5006019785290676,0.006995844521692826,0.9977060102281123,0.13712307243120114,0.5010543437231159,-0.019142065906808503,0.9973783209210358,0.1271107019413086,0.533514587652116,0.07601604362328854,0.9916652753239594,0.12742263646352867,0.5248170523416432,-0.10751943715981083,0.9985965972854985,0.14132000718797966,0.4753648709683195,0.11459109896705272,0.2305965090081807,0.14924492438634246,0.4643971820672356,-0.17030073063714174,0.9941072350456608,0.15158140588374375,0.41814392947015344,0.057344217562959356,0.4741796042237966,0.15910211560272047,0.4005436542488283,-0.18225707397574487,0.9896382632709693,0.14675438120251622,0.4071367411386402,0.04862161069398838,0.4870786411421643,0.1592943114893778,0.3864618227595378,-0.20189412434895848,0.9813584146045511,0.14442113964330594,0.4023795525232954,0.03676906299023404,0.49324081909088896,0.1538167666821254,0.38367946942647324,-0.19777626224926553,0.9782325653802788,0.14647073263213758,0.40819155176480637,0.04848919258940791,0.50304655234019,0.15414612775757208,0.38898172974586515,-0.18056749304135652,0.9654203993933548,0.12829530026231503,0.670157324700129,0.05945518204853653,0.9977852673757652,0.12259836530401602,0.6683686318851658,-0.059458022848481264,0.9979024188859129,0.12385464637052454,0.7761722434134716,0.05537500232458119,0.27052079566887466,0.11967985012701589,0.7790569918496273,-0.05510604487998148,0.9127024440538323,0.11398066119069153,0.8785198160580232,0.08714439861831218,0.36330932520684767,0.11261576414108285,0.8899067980902542,-0.032050476010356654,0.9211650093396512,0.10812035238459004,0.8907048191343041,0.0879089853593282,0.5007668790363133,0.10686738114981431,0.901345956893195,-0.03263273161082043,0.9052101118224014,0.13037055092198518,0.9117340360369007,0.05722624719852497,0.5270179623649238,0.12836825918583653,0.9249545818283451,-0.08374169149569108,0.9027209849584676
85,1416.7,0.13872485004720245,0.49338348990395,-0.007236587792812364,0.9977059392702019,0.13436236622787667,0.4875017915453233,0.0004431849575623696,0.9973639590399613,0.13388736829871234,0.4877088353747417,0.000434367243239346,0.9961489240328478,0.13328605819316147,0.4878813340550381,0.0004482232200513997,0.9977483408791685,0.1336221035037723,0.4877699556804842,-0.018924632952326832,0.9980556908107946,0.1326379066421873,0.48809802390280255,-0.018901950724068153,0.9976362415722446,0.1315642020532064,0.4884185138202852,-0.018907397985458388,0.9981664844921665,0.1274355834438688,0.49614578059741465,0.03510205518631711,0.9963552526065289,0.12632035073779888,0.49660666925566577,-0.057162746254886945,0.9973061027980994,0.13840390457993473,0.5019522309303288,0.007284773735418212,0.9969877742585689,0.13738560392743077,0.5023934543132786,-0.01849130062120303,0.9964575710750769,0.1273460452045714,0.5353875585964751,0.07700966475974952,0.9904458863394607,0.12725917924018143,0.5256515514282957,-0.10718197269099107,0.9982791798455382,0.1405194550752641,0.4779116199130107,0.11574924843651915,0.21638949215412157,0.1482385432436354,0.46522089129402555,-0.17126817291691204,0.9939758153188802,0.1509832732734227,0.42127994412467623,0.05761837498063137,0.45205391446749404,0.1554613404330754,0.4027530664489386,-0.18075196728819903,0.9891673184576496,0.14789622596332014,0.41127337018648813,0.04864929172964327,0.467176613353548,0.15474571997211106,0.38887468264216496,-0.1999049491825559,0.9808705676169629,0.14480232128075202,0.4084433899039317,0.03735391210232465,0.47339802412759724,0.14990960345381793,0.3855937251022887,-0.19611017760776353,0.9774962181136728,0.14619379384177084,0.4121157470203584,0.04867656936957726,0.48460937255904823,0.15025298368363166,0.39081411986123976,-0.17912899667308457,0.9642905791600551,0.129174719963755,0.6711699735550658,0.059478676212685495,0.997615337371827,0.12276460939929609,0.6693249032610944,-0.05947622745519597,0.9976819895562679,0.12413423118137187,0.7761348798161467,0.05403652148587367,0.2607443424917405,0.11978923848697126,0.779480383509682,-0.05659354070112823,0.9101473320098157,0.11389301575365529,0.8784729866754448,0.08428217896393372,0.35201799869537376,0.11247724259183528,0.8898874663171321,-0.034175330950390756,0.9176793126832878,0.10799365951901399,0.8904701897076204,0.08484454133680894,0.4932956014360704,0.10656078621035539,0.9013187800134937,-0.03484759949857283,0.9066108919325335,0.12972783048947661,0.913140101092203,0.05395655830701196,0.5119533425285706,0.12822156364009502,0.9259027441342679,-0.08552974107719609,0.8974672385624483
86,1433.3,0.139345325884365,0.4958280878407618,-0.007916834449306846,0.996928152583895,0.1349729895591737,0.4898253537359695,-0.00038082234372961406,0.9965009291966763,0.1344584006638755,0.48999335652306003,-0.0003899523248297298,0.9948782438323619,0.13380377207483574,0.4901265189761211,-0.0003796703780868226,0.9970077843893149,0.13421911781742468,0.49010041356086764,-0.019718522205948844,0.9973411304610124,0.13319213475499844,0.49039925421987296,-0.019698435174567375,0.996773765200661,0.13206412040051968,0.49068717019898583,-0.01970673999970869,0.997498600255876,0.1277714165903274,0.49788271103586507,0.03436770210308691,0.9951578094845733,0.12667621601195572,0.49844377949124324,-0.058215737342834514,0.9963138188634606,0.13873698597862616,0.5042783277375361,0.006689026042641634,0.9959710893176859,0.13773176144985935,0.5046944078944982,-0.01902688587350506,0.9952327069782083,0.12746214795680283,0.5376083112898331,0.07678732808147164,0.9891212610971367,0.1270989662124998,0.5275922304108034,-0.10837885737419137,0.9979282589185813,0.13966616562434614,0.4796034920783273,0.1159732171467373,0.20223650478181399,0.14682629775433326,0.46694088975588516,-0.17517492387975978,0.993719901357379,0.1499141568229313,0.42258000373840365,0.05909988443766326,0.42866166290782776,0.1527457173381534,0.40453369134948397,-0.18359690904617323,0.9884976744651801,0.1482811655317035,0.4122459916841419,0.04993665378008574,0.44565384444736333,0.15301357209682476,0.391648203134537,-0.20263658180123298,0.9801079886300231,0.14463656927858093,0.4115446734996072,0.038004594012385345,0.4517093598842624,0.14868046698116133,0.38855948192732703,-0.19887301893461334,0.9764286478360502,0.1456885990642367,0.4136700005758379,0.05003120200265025,0.46429666451045476,0.14858682879379828,0.39335108512923855,-0.1818890614168986,0.9626558564958125,0.12970860728195746,0.6724488337834681,0.05962534851971131,0.9973919817379551,0.12274214128653217,0.6707154569171729,-0.05961809254118379,0.9974056170100265,0.12446755064385288,0.7764437539236893,0.05396385898902306,0.24858932977631,0.11991345421189362,0.7802387844948547,-0.05789068678305267,0.9055516663051794,0.11381158339125778,0.8787758151690171,0.08436002050127309,0.3366709436689107,0.11214591420832141,0.8899435798327134,-0.03548666568739076,0.9120986149424606,0.10784201643296658,0.8906675775845853,0.08488597330592934,0.4805335430871876,0.10597264021635064,0.9014748845781606,-0.036031781030552754,0.9064742014521651,0.12915641424201793,0.9147075783638734,0.054142140739020884,0.49210520017714765,0.12804947864441651,0.9270656818435312,-0.08626235986039758,0.8897905094282974
87,1450.0,0.13985964513960347,0.49735730460711924,-0.00899081027490043,0.995953165349507,0.13559258055119297,0.4913288014275691,-0.0016996571503113968,0.9954284741764985,0.13505096520696377,0.49148352515129856,-0.0017095270193836086,0.9933071079708289,0.13436739075751541,0.49160305091312984,-0.0016999981945402757,0.9960717275029144,0.134793207758949,0.49158057286625856,-0.02121209193553245,0.9964725886072439,0.13372458943298893,0.4918630108946849,-0.02119154926566852,0.9957311777841484,0.13253957033157357,0.492149651050568,-0.02119957247660275,0.9966838558514919,0.12809141193117424,0.4990939086391816,0.0324506558300484,0.9936763332003645,0.12695943954445077,0.4997311830520633,-0.060660410317636713,0.9950870417413265,0.1389782719668889,0.5058995598838447,0.005461025340039109,0.994756636165438,0.13796833086581467,0.5062880288986936,-0.02048427584980217,0.9937782315980828,0.12755515178044646,0.5393651922543847,0.07489377295687091,0.9875734306517108,0.12692577782131387,0.5297509800820127,-0.11058548802421214,0.9975036552974164,0.13909260573841287,0.47999820964677026,0.11524732056118202,0.18903937581039623,0.14517643409115938,0.469065192199889,-0.1784949763899759,0.9933029214541125,0.14885979465075913,0.4229594312963035,0.059389415241423146,0.406301782244728,0.15052358451343728,0.40564890702565537,-0.18784565088294816,0.9876915642193393,0.14826689376717533,0.4119240925425578,0.05023410863110001,0.42535014947255484,0.1516365884315401,0.39235436348688063,-0.2069224750711806,0.979205963157473,0.1445446184703283,0.4118444806053528,0.037529384806042655,0.4313119337672282,0.14758730076608215,0.3898080573195506,-0.20322905197030036,0.9752116912887216,0.14530369142691305,0.41397039805139846,0.05052441429524199,0.44506149206842727,0.1471978369213287,0.39440271116438397,-0.18613354010241384,0.9607717025847669,0.13011777117138826,0.6739185452461247,0.05975558413636121,0.9971879067875098,0.12277843767688397,0.6724173795609252,-0.05974527785465836,0.9971480710165849,0.12473969090552567,0.7768745024998989,0.054934911784671636,0.2376788095349359,0.11997181531928842,0.7811117541222351,-0.05825258773707212,0.9008127479326163,0.11368121348676236,0.8791088376726428,0.08693906593890423,0.32339649682953264,0.11178259338651393,0.8900024890899665,-0.0353710594631377,0.907008812541054,0.1076185664250738,0.8909535663468504,0.08762833334150774,0.4694364312149233,0.10551331511565626,0.9017315365019306,-0.03567592498092427,0.9063213552747461,0.12871337930361437,0.9156344192368651,0.057196671231871596,0.4742621311119628,0.12790398725441532,0.9279884298642483,-0.0857541788192023,0.8825751628194543
88,1466.7,0.1402776830253148,0.49797452915282514,-0.01076488469594292,0.9952517407281065,0.1361521908215115,0.4921082201458163,-0.0036913305604165184,0.994683001722609,0.1355928870893661,0.4922742446263635,-0.003700525559473874,0.9922374572072717,0.1348992245537895,0.49240955284663646,-0.0036893501861153997,0.995410152844021,0.13529405423573096,0.49236136249133555,-0.023555626117047826,0.9959215606961939,0.13418343024594453,0.4926597617921379,-0.023530136439062314,0.9950521134194881,0.13294242322444927,0.49298461420195483,-0.023534024843857422,0.996128908225469,0.12837520241737377,0.4998664799190706,0.02937832217486134,0.9927399669374747,0.12715738444101252,0.5005620533511755,-0.06445023541649188,0.9942842636789601,0.13916140865711948,0.506831058434078,0.0033495753027853537,0.9938937170164934,0.13813344566594998,0.5072343604905268,-0.023131767287850397,0.9928284060387391,0.12724645010062635,0.5403731607255485,0.07056554726191934,0.9863013596761802,0.12676270589942035,0.5312657952308659,-0.11324750525610795,0.9970727733203351,0.13884387413660695,0.4737370936643513,0.11061540991067895,0.17831338587261397,0.14391207269259873,0.4712633164156054,-0.17986679360980093,0.9926726761318395,0.14805832150436593,0.40907997176760746,0.05402193218469623,0.3897705659979869,0.14880279983792996,0.40663022654397174,-0.1910980989535651,0.9866765851066234,0.1477474236772175,0.3947185235364099,0.04442800953984263,0.41138701211838524,0.1501006853012813,0.3924225412663962,-0.21026152443318152,0.9781624958628707,0.14384678431919654,0.3955349581582209,0.03173225461727099,0.41707147161165903,0.1462026692572095,0.38991250594457016,-0.20668884260313863,0.973856239091783,0.14454239252067758,0.3987694155602231,0.04570902298603742,0.43179396362531786,0.14568157635983978,0.3945233495462511,-0.18941005425793797,0.9586835645494014,0.13013105804011943,0.6749216999326438,0.05984800042850635,0.997054542813983,0.12323405771028437,0.6735678230013171,-0.05983516431990128,0.9969252660160981,0.1248634812377749,0.7774493694305424,0.05569348768109371,0.22820654085704276,0.12025335218225214,0.7818632835433603,-0.05883065025721282,0.8954414810453148,0.11343491609607433,0.8796670493625465,0.0878409636872156,0.3108968067736855,0.11150309549910689,0.8901512055169974,-0.03464922699190324,0.901838952586765,0.10716958911645988,0.8916686063721072,0.0884979264367195,0.4607346568788804,0.10519239448365719,0.9021281344550004,-0.034636844836530255,0.9068308699698682,0.12834477779411144,0.9164013323329752,0.05846638782393369,0.4566355929488231,0.12784201403458922,0.928704051744371,-0.08444806685050335,0.874614976701283
89,1483.3,0.1405014161552703,0.49841451502981676,-0.010673540777393757,0.9943082048779449,0.13651173668248323,0.492699503898621,-0.003771601738186468,0.9937178492546088,0.13594229590325138,0.4928746450515024,-0.003779955064168292,0.9907538834072301,0.1352522593168986,0.4930302032402587,-0.003767856862396005,0.994520530814217,0.13561936787196577,0.492965970720564,-0.023710552514308994,0.9951128732590455,0.1344840129216513,0.4932865997155511,-0.023682085885888073,0.9940845143227357,0.13320844868818926,0.493657109283266,-0.023685135834273854,0.9953991657211675,0.12851507536002577,0.5004861879916422,0.028783944657161144,0.9912303572609318,0.12725231122402925,0.5012195976007556,-0.06383258654248151,0.99310451745987,0.13923183296407982,0.507548774991717,0.0033138286588447457,0.9928761266526729,0.13818986217180898,0.5079846949804401,-0.023222561526511414,0.9915828335852858,0.12676660290786207,0.5410463866733373,0.07075200584672751,0.9851072799591798,0.12656915968372717,0.5322324122701376,-0.11218748241662987,0.9967333021618078,0.13829628413631812,0.4879130990732287,0.11227245167607361,0.1677215908254897,0.1429393681741897,0.47296784321467117,-0.17753357262838468,0.9921451012293505,0.1467086197364899,0.43199640796298105,0.05678576053608035,0.37129191983313814,0.14770546200729562,0.4083942629042129,-0.18931413335459585,0.9858947680110031,0.14654529591401427,0.4209778507550561,0.04856864629047261,0.39492036898930893,0.14903348258563462,0.3932141434578671,-0.2081353813409807,0.9774113070397157,0.1430894271248864,0.42004270071075106,0.03552057398926647,0.40023731901532156,0.14544697176842472,0.3905329604943596,-0.2045226409321741,0.9728794296582547,0.1435500830411912,0.4232012487593154,0.04884435147756625,0.41541084647178683,0.14474753113020045,0.3952230896268575,-0.18761665409519573,0.9572334090868638,0.1301003119775228,0.6755254949842185,0.05971528554246543,0.9969333041281935,0.12391199597290593,0.6741505378768562,-0.05970343823234245,0.9967725220180701,0.12501479685306557,0.7778083710443412,0.055355251190208295,0.22081576855409726,0.12079047766469782,0.7822227023896723,-0.05979006205286303,0.8904121972265704,0.11310062770332617,0.8801690623873762,0.08611839548462918,0.3025592707452322,0.11130665526503616,0.8903068502744046,-0.034973968529985085,0.8975569492294682,0.10657758159296861,0.8923622312999913,0.08659147187357863,0.45580289477393776,0.10498963864076713,0.9024462387675337,-0.03477997864995687,0.9071632254691357,0.12803806790283756,0.9164011875788377,0.05638146737501739,0.4447102532500316,0.1277226571525847,0.9287970974331817,-0.08463618088336225,0.8689110193933766
90,1500.0,0.14053468548116238,0.49868991119521044,-0.008468988667508327,0.9929159737768635,0.13664372478212639,0.4931509693463647,-0.0016399134016994931,0.992215403488705,0.13607112211840502,0.4933395414125355,-0.0016475822887427763,0.9883948479379934,0.1353818476200105,0.49351808003016917,-0.0016361657596592406,0.9931680134364544,0.13572833296798534,0.4934352806636269,-0.021755368448793902,0.9938225263641001,0.1345793902873994,0.4937776710305899,-0.021725372056521138,0.9925472395760679,0.1332887474979674,0.49418805326734305,-0.02173144108660166,0.9943085937272942,0.1285219696306048,0.5009802296048123,0.031019596205580823,0.9886693670636139,0.12725084594317854,0.5017447301319671,-0.060299093169825464,0.9912175252324066,0.13919342770462956,0.5081002286502296,0.00565103800701244,0.9912259805770155,0.13814400775092,0.5085452142215914,-0.020967211308223876,0.9895138712156394,0.12626970665795473,0.5414451672917324,0.07496695894570583,0.9840281038057244,0.12637831199736832,0.5325356636728563,-0.10913823296626418,0.9964689867837095,0.13760313604559227,0.5043602898007351,0.12144629125084205,0.15652925485656385,0.14232303556941817,0.4737558208760765,-0.17361883677187434,0.9917457075346091,0.1452023025069919,0.47403246731985216,0.0683818012475968,0.34937161491030766,0.1471829605954035,0.4090104287578949,-0.1846529174418678,0.9853610282852543,0.1453583545628049,0.46630620104926007,0.06188467694889936,0.3741959092162907,0.14865849273545412,0.39419687078112675,-0.2031893779834113,0.9769660234451301,0.14261473360515786,0.4637893353189744,0.048365853194679564,0.3791510391803018,0.14529833055677877,0.3915313567434041,-0.1996062476010551,0.9722842744418561,0.14275264314242783,0.4665678413141345,0.060354592899481495,0.3944155758335479,0.14446469360873823,0.3960221381414507,-0.1829333915596918,0.9563431115377523,0.12987075604143605,0.6756849572772077,0.05963237796510973,0.996718054726011,0.124810067670686,0.6742325708979657,-0.059623854323512075,0.9965231872740254,0.12506861452545448,0.7780644297599798,0.05522932413788073,0.21272172885281715,0.12159783428623572,0.7823300333250143,-0.06101067381955333,0.8836721607616975,0.11273246045623515,0.8806245440528513,0.08482415370997935,0.29393798396700926,0.11114405237493069,0.8904440402984626,-0.03631611736047838,0.8922022723016291,0.10598665688719076,0.8930194491431833,0.08518707539354059,0.44903236059915486,0.10484247087013163,0.9027783019202104,-0.03597849288157057,0.9065909811428622,0.12781157876764032,0.9161245255243218,0.054863789606662064,0.43287351585569867,0.12763875793843052,0.9286720043136967,-0.0862385165833292,0.8630390706516454
91,1516.7,0.14053037053062814,0.49914521972338394,-0.005405191506898045,0.9914184070768818,0.13661228262242828,0.493652857485272,0.0015923114648709706,0.990582744280498,0.13603500383240846,0.49383978190876227,0.0015851442169930268,0.9857928469067536,0.13534563921746762,0.49402195215225253,0.0015938478699397485,0.9917151246752065,0.1356945371343977,0.49394497133436693,-0.01851843825230997,0.9924279394603918,0.13454411427179983,0.4942877973829001,-0.018491504093011233,0.9908882493064525,0.133261229310717,0.49470162817410096,-0.01850453005837544,0.9931689557575052,0.12853593414738074,0.5014111711865383,0.0353926199355296,0.9858010524795175,0.12725639201345906,0.5021774768829349,-0.055103788063639726,0.989218317327046,0.13916888336340597,0.5086471892538529,0.009156426991380404,0.9893422070003699,0.13811842316672926,0.5090742480187193,-0.017303874716162695,0.98717882235845,0.12615176822458002,0.5418832869756793,0.08192276741777155,0.9830011242911936,0.12612511785257438,0.5324029184523087,-0.10540777586755307,0.9962590393565957,0.13711330578440722,0.5145068636962349,0.13136894255876552,0.1450712861759323,0.14190165840444122,0.4736981292565667,-0.17116264786039093,0.9915114357357941,0.1443016812914895,0.5028256177902225,0.08005692135720033,0.32522060757591637,0.1472946611188708,0.4094366445427852,-0.17996145004317887,0.984978343759265,0.14483615117413667,0.4970302723702934,0.07464787204350751,0.35042709821746487,0.1493219853866669,0.3952313732533231,-0.19811475064073303,0.9765568489120127,0.1427059109721866,0.49413087680226314,0.06159271299839024,0.3551009084497182,0.14610023370810926,0.39259822169939707,-0.19438019040085036,0.9717210786683226,0.14264211200532467,0.49631408566520363,0.07173245382450881,0.37031217699959196,0.14510575930277517,0.396793379670098,-0.1781013437679837,0.95545343274162,0.12988543936184485,0.6757360810325264,0.059599032891648196,0.9964308596792683,0.12559028147231974,0.6741530412719368,-0.05959214500728112,0.996198997611092,0.12520267778918864,0.778245954286485,0.05485915711947853,0.20399619638919847,0.12244972409237008,0.7822947644052056,-0.06268627107852986,0.8746290717806142,0.11243781837679098,0.8808801713443943,0.08312629376138966,0.284514360484623,0.11101657684360239,0.8905503636314762,-0.03855331046950252,0.8845734794934597,0.1055428325420335,0.8932973628952396,0.08332737854548869,0.44033600744747015,0.10472414074909127,0.9031091673033584,-0.038192554598762904,0.9041825958660678,0.12754313505831227,0.9156823101497839,0.052601231528180026,0.4203884700934095,0.12750447009290977,0.9284094117936641,-0.08898835274435232,0.8557122037524274
92,1533.3,0.14054879120418012,0.4996895747525355,-0.0019819899140808665,0.9902337307021738,0.13668151057901845,0.49424607980819013,0.005264833214737124,0.9892757137616482,0.13610570842311506,0.4944327899387908,0.005258891088444567,0.9836787808509108,0.13541735212008169,0.49460951771054984,0.005265752696210433,0.9905514206205103,0.13573714877877927,0.4945689595880966,-0.014929733061719519,0.9913072075162622,0.13457042546499354,0.4949181604953043,-0.01490528030054911,0.9895529236112329,0.13327660730906904,0.4953144802933651,-0.014924064544694776,0.9922722975413012,0.12856715491839826,0.5018622506232493,0.040287594000498486,0.9834213852882393,0.12721923490365356,0.5026389587493174,-0.050449133983680214,0.9876735409100857,0.13914474986848385,0.5092303610983353,0.013059527480176527,0.9877468234016789,0.13807478830927905,0.50963017202559,-0.013427550150525012,0.9852482761655543,0.12598308637028657,0.5420229974247164,0.08849074514139273,0.9823417947405868,0.1256955400818871,0.5321223451977688,-0.10222182529313231,0.9961473629588179,0.13682247627349137,0.5142276599293667,0.13792438237440027,0.13399138479005734,0.1415759807541258,0.47281180676959844,-0.16963105684234997,0.9914262720516758,0.1439171497310912,0.5069600968133839,0.0870571604796819,0.30178708405721777,0.14764836501507542,0.4085808367956255,-0.17574609745116476,0.9847205309640801,0.14472047913642166,0.5016679848943442,0.08209166498411274,0.3273807125432153,0.15016148913474323,0.3960206295762746,-0.19352815193789358,0.9762116017795751,0.14285885932899667,0.49949478819256776,0.06922864825243047,0.3318818992092498,0.14711629209064314,0.3936673615659989,-0.18986262948740112,0.9712195708638154,0.14265971169585284,0.5010143192041492,0.0784482077828476,0.3472284660452891,0.1460090811763492,0.39732453936622286,-0.17377446591854107,0.9546345699401135,0.1297945436977206,0.6755873560905461,0.05972986366777197,0.9961420013791047,0.12619153800464822,0.6738523443539942,-0.059725802746557095,0.9958592738424036,0.12532139534042003,0.7783904245921549,0.05511054414368815,0.19413757324218764,0.12327122014193317,0.7821650334766939,-0.06442565737026083,0.8639850077174964,0.11225300175803056,0.8811395026388629,0.08278193289325357,0.2726699695700693,0.11091107413882309,0.890764372689384,-0.04096884564274836,0.8754435181617743,0.10528878016131271,0.8937731782595324,0.08289715860571187,0.4283251549516408,0.10456306735674548,0.9033732811609911,-0.04061804002239593,0.9011757118361343,0.12732489548978362,0.9158721253985457,0.05202682919445496,0.40510055138951284,0.12740843849522737,0.9283370035035277,-0.09173734131313512,0.8469087367966068
93,1550.0,0.14053611031600416,0.5000900867439455,4.7012368581601604e-05,0.9896830604189926,0.13672441740830749,0.494656568481809,0.007522838289982512,0.988662989366623,0.13615107465358017,0.49483408814384855,0.007518097115237094,0.9826762733005349,0.13546535940397364,0.4950005156653272,0.007524562933083097,0.9900146893092572,0.13575302064418804,0.4949580998647784,-0.012758617777199981,0.9907985471543819,0.13456894528298163,0.49529067817188477,-0.012733459517004952,0.9889376305398494,0.1332596412726812,0.4956681174891339,-0.012753641853729894,0.991870548043933,0.12856135552837744,0.5021144208453954,0.04305981880142579,0.9823033809661873,0.12713634613014413,0.5028936068216963,-0.04834048414514182,0.9869823966707509,0.13910744587580373,0.5095098274094721,0.01524311521401009,0.9869300382477904,0.1380144967919305,0.509884751978375,-0.01133900832030036,0.9842810318583541,0.12597351982480012,0.5420356194178266,0.09129055660395402,0.9821273769651147,0.12523974442765834,0.5320679772467845,-0.10081538274174652,0.996076376665207,0.13676875191075472,0.5031286776065831,0.13807971136910585,0.1250618774266471,0.1412922711599442,0.47195752319835516,-0.1690264266161693,0.9913594069935033,0.14420731010891152,0.48435936513401245,0.08635878172658745,0.2843615270796278,0.14798976977666228,0.4076966189202811,-0.1740275025367738,0.9844508568445849,0.14480475797539677,0.47673693725041016,0.08005901408337418,0.31067540815898376,0.15088007705552248,0.39611790577570627,-0.1916371555555436,0.9758172517731083,0.1431154544864383,0.4759427081970945,0.06754807737611594,0.3150480048997064,0.14786686287039813,0.39424709337098285,-0.1881354990459625,0.9706636724017922,0.1427741199731828,0.4778777062892917,0.07739243195170453,0.33086844143413385,0.14673336346944182,0.397633900245031,-0.17205903359821878,0.9537492763428468,0.1297951858668101,0.6752810875574753,0.059903730771371344,0.9959614447184979,0.12656912278561375,0.6733214599745618,-0.059901718937215395,0.9956106089410335,0.12538252416111184,0.7785287471044637,0.05508475218500414,0.1854708748204369,0.12379302368277603,0.7820619515010294,-0.06554692522400907,0.8534560402234401,0.11216953290360322,0.8812512301263361,0.08178734460047318,0.261028499830337,0.11089903364578892,0.8910035519372855,-0.042850075023514914,0.8657624835059763,0.10519276914142434,0.894075396515075,0.08177556594212856,0.4172368134771077,0.10457219183444985,0.9035106528372999,-0.042565424704835556,0.8982812535195129,0.1271223390386219,0.916688005129497,0.050722628299679114,0.3898063174315864,0.1272776417789006,0.928567514533089,-0.09363954975491486,0.837403331484114
94,1566.7,0.14051278645084028,0.500437676906586,-0.0006849237093514868,0.9900041903768275,0.13675951602913095,0.4949800216016319,0.006890416278370794,0.989022734619323,0.1361891208660036,0.4951507463341671,0.006886605927277184,0.9832039475440987,0.13550630140872238,0.495312142939795,0.006893382429899209,0.9903459208352232,0.13576677583512814,0.49526220134326426,-0.013556388872010376,0.9911763270696011,0.1345698996668771,0.4955801538058693,-0.013528046641676209,0.9893550560587935,0.13324837599481865,0.4959441068626589,-0.013545116409659396,0.9921862710089918,0.12853882568223146,0.5022610738163906,0.04207966583115717,0.9829116917791827,0.12703898265248262,0.5030607609521779,-0.05019144163954829,0.9875506758689888,0.13904049424898068,0.5097111094565623,0.01435659346835955,0.9871740426336023,0.13791932378496452,0.5100700628189818,-0.01252402298684632,0.9846971545900625,0.12566414617356808,0.5415665535699757,0.08870505186773489,0.9823449566250764,0.1246770183954921,0.531969595523108,-0.10242922142857605,0.9959996541341153,0.13713925793057408,0.48088153912907594,0.13023550027892714,0.11838694839250483,0.14116564393043526,0.47180899835768236,-0.16996599946703242,0.991111338138581,0.14535423261778707,0.4346028566360477,0.07593597258840294,0.27349874802998153,0.1483292600938253,0.4073458242984048,-0.17516091040202564,0.9838021113759003,0.14562496259098973,0.4218272694519591,0.06729713880590035,0.3015703757603966,0.151418047291892,0.3967267232281824,-0.19298427658421666,0.9750238288016553,0.14364983780043478,0.42257314920425443,0.05579725369101483,0.3057591460999991,0.14838614279315598,0.3947961202689583,-0.1897651993093038,0.969636587869554,0.14317472704819278,0.4260390585377106,0.06693584489680476,0.322340372062865,0.14719233839284818,0.39777425641105313,-0.17327864964803072,0.9521049516541624,0.12965356523082378,0.6746522500401456,0.060127946592512624,0.9958947613125763,0.12682682133856282,0.672690732138498,-0.06012754284200218,0.9954193575041642,0.125376595627694,0.7786203310603192,0.0553658393522104,0.17773267768678225,0.12413316610313606,0.7819910361653288,-0.0662454228316035,0.8428540740694324,0.11212196343001873,0.8813642263412481,0.08110806913602925,0.24822656668367857,0.11092673384007962,0.8912748722803031,-0.04372806155255865,0.8557807746387669,0.10512042577777597,0.8944789511816849,0.08096512903769817,0.40647377002806917,0.10462695466620589,0.9036681197938471,-0.043397107649417184,0.8963413777805517,0.12702571352322906,0.9175043361527586,0.05015858653045839,0.3725083569685621,0.12734791991256542,0.9288841627893001,-0.09397864306256892,0.8264278088297168
95,1583.3,0.14043711551598148,0.5006669816516698,-0.00046279002760586896,0.9906630799883895,0.13670041376636152,0.4951147791885198,0.007272112116749803,0.989793016797021,0.13613940065815344,0.495278066112882,0.007268827208983052,0.9843260390417924,0.13546494075230198,0.4954374815736502,0.007276507671035476,0.9910122042610539,0.13569283698286339,0.49536903983070774,-0.012965842460592597,0.9918418129285184,0.13448540227753786,0.4956742624441786,-0.012935731338248376,0.9901307764507482,0.13315435747305562,0.49602643081120124,-0.012949349713467426,0.992764382135301,0.1285329085020793,0.5022754981404263,0.042358853632495544,0.9841148938451503,0.12688012279215322,0.5030513377416705,-0.04861250360097208,0.9885453638576333,0.1389597427277339,0.5096752189454582,0.014454749545880738,0.9880042842456279,0.13780019467785254,0.510034214882624,-0.012146695783095709,0.9857285647165215,0.12539232628686098,0.5410596330960595,0.08791495930580873,0.9830051376706085,0.1241132868897348,0.5317214216504782,-0.10132185121377316,0.9960562388102221,0.13744859255495534,0.477628710724059,0.12610879043738055,0.1134693682903336,0.1410682471025559,0.47195018898873137,-0.16767909271376485,0.990979833262308,0.14585507483709437,0.41709462659699603,0.06940890156797005,0.26564286436353435,0.14863382492746635,0.4079238502752216,-0.1718721843901136,0.9831940787179138,0.14610738697506143,0.40507034034956096,0.059347632740225156,0.29514530017262436,0.15180322385969627,0.3969807468709494,-0.18927174806594865,0.974256927058811,0.1439720576717741,0.40575826593807796,0.04822684629332455,0.299146449282056,0.1487232716310593,0.3952549071539019,-0.1865424066781999,0.9686732604390106,0.14336033591202338,0.4086764823822751,0.06026800101002061,0.31646967785699054,0.14751570636317854,0.39843282529286006,-0.17014473179976158,0.9506831452960067,0.12979157056127286,0.6738957365353907,0.060236841262806075,0.9959755596660439,0.12678797472090958,0.6716766300655551,-0.06023857121666277,0.9954293852760686,0.12538941985084906,0.7786725447291425,0.05464747796456023,0.1719006683145252,0.1243264011683919,0.7818458903403515,-0.06666486142646705,0.834690738291968,0.1121167263814382,0.8815002526555749,0.0783031664433934,0.23814005653063475,0.11101734247945612,0.8915186212176374,-0.04451890697791466,0.8470811247825629,0.10521502473524647,0.8948270252772746,0.07790992302553999,0.3984737055642267,0.10483901841299882,0.9037533061844968,-0.04418155639654117,0.8943296018100926,0.12691612186886025,0.918627770174118,0.04664561152458194,0.3596037796565467,0.12737026526814424,0.9292779848689132,-0.09447546054919567,0.8178072600137626
96,1600.0,0.14035869992914665,0.5007094286736992,0.00023440295340801008,0.9911398064522523,0.13665335802804868,0.495092325267338,0.008041588744769498,0.9903173389888952,0.1361072240840822,0.4952502350012465,0.00803673189754288,0.9851092185292933,0.13544594035262164,0.4954089096614296,0.008044590707868343,0.9914781280926303,0.13561445474624645,0.4953268837361112,-0.011848113322187047,0.9923014101527994,0.13438869019349425,0.49562335582006584,-0.011819647492042618,0.9906706128801626,0.13303755223751076,0.4959638076169154,-0.011830617629346403,0.9931637048721321,0.12840757199696143,0.5021942740394959,0.04307995310851509,0.984940605504173,0.126601428503082,0.5029235368683228,-0.04701645743279234,0.9892255181357981,0.13889305435475857,0.5095077043487916,0.015071364873576742,0.9885627826054898,0.13768689405350468,0.5098677646546141,-0.011181419670936615,0.9864175660269608,0.12523424341565095,0.5406652859279092,0.08752023854425982,0.9836298057011202,0.12359586287112473,0.5316274194490346,-0.10036334821156101,0.9960888936406097,0.1377556522687277,0.47633983691533444,0.12442820909477424,0.10917483270168313,0.140976586512157,0.4725354796364198,-0.16580316708201465,0.9908421919459395,0.14616874428022486,0.4182753335861936,0.0648077861184166,0.25807155668735526,0.1488874370143528,0.40901862581570975,-0.16923446598507122,0.982448373522078,0.146925069036938,0.4061281226930167,0.05346143227957548,0.2885499795277916,0.15211251023269845,0.3975287264301666,-0.18625037726901839,0.9733226753416523,0.1447669288941793,0.406093212820235,0.04251196767602651,0.29244725619043643,0.1489038800909407,0.39588152652695097,-0.18389129071008603,0.9675360236849111,0.14395779158387875,0.40940484262648114,0.05544951593592057,0.31044082698367914,0.14776860177516948,0.39930926760037766,-0.16762630073797147,0.9490267237027493,0.13014767709232522,0.6731548053877698,0.060263551239456495,0.9960461173738759,0.12670556349413745,0.6706935706592746,-0.0602661092721281,0.9954345510119491,0.1254158630257562,0.7786076608158299,0.053831308725334384,0.16813142739591158,0.12434365281036931,0.7817371516000662,-0.066730542197114,0.8302379420825419,0.11217613624674941,0.881437818209331,0.07618815664734165,0.23111895223458623,0.11111489435036985,0.891628747894651,-0.04495200160003847,0.8419965732665295,0.10542113085587827,0.8948650899387548,0.07569026308400295,0.3936773325715749,0.1050812094694093,0.9037103142057152,-0.04463219624899686,0.8935144827479414,0.12683452949637467,0.9194346751485558,0.04409109073735422,0.3512459212825414,0.12719166349797031,0.9295897228377212,-0.09494039983976463,0.8130020016715647
97,1616.7,0.14026661217212688,0.5007350671859018,-0.00030527391122415733,0.9914346734682726,0.13660722758088803,0.49502431069101643,0.007513528201906459,0.9906484371139896,0.13607444720608858,0.4951778224536354,0.00750619940282334,0.9856077659697767,0.13542418820517413,0.4953404210862663,0.007513103030976801,0.9917764748845789,0.1355351528951101,0.4952545066674554,-0.012126461957537001,0.9926111045337866,0.1342898713690895,0.49555278250149354,-0.012100642413965301,0.9910305000486834,0.1329189304794585,0.4958953601973401,-0.012110875963809954,0.9934252018020274,0.1282197982072831,0.502146300815401,0.04261407415781705,0.9854994671685362,0.12628713675907688,0.5028152778035122,-0.0474140856947218,0.9897019976661326,0.13882217024053856,0.5093614515804112,0.0145049531101471,0.9889097554343095,0.13757565759477172,0.5097484758922035,-0.011520979216411008,0.9868567671094629,0.12530164207730984,0.5406819638751806,0.08629319178206586,0.9840022041684112,0.12312904816298267,0.5319600247201469,-0.10088089605172482,0.9960552141779953,0.13804574878442866,0.47626309167771147,0.12283108099585496,0.1048524975776673,0.1408759348449254,0.4734268983205163,-0.16666648146652052,0.9906378218105869,0.14640880127747863,0.4198336885088969,0.06002803377452355,0.24950073091756747,0.1490570115191597,0.4103563442116695,-0.16997569018886216,0.9815306947344833,0.14778847779546475,0.40768556083951707,0.0477347297682649,0.28072698627199466,0.1523293916668212,0.3981716519310364,-0.18693529920918614,0.9721493976456785,0.1458305021127066,0.4073102303913664,0.036797555784384435,0.2846116906120666,0.14908322266169965,0.39659917354583774,-0.18469409076940457,0.966112673282624,0.14475980968702418,0.4112101026943755,0.05048271747572085,0.3031286185696014,0.14792000537826913,0.40040936498414936,-0.16844518908432565,0.9469269457317541,0.13062811536448352,0.6728267442612426,0.06021663227251602,0.9960823655128487,0.12646286828177325,0.6703021668252496,-0.060218561795495854,0.9954101812271852,0.12532993796325875,0.7789525418054496,0.05322218242855303,0.16499997959250506,0.12413773934046436,0.7820165980429883,-0.06659367077407388,0.8260535200436916,0.11230891765583137,0.8815253802708224,0.07567761448167624,0.22504476848102767,0.11116132565907078,0.8916781771750684,-0.04456163552545369,0.8372352265176326,0.10564722014325012,0.894842894304367,0.07525388683591576,0.3892527279399693,0.10525598589863103,0.9036467955225995,-0.04421611875295642,0.8924250120208383,0.12686297723225193,0.9194650422959108,0.04349241068675408,0.3440497077646712,0.12685933070523409,0.9296592332067951,-0.09474006862867454,0.8085588756061741
98,1633.3,0.140020760751906,0.5007536269369584,0.0020184797079612826,0.9917715163457969,0.13632709000791832,0.4949755285467424,0.010049528752764074,0.9910327650251849,0.13579714865911585,0.4951288359505793,0.010042189021727876,0.9861969465301158,0.13516277074813854,0.49529760224478625,0.010049720826957913,0.9921228516669507,0.13525205353895833,0.4952123931476051,-0.009396208062147108,0.9929455206507735,0.13399898296310797,0.4955195160139178,-0.009371175874202031,0.9914207543645593,0.1326209633123308,0.4958684103829524,-0.00938172319105694,0.9937071942147762,0.12780354207470312,0.5021645767348157,0.045424166712023,0.9861441765512746,0.125847842012133,0.5027688344319665,-0.04441426073511445,0.9902114357267114,0.13864814028853473,0.5093157263029193,0.016871477920739435,0.9893209877468299,0.13738515334469942,0.5097460462933499,-0.008950611132951015,0.9873661256971821,0.12536884063766124,0.5408028165499373,0.08842944566692632,0.9845011404582439,0.12277195389781688,0.5321845043273203,-0.09828510809512372,0.9960703055063891,0.13828841206573314,0.47663677164486506,0.1228598491066979,0.10175547997156786,0.14079126857575927,0.4736752566837133,-0.16391949568476008,0.9904722457840336,0.14658946082705554,0.4206362253143677,0.056923855805680906,0.24392385709853415,0.1492060600292116,0.41104925104549983,-0.16657274393808286,0.9807926643462415,0.14866227479208094,0.4083249256724406,0.0446515741447608,0.275881886482239,0.15253693574950822,0.3988498747348788,-0.18330434106645144,0.9711714784304308,0.14707353285380784,0.4081098437309268,0.03412764590410962,0.27973416731471124,0.14953333281335388,0.3973142462117334,-0.1809586570376443,0.9649039592061731,0.14570917401994987,0.4123911857604984,0.04762960491435872,0.2987325319222044,0.1482271325020564,0.4012299392904557,-0.1649595413889205,0.9451839441344858,0.13091696160180238,0.6728138526280726,0.06023093720986734,0.9961536696978985,0.1263180190608616,0.6702858692123781,-0.06023357542497775,0.9954378548122594,0.12505852998722178,0.7795478190694543,0.05324784045418107,0.16218900609584094,0.12390035639206577,0.7824899611018958,-0.06650579720735555,0.8221218954949158,0.11234257228317722,0.8818792047954748,0.07635762436049331,0.21997884057817021,0.11114965485675002,0.8918458422025051,-0.044108669850088336,0.8326227012134739,0.105741743530546,0.8952478652908695,0.07601938609566013,0.3855582220213757,0.10527953895784567,0.9037448224567239,-0.043708001751275316,0.8911743050529849,0.12684864444392077,0.9194129989260725,0.04453953461987635,0.3376920776707788,0.12654026704175142,0.9295703825496499,-0.09421502727837797,0.8042611820357193
99,1650.0,0.13970769019353968,0.5007847831362773,0.005834790950064507,0.9921733027412785,0.1359529168832871,0.4949531299727308,0.014111587112503403,0.9914900263150539,0.13541662125360407,0.49511098577862733,0.014105920857262054,0.9869085692224056,0.13475831065859123,0.49528979261716244,0.014114395050065868,0.9925328833716264,0.1348981779246104,0.49519422508421435,-0.0051646939135112264,0.9933211945352108,0.1336493343114854,0.49551163400922543,-0.005141678022309432,0.9918618060293659,0.1322667868364426,0.49587047951562097,-0.005153878148467772,0.9940206635565992,0.12727210990020216,0.5022436181704206,0.04995268175289748,0.9869191674959099,0.12540516363722948,0.5027770996093753,-0.039906464517116574,0.9907631647019166,0.13842235789412555,0.509269992510478,0.020855078828476738,0.9898296395937608,0.13716447211447225,0.5097403980436783,-0.00476405271772473,0.9879749417304999,0.12545251917271397,0.5410429154123583,0.09144032462721785,0.9850993071283621,0.1225652794043224,0.5322575342087523,-0.09446445071981074,0.9961225021453137,0.13845656315485647,0.4774811438151772,0.12303651159717932,0.09990740035261433,0.14072100179536012,0.4736412195932301,-0.16037407730306907,0.990385123661587,0.1467739123673667,0.4214962408656169,0.05593456203738852,0.24199432276544136,0.1493208706378938,0.41157900861331426,-0.16315659880638134,0.9803278077216383,0.14943848550319683,0.4088151057561241,0.043586963166793224,0.27474273244539915,0.15268589059511833,0.3993202036335358,-0.17972042305128927,0.9705262070610416,0.14831783799898068,0.40885220680918044,0.03314618943702609,0.27852833696774093,0.15010157440389915,0.3978856574921384,-0.17700226321106877,0.9640925867216934,0.14662211423828497,0.4137437329405833,0.046665882957833194,0.29798327599252994,0.1485765902768999,0.40188303164073425,-0.16140809939021167,0.9440866879054485,0.13098290420713887,0.6730352838834132,0.06015335892637575,0.9962502207074854,0.12624557529176994,0.6704521945544657,-0.06015472539833618,0.9955114693868735,0.1247341799594108,0.7802174971217206,0.05319713144784886,0.16019522434189215,0.1236931766782489,0.7828921533766253,-0.06643347867897584,0.8190328166598371,0.11227981675238845,0.8823386657805676,0.07666153496220005,0.21597975421519522,0.11113378228176216,0.8920336734680908,-0.04390139647182967,0.828155159950257,0.1057605452480771,0.8957984390712925,0.07636215253954848,0.3831742959363123,0.10532735217185255,0.9038684084301909,-0.04344313059534349,0.8897543946901963,0.12681969503561663,0.9193929093224668,0.04530308803632149,0.33256314198176085,0.12609097787312107,0.9294041565486371,-0.09375747825418207,0.8001834636642826
100,1666.7,0.13946538418531426,0.5008729398250582,0.00778477520881487,0.9925250623907368,0.13564591854810717,0.4949858209916526,0.016119853659932105,0.991891435214452,0.13510308095387052,0.4951440074614119,0.016114990027355294,0.9875217548438484,0.1344156329120909,0.49532466062477676,0.01612363788964493,0.9928908858980456,0.1346145580921855,0.49522410333156625,-0.003049828203594585,0.9936598794800897,0.13337273895740515,0.4955431393214637,-0.003029054496437318,0.9922595194407877,0.13199009107691906,0.4959021764142175,-0.0030422588710540197,0.9943104130881179,0.12687223723956526,0.5023067040102824,0.05222233092146261,0.9875815638474057,0.12507211736270368,0.5028036194188257,-0.03665776710425106,0.9912577569484713,0.13824530690908438,0.5092856160232002,0.022926845720836093,0.9902572716985437,0.13699196917670123,0.5097639943872181,-0.0024941364702369545,0.9885002842971264,0.1253120979028089,0.5411703501428881,0.0928913589034762,0.9855725509779799,0.12233097265873644,0.5322516219956536,-0.09242726702775277,0.9961714403969905,0.13855963838951935,0.4780832337481636,0.12326583532350412,0.09814209757106648,0.14068569030080527,0.4737551744495122,-0.15932038639272975,0.9903683449540821,0.1469265573791096,0.4217774101666042,0.05631183886102274,0.24027054011821752,0.1494205955948149,0.4116179496049882,-0.16270537780863908,0.9801395748342789,0.1501391114933151,0.4089762845209668,0.04430226103535724,0.2737852015665601,0.15284678127084467,0.39954671689442256,-0.17936302934374143,0.9702459701469968,0.14921393139021746,0.40913996951920667,0.03378400525876457,0.2775137381894249,0.1507369982344764,0.39810312858649677,-0.17638556233474192,0.9637237829821456,0.1473568060568401,0.41406866908073453,0.04710008869213721,0.2973931346620835,0.1491102161152023,0.4019809216260912,-0.16086725571325855,0.9435686852250785,0.13089961558580404,0.6731846843447007,0.0600666582052197,0.996331874813353,0.12616946761097234,0.6706263593264989,-0.060066708230546564,0.9955760794026515,0.12454071960278922,0.7805815551962175,0.05336252839437555,0.15837585500308451,0.12356981156127797,0.7830299522195548,-0.0662519798747131,0.8160818942955566,0.11217306554317479,0.8825948280947554,0.07720535833920755,0.21245954398597994,0.11110218348247668,0.8921576780932292,-0.043171097657510225,0.8247252362115044,0.10572517876114167,0.8961562301431389,0.07693757170013021,0.3812934990440097,0.10531788745096758,0.9039555021694731,-0.04265903628298216,0.8887653010232114,0.1267549289124353,0.9191437193325589,0.046117559075355544,0.328116753271648,0.12577064335346227,0.9292373401778087,-0.09260326304606037,0.7970645385129116
101,1683.3,0.13922954031399326,0.5010107159614565,0.009418177501564581,0.9928584524563387,0.13532427485500068,0.4950709342956546,0.01773100585809776,0.9922741012913847,0.13477037101984027,0.49522864392825566,0.0177272505991693,0.9881019975457878,0.13403847494295673,0.49540737058435186,0.01773585758305022,0.993230772869928,0.13432984266962333,0.49530269418443995,-0.0014062029076740232,0.9939820255552023,0.13310262454407562,0.4956190649952211,-0.0013879317723746922,0.9926385198320669,0.13172592116253726,0.4959737190178466,-0.0014024783158674906,0.9945898524352486,0.12649502605199825,0.5023876002856665,0.05405524958457267,0.9882037980215893,0.12479671676244064,0.502868337290628,-0.03328125019158638,0.9917220302990508,0.13806756160088954,0.5093614416463038,0.024704831452774148,0.9906562396458226,0.13682777221713757,0.5098296233585905,-0.0005453446647152357,0.9889941726412101,0.12503958440252716,0.5412674588816512,0.09410199948719573,0.9859974469457361,0.12213072021092695,0.5321432735238757,-0.09070064393537389,0.9962305043424884,0.13858737157923842,0.4788325918572291,0.12385040840932313,0.09686281798141348,0.14067976708923072,0.47384080290794406,-0.15908168149845953,0.9904139808246071,0.14705538111073638,0.4218760430812837,0.058493488601275914,0.23990708163806382,0.14950019972664974,0.41123412549495714,-0.16355486427034663,0.9802088907786782,0.15075092230524345,0.40905812595571805,0.047215364341224995,0.2741828773702895,0.1529940068721772,0.39956485799380737,-0.18046860716172644,0.9702971705368589,0.14989258774689276,0.40933139409337754,0.03647344452994214,0.2778423598834448,0.15147743906293598,0.3980500272342139,-0.1771960758737156,0.9637511968612676,0.14796645620039536,0.41397788694926696,0.049362460417406946,0.29809879618031665,0.1497827736394747,0.40163680698190446,-0.16161999212844042,0.943605746541705,0.1306231277329582,0.673385058130537,0.05995304855917185,0.9964127370289401,0.12611375642674316,0.6709161400794983,-0.05995126201638157,0.9956502105508535,0.12438358260052547,0.7808185177189968,0.053729152040822195,0.156848573258945,0.12349989211985046,0.7830124454838895,-0.0660018399357796,0.8133972244603298,0.11199472525290087,0.8827924983842037,0.07798353210091596,0.2095651179552079,0.11105038225650793,0.8922610070024221,-0.04219663382640907,0.8219013852732525,0.10561244934797293,0.896490646260126,0.0777364793632712,0.38006399571895616,0.10525605348604074,0.9040539434977942,-0.04163174411015853,0.8879428761346005,0.12666314414569316,0.9187036114079615,0.04716389280344761,0.3244133527789798,0.12551703836236688,0.9290047117641999,-0.09101805889180738,0.7945182749203277
102,1700.0,0.13900015857957668,0.5011981115454721,0.01073499782831364,0.9931734729380842,0.13498798580396748,0.4952084698847365,0.018945043707000363,0.9926380245458519,0.13441849145151322,0.49536489517915855,0.018942702572704063,0.988649297328223,0.1336268367511886,0.4955379224958876,0.018951054130281725,0.993552544287273,0.13404403165692386,0.49542999764283535,-0.0002338180257495416,0.9942876327605481,0.13283899107149674,0.49573941103049735,-0.00021830985012155288,0.9929988072032031,0.1314742770932971,0.496085107326508,-0.00023453648290819827,0.9948589815979911,0.1261404763375011,0.5024863069965729,0.055451437742227605,0.9887858700184601,0.12457896183644035,0.502971253224782,-0.02977691377912251,0.9921559847536545,0.137889121969541,0.5094974693797887,0.026189036024290888,0.9910265434355975,0.13667188123578128,0.5099372849577952,0.0010823226988404232,0.9894566067627508,0.12463497867186867,0.5413342416286475,0.0950722463783764,0.9863739950316304,0.12196452206089392,0.5319324887934184,-0.08928458144267407,0.9962996939818071,0.13853976272401364,0.47972921814237346,0.12479023085463632,0.09606956158365527,0.14070323216063643,0.4738981049685255,-0.15965796262025847,0.9905220312731611,0.14716038356224703,0.42179213960965495,0.062479511258148074,0.24090394732498002,0.14955968303339828,0.4104275362832208,-0.16570505819150397,0.9805357555548355,0.15127391793898187,0.4090606300603778,0.05232627308439647,0.2759357598565874,0.15312756739911587,0.3993746269316903,-0.18303715650524427,0.9706798082306277,0.15035380706900656,0.4094264805316929,0.04121450725055879,0.2795142020498005,0.1523228968892779,0.39772635343528956,-0.17943380382798974,0.9641748283590595,0.14845106466895064,0.4134713865461806,0.053452998133642404,0.30010026054722944,0.150594262849717,0.4008506877081739,-0.16366630863575718,0.9441978718553278,0.13015344064860127,0.6736364052409219,0.05981252998823216,0.9964928073542466,0.1260784417390824,0.6713215368134633,-0.05980838675584117,0.9957338628314792,0.12426276895261948,0.7809283846900582,0.054297002387188764,0.15561337910947354,0.12348341835396634,0.7828396331696289,-0.0656830588621753,0.8109788071541566,0.11174479588156663,0.8829316766489124,0.07899605624732525,0.20729647612287896,0.11097837860385584,0.8923436601956689,-0.040978004978526196,0.8196836071355006,0.1054223570085708,0.8968016874222535,0.07875887552897139,0.37948578596115135,0.10514185027707201,0.904163732415154,-0.04036125407687258,0.8872871200243637,0.12654434073539014,0.918072585548674,0.04844208922059767,0.32145294050375617,0.1253301628998348,0.9287062713078097,-0.0890018657914231,0.7925446728865306
