frame_idx,timestamp_ms,lm_0_x,lm_0_y,lm_0_z,lm_0_vis,lm_1_x,lm_1_y,lm_1_z,lm_1_vis,lm_2_x,lm_2_y,lm_2_z,lm_2_vis,lm_3_x,lm_3_y,lm_3_z,lm_3_vis,lm_4_x,lm_4_y,lm_4_z,lm_4_vis,lm_5_x,lm_5_y,lm_5_z,lm_5_vis,lm_6_x,lm_6_y,lm_6_z,lm_6_vis,lm_7_x,lm_7_y,lm_7_z,lm_7_vis,lm_8_x,lm_8_y,lm_8_z,lm_8_vis,lm_9_x,lm_9_y,lm_9_z,lm_9_vis,lm_10_x,lm_10_y,lm_10_z,lm_10_vis,lm_11_x,lm_11_y,lm_11_z,lm_11_vis,lm_12_x,lm_12_y,lm_12_z,lm_12_vis,lm_13_x,lm_13_y,lm_13_z,lm_13_vis,lm_14_x,lm_14_y,lm_14_z,lm_14_vis,lm_15_x,lm_15_y,lm_15_z,lm_15_vis,lm_16_x,lm_16_y,lm_16_z,lm_16_vis,lm_17_x,lm_17_y,lm_17_z,lm_17_vis,lm_18_x,lm_18_y,lm_18_z,lm_18_vis,lm_19_x,lm_19_y,lm_19_z,lm_19_vis,lm_20_x,lm_20_y,lm_20_z,lm_20_vis,lm_21_x,lm_21_y,lm_21_z,lm_21_vis,lm_22_x,lm_22_y,lm_22_z,lm_22_vis,lm_23_x,lm_23_y,lm_23_z,lm_23_vis,lm_24_x,lm_24_y,lm_24_z,lm_24_vis,lm_25_x,lm_25_y,lm_25_z,lm_25_vis,lm_26_x,lm_26_y,lm_26_z,lm_26_vis,lm_27_x,lm_27_y,lm_27_z,lm_27_vis,lm_28_x,lm_28_y,lm_28_z,lm_28_vis,lm_29_x,lm_29_y,lm_29_z,lm_29_vis,lm_30_x,lm_30_y,lm_30_z,lm_30_vis,lm_31_x,lm_31_y,lm_31_z,lm_31_vis,lm_32_x,lm_32_y,lm_32_z,lm_32_vis
0,0.0,0.1862394000802721,0.6006680230299635,-0.0491010274383284,0.9988710426148916,0.18703361636116397,0.5907998950708482,-0.04425012945596665,0.9980021033968249,0.18681412544988454,0.5902172880513328,-0.04428012034900135,0.9979318408739004,0.18651516983906433,0.5894967558838071,-0.04431202311423566,0.9986657003561655,0.18606298239458172,0.5903959700039457,-0.05969628869068057,0.9985994568892889,0.18516137841201966,0.589648174388068,-0.05970296751530401,0.9983826620238173,0.18420542102484477,0.5888655256657376,-0.059724716026158586,0.9988252790201281,0.18012718998250507,0.5866764585177104,-0.015886506353992805,0.9960797755491166,0.17764593057689218,0.5868920314879644,-0.08363222171153345,0.9975355962912246,0.18244065521728436,0.606328504426139,-0.036171047504813925,0.996932605902354,0.18120667125497555,0.6049760523296539,-0.05627661287074999,0.9982760945955912,0.16265444315615157,0.6176876766341075,0.037777506347213476,0.9986152251561484,0.1621023090112778,0.6275267686162675,-0.10969875664228491,0.999865161521094,0.15828543511174978,0.6751225306874227,0.0753627534778345,0.11032041073555035,0.14725063173543843,0.6915741406735924,-0.12971193928803718,0.9862289485477266,0.183920837583996,0.7088372182278406,0.048828497795122,0.34242986000719516,0.1666947716758365,0.7369871153717952,-0.12043322001894322,0.951003528776623,0.19003092142797656,0.715796171199708,0.04909585425186726,0.3843826722531092,0.17199563980102547,0.7497661312421163,-0.13471353036307154,0.9266858256998518,0.19425470275538315,0.714315537895475,0.034133296726005395,0.40768456459045405,0.17518769382011323,0.7448196652389714,-0.12964490286651112,0.9187186033952801,0.19119104139861615,0.7151176475343253,0.04116623715630599,0.39231436167444494,0.17370433395817167,0.7402792785848891,-0.11792736110233128,0.8704182150818055,0.13659897233758655,0.7227504225004289,0.049511965275520375,0.99543649100122,0.13441307558899837,0.729932600543613,-0.049488882755949384,0.9974059419972559,0.15062143511715392,0.7968623013723467,0.07783560738677066,0.32265227181570866,0.15088768835578642,0.8056418796380359,-0.019299364870502808,0.9912892239434379,0.14217106004556024,0.8804807450090134,0.12053845201929404,0.5337831406366258,0.1407118120363781,0.9007928910709564,0.01988727250829392,0.9872063526085447,0.13663727045059207,0.897880913246246,0.12312009096855214,0.5064825316270193,0.13462981723603754,0.9162951622690476,0.021800956320865813,0.9622346971716201,0.16415746864818392,0.892609116576967,0.11037392772379373,0.7347870596817562,0.16508430313496364,0.9141634688490915,-0.0030094138568355295,0.9801490874517534
1,16.7,0.18598739802837372,0.6005660210336962,-0.04307836613484794,0.9989144035748074,0.18676236378295089,0.5909602556909835,-0.03812702292842529,0.9980805303369253,0.18653613222496854,0.5903516922678266,-0.03815830365887713,0.9980126534189503,0.186226459486144,0.5896033091204506,-0.0381895732134581,0.998713974441801,0.18585778453520366,0.5905664137431555,-0.05352128004389153,0.99864964400019,0.18498805058853968,0.5897890797683172,-0.05352961005909107,0.9984382646424437,0.18404265067407063,0.5889658842767991,-0.0535500084183046,0.9988567616258351,0.17982849159411024,0.5865804978779385,-0.010085634987003054,0.996191339833396,0.1775731050542423,0.5868565567902156,-0.08171622295464794,0.9976299319948472,0.18213724557842542,0.606223102126803,-0.030323307429041213,0.9970811648028238,0.18102040354694648,0.6049792638846808,-0.05028304989848821,0.9983728953770229,0.16270704886743004,0.6180848053523474,0.041427228599786765,0.9987056212765831,0.16171640370573329,0.6269277206489018,-0.10850473759429802,0.9998721097196852,0.15902230249983929,0.6752480225903645,0.07752534587468418,0.11448723556739943,0.14647688823086877,0.6903945803642279,-0.12488382043583053,0.9865161648818427,0.1821182444691658,0.7064602587904248,0.05388159171811172,0.35996232288224345,0.16607027287994117,0.7347997682435173,-0.11638935815010759,0.9538557316575735,0.18857412572417948,0.7137852013111116,0.054593700117298555,0.4005901430334365,0.17168688241924565,0.7485432326793671,-0.1305467837623188,0.9309972992965154,0.19174408912658703,0.7122290389878408,0.04022835674030439,0.42362332344055176,0.17507303825446538,0.7428582268101832,-0.12566122838429047,0.9235196198735918,0.18960172683000573,0.7128134880747118,0.04660713566201073,0.40784797285284313,0.17348124406167442,0.7383669231619155,-0.11392498495323321,0.877444011824472,0.13775709271430972,0.7219620048999789,0.04913666072700706,0.9955886134079526,0.13532701134681704,0.7289448039872309,-0.049112889117428234,0.9975037063871113,0.15050831969295234,0.7983845727784296,0.07787554285355976,0.3240899103028434,0.15090240112372802,0.8067214446408406,-0.027540534335587685,0.9908904050077713,0.14209327314581194,0.882525533437729,0.1220725801374231,0.5354245858533042,0.14089318790606095,0.9013082214764189,0.0012436181547985786,0.9869921250002729,0.13662998165403098,0.8978215157985691,0.12452904933265285,0.5127847577844347,0.13510060523237508,0.9161373760019034,0.0020341639901744896,0.962523984057563,0.16328716810260505,0.8955145180225375,0.10777382499405318,0.7327748153890882,0.16483455896377566,0.9147911880697526,-0.02663733244740532,0.9798843392304016
2,33.3,0.18578045708792554,0.6001883787768233,-0.039922157302498845,0.998954577105386,0.18650204475436902,0.5907997361251287,-0.03491505967187035,0.9981560238770079,0.18626252029623305,0.5901721588202884,-0.03494633029081995,0.9980885727064958,0.18593364421810432,0.5894077505384171,-0.034975776315799824,0.9987594400133408,0.18565769600016732,0.5904376336506436,-0.0504230582820518,0.9986979024750852,0.184812887438706,0.5896523339407785,-0.050432231011135295,0.9984917044639595,0.1838753755603518,0.5888107546738219,-0.05045253756855218,0.9988881179264616,0.17951620583023348,0.586301488535745,-0.006950264630307061,0.9962999437536516,0.17748826529298511,0.5866350659302304,-0.08160400709935604,0.9977269896439147,0.18189818518502388,0.6059149035385679,-0.02721873870385548,0.9972265320164818,0.1808740102819035,0.6047879500048504,-0.04727864265441898,0.9984676752771652,0.1627858909113067,0.6184202006884986,0.04348012326019152,0.9987887867859434,0.1612970530986787,0.6263778507709504,-0.10884360117571701,0.999878789697375,0.15962041701589316,0.6752554135663168,0.07877547081027712,0.11825690099171231,0.14576931723526548,0.6893264097826827,-0.12264657339879445,0.9868352881499703,0.18072060708488738,0.7044856548309326,0.0575240579034601,0.3759945183992385,0.16559915351016188,0.7328836364405498,-0.11469204191650671,0.9566285397325248,0.1874045133590699,0.7120606558663505,0.058500366551535496,0.415486412388938,0.17147820017167506,0.7474038132599422,-0.1287811127092158,0.935152121952602,0.18982802544321348,0.7105261981487275,0.04451381973922251,0.438221607889448,0.17499701146568572,0.7411598648343771,-0.12420631466167321,0.9281386349882399,0.18823549151420604,0.7108275890350347,0.050504870978849266,0.42209255908216753,0.17330534436873035,0.7366266846656803,-0.11229941727859637,0.8842586321490156,0.13879247009754186,0.7213137703282495,0.04891897897635189,0.9957164951733182,0.13603067823818754,0.7280058690479827,-0.04889714638037341,0.9975798853806088,0.15041887334414897,0.7995608363832749,0.07812099478074484,0.3232360439641136,0.1509119644761085,0.8075354610170636,-0.03317792247980832,0.990073097603662,0.14200290398938317,0.8839695453643802,0.12325027372155875,0.5347857943602972,0.14103893190622335,0.9016432847295491,-0.010911728238819893,0.9865199157169893,0.13661587876932968,0.8977176802498957,0.1256096554653986,0.5176847747394017,0.13546101110322142,0.9159940098013201,-0.010823770871086508,0.9625859601157056,0.1625697900141989,0.8978866977351055,0.10602159532053136,0.7292951856340681,0.16462023769106188,0.9153512035097398,-0.042265302834234034,0.9792957433632448
3,50.0,0.1856185772589276,0.5995350962593446,-0.03963240094128112,0.998991563206628,0.18625265927541837,0.5903183363732842,-0.0346142396863018,0.998228584017073,0.18599328966367826,0.5896786877087189,-0.034644200244829795,0.9981595987365367,0.1856367240349453,0.5889100801377074,-0.03467063242126081,0.9988020970707855,0.18546271678947282,0.5900096297264104,-0.0504016234051614,0.9987442323139744,0.18463588896251873,0.5892379369054526,-0.050410830371436656,0.9985429814883648,0.18370359568368833,0.5884001368568061,-0.05043230347690132,0.998919347922008,0.17919033269087487,0.58583943049113,-0.006480395283904818,0.9964055873098835,0.17739141129312075,0.5862275589080088,-0.08329557414565773,0.9978267692384274,0.18172347403707972,0.605403908661434,-0.026857341329256712,0.9973687075433284,0.1807674914598466,0.6044021106901627,-0.047263391138542304,0.9985604342960183,0.16289096928778163,0.6186938626425611,0.04393619032842776,0.9988647216842295,0.16084425719011408,0.6258771589824137,-0.1107153473865419,0.9998852014541633,0.1600797786599115,0.6751447036152799,0.07911312828461335,0.12162940700848905,0.14512791874862863,0.6883696289289569,-0.12300019817692902,0.9871863183521097,0.17972792543116084,0.7029134063493643,0.05975589635116718,0.3905264465581806,0.16528141356649864,0.7312387199628926,-0.11534127131814058,0.9593219530014773,0.1865220843326479,0.7106225348654253,0.060815853554578095,0.42907148031961384,0.17136959305831378,0.7463478729838422,-0.12941651720376252,0.9391502936681118,0.18850651170526248,0.7092070153781351,0.04698968572275983,0.45147941793714286,0.17495961345377437,0.739724579311553,-0.12528016169865935,0.932575648739225,0.18709233545121706,0.7091599504152939,0.05285944310682164,0.43504812036241836,0.17317663487933943,0.7350585630961832,-0.11305065807842082,0.8908620760554365,0.139705104487283,0.720805718785241,0.04885892002355488,0.9958201362973176,0.13652407626310992,0.7271157957258685,-0.048841654544784945,0.9976344789777492,0.15035309607074385,0.800391092186883,0.07857196316832593,0.32009067279951936,0.150916378412928,0.8080839287667054,-0.036211529303164736,0.9888373017311103,0.14189995257627408,0.8848127807889672,0.12407153277170099,0.5318667661576048,0.14114904403686535,0.9017980808303476,-0.016578766672561578,0.9857897247586939,0.13659496179648817,0.8975694066002262,0.12636190936678943,0.5211825824919205,0.1357110348485766,0.915865063667298,-0.016772848262917264,0.9624206253460483,0.16200533438296555,0.8997256557146716,0.10511723870322826,0.7243481704166963,0.16444133931682237,0.9158435151690536,-0.049893325017321716,0.9783832998502828
4,66.7,0.18553336887132565,0.598488847414653,-0.04523481410883726,0.9990343054135649,0.18600505377565124,0.5894102141970684,-0.04025706719784512,0.9983151753743498,0.18571289522307272,0.5887705598558703,-0.040284344482989565,0.9982444133077356,0.18530832585834334,0.5880158430054079,-0.040307836341006445,0.9988539900098535,0.18525848218372903,0.5892133059955783,-0.056516769209078416,0.998798310756684,0.18443713301704057,0.5885009084429065,-0.056526319966429796,0.998602938084376,0.183504431020646,0.587706083343143,-0.05654994948279294,0.9989574750264493,0.17878281857286193,0.5851344806807386,-0.011211087239817502,0.9965493593897146,0.1772696226835252,0.5856058569181537,-0.089326465413684,0.9979411562283841,0.1816816365435011,0.6046393031165718,-0.032031896213690465,0.997525300298419,0.1807394659235365,0.6037994935399014,-0.05306131605591097,0.9986594830240529,0.1630524794260662,0.6189217340378539,0.04134662325183554,0.9989390628678465,0.16025846061252425,0.6255440797124594,-0.11637014682803842,0.9998916813305454,0.1604333016134445,0.674815938586281,0.07811297405333752,0.125930717658429,0.14448544595922752,0.6873999096098404,-0.12849745047943942,0.9875574282237469,0.17990228817576465,0.7024416157177522,0.06049229062738877,0.4077895681063337,0.16508675473076967,0.729698464983986,-0.12127066971290688,0.9620322812171217,0.18639239810761965,0.7099489058767052,0.061524873510712716,0.4451202324458534,0.1713152151732219,0.7452399219785424,-0.1357216409274511,0.9431273596627378,0.18831141222090964,0.7088312676974711,0.04726584699182287,0.4671324023178649,0.17489373612971545,0.7384773577962609,-0.1320480370805378,0.9369788084711355,0.18651441804000324,0.7082557990437467,0.053430680540346,0.45043808079901226,0.17305258413155886,0.7334649108705071,-0.11912921071052561,0.8975169601894567,0.1404550898642768,0.7204372230030247,0.04908285715750289,0.995927206107549,0.1365605230842319,0.726188719272614,-0.049073791042679865,0.997690413679396,0.1503470710345678,0.8003297817139404,0.08306535439831876,0.3134190965266457,0.15091419432844444,0.8080941353525439,-0.034248859754630524,0.9870721697807319,0.14182350465229587,0.883682636987596,0.13216341854560953,0.5253353204045981,0.14120409247421092,0.9015400296165836,-0.009608379074571927,0.984811016491482,0.1366037329037985,0.8961756541615447,0.1349090610941252,0.5229896647589551,0.13573771076543,0.9156986673673001,-0.009208108798789222,0.9622581657909218,0.16167640615077256,0.8998678014391951,0.11442015674852198,0.7168160393124541,0.16430561883108968,0.9160298534802035,-0.041748932429722406,0.9771283297311699
5,83.3,0.18544114984217158,0.5973698525201712,-0.04838398737566815,0.9990676925295883,0.18576883843966907,0.5883834532329019,-0.043472868878217,0.9983826677004504,0.18544328141780142,0.5877376397450769,-0.043495398192178666,0.9983067853110185,0.1849967127754576,0.5869935381980174,-0.04351075561273669,0.998892267545065,0.18507955613590435,0.5882764714104793,-0.06052885914132713,0.9988437862623313,0.18426798071180084,0.5876093024299263,-0.06053385936788155,0.9986541186060232,0.18334110435985396,0.5868495106697087,-0.060561414098455835,0.9989918583915354,0.17844958887213766,0.5843526238486885,-0.014082435341108424,0.9966496513003402,0.177161760273434,0.5848565016474047,-0.0929058261570477,0.998047732171559,0.18159420575414398,0.6037640912192213,-0.03500249609351161,0.9976633815538323,0.1806920035963968,0.6030515233675643,-0.05711385767374724,0.9987485891296757,0.16320302514802854,0.6190680293809805,0.039991350401015535,0.9990030016217921,0.15970123878547135,0.6250323823520121,-0.11981478404431124,0.9998975793520617,0.1605986768291111,0.6744853570347745,0.07794493117502763,0.12912046909332284,0.14403120676676442,0.6867387493451441,-0.13298515053022486,0.9880361074493051,0.1795110241288232,0.7013463860466372,0.06109489394085752,0.42108790647415917,0.16513335704803478,0.7287128056798668,-0.12571580317758388,0.9647236267725634,0.18618919168199827,0.7082199000176934,0.06176505184599336,0.4579461940697265,0.17145101016476055,0.7445067280814767,-0.14000503789810917,0.947032965364911,0.18820324185348708,0.707021608239129,0.047360179502339624,0.479650662058876,0.1750116369553976,0.7377135100818821,-0.1373580243615878,0.941293270814987,0.1859198283581508,0.707026878992717,0.053954823740891084,0.46255602297328796,0.173060912461508,0.732388147286007,-0.12377432449942552,0.904047071933747,0.1411449440887997,0.7202102002643409,0.04928013008265272,0.9959708622523723,0.1366848328283856,0.7253399207478483,-0.049280670959325104,0.9976928092184528,0.15030971524261305,0.8007327403341027,0.08203103322358364,0.30638624940599735,0.1509078932659968,0.8082298210689005,-0.033669628735099544,0.9851390265283138,0.14167335558505295,0.8839152682395215,0.1280616500547955,0.5187249950000221,0.14126422433626093,0.901431390217373,-0.006170939720634908,0.9836909146535973,0.13654814802464996,0.8963094580741162,0.13053607053699956,0.5243475323631654,0.13584002497650338,0.9156404194377725,-0.005520040998124477,0.9617816011110949,0.1613544672727586,0.901263594627381,0.11083462905316133,0.709697890849341,0.16419809914770592,0.9164982977367588,-0.038757697102569426,0.9757231786137543
6,100.0,0.18538095624673948,0.5961557853789561,-0.053272196402152416,0.9990815889267701,0.18559687478201742,0.5871234138806665,-0.04846178669305078,0.9984227135067901,0.18524717929817397,0.5864810319173908,-0.04848101877030876,0.998338835580009,0.18477275825682155,0.5857676437922891,-0.04849192251761758,0.9989103135608498,0.18493171958696286,0.587080055759067,-0.06582844275094218,0.9988697029295428,0.18412044431482055,0.5864531057221554,-0.06583427371723316,0.9986833930015572,0.18318819219157823,0.5857426524162297,-0.06586540029162458,0.9990122630482635,0.17821897069613152,0.5834542626426338,-0.018829969822296087,0.996694621585665,0.17704012777124145,0.5839612881342574,-0.09681295177766262,0.9981380530766086,0.18153648504189096,0.6027512919335143,-0.03979176132097134,0.9977684900874191,0.18065671338921513,0.6021514478183931,-0.062372496617691904,0.9988216587475375,0.16337760360468012,0.619164035433815,0.03673993938025977,0.9990415317671647,0.15937668581803652,0.624574754919325,-0.12338074509586616,0.9999025066693631,0.1606544050432388,0.6742430357705984,0.0738713264110543,0.12849166102352605,0.14366442461808532,0.6862619859831679,-0.13683751864092702,0.9884187408855991,0.17860460990951188,0.7003806091490251,0.056714546822366305,0.4209325427100775,0.16525951169786013,0.7281074041411996,-0.12850055169491548,0.9667278897194642,0.18512549499670677,0.7084805284227649,0.0570930187546072,0.45788603879156603,0.1716568803503401,0.7438448497227266,-0.1426676497572945,0.9499224225680041,0.1875687291224799,0.7077622356868931,0.0429401155561209,0.4791507124900822,0.17518712012540738,0.7371525622549516,-0.14046935311385572,0.9444818411554616,0.18473650373163691,0.7062023906480703,0.04959776891129361,0.46225251186461713,0.17317022525128878,0.731672863165538,-0.12666330912283497,0.9088799868311208,0.14174418435210284,0.7201457676433387,0.04946544376157583,0.9959531057448622,0.13695218449547186,0.724856141067687,-0.04947448291239288,0.9976566632588711,0.15027664885634479,0.8014302878152763,0.07789377939133423,0.2992058453105747,0.15090106498627445,0.8085020723797032,-0.03264311984890986,0.9831244775227145,0.14153078908012037,0.8847955039569317,0.11872025614693059,0.5125681743735362,0.14131619320029315,0.9013431469599412,-0.0036331696873752512,0.9824512884730392,0.1364594477982749,0.8976884512674247,0.12061241091716865,0.5246230874742784,0.13594797608398265,0.9155676677113493,-0.002907554625943749,0.9607542696453283,0.16119585008848292,0.9026052838280094,0.10027153825476062,0.7034072705677583,0.1641476040794737,0.9169734801564904,-0.035258159750983856,0.9741741418838508
7,116.7,0.18532764698777893,0.5949789172127138,-0.059314178746371085,0.9990797099613016,0.18544890838009984,0.5858637747310461,-0.05466640172969731,0.9984383952049989,0.18508482405117593,0.585250434421358,-0.054684750203575445,0.9983413701965702,0.18459992039771322,0.5845886099906199,-0.05469807308344618,0.998907889638629,0.18478333808126918,0.5858254801659362,-0.07164521586327331,0.9988788281168264,0.1839642311845508,0.5852275320461823,-0.07165474763938365,0.998691482203348,0.1830231852474668,0.5845641578946799,-0.07168657439095638,0.9990191374506276,0.17803219173635768,0.582562176954179,-0.02505344205668996,0.9966758915356234,0.17691123485565197,0.5829879698299231,-0.10097085507143119,0.9982081197557002,0.18148367106914534,0.6017351576260163,-0.04581327168714436,0.9978433024315614,0.18061746869768427,0.601201264631181,-0.06789400286617739,0.9988814791043606,0.16347983337584007,0.6191149126915709,0.03183601184615069,0.999066625322615,0.15916970230284203,0.6242812673250838,-0.1268202027394659,0.999907436824981,0.16044412837142047,0.6739517620631632,0.06811127226267547,0.12340981477782847,0.14339318161919015,0.6859925900186816,-0.13980001778829676,0.9887311543737145,0.17708889075687967,0.6998355587323511,0.04941851503792266,0.4073941210905714,0.16549104806922743,0.7274919663156787,-0.12934266669409625,0.9683430194854743,0.1835167486043205,0.7101472644578848,0.049386572624955896,0.4454189311890378,0.1719702787342527,0.743242067950113,-0.14332376278582082,0.952240773609707,0.1864466752324787,0.7103648611477449,0.035779157476056214,0.4662495028404966,0.17549192621594395,0.7366830621446887,-0.14097211474464064,0.9470592765581047,0.18312011233397907,0.705991441295261,0.04241859478255117,0.450031338703065,0.1734105582748142,0.7312203532173526,-0.1274511913458507,0.9127702713012701,0.14231093511694964,0.720091635272617,0.04962409003859478,0.9958985022136151,0.13734370470047008,0.7246282639957615,-0.04964116517276994,0.9976301193237311,0.15024742200261082,0.802015690576463,0.07774322870231816,0.29117431101344904,0.1508927841981253,0.8087637538001656,-0.03251712192736923,0.9809399389085323,0.1414297003121604,0.885121405124665,0.11965745332695198,0.5046522305125285,0.1413559438217255,0.9012468826203126,-0.0029890329266587913,0.9808030582609638,0.13638085410708484,0.8982962199619844,0.12176322262911579,0.5220633035614382,0.13604871077196948,0.9154561530976075,-0.0022552346539062773,0.9590672850608832,0.16124463294233607,0.9033207609539946,0.10187544035060073,0.6959477237292704,0.16418545090016878,0.9172999035744447,-0.03466492048686461,0.97216626576015
8,133.3,0.18529789859340318,0.5937114244415651,-0.06401541474319644,0.9990550563448959,0.18534746482258763,0.5845071985608059,-0.05942671231570702,0.9984269340833035,0.18497376072974445,0.5839318264098399,-0.059445659851744104,0.9983168130829229,0.18448488556203402,0.5833206574122115,-0.05946289570558643,0.998888137794677,0.18467237481049142,0.5844565204211647,-0.07617064423504336,0.9988636346090415,0.18384700871649257,0.5838886527788076,-0.07618057798771637,0.998670560973032,0.1829001939012892,0.5832783068929404,-0.07621045658985778,0.999004264672598,0.17788213917187295,0.5815688655489971,-0.029832098012169222,0.9966095515659885,0.17679403580370417,0.5819327206838703,-0.10481865278312147,0.998248687812261,0.18145360407375166,0.6006827013833187,-0.05047155153893293,0.9978818893432624,0.180591846505801,0.6002040306727096,-0.07224761747888162,0.9989228532427841,0.16359330784706855,0.6190401117006943,0.027437215759640667,0.9990733748390569,0.1590407221090227,0.6241375151134676,-0.129748549489748,0.9999106810206466,0.16030131493295952,0.6737309580757509,0.06178734788582443,0.11893100362448474,0.14326671475455885,0.6859210644449512,-0.14268480170340775,0.9888893365859993,0.1755798153934026,0.6995762473060976,0.04078093268686819,0.39216149704796954,0.16591074495088498,0.7269353951726646,-0.13160625880672827,0.9693817922047213,0.18206183044683377,0.7131669805163434,0.040341798304801925,0.43064749666622737,0.1724641961710795,0.7427275294349313,-0.1456838214681263,0.9537133489336292,0.18540735400858394,0.7130631690933595,0.027159106341146308,0.45079378286997507,0.17597964122181858,0.7361467423893162,-0.1432707898673558,0.948699919950395,0.18176732389699857,0.705064455668132,0.03384422218160972,0.4355485283193137,0.17379364229383937,0.7308143547603068,-0.1297179857889812,0.9151659494354618,0.14294953573317765,0.720082975569226,0.04975874810701328,0.9958358804384875,0.1377777797835215,0.724486668904623,-0.04978140337126599,0.9975800570987527,0.1502666324377061,0.8024266248657596,0.07754030397960124,0.28295601123855246,0.15090577730110724,0.8089704570316139,-0.031931664439893925,0.9783154300280986,0.14145750942684365,0.8852426296188725,0.12018661201000222,0.49617544951893067,0.14146277592295703,0.9011291123571857,-0.00024692594195671765,0.9785820898555582,0.1364099830389024,0.8984744832629256,0.1223687526016009,0.5180525666191468,0.13621782688867487,0.9152761357171202,0.0008052477177919915,0.9564084268751606,0.16133043950512307,0.9031141740935196,0.10192386380263746,0.6880198830649971,0.1642138787678311,0.9172101304644636,-0.03202178134095103,0.9695656498273222
9,150.0,0.18529181537174055,0.592329147316161,-0.06809576494353163,0.9990062287875592,0.1852674768084573,0.5830168667293735,-0.06349145142095433,0.9983868485405338,0.18488922360397536,0.5824832121531173,-0.06350964325524516,0.998263427189419,0.18440145325093055,0.5819180749711541,-0.06352609041191287,0.9988484127180924,0.1845854095050268,0.5829480971608847,-0.0800766941337359,0.9988219965071912,0.1837572554747265,0.5824115787233629,-0.08009070974020738,0.9986186027526862,0.1828074668134963,0.581850525878725,-0.08012222959881743,0.9989646900267835,0.17776779049918778,0.5804655495144075,-0.03353684093980565,0.9964824602717453,0.17670389584132615,0.580805009319669,-0.10787063730614532,0.9982568763551265,0.18145967807088592,0.5995472158704489,-0.05444980749771712,0.9978836859975551,0.18059752810569052,0.5991251582191108,-0.0759970073898634,0.9989437773114167,0.1636891074123838,0.6189421699160625,0.023903457004399543,0.9990595096633555,0.15899238983790093,0.6240107757704603,-0.13262143979469945,0.9999121455919182,0.16044297601495483,0.6734831191244584,0.05659792093294012,0.11341518660386411,0.14324029570534125,0.6858354296003074,-0.14413504160585866,0.9886980056762702,0.174438930693127,0.6998972296714788,0.03233854144456843,0.37168924581436913,0.16643875198704866,0.7261404224804475,-0.13014655099028644,0.9692471708570215,0.18113097477526907,0.7175791462262477,0.03131440494741715,0.41036416945003357,0.1730780147370839,0.7417877997670861,-0.14387888958056777,0.953636927264078,0.1846811239208495,0.7165083771660219,0.018318531502570436,0.4296731437955587,0.17667301566827878,0.7350583615757176,-0.14165435234705617,0.9486291408538825,0.18091837990851645,0.7061249613761906,0.025280363857746145,0.41581894954045645,0.17429386292185114,0.7299240004448668,-0.12831877455824908,0.9150467912356065,0.14359485038689215,0.7201393473716015,0.04989099218731838,0.9957572079840167,0.13838955547128415,0.7243908530189882,-0.0499168918246315,0.9975096753665387,0.15031668543815624,0.802777256284442,0.0775380996721132,0.27390300517990496,0.15092386872995478,0.809074032874335,-0.030780365690588975,0.9755003792899003,0.14153729592050834,0.8857193504061025,0.12053715827919197,0.48757199588276123,0.141569583898499,0.9010148616064169,0.0036922153806136504,0.9762291170301899,0.1365138434228444,0.899070098286584,0.12270304454224458,0.5134441852569585,0.13638830610683997,0.9151014827546626,0.005091725191700144,0.9533254021690012,0.16149010331857783,0.9027344783147182,0.10150792627107538,0.6805307865142827,0.16425180506138587,0.9169661459468667,-0.028290456338297774,0.966872107414973
10,166.7,0.1852388516778039,0.5908641077223282,-0.06752961856268706,0.9989427328109749,0.1851294530289515,0.5815070356641501,-0.06284236446732572,0.9983363208316629,0.18475361239342475,0.5810301616078335,-0.06285831527340985,0.998200958683378,0.18427357006640677,0.5805177489916488,-0.06286979679550447,0.998803104673114,0.18443411304837196,0.5814010330608916,-0.07926239321629212,0.9987653011367442,0.1836026218675433,0.5809014439582829,-0.07928210887170979,0.9985483260381797,0.18264876944678182,0.580385023639316,-0.07931754596176607,0.9989123401187723,0.17763728754861027,0.5793549049468272,-0.03265581359820709,0.9963338602156874,0.17657422948451282,0.579663333438692,-0.10629640697013773,0.9982474304380878,0.18142668760958186,0.5983087761061536,-0.05395048484206204,0.9978620523498178,0.18055831392606114,0.5979184990837465,-0.07524399956067408,0.9989496696563,0.1636742317960377,0.6188533107439682,0.024139358795114946,0.9990239852950694,0.1590318743671691,0.6237165956270132,-0.13228939899376468,0.999912171136766,0.15969996509097883,0.6734996466409597,0.055171469669966514,0.10694421011777158,0.14327135824021847,0.6856394041152232,-0.1416657900526411,0.9881342677843011,0.1727513997327715,0.7004317925089887,0.02762277371117049,0.34750694320315434,0.16696413570926316,0.7250229829833625,-0.12333315043222345,0.9674105700992409,0.1793511949834371,0.7209279253369291,0.02589779790668262,0.38588937265532386,0.17369115139756897,0.740328450997671,-0.1362133366721018,0.9513724332764043,0.18287408422856116,0.7193493843078618,0.013234111835204428,0.40415318665050354,0.1774094587280638,0.7334768828891578,-0.13423202151343946,0.9461649230548321,0.17937014500300102,0.7088638998213274,0.020505893620706754,0.3918369142782123,0.1748375984884445,0.7285377950895405,-0.12150797354323532,0.9116348397164123,0.14395920506545484,0.7202708096731283,0.050051205392394785,0.995645415215266,0.1391210648275558,0.7243442762465709,-0.05007875391415191,0.9973975278082355,0.15035668228353782,0.8030414127168207,0.07444091708887196,0.2632009188334149,0.1510296946480162,0.8090556377456308,-0.030591651619899865,0.9720439456758052,0.14162705909638187,0.8865276518322179,0.1138755462708928,0.47699441938173237,0.14170873519920177,0.9010077062107273,0.005770980696459971,0.9731544256210334,0.13665964631807248,0.9003608255159294,0.11553259548686809,0.5070539939971201,0.1365428354058948,0.9150094645363951,0.0073612517879242025,0.9490939321972083,0.16169305074782608,0.9025766934667321,0.09314320768628809,0.6712712929362348,0.1642982065677644,0.9167531842277171,-0.027097364444108252,0.9635276680900944
11,183.3,0.18513951060317826,0.5895859457197647,-0.06399790676576755,0.9988709688186653,0.18493314300264646,0.5802559256553654,-0.0592248445110662,0.9982803832916993,0.18456212395713456,0.5798341858954661,-0.059238755986804094,0.998136296158746,0.18409287219955822,0.5793758857817881,-0.059245015716268945,0.9987554465021413,0.18421644043354773,0.5801141574269253,-0.07551315710658124,0.9987003150440404,0.1833784360261192,0.579648437954131,-0.07553706140745259,0.9984705192702165,0.1824176261822384,0.5791640565508892,-0.07557564689999541,0.9988530363355371,0.17745587868349905,0.5784577329953515,-0.029061536792488345,0.9961800035976236,0.17638371104285844,0.5786939291726979,-0.10209752690224427,0.9982273465111149,0.18135673020567225,0.5971581254686633,-0.05059735831760229,0.9978269764355258,0.18047990259670088,0.5967586324328473,-0.07168732264212205,0.9989445635250643,0.16362569445655473,0.6188187116668342,0.02673323869350413,0.9989765655426759,0.15904230447042567,0.623346865177155,-0.12951103704316286,0.9999107349486585,0.15874576497645615,0.673717115606581,0.056428608617612334,0.10119701318797619,0.1433372206631162,0.68544028770356,-0.1367065225328719,0.9874296216737664,0.1717507817915509,0.7012002411342808,0.027419076877690518,0.32489047447840397,0.167693119673502,0.7237634006000706,-0.11556291189931696,0.9648360212643948,0.1782159996884211,0.722138643264771,0.0253485270021927,0.3625711202621463,0.17471521099408482,0.738630442392259,-0.12756822400149853,0.9481738152958105,0.18156273592086078,0.7202294355347048,0.013022371656483137,0.37982135727292043,0.17835524181524925,0.7316319885708042,-0.12581836716050204,0.9426966905593879,0.17849682271480571,0.7123870963142037,0.02035341571484295,0.3689585682891667,0.1756397230284556,0.7268717005139311,-0.11372421433528274,0.9068610838481365,0.14439980685710918,0.7204597932951796,0.050125251391104325,0.9954797966139665,0.13987292775086002,0.7242937825974969,-0.05015298741913981,0.9972391100156882,0.15048629542191833,0.8033313041641604,0.07013874075242456,0.2526267688898815,0.15122570665109736,0.8090624468667171,-0.031647137144491806,0.9681041609673281,0.14177346158595322,0.8873218099276231,0.10527284478857411,0.4662249230203178,0.14186171832538796,0.9010517341750015,0.004244262937434198,0.9696143524987364,0.13681626532758995,0.9018349902970457,0.10637235570521589,0.5003054141998294,0.13667425158477975,0.9149436808767779,0.005670755477868153,0.9441475839841941,0.1619510984136946,0.9025116506077,0.08329279188598912,0.6614335434777401,0.16435720381282637,0.916593755994525,-0.0307366978377104,0.9597740826152628
12,200.0,0.18501842660563345,0.5885564770017355,-0.060968911541359805,0.998804029964266,0.18469435118493593,0.5792586689903626,-0.05623054415697147,0.9982380299341118,0.18432557299023597,0.5788684913090302,-0.05624419326583549,0.9980905027616599,0.1838617488032297,0.5784423663502651,-0.05624923500276752,0.998719274997712,0.18395420270306734,0.5791105684779944,-0.07225294411182409,0.9986411333084114,0.18310484290122997,0.5786720599446982,-0.07227990882737301,0.9984010798590531,0.1821339073635284,0.5782102914083576,-0.07231982158763073,0.998798534983681,0.17719990582693204,0.5777484433991573,-0.026423200255348587,0.9960654775301623,0.17612626651922875,0.577923192864373,-0.09827207773923882,0.9982116449446912,0.18127995374656872,0.596217791239421,-0.047814812156416156,0.997794775735765,0.18039224899950496,0.595791856447856,-0.06854045284645903,0.9989364601316914,0.16357712873390756,0.6188643688247322,0.028489298231544967,0.998926554407393,0.15908951844487884,0.6229884510948549,-0.12642600529250653,0.999908523900169,0.1574093160175143,0.6741583886600682,0.05643465068368689,0.09559716071401331,0.14340446818442582,0.6851427725383219,-0.13160828323591334,0.9865756148383739,0.17097903930005587,0.702063625767118,0.026337740676743663,0.3018859965460643,0.16834979610783726,0.7223633896736876,-0.10976485872552516,0.9618154281661631,0.17726486708436706,0.7234441155479073,0.024107029306746686,0.3386493240083969,0.17574015472616483,0.7369347186315632,-0.12133707531860904,0.9443756228401554,0.18047500862961738,0.7217773057165605,0.011950906587853328,0.3548589433942525,0.179251246509098,0.7299316582225623,-0.11951033451727468,0.9385826899891816,0.1777706976447788,0.7149020632108058,0.019281274683418743,0.3454909438178655,0.1764636387427649,0.7250874212809977,-0.10787960319291985,0.901055827027276,0.1446240693330766,0.7206927083787469,0.0501254937123685,0.9953095543952222,0.1404592281296141,0.7242776694751927,-0.05015253577203982,0.9970832069714871,0.1506410517862866,0.8036304002716435,0.0666073844546364,0.2435992821341471,0.1514876229422434,0.8090452523458578,-0.03296688234522231,0.9647346990449094,0.14195066051823763,0.8880733790851781,0.09914444599832814,0.45873472662199144,0.142097715111006,0.901116555645353,-0.0006466058631693686,0.9666700079327546,0.1370285423029038,0.9031874679383785,0.09998607422624323,0.4957386113348465,0.13689147858392633,0.9148940614291607,0.00025677371550478873,0.939744929472606,0.1621870355946678,0.902728960627602,0.07748334003346313,0.6544078361420409,0.16443103409948814,0.9165263573328661,-0.034856479260183544,0.9567325938315625
13,216.7,0.1849055410850617,0.5876396525473826,-0.05876686264361658,0.9987696352459143,0.1844425556205569,0.5784029449735373,-0.05405500265104435,0.9982369825953537,0.18407451325938828,0.5780394134067358,-0.05406900850080312,0.9980889360109972,0.18361555749461778,0.5776386516434809,-0.054075908093225426,0.9987143192972463,0.18368659062044976,0.5782555937767033,-0.0699711523595311,0.9986137974829908,0.18282895641667513,0.5778495130084813,-0.0699972719663666,0.9983669178826475,0.18185004946731398,0.5774168996583853,-0.07003569177218852,0.9987697260720396,0.17693557129019796,0.577170414584024,-0.0245823549727599,0.9960498298917505,0.1758568421715783,0.5772793179466615,-0.09601349419071567,0.9982242130097896,0.1812112459114621,0.5953918042637057,-0.04576352699881511,0.9978073267709648,0.18031576204867605,0.594930577845801,-0.06635318731977831,0.9989425681886226,0.1633752776043757,0.618891991320111,0.029790401990924587,0.9989059255236679,0.1591548841624034,0.6226951025781182,-0.12435384130194083,0.999907056490581,0.15570696265924555,0.674718300501506,0.057188382993141856,0.09061778727031897,0.14346591773487283,0.6848654009047014,-0.12860840275174107,0.9855901740846187,0.17028132861568826,0.7029616123154055,0.027091745553272133,0.2821010308606286,0.16903097643738713,0.7210824858574645,-0.10654183902910785,0.957960466543834,0.17633161800248295,0.7233810935701648,0.02478044338169554,0.3182357436134704,0.17671305792672307,0.7355495407467803,-0.11797583670843223,0.9397725349380863,0.17953445868832738,0.7224198295956572,0.012649300286457662,0.3335417878060116,0.18009993008204883,0.7287199894587204,-0.1159486114269212,0.9336069368180782,0.1770606367360979,0.7160593924068275,0.020039604533286338,0.32533185396875675,0.17737342772029707,0.7237638802755453,-0.10458490110578998,0.8942276409694133,0.14468375274113257,0.7209712919734779,0.05019940400407431,0.9952128926912951,0.14125607836814164,0.7243989620889941,-0.050224704047044155,0.9969826113610047,0.15078696750459228,0.8039194118408937,0.06612379316772737,0.23605131109555577,0.1517917811870576,0.8090352586337504,-0.03334945138721242,0.962093855653491,0.14210712412993123,0.8884541761307496,0.1004408083501317,0.45364478798139696,0.14233343799908965,0.9011756522314895,-0.0012795468376550303,0.9644200205802924,0.13724782424313692,0.9039547670455212,0.1015997067803429,0.4934368048395433,0.13711141049861916,0.9148166860852929,-0.0004649951765930474,0.9363639496621637,0.16234060128529879,0.9030724763870246,0.08029993588016152,0.6497979646637331,0.16453958905878535,0.9165406227111823,-0.03446834915805433,0.9544651167733336
14,233.3,0.1848258028427761,0.5867051624116448,-0.05788370115416394,0.998732867695037,0.18420999319780454,0.5774711625916622,-0.053171294430891705,0.9982296710922611,0.1838301647277107,0.5771141790208367,-0.053187330741257935,0.9980838838077734,0.18336172969568357,0.5767212055978325,-0.05319918621154063,0.9987062982150494,0.1834592890171779,0.5773559127535144,-0.06910355601991931,0.9985823460987643,0.182599934084075,0.5769851888929098,-0.06912533584095187,0.9983295684769047,0.1816206113213586,0.5765951815105623,-0.069159851542541,0.9987376445815683,0.17661642105806455,0.5765752650442582,-0.02396751727376667,0.996030095077697,0.17557953298091902,0.5766940230414985,-0.09550471284559801,0.9982278403781717,0.18116797719682978,0.5946006831668675,-0.04491611570119861,0.9978055301166724,0.1802709450324378,0.5941459366253449,-0.06554900393599561,0.998943161396754,0.16311479750133706,0.6188727844329112,0.030429685222251097,0.9988863666852322,0.15926383648599907,0.622611054352352,-0.1233057901263238,0.9999051576568974,0.15433220636276984,0.6751014959244506,0.056678508718808536,0.08589750670251398,0.14353801664851973,0.6846640677679157,-0.12824992977437527,0.9846055677958905,0.16949171395528895,0.7035356504576552,0.026784006062717684,0.26363862199442745,0.16991543415046886,0.7199824764615019,-0.1082455359754109,0.9539002350398479,0.17551246711186014,0.722914874553681,0.024442771360987728,0.2991479734579724,0.1776554939292727,0.7343424728938517,-0.12011658258381352,0.9349908828735358,0.17880258957544976,0.7218692841983982,0.01234095064657076,0.3135617091542201,0.18096509717759646,0.7276316427049188,-0.11768133973791493,0.9284368838582726,0.17643275998887575,0.7152650271143237,0.01974825623134773,0.306349548555556,0.17826017524514892,0.7226126279149743,-0.10620956300269999,0.8870265540622536,0.14475049149422428,0.7211749582063589,0.050337667266527844,0.9951740758759642,0.14195630522001368,0.7244853831472855,-0.05036102128880368,0.9969214484805159,0.15093790136632476,0.8040472836721517,0.067407305041949,0.23071189934299122,0.15215893231687103,0.8090159836269566,-0.032800557890108675,0.9603703135535837,0.14225311293488468,0.8885333254223785,0.10499835688443418,0.45203605152311815,0.14257140812419722,0.9012077848116563,0.0005043965592492551,0.9629356378600717,0.1375010425136204,0.903845784210024,0.10654197846140187,0.493190842015403,0.13734256156853275,0.9147085831278853,0.0014557318248816533,0.9337912712778371,0.16243009907858724,0.903312129633768,0.08552281487555738,0.6483942241895772,0.1646933995542073,0.9164973582540247,-0.03218788121427811,0.9530077150889812
15,250.0,0.1847913116216661,0.5857920760200142,-0.058189860766842294,0.9987048733802076,0.1840172750609263,0.5765195460546588,-0.05339883800063818,0.9982278460548045,0.18361677868025655,0.5761554014115111,-0.053415836677664835,0.998085762773242,0.1831296732028327,0.5757597940308712,-0.05342889293318707,0.9987019527526135,0.18330404162406932,0.5764485767909463,-0.06948843066181459,0.9985586745398393,0.18245659910497225,0.5761045416196191,-0.06950868772608898,0.9983032516070782,0.18149017152332136,0.575750657490322,-0.06954208087353483,0.998712775253115,0.17634613599096038,0.5759476338114061,-0.02399069931180706,0.9960182706515002,0.17538085225082592,0.5761223066420786,-0.09619906686601191,0.9982351320130491,0.18117338206086853,0.593790071351188,-0.04509296605274794,0.9978094214484813,0.1802810444718317,0.5933634809085305,-0.06594095024324603,0.9989463942391539,0.16289945869218747,0.6188689498674307,0.030771782621741316,0.9988683149928146,0.1594094265074958,0.6224414535931183,-0.12380769813344603,0.9999036079361333,0.15383507453259976,0.675355230058943,0.056739553809165996,0.08149337484723052,0.14359638733523244,0.6844263729595008,-0.12995647461641413,0.9837186137835192,0.16919897638616122,0.7039524118105576,0.026740781341989855,0.24706141508760923,0.1707936560823805,0.7189364461671743,-0.11103789330947975,0.950230606964657,0.17553901530447474,0.7227395489102324,0.02438842336691563,0.28207183735711255,0.1784559119315376,0.7328654187066219,-0.12338269218092882,0.9306831672078094,0.17891352375348424,0.7216678488822216,0.012119465507566938,0.29570185712405633,0.1818063720351175,0.7262824575106308,-0.12080400614511408,0.9237319600014466,0.17656948594819943,0.7144269120125548,0.019634261195148755,0.2893007000287376,0.17907106805415393,0.7214350700378424,-0.10900310852697925,0.8802759335154585,0.14482400176070997,0.7213769640241355,0.05055931866878559,0.9951784412066149,0.1427431581985384,0.7245830638068067,-0.05058046802878384,0.9969117272467847,0.15106181090786353,0.8041513533819296,0.07021877772751313,0.22729379364422406,0.15250284118311758,0.8089943868773329,-0.031544607487462836,0.959966582911356,0.14239450153850386,0.8886107603708909,0.11200559919788731,0.45459771440142716,0.14275458100296212,0.9011885467029761,0.003487602472194429,0.9628620119321921,0.13769585036096127,0.9036023588407613,0.11396615171716334,0.49664178632554595,0.1375417709350587,0.9145868562516719,0.0045527517600671055,0.9329920922006886,0.16251216474033547,0.9033995384261728,0.09281526257594433,0.6516635048957102,0.1648405627125787,0.9164448806217745,-0.02980137234997184,0.9530952345757264
16,266.7,0.18473228883175635,0.5848886200359893,-0.05745711319503334,0.9986932192529958,0.18378693220161268,0.5756048702058342,-0.05257931280703776,0.9982420944032222,0.1833731510809491,0.5752443273862207,-0.05259568687705771,0.9981041210038328,0.1828746291853134,0.5748555433182494,-0.052606850330318755,0.9987083304496046,0.18310363094011955,0.5755586113248556,-0.06874418294145952,0.998552654470717,0.18226749130657754,0.5752388636271163,-0.06876469190631598,0.9982991502398544,0.1813112099965415,0.5749202540942605,-0.06879799493721558,0.9987070248240524,0.1761060804128648,0.575331861064548,-0.023023361961046873,0.9960267032895777,0.17515273746990034,0.575588478928521,-0.09554367831775126,0.9982597458930249,0.18116905433791036,0.5929303453082134,-0.04430588583151503,0.9978254919960392,0.18027691472144367,0.5925462359473823,-0.06524702551819034,0.9989584684371955,0.16271753538222553,0.6188110113143925,0.032025568453328976,0.9988487419627969,0.15954876584666128,0.6222087258384346,-0.12356930297045489,0.9999034064156676,0.15334875243050722,0.6754444724037538,0.0575417732553823,0.07710912681761248,0.1436660680032913,0.6842162268502376,-0.13079214450858898,0.9830623467763273,0.16855527247701385,0.7042812563124162,0.026741925360901034,0.23103318469864997,0.17145909581865598,0.7177671761739827,-0.11013608319418779,0.9471126227151787,0.1748898994354976,0.7224408246222002,0.024184330588295364,0.2654870322772437,0.17896554370721193,0.7311430062566491,-0.12225212511562175,0.9269768453779681,0.17822234829266878,0.7212893111365188,0.012077120310139097,0.2783171648070928,0.1824167051485608,0.7246100022679289,-0.11988556455998202,0.9196802462850304,0.17606864727678767,0.7142743496667776,0.01965667591208505,0.2726490937528158,0.17960391796770564,0.719985927854266,-0.10809786050092615,0.8744234925224674,0.14480692999703554,0.721517750195095,0.05079743709592596,0.9951996519452057,0.1434496974661238,0.7246636350949611,-0.05081664132220408,0.996941697029841,0.1511303981145224,0.8042194616226929,0.07228450973828639,0.2253725926081341,0.15286676443758473,0.8089758640243899,-0.03193217551424392,0.9602661984307432,0.14256904025872558,0.8885375601904739,0.1157541526924997,0.45901142983209553,0.14292349063214813,0.9011865797496984,0.002298019407871403,0.9632168639273878,0.1378817196403232,0.9032655159632372,0.11774545517705745,0.5009204574993682,0.13770685025623877,0.9145297862234576,0.0031798105377501586,0.9326795509883343,0.1625907782997405,0.9032232477551422,0.09593755503495542,0.6563957361947927,0.1650411245368777,0.916398465633393,-0.03266602683634988,0.9536641609101075
17,283.3,0.18467358393328542,0.5839978967394152,-0.057639792029346784,0.9986782953852706,0.1835761999800093,0.5747678223110384,-0.05271508810775624,0.9982488495962968,0.1831536065964473,0.5744196403594248,-0.05273118384537247,0.9981134420349491,0.18264606240249825,0.5740470744314652,-0.05274097248911862,0.9987075981639688,0.18291040474460252,0.5747531397002088,-0.06891555551971712,0.9985444716044842,0.18208202222983055,0.574469333603269,-0.06893657821984522,0.9982934111640575,0.18113209236235855,0.5741944426581977,-0.06896974536634631,0.9987008145877301,0.1758996297915778,0.574851927303133,-0.023007803108720568,0.9960113848958703,0.17493756044478656,0.5751886509713677,-0.09562727312246966,0.9982837977863501,0.1811730769418536,0.5920912538255969,-0.04440795009334885,0.9978345973151078,0.18028327609811523,0.5917503890537085,-0.06539126769417813,0.998969923882258,0.1626542444740024,0.6187588288670499,0.03240409812756949,0.9988308804375792,0.15964319166683028,0.6220378790582934,-0.12360645688715445,0.9999034944034766,0.15355853665442704,0.6753832641102024,0.05685498973443399,0.07326311156863263,0.14374744182541266,0.6841173086847583,-0.13144591876438694,0.9826559566316158,0.16874945021811,0.7043371711458484,0.024858598464301676,0.21690791064784656,0.17202473893052067,0.7165863031432748,-0.10894700494550531,0.9450603496460694,0.17496267528761011,0.7216831530843467,0.02190389111638071,0.25102087358633696,0.1796220945460457,0.7293294668197636,-0.12077096317495628,0.9245194367000042,0.17823661296140592,0.7203419719423572,0.009949479895156061,0.26317006917226904,0.1828946811812266,0.7226586199942096,-0.11874156090475273,0.9170205593109138,0.17605173729714907,0.7133556774684366,0.017780721498032424,0.25817183014892414,0.1799774162826085,0.7182686215355287,-0.10694358959084474,0.8704986515499302,0.14507708237284717,0.7215745704514644,0.050924437031859476,0.9951867659886686,0.14391344076111215,0.7247199529693246,-0.05094283411190627,0.9969632852645155,0.1512689122131894,0.8042207303501316,0.07463859518369045,0.2243868155138835,0.15319178998470317,0.8089988231658942,-0.0328404112231164,0.9604143926075533,0.14280171053750185,0.8882251836004718,0.11926947392168508,0.46323375049091553,0.14301678112574998,0.9011822399638955,-0.0007058171987799666,0.9632667530150648,0.13804295091401972,0.9028463363647468,0.12126939318009794,0.5044653188614622,0.13778239133812142,0.9144919230824431,-8.735422549458849e-05,0.9319973815055127,0.16270306564512718,0.9027344442549212,0.09885949818860924,0.6604369793619433,0.16525450561727809,0.9163724042120441,-0.03685252466017294,0.9538633965310602
18,300.0,0.18462378141425917,0.5830339023045135,-0.058822447345370385,0.9986641407012946,0.18339075290021456,0.5739407738049829,-0.05395073142080084,0.998251846858434,0.18296299590950935,0.5736076860200795,-0.0539678384860357,0.9981160305795223,0.18244542465323507,0.5732492662611466,-0.0539784356951714,0.9987013481912166,0.18272549410661074,0.5739509690375559,-0.07006548522483741,0.9985378640038634,0.18189224387918212,0.5736948024658934,-0.07008642029194609,0.9982886371158426,0.18093640818482368,0.5734517148562844,-0.07011913259824124,0.998697981947945,0.175710847689992,0.5744080032621115,-0.024199577758000027,0.9959766098431184,0.17470797967343116,0.5748058046613425,-0.0964123929540317,0.9983123881476272,0.1811868094262624,0.5912472747621087,-0.04553022980690005,0.9978434585389644,0.18029787497861055,0.5909313133784708,-0.06640261766456426,0.9989863066446221,0.1627754845789502,0.6186630697477435,0.03163303310672444,0.9988145686331256,0.159677511169797,0.6218399632544749,-0.12381206985030865,0.9999040989648735,0.15405554076035827,0.6751621081715543,0.055831687968401725,0.0698855157409396,0.14381320490723576,0.6840112464768551,-0.1319291584548497,0.9824358480317259,0.16903169736975726,0.7040112983612792,0.022348706654849525,0.20439320305983238,0.1722611650114969,0.7151862496421455,-0.10837468221074067,0.9440499572526848,0.17547518298739492,0.720525823888325,0.01884852030447553,0.23828877082892844,0.18003416061401378,0.7276718446186616,-0.12004682563600094,0.9232396284739183,0.1786777781588692,0.718932620116643,0.0069933477678291904,0.24985253385135126,0.1831362815130326,0.7208436216626855,-0.11832114096198772,0.9156650758924946,0.17617456402097442,0.710720354602451,0.015236583183563902,0.24550405286607305,0.18008607555003409,0.7164000215984531,-0.10640683415390204,0.8683793402853472,0.14560273573512134,0.7215636287416736,0.05095787310884116,0.9951650216465912,0.1439728147926786,0.7247206511951634,-0.05097696025456705,0.9969821061406824,0.1514636455547243,0.8040698795091545,0.07676909118890768,0.2236607465006058,0.15347327362923407,0.8089438648450948,-0.03403285252196451,0.9602852577254892,0.14306533549513145,0.887862526235127,0.12214861136107227,0.466534332150505,0.14311496203853982,0.9011785189310716,-0.004434451549535709,0.962750625042689,0.1382750819126766,0.902463024570829,0.12422377296856481,0.5068532313619345,0.13787874437513814,0.9144787504559477,-0.003980712118347933,0.9304380246571139,0.1628390777678718,0.9022041474069874,0.10152659884520945,0.6632733032816938,0.1655356784661612,0.9163606024923785,-0.041243744038400226,0.9534107418287375
19,316.7,0.18459513854412818,0.5820295612017318,-0.05903752006235581,0.9986497617903218,0.18325540920098637,0.5730869798433217,-0.05415514608224237,0.9982592179661712,0.18283076087633782,0.5727891127268477,-0.054172372356766786,0.99812210173834,0.18231386442979192,0.572462916374207,-0.054183205500954706,0.9986990406399688,0.18257734179496776,0.5731128965105333,-0.07018295285247626,0.9985331949733559,0.1817334145307542,0.5729005592209957,-0.07020440839585809,0.998282730579377,0.1807643444765183,0.5726984256789802,-0.07023735592762634,0.9986962250300824,0.17560620960735152,0.5739950793130062,-0.02431071523044792,0.9959724091348201,0.17451882717155287,0.5744301336152217,-0.0961446758537066,0.9983459086645224,0.1812067393745696,0.5904507608640766,-0.045718039962507465,0.9978615130696986,0.18031566767465515,0.5901556242079966,-0.06646891186634704,0.9990046421686816,0.16289145322073084,0.6185786326726281,0.031669536516779964,0.9988000733511795,0.1597292082650322,0.6216638315291636,-0.12339816881077639,0.9999039825939005,0.15412050272737243,0.6749767632711505,0.055223820287556916,0.06676117667839646,0.14386635238216047,0.6838850577672327,-0.13138259876342057,0.9820275590533308,0.1692843231416885,0.7034442680222652,0.02103108043471974,0.19283016026020064,0.17235015119825103,0.7137882425671537,-0.10598574685198928,0.9423924741290871,0.17575773951553175,0.71890367780413,0.01721218139642762,0.2265162851129261,0.18023905938579937,0.7264081807363606,-0.11742895202977324,0.9212040418670298,0.17891976804960352,0.7169441098258614,0.005386830994948039,0.23752842346827208,0.18324769749527897,0.7192854171707522,-0.11577120636190695,0.9134876188777747,0.17610138938540515,0.7084709746497023,0.013886126068731158,0.23377440727892393,0.18011360509055013,0.7147066706702828,-0.10399724294741956,0.8653860773359032,0.1462060355004811,0.7215365001133516,0.050986013419571416,0.9951155015400486,0.1440741008236296,0.7247009305726919,-0.051005236804485356,0.9969590618496856,0.15169151482127974,0.8039932052294418,0.07744101647819797,0.2225506050246104,0.15364700839633044,0.8090200424194341,-0.0343367336761384,0.9594144877933327,0.14327217780408413,0.8875853362537572,0.12231141399769566,0.4673940851574856,0.14317425943556297,0.90118880498977,-0.004229207467731269,0.9614970456986207,0.13844107588132232,0.9022439122200019,0.12437312163057791,0.5076104657990596,0.1379644608213789,0.9144927092960909,-0.0035554514671232405,0.9279845725922364,0.16291017049834855,0.9017801171257389,0.10172541333096374,0.6636903513045542,0.1658074784846534,0.916371893315089,-0.041438132701885164,0.9521130238260549
20,333.3,0.18459675283659085,0.5812663123721172,-0.05888770272334421,0.9986069315955759,0.1831665968611128,0.5723159171286087,-0.05400379427841735,0.9982361083938969,0.1827353324208942,0.5720403904006599,-0.05402095970653356,0.9980972380865194,0.1822106745981036,0.5717400511105859,-0.05403143646461627,0.9986738676116587,0.1824907766921181,0.572368150665647,-0.06997248991614301,0.9984979203769146,0.18163795982088374,0.5721916073844551,-0.06999516770953229,0.998240306263879,0.18065994197414048,0.572023539316087,-0.07002946557033635,0.9986671067419514,0.17548939869517383,0.5736355270658224,-0.024167950486853024,0.9959249808674774,0.1743745009104412,0.5740773365611126,-0.09573611865441012,0.9983533904666,0.1812339347033275,0.589823492935726,-0.04559104357446946,0.9978483035450897,0.1803478790181025,0.589561311971574,-0.0662520595249676,0.9990077926999055,0.16301611420654127,0.6184792859213697,0.03181998804211619,0.9987726580528993,0.15981440458978935,0.6214882362456553,-0.1229098971400943,0.9999026060104377,0.1537637511889141,0.6748690321331938,0.05410565701978551,0.06366026632132989,0.14390313838209434,0.6837092950230559,-0.13028323721318028,0.9813949437368491,0.1692706999324618,0.7027311665671218,0.02007606723124074,0.18172590292635432,0.1725592769327619,0.7123287745884492,-0.10419041592450376,0.9401779345103679,0.1758200029532116,0.7173130058106927,0.016170514037921326,0.21519150620415112,0.18039566562289294,0.72517265308471,-0.11563920478026081,0.9185453142438623,0.17894266829604205,0.7149526079495753,0.0042762595251025215,0.22565559120405304,0.18343041269552152,0.7177256828262697,-0.11376641832646878,0.9106341515268606,0.17592227955659245,0.706565161546072,0.01290688118232149,0.22243157525857304,0.18021022634846834,0.712922402790615,-0.10214461244287952,0.8615865906079616,0.14680270424910963,0.7215985769317269,0.050960591506390374,0.995034907545363,0.14422102911131734,0.7247310990378976,-0.050978248318036434,0.9969077677953818,0.152028378276598,0.8039323857852396,0.0780266030203729,0.2224588947636742,0.1538662782737188,0.8091954986254379,-0.033341595903039006,0.958396942842575,0.14351963642097665,0.8874284369604934,0.12270814393247885,0.468382686376572,0.14325823031720672,0.9012072852679668,-0.00046318957936905715,0.9601108573731929,0.13868067732879102,0.9020393093427028,0.12474424498421816,0.508764153435117,0.13806607609703436,0.9145390221050814,0.0006097630317699877,0.9254432916641242,0.1630079760437921,0.9015176949046912,0.10174164175987252,0.6640493557566693,0.16605266219093698,0.9163996321814407,-0.03769292513884252,0.9506414362362459
21,350.0,0.18459383008025954,0.5806603999364948,-0.05687594325059941,0.9985556205113737,0.18308853109677647,0.571697592735291,-0.05192396701091816,0.9981995650700168,0.18264796691281468,0.5714387240863985,-0.05194046437030751,0.9980589548746752,0.1821147536947615,0.5711577307610289,-0.051949930155561125,0.9986395239830024,0.18242682800406515,0.571762207008544,-0.06791096251635328,0.9984491382326406,0.18157034970465175,0.5716089804967248,-0.06793338202294855,0.9981826487041663,0.1805909417924428,0.5714633209364759,-0.06796909780019811,0.9986250457309549,0.1753777386177155,0.5732669858705434,-0.022110654307263257,0.9958609910238363,0.17426588350818284,0.5736875704356607,-0.09372208444845115,0.998344730763209,0.18125656672886453,0.58923066513879,-0.043604230951695244,0.9978231361934125,0.1803759960901171,0.5889838848795214,-0.06427920787107382,0.9990013270151055,0.16307821373144799,0.6182580675397604,0.03373659419871514,0.9987398300852102,0.15997392932573967,0.6209380371229993,-0.1216313817671368,0.9999010335831422,0.1529115147533872,0.674967317354112,0.05496761805954437,0.06066078710414119,0.14392410999252692,0.683390637238821,-0.1291922472772145,0.980821058863686,0.16923902644997563,0.7019833241190234,0.02146477207896257,0.17170137308892763,0.1728270117725646,0.7109020551045742,-0.10366027270044606,0.9382177421024874,0.17583937020528895,0.7158615872973493,0.01760214851016091,0.2049991538127265,0.18049480659621114,0.7239045898119614,-0.11537664170776102,0.9161740626607628,0.17902692655722313,0.7131966920126057,0.005743369260536776,0.21496100368953902,0.18363177847294593,0.7164738575617478,-0.1131133334267708,0.9080551862716681,0.17596587325845459,0.7045423530396966,0.014294993176701533,0.2121287094695229,0.18040301402409886,0.7114396691322331,-0.10151961800597971,0.8580840371903926,0.14720547341165097,0.7217153395925255,0.050949508412962904,0.9949435847146177,0.1445586241426923,0.7247595304534554,-0.050964376046544066,0.9968515776452571,0.1523517341840836,0.8038783300490613,0.07845487729424527,0.22346974270684394,0.15404683422474647,0.8093878115926476,-0.03141543969866778,0.9576932418914075,0.14379388661611658,0.8874182786260338,0.12323632339636494,0.47030990322430966,0.1433459846746355,0.9012074811117996,0.005183718189419739,0.9591795177686788,0.13892524866830744,0.9019421055203398,0.1252764161853564,0.5115596339816142,0.13815562498001835,0.9145342367036009,0.006656571344051161,0.9237536787986762,0.16316705516406482,0.901490075247629,0.10232253479106093,0.6653835631552202,0.1661745111147564,0.9163394967714953,-0.03180955456835885,0.9496713337444131
22,366.7,0.1845704480296091,0.5802741760299324,-0.05414131035407388,0.9985074855032429,0.18298242560454792,0.5712133390562879,-0.0490743397247224,0.9981645374071038,0.1825346634501504,0.5709611262593954,-0.049089697854859525,0.9980228883879532,0.18199767669041964,0.5706911569549928,-0.0490978752218542,0.9986060176576894,0.18232938576312308,0.5712789268720722,-0.065160885630619,0.9984015169597815,0.18147009540171866,0.5711380810964679,-0.06518242809744113,0.9981274633180535,0.18049128495511568,0.5710116596448993,-0.06521936683427725,0.9985825022061673,0.1752544740835827,0.5729126476106194,-0.019151996776816404,0.9958002851122908,0.17413838846342916,0.5733310353188291,-0.09117667660826737,0.9983348846435554,0.1812672160920644,0.5888257679485143,-0.04083388192313061,0.9977988260132934,0.1803899215800423,0.5885682077634906,-0.061636699274891946,0.9989921791212907,0.16307394135565995,0.6179560337747851,0.03692013380073368,0.9987145520391926,0.1601654085375015,0.6202137810843336,-0.12008069384665725,0.9999007043384377,0.15194992862996612,0.6750904917716984,0.057966075837612194,0.057925128511020156,0.143907815927551,0.6829031677473164,-0.12804688016573598,0.980495677107857,0.16921661226522366,0.701165256046114,0.024725634249902925,0.16287503497941164,0.17304131317706348,0.7095727835382739,-0.10277687438896732,0.9370555026190629,0.17578678116911944,0.7143112392652607,0.020856992918111043,0.19604499921912255,0.18046909712609804,0.7223371153786073,-0.1145246922969819,0.9147761038371502,0.17903485468455735,0.7114109595616664,0.00926745149661743,0.20555242967037943,0.1837421449876968,0.7151239571117225,-0.11202346072310501,0.9065252372196749,0.17617309732096548,0.7029439352807549,0.017601485718928646,0.20303270220756545,0.18051006893316918,0.7099869790531346,-0.10055728682449892,0.8559514482816066,0.14735563879921335,0.7219458335921882,0.05114302145583293,0.9948680883362186,0.1450730881520681,0.7248716382753286,-0.05115504757989024,0.9968315675145112,0.15259494242214033,0.803868364720118,0.08084567920083097,0.22531693109444223,0.15418319191251495,0.8095680361702335,-0.030091422033451876,0.9576191164198383,0.14414874499752417,0.8873874999227984,0.12698751865398328,0.47263193414324844,0.14347019082023993,0.901245296001435,0.008294403242568181,0.958820439520337,0.13920272602921452,0.901783534458706,0.129151836747215,0.5149351471946357,0.13825298561936344,0.9146427256720413,0.00986553982892518,0.9232232088134409,0.1633866443520502,0.9014966686566677,0.10683469438836696,0.6671404100599748,0.1662790221827372,0.9163152234894896,-0.028568370267748854,0.9493692630813243
23,383.3,0.184542565118699,0.5800737029030214,-0.05192937897074794,0.9984523512068256,0.18287796846457904,0.5709043570927216,-0.04676745902924314,0.9981127835455402,0.18242059364205326,0.5706469984281635,-0.04678239921728773,0.9979713786216017,0.181875995936848,0.5703761804671519,-0.04679027323921525,0.9985611013003765,0.18223930256707338,0.5710032326834547,-0.06303945166014495,0.9983406776473642,0.18138250069958836,0.5708853432110381,-0.06305944688972978,0.998058858371917,0.18040903409322115,0.5707888177462991,-0.06309653907304723,0.9985257812908725,0.17512585506552755,0.5727067873591473,-0.01672749939773765,0.9956964878808892,0.17403295778092898,0.5731643126124432,-0.08952442663056517,0.9983047303699318,0.18127488167512995,0.5885389163380581,-0.0385481505876496,0.9977546362649834,0.18040325882888986,0.5882711126690823,-0.059602354608830996,0.9989704234259476,0.16301490224543083,0.6176860900152302,0.03974850440309165,0.9986958276657838,0.16035033762454998,0.6195058169819063,-0.11913637604032254,0.9999009455953333,0.1513359049956005,0.6752769237472902,0.06125882782396821,0.055607485984052976,0.14400953409217662,0.6823853878747854,-0.12772108401571008,0.9803887634050286,0.1693973555451349,0.7004665136337285,0.027398844826079568,0.1558100339912234,0.17329333651633502,0.7085572310856416,-0.1032398687232109,0.9366369133903873,0.1757886792932239,0.7127605108987722,0.023351218906186893,0.18905200348013937,0.18072563055015758,0.7208457674298974,-0.11511908578021193,0.9143118262290961,0.1791596951938812,0.7096850247610188,0.012012484727338676,0.1982142322120214,0.18397287527720146,0.7138483070191888,-0.11243836617185964,0.9060094895816991,0.1764757356473379,0.7012776278314141,0.020270491639773066,0.19590379510607053,0.18073046349343813,0.7087449885550005,-0.10098473976055788,0.8550405104955043,0.14731008453028555,0.7221923016366509,0.051480272873526564,0.9948262345223207,0.1455884370065872,0.7250817531631111,-0.05148980340787346,0.9968491281781884,0.15278785356453498,0.8038658414568226,0.08446403770219718,0.22856656071685627,0.15430842410950443,0.8096836635044649,-0.029266947348202996,0.958386401335399,0.14456823964913695,0.887285885356722,0.13319830951236553,0.47719771663347915,0.143610688902083,0.901298383871715,0.009228050952688575,0.9593060527529041,0.13953744016942532,0.9013850490252184,0.135657293810731,0.5199804675011412,0.13832924976235353,0.9147857654662366,0.010691939340350003,0.9239951201847628,0.163780423856917,0.9013437032699592,0.11423636972904215,0.6708222797938761,0.16647988912605116,0.9162650221870066,-0.026881688584884027,0.9500056845801225
24,400.0,0.1845098904200964,0.5795856515566512,-0.04935441148423017,0.9984006314050591,0.18275900965645214,0.5704457532791869,-0.04409206552164899,0.9980559859957021,0.1822940785260429,0.5701825391678587,-0.04410715933356969,0.9979145101138531,0.18174305203415111,0.5699068251110263,-0.04411508497737706,0.9985125093233025,0.18213611841201796,0.5705656976926898,-0.06056111376909987,0.99827965384438,0.18128416155065824,0.5704610716728942,-0.06057905299322951,0.9979927738507596,0.18031806321371183,0.5703826944033309,-0.06061585832919398,0.9984703631628135,0.1750019398473559,0.5723582421030321,-0.013884612558675674,0.995571190402622,0.1739158005941483,0.5728557592346559,-0.0875181321586882,0.9982729100045711,0.18127706717877173,0.588015110719772,-0.035890199155325014,0.997709132376172,0.18040767312049877,0.5877416900226052,-0.05720796187718714,0.998947461446127,0.16297061741352092,0.6174255751428155,0.04297150458608358,0.9986789652279452,0.16052683336394186,0.6189075083959674,-0.11807149790582212,0.9999021944545571,0.15115080915746243,0.6753590192113609,0.06536202398794043,0.05349584864008998,0.14422675541469038,0.6819177326701942,-0.1274668297597341,0.980475306510926,0.169281541591599,0.6998751362164821,0.03046145414312683,0.1489677145367578,0.17351139443261293,0.7075327067148123,-0.10384915662663331,0.9366961859521419,0.17559058822336665,0.7116950239454003,0.026169522177605424,0.18212148050467186,0.1810576568047207,0.7194744660740813,-0.1157978159331141,0.9144213682129276,0.1789969127802623,0.7088679756437035,0.015107767966886372,0.1909265362081075,0.18416903913021102,0.7125922327949892,-0.11308179334515625,0.9061021265529456,0.17631655221893688,0.6996000182060973,0.02333987309109599,0.18888203657808772,0.1809432726530803,0.7075552401088538,-0.1015887693280266,0.8548777302106227,0.1473462815795627,0.7224696108273103,0.051914962984266774,0.994809494132088,0.14608833832400198,0.7253312809126724,-0.051921341390836845,0.9968906839688626,0.152958671961512,0.8038967847824102,0.08747933698552002,0.23080778476737812,0.15445499122142803,0.8096650441487636,-0.029241392566334654,0.9592812146459314,0.1449286618403027,0.8871392692838402,0.13803999409789142,0.480482889073236,0.14375453761645737,0.9013430476188666,0.008355611802211836,0.9597488102458779,0.13981658787954432,0.9010683950923746,0.14075164567856574,0.524002191566286,0.13841547000975846,0.9149564476240256,0.00970718521802199,0.9247317427680612,0.16425880789756786,0.9010867731911802,0.12022151549657195,0.6736437649953938,0.1668076969328382,0.9163362327076147,-0.027732339909388923,0.9506126415161866
25,416.7,0.18446336331821636,0.5791992431595216,-0.046862364347491976,0.998362342516582,0.1826426975783849,0.5700858547574001,-0.041551090776920346,0.9980112030392608,0.18217505727495478,0.5698201429276244,-0.041566541507130614,0.9978708851905103,0.18162343544619436,0.5695453115871979,-0.04157478433279767,0.9984750038101566,0.18202540633224318,0.570211802210127,-0.05812031811191927,0.9982329124496103,0.18117557040282672,0.5701145586513341,-0.058136497579869814,0.9979439321018407,0.18021378063020266,0.5700459906033112,-0.05817331480128429,0.998427799769811,0.17490461397738696,0.5720718247549879,-0.011325186295878326,0.9954775798888441,0.17380381765819747,0.5726100830804738,-0.08538132054465164,0.9982496017501475,0.18127116206146435,0.5876330875215081,-0.0333798732608557,0.9976748398372113,0.18039823075135564,0.5873464516230997,-0.05482932038250428,0.9989293246042168,0.16292809659526475,0.6172976720900767,0.045737618846552745,0.998663993108841,0.16073866543315718,0.6185678499085567,-0.11677847022102,0.999903409253984,0.1511881784314202,0.6753380923044119,0.06998227572157274,0.0519609426458677,0.14451671640078237,0.681600743816013,-0.1268556508279983,0.9807580397242599,0.16917502525306896,0.6992902500288832,0.03613655872288207,0.14332364854358504,0.17385444186982668,0.7066559053602678,-0.10405982179301133,0.9374983849979589,0.17560293773810082,0.7104264043626336,0.032329642080834955,0.1763939488501777,0.18176505537260157,0.7184811461539501,-0.11620114388920019,0.9153907213892262,0.17906793526240772,0.707005605811165,0.02099183272747768,0.1849158427545004,0.18466956345807953,0.711655403886523,-0.11331650437343696,0.90711244798842,0.1766357059989658,0.6985411019552327,0.028968139152441726,0.18315050715491898,0.18135765265850806,0.7067350234304162,-0.1017579975582305,0.8559803678875884,0.14739031522046964,0.7227026025454208,0.05228663395558089,0.9948066359474552,0.1464936328785761,0.7255818503243587,-0.052290655495155464,0.996918718020122,0.1531439402273724,0.8039304727599741,0.08811218823705408,0.23298796727543802,0.15459695245538452,0.8096666336059576,-0.029403775398220356,0.960037739503952,0.14518657468614135,0.8869936835198182,0.13839481629076467,0.4830069456781663,0.14385273484956662,0.901403793266842,0.007626745384186512,0.9601351987747926,0.14004974563916534,0.9008926011267169,0.14110916285287778,0.5273533293179107,0.138538311634745,0.9151650979405364,0.008921123287152683,0.925517224130177,0.1646430762041184,0.900862852732341,0.12094138420763478,0.6757897138595585,0.16707856740270355,0.9164574316569744,-0.028552304066362857,0.951198631808872
26,433.3,0.18443147483326153,0.5789104955536982,-0.045892373614368015,0.9983327530679256,0.18256201985336498,0.5697941950389321,-0.040601904016165535,0.9979702801931478,0.1820921088968006,0.5695244840213235,-0.04061848936336385,0.997835244451251,0.18153898914655064,0.569247580709912,-0.04062783629411745,0.9984438277426227,0.18195071390696949,0.5699243460382738,-0.0572308573339667,0.998186906178793,0.18110165070919776,0.5698262935593019,-0.057246253249191144,0.9978978747413279,0.18014178602468411,0.5697580036662877,-0.057282759497563084,0.9983827727181578,0.17483611121064152,0.571830204554967,-0.010370342437887484,0.9954113591284987,0.1737317740917207,0.572398077873957,-0.08468700093882431,0.9982201286724643,0.18127177797612704,0.5873038201105032,-0.032397951664669196,0.9976492694446025,0.18039802568299443,0.5870300588153662,-0.053932682034515234,0.9989106797036678,0.16291766294411264,0.6172980893225901,0.046760193471397704,0.9986567781085067,0.16094122898010993,0.6183912498610364,-0.11619252037434359,0.9999039684023183,0.15131939450899773,0.675480289118631,0.07293102819295162,0.05098729243590722,0.14497575518630812,0.681557607083094,-0.1269568410657702,0.9809536110787171,0.1699894922120232,0.6988924741745001,0.041119797066563685,0.13950641240392422,0.1745125736509052,0.7054737068357927,-0.10544129709402728,0.9383704633939841,0.1766328946465539,0.7091792424519863,0.03807493822560426,0.17270365996020193,0.18298612676915682,0.7170598705609644,-0.11812540321123041,0.9165337284406033,0.1802924970785778,0.7047627738543925,0.025988016454946444,0.1810945556277322,0.18569051438853867,0.7100634887104947,-0.11488407956702376,0.9083026732717249,0.17787139046759845,0.69773980265572,0.03381439298391345,0.17956555670215985,0.18227068086465215,0.7052995449020754,-0.10308434352988297,0.8572877248128261,0.14746610465503884,0.7230084339777634,0.05254448577761654,0.9948307587986907,0.1468237652665094,0.7258690425327852,-0.05254578271082473,0.9969506944928859,0.15349482922326962,0.8039449737185529,0.08930716379767378,0.23608284266222107,0.15484449906008596,0.8096813900130142,-0.029358192213944048,0.9609761124565495,0.14551160165241797,0.8868337103298739,0.14107971886793783,0.4875624335947495,0.14394966477439528,0.9014661964916055,0.007712382224521472,0.9608729680379239,0.14041472474734,0.9008114110855836,0.1440009070294245,0.5324991572470896,0.1386880051522029,0.9153158040273764,0.009022947844295281,0.9267674570991886,0.16513604990073621,0.900748939741226,0.12381502950475338,0.6796023817289447,0.16725814981119985,0.9167636632919318,-0.028404359572700114,0.9521533194042394
27,450.0,0.18438479801019048,0.5784795738401871,-0.04444097851713502,0.9983274823143377,0.18248171749569136,0.5694202780723576,-0.03911609362278669,0.9979520354952138,0.18201484495685227,0.5691624510855906,-0.03913324397234692,0.9978258070491617,0.18146530716192166,0.568895294552758,-0.03914365314301993,0.9984340610958289,0.181862404658681,0.569517504601252,-0.05582146098216379,0.998160986673265,0.1810069424765452,0.5694106817245488,-0.055835073547703916,0.9978750688689102,0.18004155513786146,0.5693368088631408,-0.055870736638704975,0.9983528057734179,0.17477538046382735,0.5715170389130007,-0.008743553843704014,0.9954191361154836,0.17363304751259953,0.5720772203944982,-0.08342235322509499,0.9982023608116883,0.18126878922893902,0.5868299149331597,-0.030885004482808592,0.9976534247398383,0.1803912428163348,0.5865605984415331,-0.05252802442936674,0.9988999537059247,0.16293557413986764,0.6172692236446203,0.0484603797750814,0.9986565396899275,0.1611716321536474,0.6179755301702594,-0.11533465626693915,0.9999042437190109,0.15139339438506544,0.6756364050365635,0.07653708968843739,0.05057112322676753,0.14547211499441248,0.681323837666285,-0.1269849318833579,0.9812507487478718,0.17138565651008075,0.6986171631585989,0.04710115847133458,0.13725986721969796,0.17535649594806502,0.7041369250842509,-0.10761968578611109,0.9395955091431034,0.1783600130251477,0.7077609357379737,0.04494787983241538,0.1706884176958176,0.18417997019631535,0.7154161930084233,-0.1210281675060591,0.9181134530476169,0.18235388469128394,0.7021734544209077,0.0321992130151817,0.1790427672011513,0.18679114963327148,0.7083112881297162,-0.11708433110089538,0.9099533046994898,0.17972976962725334,0.6970551155862359,0.039702426996969076,0.17771076943193176,0.18333839944430774,0.703630197615851,-0.1051023999849956,0.8592406028792978,0.14749181341557285,0.7232947690146314,0.05269238689825652,0.9948695756140217,0.1471311641590937,0.726116503987994,-0.052690870705105045,0.9969774087270108,0.15387784867059628,0.8040083760306955,0.09002246033577699,0.23942146698633848,0.15513138118244363,0.8097292383511867,-0.028976036501782303,0.962043830326626,0.14577988144897291,0.8868395146869484,0.14254055775347219,0.4924949166320623,0.14402278051489886,0.9015727468899324,0.008492094021113152,0.9618544493402761,0.14077393923486992,0.9008046048028134,0.1455692585025516,0.5382795787992936,0.13883625467618316,0.915566577797845,0.009859281126409776,0.9284195076851625,0.165633879247166,0.9009110218002689,0.12533099417175575,0.6835753236498157,0.1674390584230424,0.9172076895123443,-0.02751838992394154,0.9533136799221955
28,466.7,0.1843421750125432,0.5780067699296139,-0.04369405603834564,0.9983258360908152,0.1824132750431698,0.5690036926950732,-0.03831305000044054,0.9979331890741991,0.18194761375586205,0.5687594754355298,-0.0383305730564254,0.9978171615373528,0.18139969663960606,0.5685018755140763,-0.038342000295718534,0.9984259775706708,0.18178043195179544,0.5690621875581291,-0.05515758959310399,0.998136222362519,0.18091453115145378,0.5689436339196708,-0.055169381201267284,0.9978540000461404,0.17993977453027465,0.5688628667876838,-0.05520463025286088,0.9983218766394123,0.17471697500773853,0.5711988806724553,-0.007640073341982711,0.9954300097056805,0.17352581378959486,0.5717408571924486,-0.08297369061481391,0.9981793988318678,0.18127194685595388,0.5863416166532611,-0.03000064788474925,0.9976539299601608,0.18038931488990795,0.586072723070781,-0.051837791821786376,0.9988863014039547,0.16299127822830575,0.6172026424180899,0.04995987191796307,0.9986556995482678,0.16139050963379098,0.6174145397685827,-0.1150228100873176,0.9999043288685033,0.15145934053829752,0.6758311986923223,0.08008080188717168,0.050538487909805245,0.14592124805563983,0.6806993427730748,-0.12745673315865663,0.9816289515722372,0.17300395809468783,0.6982704628081553,0.05265238295708388,0.1358383794625601,0.17613653625760772,0.7029305327506298,-0.11147449201061621,0.9411948748997286,0.18036088915098292,0.7065360432579408,0.05128936114765352,0.169494913447471,0.18494285855974482,0.7140457913989118,-0.12562711785237002,0.9201431927226845,0.18478904664516463,0.6995049998873761,0.03796168230473998,0.1778672514926821,0.18767209422020698,0.7066011088235042,-0.12098776087874467,0.9120857658840367,0.18166373386269538,0.6961002264704028,0.045160777689445625,0.1767400084506899,0.1842550748870488,0.701957850229173,-0.10879521355742508,0.8618240640276961,0.14756686204955702,0.7235913248289204,0.05295404667655631,0.9948939510754184,0.14738025622708467,0.7263569235801702,-0.05295152217149739,0.9970022894087299,0.1542037838981266,0.8040944167545869,0.09133409957091021,0.24157296617825844,0.1553791711727779,0.809802134831747,-0.029459577053785345,0.9630457872436167,0.145991725581033,0.8869477907816575,0.14515533049901336,0.4959643965675721,0.14413113040583486,0.9017631212870286,0.006834552124408744,0.96283944731667,0.1410201227381117,0.9008946390379049,0.1483435680468878,0.5430029971258985,0.13898081013134558,0.9159398220834285,0.008098158674935506,0.9301926039514095,0.16602815190951042,0.9013867179552719,0.12792873701878965,0.6861542293003633,0.1676386098066967,0.917936563491822,-0.02942454681864809,0.9544372728892743
29,483.3,0.18431017867156452,0.5776260211354214,-0.04323817044496539,0.9983256544385644,0.18235039427166905,0.5686567965007967,-0.037790480646349156,0.997910570530665,0.18188475356215533,0.5684285873458503,-0.03780834784819968,0.997804468586332,0.1813361914384934,0.5681841146378295,-0.03782059376438461,0.9984158845174887,0.18170377824987696,0.5686989398229694,-0.05483448044175197,0.9981140579496118,0.1808262822173892,0.56858222541355,-0.05484448834544141,0.9978367260524212,0.17984073218845198,0.5685082844325479,-0.05487959725516187,0.9982948274839499,0.17464902642227365,0.5710042516390487,-0.006813292214203454,0.9954224086943133,0.17341360733622607,0.5715148023196633,-0.083038917254834,0.9981551567713427,0.18127359095073894,0.5858983596165979,-0.029392231078374974,0.9976460082190384,0.18038625589438861,0.5856339732805893,-0.05149829387664799,0.9988707786514652,0.16314296708220538,0.6171384794371473,0.05140209535048125,0.9986525972684231,0.16154358571483987,0.6169191201527917,-0.1152541541627476,0.9999044225329452,0.15178315483388458,0.6759842747733711,0.08357263675757823,0.05083170054214345,0.14645296264262436,0.6799619680359255,-0.12834033653849658,0.9821719697543561,0.17484111516248624,0.6978457740374979,0.057358868597518875,0.13566718569823683,0.17702494561672222,0.7019230297633585,-0.11511539632365825,0.9433467416536248,0.18255315437203373,0.7047755377633236,0.05652724703152978,0.16969579671110438,0.18578689155124495,0.712809494563512,-0.12969659907477252,0.9228297642299114,0.1872337382464183,0.6973047511918209,0.04279261490418801,0.17817443538279773,0.18861859256312974,0.7049972074372433,-0.1247044095680828,0.9149390686125989,0.18375082668804,0.6951901941072378,0.04977019574670568,0.17719962483360668,0.18532267425741483,0.7005345111801515,-0.11234561282963987,0.8653972035362614,0.1477385035582952,0.7237701926912585,0.0533053828846841,0.9949272274971015,0.1475863399959747,0.7265612965538393,-0.053303345505680395,0.9970327814420071,0.15453378075645097,0.8041653377669203,0.0925410464406014,0.24432068069775917,0.15565613266967604,0.8098672770318537,-0.030219468332472327,0.964308264709655,0.14624535611697614,0.8871515506789803,0.1474589371965046,0.5008225511936918,0.14431090723900578,0.9019814559391572,0.004551428081911238,0.9641312360763556,0.1413249387627557,0.9007941796666106,0.15078349908192962,0.5485387983776278,0.13915866116682699,0.9163838341122589,0.005689389088989373,0.9323418509392518,0.16651898977302382,0.9017686787105749,0.1305579049956232,0.6897293698220031,0.16802843340805612,0.9186186251186195,-0.03192164562642577,0.9558660813740328
30,500.0,0.18429470133213782,0.5771200458208724,-0.04121390730142596,0.9983406379109345,0.18229461851574139,0.568209636779059,-0.03567426846850488,0.9979118364197874,0.1818303465843202,0.5680004386674794,-0.03569202905609496,0.9978171643756691,0.1812832213583448,0.5677699418295001,-0.03570333832786199,0.9984241014435185,0.18164098191828967,0.5682457657087421,-0.05283682651463013,0.9981142736616596,0.18075691944076916,0.5681402796790718,-0.05284628875198822,0.9978472107932689,0.17976635055882603,0.5680783305849352,-0.05288194545677734,0.998292009035747,0.17459045421509528,0.5707316824368072,-0.0045005956088148445,0.9954613106591369,0.17331752322968996,0.5712169891312013,-0.08122823422863376,0.9981556875365128,0.1812901120810283,0.585421897116162,-0.027299907679359137,0.9976562573796234,0.1803983499606452,0.5851724147796635,-0.04955371025772325,0.9988650878270474,0.16328400799206338,0.61701854637691,0.05390599387742228,0.9986493615877069,0.16170582813876028,0.6164311057045351,-0.1143800935574941,0.9999050923756199,0.15192977800255741,0.6761463539940975,0.08614779476608556,0.05101630765767329,0.14694793664273773,0.6790150971639728,-0.1286551278261912,0.9827082157135018,0.1759416631289892,0.6976677150953389,0.06013065523334916,0.13475991288820913,0.17784101480529435,0.7010571559270228,-0.11841030738183439,0.9453116172835947,0.18386834788890125,0.703747309389569,0.059522237096514066,0.16902259063153052,0.186328084695907,0.711612673032852,-0.1332096265895027,0.9252939593224305,0.18841345253444866,0.6966884930928553,0.045670744209062517,0.17751838692596994,0.18921211149011355,0.703278521696727,-0.12804737651631953,0.9175207132384897,0.18474295593443385,0.6947615742683415,0.05250902402968638,0.1766885504836129,0.18611783073062,0.6991436481475835,-0.11562277376651772,0.8686177077747532,0.14791739767506018,0.7238957825161167,0.053664504062561805,0.9949430284045998,0.14783606004147315,0.7266796798933125,-0.0536619444333372,0.9970595694723591,0.15481415461926246,0.8042674405234207,0.09245273116089056,0.24677604153042765,0.15590700365248192,0.8099122671853933,-0.03181075553099317,0.9656258963403255,0.14643342083408728,0.8874138763972698,0.14642991835162764,0.5060091600531627,0.14451151305720927,0.9021538410867971,3.014845285742064e-05,0.9654907640956704,0.14155512977214096,0.900807434604282,0.14959660882041578,0.5543441885993599,0.1393580763112932,0.9167990429060806,0.0008339595847896173,0.9346357867831282,0.16692073501291743,0.9020961579822365,0.12923977346647364,0.6937649420329508,0.16849842951411306,0.9191821075621113,-0.03705225308381378,0.9573775529861458
31,516.7,0.1842858507519678,0.5766891638437911,-0.03918885528331714,0.9983772096179788,0.18225455567950305,0.5677581514631003,-0.03361224782254017,0.9979421893755602,0.18178956494444906,0.5675529610543029,-0.03362953245994593,0.9978594325837642,0.18124179825896322,0.5673277917362398,-0.03363898573886783,0.9984528479121987,0.18160001649743046,0.5678109271185743,-0.05075334402776903,0.9981446663538621,0.18071291205428908,0.5677152105740142,-0.05076278338120101,0.9978930240585697,0.17972122913315197,0.5676685827119015,-0.05079906930526101,0.9983202190626241,0.174544774350666,0.5704352827299213,-0.0023786850007517014,0.995550235112509,0.17325770003455038,0.5709232971781781,-0.07898860779546563,0.9981844084603453,0.18131831572169363,0.5849961155936836,-0.025269435541260828,0.997687322752817,0.18042705669289555,0.5847602344694596,-0.047485698901471675,0.9988745791571488,0.1633975413583575,0.6168643747057238,0.055992227757260954,0.9986474400474918,0.16187565383457014,0.6160058549472268,-0.11281897943644306,0.9999065314020437,0.15222216220129114,0.6758666010130024,0.0882870249804997,0.05134316427367078,0.14730544033504678,0.6780543015116742,-0.1286640763282777,0.9832406583286475,0.17650079443341224,0.6969372317904523,0.06288927420973782,0.133792383330209,0.17835542914413283,0.6999734498205644,-0.12101227577243541,0.9473748320624948,0.1843702466714951,0.7020739288557148,0.06246707854526388,0.16824411707265047,0.18661896387736016,0.7101429956299923,-0.1359370457274574,0.9279008678027568,0.18872596323490157,0.6949725633575807,0.04858086009820306,0.1767495345501674,0.18952004895323812,0.7013477342469356,-0.13074881193183727,0.9202593933968324,0.18553636471430474,0.6935170945667091,0.0552909255382561,0.1760105185565496,0.18650243182977055,0.6976619050616315,-0.1182540701258751,0.8721400612876535,0.14806882895174492,0.7238758944329766,0.053897217448268656,0.9949662373179489,0.14810428661959524,0.7266746901330499,-0.05389366423090303,0.9971024791399645,0.1550670535791489,0.8042084319250931,0.09123556670688454,0.25136640242167896,0.15611592573778982,0.8098299446560093,-0.03359583667701201,0.9671301132156742,0.14660812133834486,0.8875425060590114,0.14360306376502638,0.5138097547349479,0.1447020818789801,0.9022692924454105,-0.004818066466777101,0.967048747198923,0.14183840368475242,0.9006545941034959,0.14654695207164414,0.561890684422993,0.13961030968597968,0.9170829086076653,-0.004382915512126474,0.9371914693287448,0.1670971498602914,0.9022351560138527,0.12601627764247722,0.6997546241396955,0.16884328779720137,0.9194005103338339,-0.042330857277626116,0.9591623402777179
32,533.3,0.18429608501139155,0.5762895828201661,-0.03703275322914126,0.9984258243015842,0.18224972060748523,0.5673168074517028,-0.0314289208146788,0.9979885362443478,0.18178504492555358,0.5671152869860335,-0.0314465765619562,0.9979180211112619,0.181236811337017,0.5668944659687227,-0.03145546927338557,0.9984931576819654,0.1815960343394962,0.5674009266353792,-0.0485242612305142,0.9981898750577661,0.18070797622203838,0.5673214055242997,-0.048533462342761846,0.9979557820728855,0.17971693476041173,0.5672907517069866,-0.048570168692441254,0.9983624276660745,0.17453432650793177,0.5701345460755489,-0.00015930112983499265,0.9956793785095223,0.17324796035176243,0.5706238349278772,-0.07654260063455223,0.9982281667845596,0.18136036892732,0.5846126107942494,-0.023128718137741103,0.997738508951097,0.18047165799708606,0.5843990274838043,-0.04528322833634561,0.998893646966844,0.16360245503130427,0.6167603646005908,0.05790470593741966,0.9986548707598739,0.16199908724852982,0.615537978353955,-0.11079938603299014,0.9999079278537213,0.15307419073014045,0.675409751279014,0.0903471782803536,0.05225063416929476,0.14768410793372572,0.6772759159406031,-0.1287776373681569,0.9836958561624807,0.17765119600863696,0.6954522047724048,0.06548211617129195,0.13472178649334687,0.1787458516302564,0.6980601889746534,-0.12353899152505975,0.9494228249504459,0.185672782006718,0.6999530423255199,0.0651627575002966,0.1695365891570138,0.18711780721233018,0.7076613420531868,-0.13854433738050018,0.930570820967357,0.18970038422516428,0.6929282233828595,0.051246271779139874,0.17817384785129922,0.18988261620203667,0.6984145556177417,-0.13352619182495853,0.9230831066767381,0.1867702234359016,0.6918087374596373,0.05790765938304724,0.17739592776412066,0.18683125504425607,0.6952828083719531,-0.12088652274438322,0.8758569700377336,0.14824864481176658,0.7237887410890493,0.053972312382289375,0.9949873912902113,0.14831594909940457,0.7265445618402395,-0.05396733734579317,0.9971341263680238,0.1552846133708955,0.8040125284876147,0.09095870277711329,0.257685816713742,0.15625215853963592,0.8096497910363338,-0.03507482100810326,0.9685917865662355,0.14678754125322624,0.8875055511792507,0.14280886238529578,0.5229349760782155,0.14485154975028275,0.90228568656104,-0.008338927779169315,0.9685099948020215,0.14207208298501525,0.9006261456580396,0.1456889808177949,0.5704096924690978,0.13982566410586958,0.9171337002799631,-0.008099908873971025,0.9396121104558315,0.16717346083550239,0.9021903730574115,0.12454658356450862,0.7063908293133696,0.16895703474680596,0.9193189342816677,-0.04629727701346083,0.9608260166077394
33,550.0,0.18430228105613178,0.5757595811571398,-0.03503252548121273,0.9984732695988254,0.18224056348914203,0.5667545511609036,-0.029350515100218022,0.9980352237111053,0.18177484543550593,0.5665496871584942,-0.029369396645398387,0.9979742907342464,0.18122555599326193,0.5663293344633924,-0.02937919061098782,0.9985346850894754,0.1815887987613679,0.566860709871565,-0.04654512554407123,0.9982345217750193,0.18070198027860562,0.5667913016818822,-0.04655321545544128,0.998014328025637,0.17971457895778487,0.566773647353763,-0.04658994451165203,0.9984028765133457,0.1745303585415796,0.5696784428187783,0.0021297676000921516,0.9958237012227384,0.1732451568047207,0.5702121797062106,-0.07468756607600627,0.998271944976989,0.1814049404291881,0.584027074632191,-0.021068182729539434,0.9977975572858545,0.18052401003383467,0.5838551067170648,-0.04334803191678868,0.9989120761553454,0.16383724198454913,0.6164677767526541,0.06003942872796744,0.9986635673613783,0.1622292924494972,0.6150342992373881,-0.10932069023450224,0.9999079221770883,0.15416286956696296,0.6747611221813025,0.09307406594355908,0.053290413426501454,0.14809732422942218,0.6765421856017344,-0.12868336836496996,0.9841144624210547,0.17924203262442645,0.6931513150533045,0.0689510224120958,0.13682213567552123,0.17948290847596682,0.6958568521908356,-0.1244712560659364,0.9513160330908645,0.18718734809330545,0.6979155540466313,0.06887781903857282,0.17204250892003392,0.1881393109049117,0.7050974397432241,-0.1400524895815623,0.9329966136387422,0.19107444939159224,0.6914252213069376,0.05484593446765631,0.18089022948628392,0.19066091094698237,0.6956540289379307,-0.13442287132853564,0.9256373501959309,0.18829440715767104,0.689617860884894,0.061349375084752175,0.1800355442932675,0.18757078193482912,0.6927270009404142,-0.1217443524372011,0.8792716321491066,0.14843007922172557,0.7237050760359997,0.05399541574574656,0.9950009045146767,0.14862994565850224,0.7264033272152861,-0.05398833325931007,0.9971241667157135,0.15549395978450786,0.8038211578414558,0.0905518741125153,0.263743864638465,0.15635011238711233,0.8094629815646586,-0.03436056746258624,0.9697326762335647,0.14692686285291412,0.887369022482918,0.14179585377375295,0.5311290110860556,0.14496579695315598,0.9022648760250643,-0.005549975271735877,0.9697766559464597,0.14224239616166987,0.9006935244514835,0.14464134971300774,0.5788873036702478,0.1400194742849896,0.917164169606709,-0.005018944813249016,0.9418669797125323,0.16723828656332845,0.9020839333534247,0.12288479365053641,0.7124019634156005,0.1690108201333456,0.9191127305939091,-0.04325779438728381,0.9622560569218235
34,566.7,0.1843041082223258,0.5751632253328963,-0.03342439322954135,0.9985098242759712,0.1822326311043332,0.5661827070372449,-0.027644570473404177,0.9980714094071169,0.18176709612210606,0.5659840305646264,-0.027664855122566244,0.9980168881870459,0.1812170715559098,0.5657722268785753,-0.027676210694369836,0.9985680977503466,0.18157862410658893,0.5662944118181868,-0.04493942005293713,0.9982679628190547,0.18069162893862964,0.5662339131037398,-0.04494641472895944,0.9980569708914991,0.17970667921361483,0.5662269592285161,-0.044983629846856735,0.9984308992113393,0.1745342307147527,0.5692413704735896,0.0041037257317276254,0.9959520101547248,0.17324808452810572,0.569801319213141,-0.0731983234484991,0.9983052072070902,0.18143365567638775,0.5833647534960796,-0.01938241924203579,0.9978494644165046,0.18055856795538053,0.5832081323578249,-0.041803084846053835,0.9989245335261034,0.16403363503160942,0.616113166014354,0.061742324027277216,0.9986712336540229,0.16254179037752617,0.6144059669403807,-0.1082631278605689,0.9999067329225093,0.1551319048518227,0.6741846828233633,0.09512732036056978,0.05422386810893108,0.14852880863916318,0.6758745568139217,-0.12937328645161228,0.9844304294813254,0.1804407650516148,0.690964335487003,0.07166392498073129,0.13822795024939957,0.18030747771263136,0.6935067517416823,-0.12877650736343302,0.9527640740076707,0.18806045183113657,0.6964565061387566,0.07174193433352884,0.17367838110242584,0.18921463972046276,0.7024457142466596,-0.14514412127790008,0.9348808810824446,0.1920987821760633,0.6899963929539641,0.057642675404037794,0.1826921878826052,0.19153038731643146,0.692855284327553,-0.13876832524935415,0.9275878100168145,0.18931141708578397,0.6874968409538273,0.06405049864025347,0.18183960872037083,0.18843010777518876,0.6900295246215098,-0.12595760502985553,0.8818334624880843,0.14862607419490825,0.7236494592257914,0.05402981454417823,0.9950033483051125,0.14897637211141143,0.7262444893519089,-0.05402187062870892,0.9970780014991767,0.15561248645896014,0.8037374729201913,0.08983515877099271,0.26634124914805113,0.1564206083615622,0.8093281899179736,-0.033102955491769906,0.9700183499427075,0.14697604945727766,0.8874883453051255,0.13959360761301867,0.5339786722546536,0.14508740462007988,0.9022378155163362,-0.0015118378547153317,0.9702843995321371,0.14224966367085784,0.9009916924294978,0.14232357981659127,0.5835642530804592,0.14015830698467446,0.9171085953712471,-0.0006086904710779592,0.9432394163949156,0.1672003772996722,0.9020677464348935,0.11973282943169283,0.7143926166352776,0.16893883688109274,0.918962444577899,-0.03885691746004993,0.9629000709170394
35,583.3,0.1843087495792481,0.5745968478066584,-0.032447628499496575,0.9985349149931053,0.1822107228494827,0.5656134968712221,-0.02657080219969865,0.9981013281004777,0.18174541848046455,0.5654157485280722,-0.026592320718226,0.9980489072345559,0.18119569761412496,0.5652061587288271,-0.02660566781248367,0.9985960977418089,0.18155700961748772,0.5657251761073162,-0.043989845329806945,0.9982920033591142,0.18067090993835827,0.5656656764802482,-0.04399616324475837,0.9980842471122748,0.17969129057157618,0.5656614331972035,-0.04403401485511238,0.998449277310145,0.1745329932087945,0.5687106620697753,0.005415696850312611,0.9960650233995354,0.17324876430488778,0.5692896019844786,-0.07245946285270514,0.9983346150034957,0.18146028759933666,0.5827089349428817,-0.018328301963352035,0.99789693809691,0.1805958485319502,0.5825700646355043,-0.04091225617698264,0.9989325517699839,0.16421127319335949,0.615511897064391,0.06319583367024154,0.9986820930526377,0.16293526831127358,0.6137724603925436,-0.10803435494502393,0.9999047744841809,0.15590968586149678,0.6736927032470708,0.09711359441280372,0.054690957069397014,0.14896315194311607,0.6753803974106203,-0.12889883170525243,0.9845944557871145,0.18128660817941045,0.6888340427761992,0.0736827726165454,0.13881780987694162,0.1811409202359973,0.6910869819777358,-0.12561915602002832,0.9535466460954583,0.18885844733033874,0.694221280869984,0.07358117508036754,0.17444585547560748,0.19031368550800154,0.6994684168270662,-0.14179868073690516,0.9359493596213212,0.19292667791956963,0.6880624975476951,0.059512966977698506,0.18357985076450178,0.19244190979571582,0.6900093583833609,-0.13537043865237927,0.9286552412169327,0.1900381410405751,0.6851179968743102,0.0660183548572518,0.1828298221031826,0.18935444809141627,0.6872913638750717,-0.12275654113008871,0.883255873407637,0.1487903048594794,0.7235695293971476,0.05421411228321851,0.9950299319766824,0.14934589465459197,0.7260877007529855,-0.05420476748120221,0.997014922755106,0.15573262245882136,0.8037791763033191,0.08932292816184823,0.26568449253127707,0.15656161592120227,0.8092848005748936,-0.030321934393474054,0.9696823982965386,0.1470365006299247,0.8878242174784349,0.1379714480468206,0.5327309966087346,0.1452321523711796,0.9022317301659364,0.0060165206502590905,0.9702096666608544,0.14226809002104268,0.9013830167906632,0.14065748027392808,0.5853287038348974,0.14029843608538317,0.9170868992805488,0.007537021456907198,0.9438905403727583,0.1673478668644316,0.9021529583703911,0.11786976279247383,0.7135069824400407,0.1690170459804082,0.9188920145943058,-0.03014241008176692,0.9629663228988654
36,600.0,0.18432457248369866,0.5738344646635514,-0.031969688123180774,0.9985618648074929,0.18219332255068293,0.5649321221169975,-0.026016759198336393,0.9981430116153905,0.1817292024691901,0.5647509779248923,-0.026038488195765604,0.9980922880626867,0.18118152731940873,0.5645591985611693,-0.026052735834604237,0.9986328198796235,0.18154107530911778,0.5650152791114085,-0.043520251022917913,0.9983215218498601,0.18065698231969574,0.5649538238843286,-0.04352755649458798,0.9981159709748775,0.17968373426369272,0.5649501596178331,-0.04356604353303004,0.9984722988946104,0.17453883446398247,0.5681403676668807,0.006251241324380754,0.9962019097237368,0.17325389101391758,0.5686765313148503,-0.07206989079713827,0.998372083618528,0.1815134684244793,0.5819277053787599,-0.01776012858109816,0.9979494724954885,0.18067319904054926,0.5818051497141524,-0.04046526781859855,0.9989431244986405,0.16427555538359156,0.6147446093105139,0.06410335252682373,0.9986948654765182,0.16350313879194728,0.6131366661616737,-0.10802012504566291,0.9999025634356914,0.15589781460307905,0.6735251148541773,0.09773110562846782,0.05428490344257586,0.1493756508543379,0.6749477244558794,-0.12854951336270298,0.9843822178386514,0.18118844287736088,0.6873336292448503,0.07456072987545109,0.13709190913609107,0.18210776079268695,0.688949741068341,-0.12503546086095638,0.9533021563575389,0.18869168133962738,0.6919750628017249,0.07420155725308833,0.17281267969381253,0.1914380802994684,0.6963377481415163,-0.14136458436648064,0.9359243285088319,0.19270958503087376,0.6856660303615394,0.0601472247924124,0.1819074359678088,0.19335694894904196,0.6870456962358389,-0.13474187609695262,0.9284845249993467,0.18975660772550687,0.6830762823422755,0.06684808681408569,0.18136985883826315,0.19035741119157715,0.6845420315152128,-0.12214101744549624,0.882897263481504,0.1488635689020158,0.7235039926710588,0.054520261074815515,0.9950911544618161,0.14982367768174137,0.7259848344893688,-0.05450693393747016,0.9969624139013752,0.15588131476016281,0.8039687275886541,0.08900407630772823,0.26143854572659464,0.15680543368770974,0.8093502266066421,-0.027620737662627605,0.9689223227046792,0.14707542743001675,0.8883695659183327,0.1362407299734298,0.5280951119604569,0.14537992718673898,0.9022485840888257,0.012410130385043374,0.9697255946341022,0.1422665800367084,0.9019009016809015,0.1388176807335446,0.5847725811458773,0.14041267051583256,0.9171093418484648,0.014368647465571061,0.9440455209641236,0.16763255000114452,0.9023368386995232,0.11573729628608348,0.7105660381771275,0.16919741247381492,0.9189688903944839,-0.022562766358965935,0.9626233861559921
37,616.7,0.18434866340387449,0.5730827308836441,-0.03211160341189023,0.9985882412819642,0.18218731880188,0.5642993506931128,-0.026146601708162416,0.9981901986258378,0.18172270840122598,0.5641295200302492,-0.02616733144081776,0.9981411894162504,0.1811752681221282,0.5639510637237917,-0.026180924138142967,0.9986720510891512,0.18153914454437453,0.5643511613210046,-0.04358111446102464,0.9983532655806776,0.18065723209154053,0.5642822583516443,-0.04359043886264169,0.9981505019324173,0.17968877014659712,0.564275545733316,-0.04362928831861136,0.998499410493034,0.17454816401004802,0.5675993788810008,0.006325462256513896,0.9963397781054186,0.17326829830805474,0.5680980313391917,-0.07170855573245463,0.9984157794997812,0.1815996212618693,0.581146047228859,-0.01784900717792058,0.9979991912841805,0.18078173271247333,0.5810374702726095,-0.04045955730336056,0.998955667018891,0.1642704045488722,0.6139999003637409,0.06428250457559317,0.9987069169680284,0.16408711175123863,0.612630895205907,-0.10772208763020388,0.9999007213683362,0.15549669308321828,0.6733087130955293,0.09693528215090441,0.053246918888319145,0.14981572117124298,0.6745931761605404,-0.12604580039069774,0.9839137962886273,0.18049115439256044,0.6859360110192076,0.07351438133489523,0.1337987028417134,0.18267062093530395,0.6866948008537297,-0.11877820889155079,0.9524661955379312,0.18797975991453456,0.6895476097152351,0.07274779464517327,0.1696008003893354,0.19198112970306774,0.6931564893041343,-0.1344647432367008,0.9352733123870131,0.19193446423326233,0.683093164648329,0.05887849895017491,0.17855037606897822,0.19374576636723123,0.6838731765747075,-0.12833604535886228,0.927630782127381,0.18897789574804774,0.6807638605435694,0.06583079642483171,0.17824925056525653,0.1908121981791089,0.6815565512293866,-0.11596276930400312,0.8816895172709517,0.14888774639084237,0.7234060877845406,0.05481617933227906,0.9951543552534929,0.1502296193724588,0.7258324339276274,-0.0547983227741151,0.9969087895892922,0.1560347683372953,0.8041934768358872,0.08759041307937537,0.25630454293319177,0.15709693658919574,0.8094070440246951,-0.025392024467388807,0.9678947641735992,0.14707256569748844,0.889000716663543,0.13236571919350407,0.5230539923622498,0.14551401138305675,0.9022153161820918,0.016947247243175916,0.9689559340476998,0.14224317102205197,0.902318579810007,0.13468341671285183,0.5840561162857787,0.14051801179136558,0.9170514231636417,0.01913999189578353,0.943867859386263,0.16787856320540123,0.9025293560255149,0.11161893499749057,0.7073915402094528,0.16937275372800387,0.9189427722068066,-0.016771581467418455,0.9620295677866262
38,633.3,0.18437798746994577,0.5725159730230063,-0.03231139339151839,0.9986233228728892,0.18218793613570092,0.5638512940633869,-0.026384126394987127,0.9982482563881655,0.18172359324636927,0.5636823489552456,-0.02640386599869957,0.9982023153986257,0.18117633107162673,0.5635062512897313,-0.02641664214787031,0.998718338353294,0.18154229436601926,0.5638783772786462,-0.043703873952229855,0.9983947135153279,0.1806617428859076,0.5638000851585755,-0.04371470798339166,0.998197759900775,0.17969585600353435,0.5637853173982533,-0.04375339228482476,0.9985366123063231,0.17455682655175542,0.5671903547786534,0.0061172360909127095,0.9964909468378347,0.17327880717459193,0.5676762546811789,-0.07138131949163624,0.9984676866304314,0.18171536000002012,0.5805922292527702,-0.018049923259587528,0.9980558611097798,0.1809075311535882,0.5804908020155775,-0.04050332254597122,0.9989749193191535,0.16431139125710453,0.6135290151550661,0.06413870446738748,0.9987235126041238,0.16458383983089825,0.6122990988549737,-0.10731337822618946,0.9998994242577334,0.15532744782311586,0.6731744550523309,0.09618928389889861,0.05243030988744331,0.1503791645878838,0.6743286365554451,-0.12347934891780227,0.9834804478145789,0.18033343553543102,0.6844181276503067,0.07275736119065972,0.13256756038892847,0.1829715470472973,0.684626888661158,-0.11241947540215091,0.9520513670785093,0.18809671629042868,0.6869826118151352,0.07185722781079161,0.16887600578012935,0.19237483683086593,0.6903603048551654,-0.1272142852346103,0.9351750158128291,0.19172199850990673,0.6803657526061653,0.05799068421834995,0.1778170303219842,0.19387791837964752,0.6807640592257187,-0.12192971011002866,0.9274157739820942,0.18873398005962386,0.6785587072372442,0.06507521122694021,0.1775985814276197,0.1909488730487371,0.6786515059925265,-0.10976060763711029,0.8815114015624643,0.14888737244265432,0.7232090575354445,0.054985827810707585,0.9951979688235699,0.15046933719090064,0.725588426703499,-0.05496457751308173,0.9968469369979138,0.15621775956380946,0.8042060590925677,0.08588091248557687,0.2524171102614632,0.15738892626194737,0.8092782327107026,-0.025064462618458856,0.9670217491331561,0.14710706046649397,0.8893396598952164,0.12865654485566286,0.5198512673377994,0.14561479574158087,0.9020925079073231,0.016093400262651,0.9682720473834454,0.14224902859755936,0.9026522068750297,0.13079635160309938,0.584850634847369,0.14060449032556455,0.9169322706404193,0.01813912296312907,0.9437926922525686,0.168082892894745,0.9026228019169404,0.10788718575523021,0.7054029816672921,0.16946774792103553,0.9187770003364207,-0.017360759366835878,0.9614888798622865
39,650.0,0.18441799779733037,0.5721295021829156,-0.032906089687631264,0.998662642070226,0.18219499077115753,0.5635531544685368,-0.027069935841219785,0.9983065128326423,0.18172970697993335,0.5633598537672138,-0.027089976395169912,0.9982637990088697,0.18118192752202367,0.5631612737973535,-0.027102290519646258,0.9987631213097352,0.18154915670553856,0.5635602445829486,-0.04435635251658306,0.9984372769083302,0.18066863928522398,0.5634577047257201,-0.04436823335431875,0.9982484096572519,0.1797033129703432,0.5634224159376966,-0.044405906860317534,0.9985760620662152,0.17456462553569263,0.566781824543363,0.005359090177253603,0.9966186483701077,0.17328445258594707,0.5673425963946755,-0.07192758719126388,0.9985173372995293,0.18185206467197068,0.5801653947149008,-0.018658601545861804,0.9981077881086448,0.1810381277686075,0.5800761438551407,-0.041053969590436876,0.9989946825163712,0.1643379053899221,0.6131125660169696,0.06376357624928161,0.9987446722530191,0.1650333312295733,0.6122283453033088,-0.10754823862087168,0.9998985699244914,0.15532765643937257,0.6730098894664225,0.09600447224719191,0.051555057898873415,0.15113242538202387,0.6742590325219295,-0.12061703311545516,0.9831495370183679,0.1810581528005147,0.6821881561052237,0.07268763333559042,0.1332022448380789,0.18347837740466721,0.6826299116725019,-0.10394255107357395,0.952257292611259,0.18857227691582285,0.68444041411082,0.07167204469442373,0.17045757600239358,0.19309668952510484,0.6879845091274812,-0.11807137053637286,0.9357825404121769,0.1919383165382205,0.6780351882889162,0.05771454707497646,0.17955453977698382,0.19428209534713214,0.678134938081106,-0.11333158399377558,0.9280278001512807,0.18899477734452214,0.6759883931704934,0.06493621124398145,0.1793668561038518,0.1913415108408248,0.6758953531583156,-0.10138110816478738,0.8825802661123736,0.14889527431556165,0.7228973280815856,0.05507682866993409,0.9952404357138142,0.15066821518398477,0.7253183637346545,-0.055052896518082886,0.9968037605285651,0.15645683521316178,0.8038603578295032,0.08548483571835933,0.2511038702158703,0.15763532902513244,0.8088907088552209,-0.025761457160115263,0.9666816450300678,0.1472365494285312,0.8890875492777149,0.12893209499972216,0.5210399429003402,0.14567582664035625,0.9018575747807828,0.013057790696620952,0.9681383541652141,0.1423508610044208,0.9026469077382775,0.13120216556957798,0.589364344165439,0.14068212679454267,0.9167342895553232,0.014836194936097388,0.9443491072881797,0.16827404499053966,0.9025315812655864,0.10900489063490013,0.7069625258445745,0.16952157162484682,0.9185088362012597,-0.02059264791508517,0.9615132978984295
40,666.7,0.18444613118966435,0.5719667928559443,-0.03272196029623352,0.9987037948199688,0.18220433592796337,0.5634527774084186,-0.027016554559980137,0.9983667390687132,0.18174136749335712,0.5632345137142004,-0.027037181847152276,0.9983267386754362,0.1811961737417041,0.563009191127051,-0.02704927422815847,0.9988078616914302,0.18155141103835346,0.563438279288156,-0.04421262460805124,0.9984823578879953,0.18066884861105975,0.5633087186586293,-0.044225921410889886,0.9983030075118662,0.17970081738063282,0.5632471527372092,-0.04426301111068048,0.998618335950943,0.17458249841417595,0.5664893984794621,0.005134558770805601,0.9967352123487571,0.1732972257194066,0.5671356291998004,-0.07169677884805775,0.9985674591291526,0.1819580559219634,0.5799415281840737,-0.018583251340758247,0.998162351903462,0.18111304867835284,0.5798009577251619,-0.04085000338298937,0.9990179822558456,0.16436278961953676,0.6128332132384895,0.06364558459747409,0.9987696579524457,0.16535594633647388,0.6121988835788913,-0.10734238581998015,0.9998985642478586,0.155547741623152,0.6728053405171355,0.09584581497169684,0.050763271571624885,0.15190501794928607,0.674252223400843,-0.11762732799564096,0.9829264907609856,0.1819454339288531,0.6797363531021849,0.07229942651022053,0.13463064105737788,0.18390845613820225,0.6805750500588195,-0.09676101094200505,0.9527733836855213,0.1889477847587496,0.6818521022796635,0.07106403367859981,0.17308562284424206,0.19363663806801765,0.6855267655281798,-0.11007402269613183,0.9367287641479862,0.1921410305159434,0.6754617804572701,0.05718168811429119,0.1824308875061218,0.19452779207910825,0.6754851880527684,-0.10610830074264896,0.9290604165622173,0.18928899935313648,0.673359680743445,0.06454842147373022,0.18224097433544353,0.1915923491829919,0.6732408943630405,-0.09436444299561643,0.8843256206739523,0.1488818313394275,0.7224392067818419,0.05505519076472241,0.9952748673302794,0.15082613272326345,0.7249786428042826,-0.05502980326612794,0.9967770491327566,0.15671457279296158,0.8032709104674209,0.08538548151652024,0.25078543169157863,0.15785267594314767,0.8082508444786077,-0.027618711814284345,0.9664758784430375,0.14742104141485135,0.8886683498110096,0.1295741278500785,0.5233149216288615,0.14572671907288698,0.9014443329402385,0.007600693786073304,0.9680922599065879,0.14250206592537118,0.9025215989067448,0.13195362545195088,0.5945369856698177,0.14073401334739877,0.9163836013703126,0.008982523410980197,0.9449424034073246,0.16835032190595367,0.9023646598770512,0.11033796235209428,0.7093824687458226,0.16945475268931628,0.9181525395030073,-0.026703119987533226,0.9616582024665113
41,683.3,0.18451360932418293,0.5719428970700222,-0.03147249597878685,0.9987295780863088,0.18223544600464064,0.5633924234481089,-0.025904295699937022,0.9984103753453216,0.18177327442736865,0.5631439856120523,-0.02592639811336996,0.9983710220881877,0.18122944235801708,0.5628848161016196,-0.025939570385075772,0.9988397076016389,0.18157881924084268,0.5633728021667121,-0.043112092074893804,0.998512472425189,0.18069603897276393,0.5632170353616991,-0.043126124001684675,0.9983392386209404,0.17972720946584442,0.563129652114142,-0.043163565297921536,0.9986475251969844,0.1746194838058382,0.5661640621366959,0.005711070439290436,0.9968081286975323,0.1733350008726121,0.5669066224779405,-0.07107552282866983,0.9986057111195162,0.1820892982539678,0.5798432060650421,-0.017528400579023943,0.9982010381562376,0.18122663952055446,0.5796521334421072,-0.039783681787195685,0.9990336298942574,0.16440953881967646,0.6123722678139101,0.0643591036399206,0.9987931308292215,0.16559143080597843,0.6121435960133875,-0.1069034029330527,0.9998985897927064,0.15604768480573394,0.6722461893444974,0.09741235701810753,0.04976483061909679,0.15253173098677691,0.6741290433066237,-0.11366663837716702,0.9826479781241652,0.18273776840595984,0.6768312170391996,0.07367973065092455,0.13583010222230646,0.18418011707919,0.6785851858911065,-0.08530950794617341,0.952978466238295,0.1895446528991065,0.678746328467415,0.07209318947224395,0.17551750157560633,0.19390142673537858,0.683206092743647,-0.09732287589992802,0.9372478893824994,0.19263968439329252,0.6722660831042703,0.05848221037359469,0.18512449165185307,0.19452634950478886,0.6727676051003597,-0.09431259759834841,0.9296751731917978,0.18956227671532416,0.6703219811121628,0.06595947079005701,0.1850159416596096,0.19153657697495974,0.6706334806623917,-0.08304230620463696,0.8856042339688261,0.14884079921813248,0.7218462654522493,0.05505447089672093,0.9953056659017296,0.1509379545847576,0.724627798511869,-0.05502596018569814,0.9967683752377835,0.15694798812979754,0.8025510339509879,0.08644925661030275,0.2516893425158094,0.15802681658949183,0.807565643673852,-0.029151462994161128,0.9665891130765286,0.14759780040809095,0.8881012172926046,0.13276584446430217,0.526722746235984,0.14575032251221803,0.9010121595291871,0.0035315084138086887,0.9682267052786698,0.1426706321182706,0.9022128156253276,0.13539627407278343,0.6001179019610091,0.14076563644976853,0.9160197689419708,0.004685044377332645,0.9456031861759374,0.16839059122971137,0.9021334846814479,0.11446256651764831,0.7124202052752182,0.16943850190866572,0.9178768169312257,-0.0310990122102556,0.9619708430199403
42,700.0,0.18460487964607436,0.5716537464232676,-0.029811205342412016,0.9987602773166846,0.18227172039804018,0.5631233652432763,-0.024300754158979386,0.9984581839470643,0.18180982413746075,0.5628704598971779,-0.024323983561425,0.998419228054229,0.18126725653807335,0.5626065049852648,-0.024338257898177437,0.9988755555379966,0.181611831699099,0.5630963189261304,-0.04163699295549168,0.9985500148364482,0.1807288704883486,0.5629339161373323,-0.041651469433591506,0.9983825570061101,0.17975818897996643,0.5628347992897038,-0.041689755483752235,0.9986832340558377,0.17465884912581683,0.5658603168669205,0.007065154168577427,0.996893022741591,0.17337066928545647,0.5666371442022782,-0.07029839995361514,0.9986481666564949,0.18225033155509418,0.5795063206127715,-0.015954133877087218,0.998246956439246,0.18138446410497042,0.5792761643727624,-0.0383707251222361,0.9990544631367646,0.16450874436469315,0.6119131956781665,0.06569038012198045,0.9988153974215197,0.1657878195955641,0.6120315903709053,-0.10631611127228971,0.9998989474205751,0.1564380583308993,0.671613420758929,0.1000574504335722,0.04861783892625858,0.1529098330509096,0.6738499885513674,-0.11244296992108943,0.9822315602075493,0.18321051980767944,0.6743432822681613,0.07843024070773813,0.1356797551824934,0.18449068424247572,0.6769078572591151,-0.08463853491204132,0.9528249558948342,0.19004689937546154,0.6760254530679617,0.07694064683857424,0.17641661635466996,0.19424536469436843,0.6811516540391109,-0.09669456098760884,0.9374327148709986,0.19302045163654158,0.6691073406310313,0.06326246101941385,0.18623764032409318,0.19463020350251892,0.670336646693094,-0.09384108476695566,0.9299138358661113,0.18973246855395196,0.6678108941941039,0.07070135360672365,0.1863316254956383,0.1915894810642516,0.6683312342280439,-0.08243602265914288,0.8862598935763047,0.14880963166554778,0.721309764044626,0.05512508412911782,0.9953734505744214,0.15110827272846594,0.7243730965114781,-0.055090977499882426,0.9968022846040279,0.15717319931302762,0.8019241860934672,0.08843603907596503,0.25370188412212213,0.15823262007463557,0.8070167530150647,-0.03010506723963081,0.967088807196845,0.14773960340590714,0.8875912683350705,0.13731040770099287,0.5315004445257645,0.14578260126568032,0.9006518466132034,0.0014502202670666443,0.9687247474988309,0.1428046112968809,0.9018639751843051,0.14022998015085866,0.6061947998546423,0.14077829463141317,0.9157210503305714,0.002524935196907749,0.9465466340382901,0.1684224790050871,0.9018638871964961,0.11958404169196182,0.7164569525491629,0.1694331119457882,0.9177741550263911,-0.0334292349538633,0.9626223700387144
43,716.7,0.1847217828035356,0.5713756623722261,-0.02743753542502723,0.9987929548536034,0.18231749605564856,0.562851122447423,-0.02196620892555942,0.9985133494649622,0.18185269335905724,0.562607118061611,-0.021990009361789353,0.9984737890107298,0.18130818789913555,0.5623523649715246,-0.022005272408326483,0.9989163279533394,0.18166385449114314,0.5628289410046173,-0.03933485260321983,0.9985945707275761,0.18078397923991807,0.562675135476249,-0.03934986392656965,0.9984317450296318,0.17981698541414182,0.562577293032692,-0.039388561710005744,0.9987256526947028,0.1746968697933925,0.5656635221980871,0.009179603951495325,0.9969985513460076,0.17342953880627962,0.5664496790795104,-0.0682726261161623,0.9987014106341778,0.18243367615200237,0.5792040966805962,-0.013682253215284585,0.9983056925591975,0.18158050661995312,0.5789501808938531,-0.036111586505458496,0.9990822105180657,0.16465533276398991,0.6115271846453353,0.06758934330372587,0.9988380727313821,0.165923657161849,0.6119037128630143,-0.10489563147226977,0.9999000288191303,0.15670527375879753,0.6710130998066499,0.10144976632935668,0.047189278084607385,0.15308258221262988,0.673547906535013,-0.10886305357728693,0.9816743476050248,0.1830643245152066,0.6728622005099347,0.07629322420273514,0.13361579179763805,0.1845790729636239,0.6756670702071421,-0.07686027440996403,0.9518622245107385,0.19034680937017728,0.6747838003294813,0.07397180157048366,0.17513556494599308,0.19427442195869643,0.6797938488778619,-0.0880500379772414,0.9366801012130017,0.19307617914109015,0.6676658306803027,0.061137683157409986,0.18500671571209332,0.1945587801081795,0.6688291458856497,-0.08565351260559906,0.9291374371165327,0.18960348197392068,0.6666423337800167,0.06868356076024833,0.18538437854676035,0.19145914060728902,0.6669109009561089,-0.07467169900025646,0.8856610826083597,0.1488311446848371,0.7209457442874005,0.05519404368741175,0.9954558043252861,0.15126563963435957,0.7241916457811997,-0.0551550863754182,0.9968411837305349,0.15732666424342576,0.8016463177544736,0.08954648992844996,0.25551502193723424,0.158391996508553,0.8068878196534662,-0.030006484793765227,0.9673571728524715,0.14777691449437835,0.8874158518654965,0.13861235550471723,0.5344868359111609,0.14580891103971583,0.9004108451661615,0.0017658268389779909,0.9688279713903161,0.14284438533442373,0.9017425236247841,0.14150101797921327,0.6103138384364905,0.14078662438052053,0.9155215393929261,0.002922971400299245,0.9469558568227866,0.1683754438445683,0.9017159740130114,0.12095251892294212,0.7188531671251575,0.1694246970471883,0.9176897094363266,-0.03283276914485865,0.9629144838878093
44,733.3,0.18483944379148043,0.5711119033041459,-0.026316168141506988,0.9988254422233225,0.18237387566339416,0.5625798304875695,-0.020823110249780487,0.9985684156417854,0.1819103736253013,0.5623510962440859,-0.020845840640720883,0.9985266185942158,0.18136810830661243,0.5621117580504649,-0.02086062809186324,0.998955360480718,0.18172308518773045,0.5625591278076176,-0.03819273376748678,0.9986392543429427,0.18084661378746952,0.5624167067664014,-0.03820746587145899,0.9984787730943597,0.17988496664024548,0.5623254605701995,-0.0382458604872227,0.99876656418755,0.17474661057903665,0.5655391698791872,0.010291800701192455,0.9971024933315467,0.1734891619001117,0.5663176973660791,-0.06712795687573302,0.9987528040295562,0.18261167548951662,0.5789927669933869,-0.012578871012443597,0.9983671506245938,0.18176625810918368,0.5787239727519811,-0.03499765942494077,0.999111507620131,0.16487329772540513,0.6113136382330036,0.06832059047051843,0.9988564366386058,0.1659490608033681,0.6118049877030514,-0.10387960466600607,0.9999006731169571,0.1569606342485974,0.6706036499568399,0.1007609495094845,0.045808940771080234,0.15310231560752516,0.6733371587026692,-0.10727192142180042,0.9810349629038864,0.1829796944345748,0.6722983490853087,0.06937145016023095,0.13140874178636652,0.1845917900403342,0.6748327556110569,-0.07307272404432302,0.9504264735040217,0.1907836319435212,0.6743887208756951,0.06590255953016741,0.17360327783085064,0.19425511785915933,0.6787238887378153,-0.08377990126609808,0.9353600030853642,0.19309938663528092,0.666959649040586,0.053739999553987,0.18348216371876866,0.19446735722678066,0.6675891876220708,-0.08172091274034415,0.9277782241503405,0.18981852275984643,0.6662115085692638,0.06195544345038282,0.1841194650956564,0.19130427993479243,0.6658608629589993,-0.07091774259294786,0.8843264863604599,0.14892646031720308,0.7207588070914864,0.05522227677560992,0.9955424467722582,0.1513775828338806,0.72411973135812,-0.05518077633210595,0.9968843005952388,0.1575738745076317,0.8015294756208153,0.09110454115129658,0.2580704759983791,0.15865679652917963,0.806982406548092,-0.029552689088242417,0.96749819744201,0.14779660886242285,0.8871902255784905,0.14143210862364097,0.5368909097853165,0.14582317570845296,0.900296154476348,0.0027050246551100715,0.9686061683155249,0.14284180459522075,0.9014311432838447,0.14442878039110285,0.6130391870226184,0.1407893534217563,0.9153330893743613,0.003985493089116757,0.946775884855362,0.16831751380647944,0.9014484825588414,0.12398064384857824,0.7204462091128037,0.16939708164760056,0.9175637137322206,-0.03161890210495111,0.9628915644827349
45,750.0,0.18494389880271198,0.5709839775448758,-0.02576715295158683,0.9988533230054952,0.18242473900318157,0.5624164144198104,-0.02029971565519062,0.9986165478115997,0.18196308399949768,0.5621940436817355,-0.020321847693551172,0.9985715548197436,0.1814238202004207,0.5619614095914935,-0.02033604663752376,0.9989875980785922,0.1817749163934164,0.5623989729654225,-0.03760882945997377,0.9986736291930797,0.1809009065230689,0.5622591574986779,-0.037622803201278074,0.998514081750598,0.1799468163933074,0.5621681639126374,-0.037660246271462694,0.9987971981366482,0.1747941410257704,0.5654624218032478,0.010733855400411864,0.997183785552071,0.17354892478102743,0.5662344126474294,-0.06639902116287327,0.9987937297139856,0.18275355015482236,0.5789475015231546,-0.012054503185763253,0.9984200312977752,0.18191250732966846,0.5786729710442684,-0.03438724790300644,0.9991353154182442,0.16504106635139115,0.6111452494348804,0.06863062935216091,0.998876040890104,0.16607319953895763,0.6117603012493683,-0.10330180681887136,0.9999013003848856,0.15705346209662313,0.6706543280964811,0.099205592203708,0.04441515551436519,0.15317168264161984,0.6732861711865384,-0.10622623314460126,0.9803106699671071,0.18296105946813324,0.6721361705235078,0.061906469542355805,0.1292803447161403,0.18458080717495523,0.6739168507712233,-0.06979078178604448,0.9490053909165526,0.19117301631541495,0.6752105979692373,0.057185555320410544,0.17210954072929574,0.19425645612535036,0.6776871056783771,-0.08019365618626283,0.9340598214240308,0.192996606940315,0.6674377208664308,0.04548691426004686,0.18194175547077557,0.19442160001822895,0.666531588350024,-0.07837087944859555,0.926459349337079,0.19002206836427976,0.6662451227506007,0.054587037435599776,0.18287759167807455,0.19119446902048035,0.6649196800731482,-0.06766732586991224,0.8830900220643912,0.14900715791043795,0.7207212590035943,0.05523089532341279,0.9956458778608421,0.15151877914156242,0.7241170292808901,-0.055189003192243166,0.9969392333711904,0.15788986782232933,0.8015247810454601,0.09325935301326577,0.26082049097333654,0.1590492462828047,0.807216434251695,-0.029013498464510575,0.9674672910145358,0.1478749045303891,0.8869007570402969,0.14544457268147254,0.5388386306308568,0.14583914975325277,0.9002900123596198,0.003983612449484924,0.9681236715543845,0.1428828565847307,0.9009280971118389,0.14860681621801297,0.6151812644231891,0.14079107627982196,0.9151126231466028,0.005441879687298626,0.9461750246229633,0.16830535871641988,0.9011208131199797,0.1284366835440909,0.7216100465683716,0.16936836852913822,0.9173766686802826,-0.030039301319491316,0.9626458911668694
46,766.7,0.18500037420363669,0.5709167236373542,-0.025994774841126958,0.9988718941098174,0.182457657087417,0.5623443438893276,-0.02056697605266459,0.9986507126263218,0.182001496354739,0.5621272041684109,-0.020588499183456118,0.9986006504013433,0.18146917791593656,0.5618984387034466,-0.020601978791611547,0.9990084937640605,0.18180307107312352,0.5623260764848622,-0.03777976564708213,0.9986951294399451,0.18092956145604466,0.5621878958883744,-0.037793541593211064,0.9985347532090694,0.1799794158765249,0.5620995731580829,-0.03783040422768823,0.9988163283893047,0.17483973432154895,0.5654129584630334,0.01034097298092786,0.9972294001352227,0.17360012446131037,0.5661780692282181,-0.06617115934689845,0.9988198791231435,0.182837472785087,0.5789791061764675,-0.012321775202595062,0.9984565802982882,0.18197955191135418,0.5786902507146203,-0.03452438293468387,0.9991499838374917,0.16520887045633237,0.6109647041275392,0.06821176870947797,0.9988896335874292,0.1662521262963614,0.6117576076870878,-0.10308747348331276,0.9999015331268317,0.15706157045704988,0.6702718025162111,0.09860138488667358,0.04298855293364755,0.15333144508657012,0.67335475626446,-0.10490490212326965,0.9795977757090621,0.18272641443070925,0.6715569921902254,0.06095103954985033,0.12600961753300266,0.18452625189508726,0.6731055946577168,-0.06510680204346071,0.9475039697828753,0.19110054061526358,0.6749635934829716,0.055790509496416396,0.1689786357539042,0.19419616247926452,0.6769670219648457,-0.07506153093917034,0.9325952331225085,0.1926026188191915,0.6673367080234351,0.04437650278920222,0.17865220847583965,0.19434413881528956,0.6659486520858042,-0.07355288806415745,0.9249970402036402,0.19003440936406468,0.665783428010487,0.05375850271610991,0.17995906869570427,0.19110201370148444,0.6643211302303138,-0.06301771636520118,0.8816841698828203,0.14921901836281742,0.7207099483126691,0.05522136372469724,0.9957554794493183,0.15172414481639873,0.724155309654418,-0.05517948401116194,0.9969976657912852,0.15840364283039468,0.8014918934731262,0.09491196168320526,0.26341234076590786,0.1595986726738159,0.8074088295300808,-0.02804613956028509,0.9671812454859423,0.14797701722099676,0.8863713173639213,0.14884271082423994,0.5399449950172792,0.14585875826222566,0.9002319432440266,0.006331825529092129,0.9674297741481243,0.14293926244690314,0.9001094415074309,0.15218378106753044,0.6162413585753672,0.14078918170361301,0.9147809516815919,0.00806215990866934,0.9451973040898648,0.16830630884284076,0.9006293728238066,0.13235930530797876,0.7221831026531407,0.1693113126925061,0.9171744925635208,-0.027365980048974375,0.9622631243297038
47,783.3,0.18504905771641517,0.5709659911337357,-0.026144009172206852,0.9988855237052561,0.18249203832376584,0.5623719266482766,-0.02078063209496795,0.9986727124168766,0.1820391920350848,0.5621576706568404,-0.0208028279954479,0.9986177399044953,0.18151061165900473,0.5619319081306462,-0.0208170409536078,0.9990212065832963,0.18183109802859182,0.5623640616734826,-0.03786500596574377,0.9987093550818315,0.18095659854866222,0.5622319493974962,-0.03787727671719736,0.9985483544213438,0.18000643877756042,0.5621546223050076,-0.037913354557184975,0.9988292398906897,0.17488957515784687,0.5654285919098632,0.009909683483697126,0.9972578798021596,0.17364709575970982,0.5661819747516091,-0.06623656160774691,0.9988354359354299,0.1829054185322354,0.5791206217947464,-0.012547748473783343,0.9984779017312193,0.1820323907193685,0.5788402387074065,-0.03458866441533681,0.9991571108500169,0.1654521567480906,0.6108084633236843,0.06785984372808825,0.9988960765656978,0.16643462223666067,0.6117662759054279,-0.10317654375519078,0.9999008121944617,0.157869094894046,0.669425887720926,0.10011070966720588,0.04210636055185685,0.15362059644290388,0.6734066861016414,-0.10539675255616512,0.9790629148483283,0.18297583361466738,0.6708453269231892,0.06892164778851333,0.12303277743714205,0.18455657504853762,0.6726376158850539,-0.07019264339691123,0.9467169983046402,0.1909114044337047,0.6740640203158066,0.064986837584348,0.16583644776117246,0.19422475142138357,0.6765905448368622,-0.08080514484927774,0.9319136540095018,0.19268371874377854,0.6668481372651605,0.05292391847996489,0.17540937307335094,0.19434143319016428,0.6656571910494855,-0.07942688748950055,0.9243864218393968,0.19049791282131573,0.665269880067735,0.06166822889021469,0.17718602858838595,0.19106540722506402,0.6641221216746744,-0.06833912272538462,0.8813685945102153,0.14948366582393657,0.7207298477490749,0.05522537107268974,0.9958467994417471,0.15186876697199697,0.7242922357150492,-0.05518270993516563,0.9970370474315832,0.15916376596405404,0.8013636072476711,0.09558286872648064,0.2662696199757714,0.16028688422271195,0.8075102028392616,-0.02805214960660255,0.9668372273445137,0.14812596638997405,0.8859206579980402,0.15008518525532324,0.5405127633185618,0.1458737559261777,0.9001458031790603,0.0066525253711179665,0.9667315114112134,0.14303020068577368,0.899220472290403,0.15346648863383713,0.6164492482230781,0.14078523076715932,0.9143420770054779,0.008454912541700266,0.9442181218238112,0.16831152921631234,0.8999873541650325,0.13346516092618316,0.7223256003289001,0.16923466253848315,0.9167750875155138,-0.026983175160629428,0.9618687856765027
48,800.0,0.18508071558816108,0.5710187043462485,-0.02701293428738914,0.9989163024084915,0.1825182295980909,0.5624401881581265,-0.021692265179895236,0.9987075328826912,0.18206713526021878,0.5622230853353232,-0.021715311333537116,0.9986496766408292,0.18154036431085507,0.5619949783597677,-0.021730626800230586,0.9990445318676183,0.18184626812026627,0.5624459499404548,-0.03864394642767455,0.9987412833032161,0.18096745510896062,0.5623210725330174,-0.03865465628249308,0.9985832770665494,0.1800097397395544,0.5622483889261886,-0.03868960092465086,0.9988581623349878,0.1749234845240912,0.565455896513803,0.009107811154708982,0.9973191618919379,0.17366636508987077,0.5662117089544028,-0.06712144152039579,0.9988605550357281,0.18295905561674222,0.5792423940840226,-0.01340086181603728,0.9985114960443412,0.18206257195699793,0.5789647811935066,-0.03530724967519445,0.9991730707032347,0.16568758587042504,0.6106990263575603,0.06720730201119474,0.9989060135114769,0.1665363836856117,0.6118382953462151,-0.10381518375305909,0.9999001054536736,0.15932997990222217,0.6684381025178097,0.10192861053205679,0.041700190199273006,0.15414979060490935,0.6734691063563034,-0.10611004843598329,0.9787628537132633,0.1840749262344271,0.6702812001818708,0.07987504204114285,0.12316280958198375,0.18462612515404123,0.6725871449425112,-0.07358580118133914,0.9469911683173413,0.1916981140772503,0.6725457282293416,0.07670831006197708,0.1662986796526683,0.19434248833429257,0.6762956522759942,-0.08454001553001864,0.932404972258069,0.19368767241636928,0.6661153946604053,0.064669126733428,0.17598677887803044,0.1943450463669642,0.6655724843343105,-0.08371053919905713,0.925047953923544,0.19145150624570406,0.6647830747422723,0.07277428961935503,0.1782126802773704,0.19100653770424086,0.6641227290743877,-0.07207602652765462,0.8826497935113459,0.1496743644986835,0.7207489751634149,0.0552099669973056,0.9959387921151668,0.15192616411617835,0.7244970770109272,-0.0551655141725427,0.9970802551224125,0.16004128683181046,0.8011461184138349,0.09582444209428068,0.27109679579734824,0.16102790690603722,0.8074814393406828,-0.02932732392634666,0.9668800064495638,0.14827031748635439,0.8852201700210578,0.15048553049564373,0.5436905792781288,0.1458896973303387,0.8999829859960653,0.004061356408610234,0.9664665857950854,0.14311573689892187,0.8983798168954401,0.1538611955585935,0.6181921731858031,0.14077821373939525,0.9138319946470721,0.005681872545253667,0.9436268636158542,0.16830268431277515,0.8992063289596928,0.1335205137729646,0.724441235973722,0.16916014963672288,0.9163461015337996,-0.029527066541569592,0.9618225778852196
49,816.7,0.18511120265438458,0.5711162572815309,-0.027539021379890918,0.9989749874387475,0.18254373754773834,0.5625242789586389,-0.022225585899182745,0.9987743525278008,0.18209083520230807,0.5623068781126117,-0.02225031411009177,0.9987169390633,0.1815614182324638,0.5620783170064294,-0.02226682229056246,0.9990924965767641,0.18186283608277654,0.5625387117976238,-0.03914753720164302,0.9988073564711077,0.1809789169402351,0.5624215886706402,-0.03915813139506752,0.9986575501305724,0.18001361617020212,0.56235302629925,-0.03919252930652531,0.9989178521292558,0.17494309232348498,0.5655839074225657,0.008739181594657053,0.9974543594178706,0.1736830927076795,0.5663135647773747,-0.0674581300644648,0.9989151869501394,0.1829997137898492,0.5793642515227913,-0.013911907073287747,0.9985815002804718,0.1820923040310543,0.5790825259117858,-0.03576350247576126,0.9992108941078193,0.16597915334360952,0.6108248659542633,0.06692295308624,0.998934671992348,0.16655354840414877,0.6119631245022732,-0.10355450887055631,0.9999012720017213,0.16109542832488116,0.6675589822587518,0.10455649984734405,0.04352652618572829,0.1546328827029184,0.6735307034992042,-0.10712842856134694,0.9787988009906957,0.185964794386001,0.6699482826959524,0.08972602656909404,0.13111228141046716,0.18474563956260695,0.6730176068487627,-0.08114453121310194,0.9482730570293615,0.19291875830718463,0.6714435844194326,0.08739819466358145,0.1747582561912992,0.1944648410592762,0.676418244838715,-0.09256963538272048,0.9340659238043292,0.19536736039888306,0.6654797934350518,0.07577963262086829,0.18484956877572206,0.1944241197336289,0.6660480868248717,-0.09154743914093297,0.9269627701668519,0.1928117502303352,0.6648580375171849,0.082900847707476,0.18711138694059293,0.19110342363516503,0.664753192947025,-0.07967112603641698,0.8856616985230225,0.1499189322903044,0.7208675259635567,0.05500959143752148,0.9960532926377803,0.15192328961122614,0.7248433516139081,-0.054964190615075015,0.9971521241324295,0.16088378500370765,0.8009217040879392,0.09554723224469601,0.2798882013275512,0.1615582619394576,0.8074202651069283,-0.03242814248161659,0.9673367909022746,0.1484639985220774,0.8842883422261199,0.14968468177886246,0.5488285762923109,0.14589714720135655,0.8997927336465751,-0.003044575984988896,0.9664556384086617,0.14322228162061612,0.897428873039428,0.1530072760014308,0.6206246784755166,0.14076618211609987,0.9134208616756264,-0.0019153738394379629,0.9431767463684089,0.16829871137936922,0.8985710711706258,0.1331339173373723,0.7276217852319995,0.1691123140709742,0.9160255449158812,-0.03689724721369292,0.9619478952317018
50,833.3,0.1851295147623336,0.5711394491649814,-0.028697969746731597,0.9990445716040481,0.18256593531086346,0.56254636106037,-0.02333242437314421,0.9988529937607908,0.18211444928532566,0.562335882868086,-0.02335761159303644,0.998796877406893,0.1815860590764456,0.56211569195702,-0.023374171395386986,0.9991491522107812,0.18186916907628392,0.5625574900990444,-0.04030910010139151,0.9988870308512741,0.18097927385852464,0.5624496567816966,-0.040319468826055554,0.9987466931343085,0.18000579731804997,0.5623897172155838,-0.040353695551554394,0.9989890314283832,0.17496605146498923,0.5657604904401874,0.007906456034453148,0.9976160611425133,0.17368503340653024,0.5664678783643817,-0.0683575964399747,0.9989797756785446,0.1830205356790907,0.5793948570887252,-0.015023586074156431,0.9986662438937604,0.1821008927765348,0.5790950173423408,-0.03692407835097543,0.9992584841591978,0.16632220361913966,0.6111781455221634,0.06614373482408983,0.9989704007194162,0.166432831259001,0.6121780531747005,-0.10335250943899163,0.9999023959750228,0.1627091800882704,0.6670859030314858,0.10588573557989946,0.0470525349179904,0.1551535853317807,0.6736858231680738,-0.10908871534324835,0.9790749436333073,0.18823827590261202,0.6698807932081682,0.09432994645266313,0.14609508358296902,0.18500509503341872,0.6735640679086963,-0.0918195783382371,0.9501740762165621,0.19472595126855957,0.6703077639852256,0.09256837871812645,0.1905322670936586,0.19478436878749317,0.6763656934102382,-0.10380469546431595,0.9363661408424384,0.19747219554015583,0.6649575999804911,0.08095575407856992,0.20134546146506369,0.19462382580552795,0.6661958637691685,-0.10378181260256548,0.9295572638511664,0.19437439668746237,0.6646648588634678,0.08771067431994853,0.20323973823161368,0.19138337246009296,0.6652001170885,-0.09095905756666553,0.8895435730616258,0.15020357214269195,0.7210662648791364,0.0546581079917295,0.9961498550006329,0.15183068740935562,0.7252583901087448,-0.054612183499903946,0.9972117174239393,0.16197617777756296,0.8007365550313683,0.09368905034803215,0.2908400992552441,0.16231809485526322,0.8072983054887686,-0.036434475066406416,0.9679248077528824,0.14866560271808088,0.883316650277093,0.14641941303298597,0.5543792531603863,0.14594692772343054,0.899552898747581,-0.010981076818314344,0.9663912682306206,0.14331706364949554,0.8964768477848605,0.14960801743325744,0.6225119261514578,0.1407518805492493,0.9130850860050752,-0.010337391424746748,0.9424067253158213,0.16832964477084944,0.8981264148439687,0.13049269751423892,0.7306047025181004,0.16910607970896233,0.9158074401673824,-0.04513163642869113,0.9618536262285148
51,850.0,0.18514207573164093,0.5712966266132541,-0.028630842942567118,0.9991155124845965,0.18257892344679164,0.562709626697359,-0.023321611451960763,0.9989341241972794,0.18212837122735537,0.5625062925474988,-0.023346833618623886,0.9988806701841816,0.18160113550367823,0.5622959080196566,-0.02336322347677891,0.9992081664857417,0.18187122898442415,0.562714897450947,-0.04029428142876855,0.9989667364529209,0.18097821587607987,0.5626128003710795,-0.04030371918564754,0.9988367983273104,0.18000126878420525,0.5625551115898864,-0.04033714018407325,0.9990602987153197,0.1749814691997711,0.5660991583551683,0.0077883214689791255,0.9977847479638606,0.17369137278624955,0.5667670142082946,-0.06811205510582247,0.9990459879239408,0.1830193925471534,0.5795165669350402,-0.015030993680868842,0.9987551541555503,0.18210086439337062,0.5791835160482501,-0.03691512328528225,0.9993083249954957,0.16654594242572796,0.611610903626397,0.06586347591309324,0.9990164921397262,0.16638397177060457,0.6124488881656106,-0.10218316281125667,0.9999041387013035,0.1636158802679608,0.6672216029394246,0.10569084896927797,0.05159199858705207,0.155764794775418,0.6738329558145437,-0.11155912599393308,0.9795234941300899,0.19002654793716628,0.6701050627799265,0.092841495360647,0.1669140167179563,0.1854185093016853,0.6741582070078174,-0.10383242936361411,0.9527567965643753,0.19638580296720792,0.6703266245978223,0.09125208074138286,0.21266835005510437,0.19522028168042516,0.6764111178261898,-0.11679152825049,0.9394876587958569,0.19905360397838426,0.6652847670373467,0.07943702347221834,0.2243388366131557,0.19488400078955165,0.6663490335146591,-0.11669684875579117,0.9330036441485094,0.1953659348544622,0.6646640215601245,0.08625330811455142,0.22539900527113976,0.19174653291702282,0.6656448386964349,-0.10316583939961033,0.8945764530272717,0.15037942003636143,0.7213026881217962,0.054267103295950705,0.9962439309983033,0.15176540967964003,0.7256723131452294,-0.0542214828587714,0.997266590595246,0.16286153736568643,0.8006934239750823,0.0901559818358649,0.3025267280283431,0.1632733430181232,0.8072102609134861,-0.04109922370740349,0.9686851104100552,0.1488524391537622,0.882670978705089,0.1397315625633513,0.5605441189947586,0.1460273883172445,0.8992186160314657,-0.019118282833092283,0.9664670597939271,0.1433695178656352,0.8957938182921643,0.14260861916201464,0.6252206053052634,0.14073427163419278,0.9127557646660585,-0.018854681003306607,0.9417436151277457,0.16839581586065758,0.8978786752337509,0.12458229206857235,0.7337717953182408,0.16912617569878,0.9156970324970434,-0.05296872573949045,0.9617539701007668
52,866.7,0.18515429823171536,0.5715872418312804,-0.02807547524571421,0.9991757926486795,0.18258820970853185,0.563086135046823,-0.022882345531668,0.9990023800304965,0.18213730979533438,0.5628846316110524,-0.022906880559665832,0.9989513499396194,0.18160987397034978,0.5626803125653952,-0.02292269787618094,0.9992585948535382,0.18188087287403298,0.5631152107602078,-0.03977689661440398,0.9990340414501379,0.1809885736022678,0.563030804906573,-0.03978510679943224,0.9989130326679783,0.18001246026584095,0.5629893740018213,-0.03981691935942289,0.9991205760410862,0.1749891532318934,0.5666851486478537,0.007816548414883166,0.9979306431043723,0.1737043658892315,0.5673397353717263,-0.06729155991758623,0.9991004864374804,0.18302150283541013,0.579861388320015,-0.014640518020661117,0.9988303581873583,0.182108433473678,0.5794926711491181,-0.036414122297650314,0.9993499034927011,0.16668706280844564,0.6122660267920725,0.06559983392556513,0.9990557119959884,0.16634912930783782,0.6129882676260816,-0.1005720006568092,0.9999051179204675,0.16355368353071678,0.6674042940139775,0.1056561633234933,0.05527831897849132,0.1562408336571286,0.6745944647561941,-0.11298186828692763,0.9798935453097033,0.19060053853761597,0.6702565380505158,0.09201949976739436,0.18425284538950254,0.18572928650038595,0.6747325062751774,-0.11065538156600233,0.9549877473286227,0.19693409757954747,0.6697597560428443,0.09062162538369503,0.23142995011238843,0.19552651899201545,0.6764335717473715,-0.12381842767908467,0.9421898438816985,0.1994104704686575,0.6650713880856838,0.07859507096665252,0.24381009950524302,0.19504201341243033,0.6663998847916017,-0.12405612568060567,0.9359719412667418,0.19531777288232546,0.6642729611623859,0.08527778337399171,0.2441053936878842,0.19199055859020792,0.6657686772800633,-0.1102725150329727,0.8989043860208428,0.15055947928201596,0.7216375526927772,0.053920451196886286,0.9963331250917351,0.15180865072068725,0.7261464567411519,-0.05387423985770774,0.99730514344715,0.16362464782737562,0.8007269388153445,0.08551706657523206,0.3117851856208985,0.16436404060749793,0.8071600227128897,-0.04392094626313167,0.969269480024066,0.1489503163666953,0.8824874701954076,0.131349696644715,0.5649647684324359,0.14611188002995093,0.8987434222584685,-0.022317652989711098,0.9663440897351226,0.14331966993354625,0.8956113400913427,0.13387794757173183,0.6267406713394896,0.1407094853264946,0.9124506428128204,-0.0220252907435809,0.9407209526924867,0.16845887757482997,0.8977861376035787,0.11687847439731877,0.7355558815456578,0.1691117116383145,0.9157081927571984,-0.055240844509431335,0.9614045733497263
53,883.3,0.18515713512897505,0.5720633126440506,-0.02710855725620476,0.999229950564249,0.18257128837562756,0.5637442327681046,-0.022132910521967086,0.9990628588767286,0.18212088729654052,0.5635415485927041,-0.02215663006617911,0.9990145847910934,0.18159331452278876,0.5633377574739007,-0.02217253749924048,0.9993040192694899,0.1818605334985825,0.5638269327935722,-0.03889416619425731,0.9990942364647283,0.18096675049690986,0.5637765952519012,-0.038900968219552745,0.9989818930625922,0.1799870672680084,0.5637670954068505,-0.03893116613229119,0.9991747254417064,0.17498230721269348,0.5675209675516405,0.007796007363746568,0.9980646911121557,0.17368971733819882,0.568268267881303,-0.06645614866699495,0.9991484057335633,0.18301923927806685,0.5803981849125457,-0.013928191736340531,0.998896519343059,0.18210519282590787,0.5800269927297323,-0.035526542259114155,0.9993863417988739,0.16676423308395216,0.6130465013640272,0.06527907578718099,0.9990914123398924,0.1663168235903696,0.6139367591767089,-0.0993833311256909,0.9999058530444198,0.16353935074238563,0.6679517002332783,0.10462835466577901,0.05848719818251478,0.15658685919784376,0.6759769746235444,-0.11416082864715947,0.9802523681095676,0.190673881343433,0.6704673738706685,0.08945195022083471,0.20051964124043797,0.18602945974894947,0.6752794725554335,-0.11756086917150596,0.9572123629706253,0.1971600445963089,0.6694679884683523,0.08850442014989404,0.24928117933727464,0.19578897172496446,0.6764105927376525,-0.13128394243263072,0.9449397410665246,0.19952542157400238,0.6651080761637012,0.07569731665509094,0.26223202333563866,0.19512372357504723,0.6663761876878289,-0.13150220186937434,0.938971570559911,0.19540721390928556,0.6641404600370502,0.08231005320946382,0.2617800576346263,0.19213202311879127,0.665847642081125,-0.11737290308589035,0.9032344307218286,0.15064033014433736,0.7220306651932857,0.05369118246294207,0.9964228783335012,0.151915137966474,0.7267414473351983,-0.05364402241650086,0.9973370063872572,0.16434099347818476,0.8007703082902098,0.0820400040774119,0.31851162796928795,0.16540817277772096,0.8072137123062503,-0.04628298059105876,0.9697941570054924,0.1490103630792528,0.882285654544831,0.12545057031370355,0.5684570159230917,0.14617882385140385,0.8982741804349996,-0.025346876964682644,0.9662601436887476,0.14323630999951145,0.8950347985540125,0.12775923382668278,0.6279354180608481,0.14068589820748295,0.9121478654089434,-0.02509261073455926,0.9398420197623123,0.1685003780183339,0.8974795682089676,0.11099623285588772,0.736658618563698,0.16906689462207625,0.9154764924730581,-0.057438484969593265,0.9610319336255398
54,900.0,0.18512987522851868,0.5726797268504192,-0.02648881175333547,0.9992804328600573,0.18254043374742795,0.5646330146562489,-0.02175230320010868,0.9991206867354263,0.18209409004166027,0.5644339578492304,-0.02177373248906364,0.9990749415897194,0.18156982603527264,0.5642334478242061,-0.021790273132778364,0.9993473518462417,0.18181843558947258,0.5647790914490114,-0.03825638354534197,0.9991511078107933,0.1809205185799373,0.5647772266751248,-0.03826430954393889,0.9990465726171229,0.17993044001715536,0.5648109316825871,-0.03829758153075266,0.9992259882745296,0.17497023443381005,0.5685532462029235,0.007506128799702446,0.9981907237143751,0.17364362733704716,0.5694534665062319,-0.06624172415052146,0.9991949541228164,0.1829880107016792,0.5811138947804774,-0.013543511075632921,0.9989593085788553,0.18205615949063086,0.5807332765488402,-0.034964558091901625,0.9994208585648316,0.16674603167034344,0.6138571415628711,0.06463863381317689,0.9991276831853964,0.16628471726462968,0.615241686503093,-0.09892923988047107,0.9999068152336854,0.163676013549169,0.6684708566892719,0.10319949367216663,0.0613269632061323,0.1570540283407485,0.6775374611218775,-0.11291386222555533,0.9806095532008586,0.190554229276521,0.6704887747764592,0.08655526347103579,0.21696215087459217,0.18628828440393735,0.6757071784564432,-0.11233413751636241,0.9592467830294662,0.197626747545742,0.6686817833355501,0.08490524121693208,0.26743436001596016,0.19597253700097417,0.6760420487040569,-0.12546219463859296,0.9474627602668042,0.19972469338348947,0.6649996638298039,0.07248033973432727,0.2808557259184976,0.1950682238453912,0.6662368490582425,-0.12588884397631608,0.9417430503027786,0.19555496601831363,0.6640116771062221,0.079436216325987,0.2796830449785507,0.19212506853398836,0.6658293633233938,-0.11211469024419793,0.9073245695659098,0.15059597790241253,0.7224240444955377,0.053467017376706755,0.9965151037488673,0.15202315293607271,0.7274009982744858,-0.053419144380660324,0.997372746467591,0.16499043504397087,0.8007068321818402,0.0797157330172403,0.3241144560632254,0.16644467697257098,0.807306533768064,-0.049415865469546585,0.9701699529375356,0.1490162383942378,0.8817113240559902,0.12175455831346066,0.5710281190418066,0.14622814030874354,0.8978961479096191,-0.029344079395135263,0.9659738455499929,0.14319318603901646,0.8941255722727102,0.12391938091743569,0.6281696557998662,0.14067764651207706,0.9119202778452926,-0.029123284454856624,0.9386359907331927,0.16851659048171283,0.8968726396560676,0.1071106929864203,0.7369905795369835,0.16902958637192148,0.915263874190195,-0.0605066957927886,0.9605053436188478
55,916.7,0.18505841777438223,0.5735271147319253,-0.026264910275737463,0.9993362653823133,0.18247889124211825,0.5657000853901822,-0.021629874550160924,0.9991867854481659,0.1820393488520669,0.5655188163121545,-0.02164878536547935,0.9991441936719992,0.18152204368795682,0.5653359350704016,-0.021665542430820937,0.9993965994744081,0.1817396659226646,0.5658901049977261,-0.0379598704831941,0.9992158015569058,0.18083664632978907,0.5659376695042568,-0.037969462218738766,0.9991197756358563,0.17983240811597745,0.5660183231035872,-0.03800543858891445,0.9992846165384572,0.17493604336466123,0.5698044583910992,0.007334597719212379,0.9983310812995555,0.17356768605254957,0.5708427400816058,-0.06591242338929862,0.9992517573492874,0.18291575071357558,0.5820893134389609,-0.013417316290239503,0.999032207897732,0.1819561329625903,0.5817122885159087,-0.03473976112547378,0.9994611882028133,0.1666886621997471,0.6148306244895576,0.064182045913878,0.9991724462736228,0.16625953643094937,0.6168744620822729,-0.09816236900431777,0.9999091795512615,0.16386112783636375,0.6691083624249418,0.10319838779313231,0.06502393650866695,0.1575333412204471,0.6791975640115289,-0.11324209861812146,0.9811418993132462,0.19045012692610436,0.6700959830057058,0.088157040377458,0.23673074089345494,0.18669155098143092,0.6761234771637694,-0.11382137948558453,0.9615397169476471,0.19777446772371032,0.6678512295087182,0.086605177748771,0.288865733714331,0.1963330854972205,0.6757472157478338,-0.12720996212391636,0.9503242118018022,0.19991280635197972,0.66453667765572,0.0744148425403096,0.30274302051180907,0.19521007651374467,0.6662492893991021,-0.1266453649316516,0.9448941718964357,0.19578445809228093,0.6638361187208272,0.08096904059251156,0.3007183670997622,0.1923352671521052,0.6659939147177202,-0.11316540588935224,0.9120361975261151,0.1505723801397143,0.7228716072582069,0.05318823705116912,0.9966415166854866,0.15215554620538452,0.7280968285742264,-0.053141723963476405,0.9974362083843784,0.1655150183609555,0.8007497418494458,0.07723812084822433,0.3313395707380207,0.16732847264834827,0.8074476236388802,-0.052187682617278366,0.9706351019087299,0.14896846527145033,0.8810767843609771,0.11768914972032828,0.5740727867398947,0.14625363974344174,0.8976710750943144,-0.033237382858282066,0.9657255269232258,0.14301737149556487,0.8933554717472628,0.11970663106157674,0.6280909549622313,0.14062565707025082,0.9118006342933298,-0.033067114385111014,0.9373611836206353,0.1684821631227222,0.8966013874326441,0.1031981628565562,0.737380396752131,0.1690072999114083,0.9151578602336709,-0.06388857038248158,0.9599970437231524
56,933.3,0.18494780858357762,0.5744454491706126,-0.02685801250239215,0.9993932729675664,0.1824000818388804,0.5668515449478517,-0.022180629628045234,0.9992553960709353,0.1819722297645752,0.5667102393649877,-0.022195971526560346,0.9992159264428282,0.181466104019256,0.5665626355579926,-0.022213219620642224,0.9994473996616553,0.18163527832144793,0.5670274155480526,-0.03835297269480571,0.999282862458911,0.18072867961156946,0.5671086424872993,-0.03836267423771679,0.9991951471283329,0.17971293699173713,0.5672275991666889,-0.03839860572701412,0.99934550694057,0.17489351119313934,0.5711295831771128,0.007103419419200652,0.9984739905311955,0.173486996974264,0.5722456773122155,-0.06561976227731936,0.9993127612840569,0.18280704603308737,0.5831333285286318,-0.013899137798164582,0.99910893326714,0.18181286255518608,0.5827769920939495,-0.03510074140060518,0.9995039616312307,0.16647075400466022,0.6157859648977011,0.06397145064104176,0.9992133265449894,0.16623214951583332,0.6185276110967005,-0.0975102562279929,0.9999117198444555,0.1638460968221938,0.6702268379075191,0.10423983810913003,0.06792154411474868,0.15836785166036527,0.6808907389640813,-0.11606297890345263,0.9816704335666846,0.1903295580829894,0.6695336103439335,0.09357920466434394,0.25475481720197785,0.18726022612480905,0.6764130847794674,-0.12179961516743623,0.9637665294465572,0.19769661483310533,0.6663230657577519,0.09320344633999332,0.30899851662772065,0.1968944498470853,0.6749375945045839,-0.13587411918810446,0.9531273955390573,0.19993975971426298,0.6635137228738699,0.08031901309177995,0.3232299089431765,0.1955189243668603,0.6658690798850291,-0.134817126606192,0.9479795978182844,0.19600205691087827,0.6631122600464598,0.08699217687050508,0.32039238725389774,0.19269277935936352,0.6658280349913103,-0.12106716100658699,0.91665462085179,0.15055806509086075,0.7233845364479797,0.05290788252438822,0.9967661868958253,0.15229194433916193,0.7287651924859915,-0.052861992979333555,0.9974823281878524,0.16619425373418,0.8011350660097036,0.07189329270096056,0.33745368179820856,0.16872548205511922,0.8076390907877973,-0.05399927816220697,0.9709429031326664,0.1488386711903982,0.8812312427021215,0.10782338714315785,0.5745585958162948,0.14630019309974862,0.897653758525849,-0.035126153645770916,0.9650524514062071,0.14274153113365184,0.8935881540888838,0.10940963703961608,0.6259057323137923,0.14055625952425468,0.9117919462067747,-0.034854312205598495,0.9356745538257425,0.16845781320617326,0.8967721660931912,0.09302848435583576,0.7353405668621977,0.16903215575785877,0.9151848384312228,-0.06489708185905507,0.9587649958474302
57,950.0,0.18478804826736464,0.5755530567396259,-0.02625985221848603,0.9994507233301805,0.1822757728043058,0.5681073154721945,-0.021583220611015974,0.999325613180797,0.18186085990497058,0.5680004840805422,-0.02159594371914865,0.9992894643828989,0.18136740298498258,0.5678834432647346,-0.02161275737342382,0.9994993039539889,0.1814800252517066,0.5682551804043002,-0.03763691903579805,0.9993511381603429,0.1805707414944968,0.5683602179799765,-0.03764466923617184,0.9992718128930962,0.17954295093104966,0.568501248246148,-0.037675811953487875,0.9994075780823124,0.17482076301461186,0.572471468221574,0.007880495107244884,0.998619110811325,0.1733824731338593,0.5736258228619897,-0.06435598787807287,0.9993767795108621,0.1826632171869279,0.5843031775383727,-0.013250972277351798,0.9991884799230673,0.1816290467977525,0.5839772451491587,-0.03430501948155111,0.9995482336907167,0.1661398354030792,0.6168261255536764,0.06429129909901396,0.9992534376326068,0.16621104024705446,0.619959379945483,-0.09613482086431419,0.9999144304366346,0.16391453075976609,0.671900039627439,0.10085696088416243,0.06937088923794887,0.15963172061102743,0.6823692094712035,-0.11796869940700994,0.9820903596423929,0.1901490503833409,0.6689811121849791,0.08611228405719717,0.2687016512666432,0.1881216310319448,0.6765112025397169,-0.12483628732817523,0.9657444528171002,0.19720096105620988,0.6649556103206822,0.08560913357706303,0.3260841454778401,0.19746565960702456,0.6735835501125886,-0.13882171398117438,0.955691541944232,0.19956085440658403,0.662259541806721,0.07309562508903804,0.3405302606877829,0.19591650224867335,0.6652755198024574,-0.13693078288010196,0.9508011823608767,0.19585883759316958,0.6623814474968688,0.08016789278813777,0.3368907116708304,0.1931177072581792,0.665514937468938,-0.12371935766367693,0.9209234317143764,0.15058872742312307,0.724119711489905,0.05267087512073067,0.9968988356136148,0.15245105113301968,0.7295280382746747,-0.05262487771965212,0.9975141457148968,0.16669454248178586,0.8019940285455618,0.06679281982637592,0.3407341142495476,0.17034275900749946,0.808013933045524,-0.05420771950767157,0.9712199313300003,0.14864379380430504,0.8822713267235536,0.09789624171597625,0.57247748545238,0.1463609720979419,0.8975990414619452,-0.034216645395471965,0.9641353601501109,0.14235979886282069,0.8948281009991971,0.09901713863724762,0.6220121894563952,0.14048115270478395,0.911671629973821,-0.03366824993420217,0.9338762703396032,0.16844826510974353,0.8971182221458078,0.08286122587465111,0.7312920405751188,0.16906097602276587,0.9151666476613006,-0.062096166468802,0.9570807417233792
58,966.7,0.18461887609390998,0.5767456321489247,-0.025202034396075088,0.9995022955394933,0.18212490351427182,0.5693902373313908,-0.020451692420811893,0.9993892766180499,0.1817171325286231,0.5692926929110577,-0.020463002579552803,0.999356232938313,0.18122991209938427,0.5691807979629158,-0.020479000616996076,0.9995464824494869,0.18131895718120405,0.5695399982588636,-0.03648703146193712,0.9994126529920676,0.18041482780660917,0.5696593267577039,-0.0364918662678628,0.9993409684726178,0.17939071357250225,0.5698142420677916,-0.03651443780178118,0.9994636575380969,0.17471780521529073,0.5737791629064655,0.009354270905965857,0.9987510527883264,0.17328880017712014,0.5749513790720989,-0.06274434658033512,0.9994352970804494,0.1825063860132582,0.585541807469868,-0.012113308245759643,0.9992611777214784,0.18145808861369192,0.5852593410582774,-0.03306366716112412,0.9995884526343579,0.16578537722428652,0.6180617979594644,0.06523450996194571,0.9992882580984213,0.16619054689293827,0.6215651773271111,-0.0946751059520813,0.9999166159402764,0.16412206136045013,0.6739357369286678,0.09694822416419083,0.06930341642527357,0.16114119688669853,0.68423608938853,-0.12059550874290022,0.9823266778673452,0.1901007053397952,0.6683271073159722,0.07777415794719549,0.27678996182623383,0.18914957273574118,0.6759974275316516,-0.12729064392901612,0.9672930382546931,0.19660238212063214,0.6630232050305326,0.07687744684517389,0.3379629907153904,0.19801578635261186,0.6711260648000813,-0.140788379879225,0.9577710940724334,0.19883493724323467,0.6600855503763476,0.06523778254077553,0.3524185035909928,0.19627670588947493,0.6638792809985938,-0.13889014153253476,0.9530826778638938,0.19544908546266115,0.6609013846942362,0.07224844121152452,0.348065481299446,0.19351445989949378,0.6645075820741204,-0.1261621041312105,0.924362012318203,0.15060085554917665,0.7251380681991583,0.05253724274890767,0.9970409132185444,0.15266738122417822,0.7305183978307821,-0.05248975487692019,0.9975440587316248,0.16716257660161893,0.8031398568834582,0.0624096115075407,0.34209452924274286,0.17210432035582418,0.8084364136060085,-0.05508767050646604,0.9714832476207196,0.1484342302594867,0.8838675930386505,0.08900284838108796,0.5693552579198569,0.14645167759486616,0.8974402121135173,-0.03460216344822023,0.9631906549135851,0.1419234744140081,0.8969777141298573,0.08966924214646936,0.6173423244839626,0.14041482976504743,0.9114852008365456,-0.033837439226252715,0.93223995537985,0.1684589804638001,0.8977573485601522,0.0734532081655094,0.7267772555351263,0.16908568924381634,0.9151189724604295,-0.06053057650015472,0.9553775844119851
59,983.3,0.18441407595361994,0.5780083423569093,-0.02165029610374146,0.9995484891391943,0.18191049212501176,0.5707110421998165,-0.0169437815701323,0.9994467922619418,0.18151123608861663,0.570591943604606,-0.016955461286540553,0.9994167401677093,0.18102993851616284,0.5704566325460165,-0.0169675425138502,0.999589281422752,0.18108721361273825,0.5708963360105246,-0.033127473755961395,0.9994676425343475,0.18018535702001492,0.571024630750929,-0.03313081037430539,0.999402860800426,0.17916228870550804,0.5711854525974822,-0.03314482021544663,0.9995138077508843,0.17457788685957604,0.5749940815426059,0.012464804973985477,0.9988703074909399,0.17313523732480562,0.5762785815057304,-0.05973002970928242,0.99948803583781,0.18233133000986929,0.5868184566497807,-0.008749898146128378,0.9993276993433642,0.18126526971658086,0.5865715600195389,-0.029711089762193835,0.999624811467671,0.16544070414134446,0.619389809313275,0.06727171050650738,0.9993235383714956,0.1661738441103982,0.6231123521214444,-0.0922219756813277,0.9999190398624972,0.16450971081143345,0.6763639052708948,0.08933109045028692,0.06807033433800658,0.16266506271702913,0.6862202882766729,-0.11401744080441346,0.9825043593134206,0.19029848490442564,0.6680540584382562,0.05694214295640237,0.2809495556922188,0.19013743812129624,0.6748403452691583,-0.10695064750810472,0.9682940159525197,0.19631399072351924,0.661827751568386,0.054099798867745096,0.34612609942754136,0.1983636170625688,0.6682006773494544,-0.11805067903229177,0.9590696039653966,0.19831921656926488,0.6582689200128833,0.044254690852193634,0.3604204370861964,0.19649972092537668,0.6619432000886831,-0.11674445636925251,0.9545028152919958,0.19532963349705665,0.6596796399071108,0.05158295921449154,0.3553117712338768,0.19380015063853503,0.6631340895380298,-0.10563834907398345,0.9266452477091841,0.1506151578256063,0.7264041134289339,0.05249689909673876,0.9971952466737664,0.15288902819156658,0.7316967703047258,-0.05244744923852743,0.9975938087417973,0.16770128976731086,0.8045131337075012,0.06049772210064393,0.341434853417533,0.17352300527549938,0.8089914577347898,-0.0559632971528031,0.9719883288655969,0.1482670761290052,0.8853355617750265,0.08452424477963227,0.5678317348162337,0.14657741714091538,0.8973016171228325,-0.036445444893269334,0.962854274681637,0.1415763617981049,0.8986439562979205,0.08492605671996167,0.6141983071962998,0.14038899540901195,0.9113584018888934,-0.035661961972003914,0.9316485041663767,0.16848269459747145,0.8981941682951797,0.0685586198454812,0.7243626940818065,0.1691497074706215,0.9149223821503782,-0.0610374442878224,0.9545096584728793
60,1000.0,0.18420500911417476,0.5792323350906377,-0.016455776102486122,0.999589315482549,0.1816600717249372,0.571985625085377,-0.01186618392932274,0.999497660568783,0.18126362207390026,0.571838654222943,-0.011878171425667555,0.9994702736536669,0.18078339170841956,0.5716785646620255,-0.011885313849364018,0.9996271076656531,0.18082752610955932,0.5722268706276308,-0.027951738752779526,0.9995161919366753,0.17993148522717622,0.5723670125007634,-0.027954790386415684,0.9994575636727476,0.17891836592129312,0.572534595217024,-0.02796361524434319,0.9995580996785852,0.17441512928122577,0.5762681705611097,0.016679956843810434,0.9989755295571834,0.1729527846688317,0.577614511762347,-0.05521104999241379,0.9995347005980363,0.18215906832899378,0.588083142325992,-0.00397640968384665,0.9993869605518529,0.1810832527421771,0.587818401200431,-0.02471384805228031,0.9996570802870258,0.165482452937535,0.6209589867364798,0.06953738558860056,0.9993580891972504,0.16596254848298583,0.624182766392118,-0.08824951769340612,0.9999214751379838,0.16572080268746342,0.6782884938376295,0.08054713088841671,0.06898600430715657,0.16394998417014178,0.6875101129213974,-0.10309796780347832,0.9828657252447952,0.19091352465606887,0.6670057858739585,0.03368759705197246,0.2863668402036033,0.19070224251065948,0.6731698484647847,-0.08004266019201,0.9689728901499801,0.19693659245967882,0.6597281609262744,0.0282981178412835,0.35390069229262244,0.19836565568333595,0.6651327808698023,-0.08841461080703003,0.9597127352442067,0.19832240541776036,0.6553950508435572,0.021065695033896555,0.36782876082829097,0.1965410553273702,0.659622260502407,-0.08805760923617836,0.9551867133095158,0.1955544579596748,0.6571408680507119,0.028487299258510294,0.3618588106972833,0.19392708866369168,0.6614520322708861,-0.07858629200962333,0.9279807266734902,0.1510321937856221,0.7279078023774289,0.0523378354098116,0.9973524950799495,0.15301998527277094,0.7329133096195408,-0.05228538279022493,0.9976673069454383,0.16818566975139448,0.8057466177713309,0.059464750190575955,0.3409787444841297,0.17456784773440598,0.8095909215155107,-0.05818977952003483,0.972724934418997,0.14821724593639385,0.8863468368848171,0.08147505457912178,0.5677082765670054,0.1467346627087821,0.8971911129497352,-0.04123542422340033,0.9630308236394616,0.1414229025443396,0.8995825250943508,0.08162184698241104,0.6116969528652377,0.14042351501328615,0.9112154500825072,-0.040621257076660824,0.9316997528076179,0.16855480344522578,0.8985338750339695,0.06577382343156002,0.7239087933585762,0.1692404512848174,0.9147654885337474,-0.06491907100592345,0.9545605097498219
61,1016.7,0.1839826426335745,0.5806525264467516,-0.01225274193677165,0.999626522972471,0.18142425942988635,0.5733763007890615,-0.0076947726442345606,0.9995439194497615,0.18103362477961055,0.5732072279566814,-0.007708061952143913,0.9995189223970693,0.1805579236575537,0.5730238869076687,-0.007712643105714099,0.9996614541326257,0.1805746016048251,0.5736192152613689,-0.023809423581475322,0.9995603731700359,0.1796813848472778,0.5737419724464421,-0.02381210454872678,0.9995072342100605,0.1786708597626006,0.5738820234934493,-0.023819511135419226,0.9995983895801369,0.17427297291301558,0.5775746249017266,0.02016543450632267,0.9990705478759045,0.1727358280193239,0.5788749200957166,-0.05104442650363562,0.999577238446191,0.1819969685304734,0.5895913271676931,-5.517527738231273e-05,0.999441652070909,0.1808884590864183,0.5892730639094402,-0.020749045535922064,0.9996869024776284,0.16585104167461406,0.6225324585324246,0.07196367425577986,0.9993961283138826,0.16558958660988593,0.625104875791641,-0.08406177730787373,0.9999245178131837,0.16847945182096402,0.6787034187998096,0.07110867347745672,0.0743991246535665,0.16514506865115403,0.6883921452931001,-0.08823032074031383,0.983484605948131,0.19196840269225,0.6638349947475256,0.010299396401803416,0.2974008563018983,0.19106655816237145,0.6711265984035679,-0.045844550754520194,0.9695490882510238,0.19860147791249427,0.6555687586466477,0.0019113625000630116,0.36512413195201354,0.19835658868153905,0.6621295270465675,-0.05109003720627658,0.9598736848149988,0.1989399223100573,0.6504979161989126,-0.002383320370600339,0.3784637607279281,0.19653617413271057,0.6568568717865721,-0.05211521329502357,0.9553511369796034,0.19597856771378303,0.6529032020341787,0.005066312272988618,0.3717317978541059,0.1939577282894227,0.6592690178326204,-0.044307032577870886,0.9287771355538148,0.15164990155469815,0.729330392110916,0.05211338258924942,0.9975199103355414,0.15314964595295144,0.7341108293760396,-0.05206085706040977,0.9977711212067384,0.16842537337825425,0.8067435906046918,0.059348120575859475,0.3408220793519704,0.1752317114954904,0.8102760598773053,-0.059287779920157976,0.9735336105028796,0.1480921556552252,0.8870336044402355,0.08122914319946659,0.5669396775109432,0.1468588539532254,0.8971481635457,-0.04456451712619694,0.9632311065991727,0.1411500991809937,0.9002458737010054,0.08133930145275031,0.607062126908984,0.14042558201721747,0.9111092771802637,-0.04413461374739809,0.9315263685725991,0.16857482280050018,0.8990438097999215,0.06453278802690056,0.7235059113729574,0.16932994765894765,0.9149781266848254,-0.0672359918909414,0.9550591593696964
62,1033.3,0.1837737829912278,0.5820624629656478,-0.010646441507907148,0.9996605487096886,0.18123870875154235,0.5747632299150744,-0.006007401827013212,0.999586122376579,0.18085682392120372,0.5746082606769747,-0.006022874421129629,0.9995632937976299,0.18038931630906618,0.5744317117191501,-0.0060309734018076065,0.999692672774906,0.18037444778851114,0.5749266772043142,-0.022390165765370656,0.999600671586537,0.1794841275328683,0.5750037999380206,-0.022392834758474728,0.9995524684588122,0.1784743851139433,0.575091191700527,-0.022405197489119726,0.9996351003646858,0.1741461391959873,0.5788614749908452,0.021762651125235233,0.9991570285388408,0.17252111789726088,0.5799780033883598,-0.04889736963169919,0.9996161432493308,0.18185712468056464,0.5910714410600213,0.001594026123971813,0.9994920946302875,0.18071534874893386,0.5907115226700197,-0.019473533988708554,0.9997144994281595,0.16622980293773482,0.623960605689458,0.07305312440508893,0.9994327539489389,0.16514823692185548,0.6257855466433939,-0.0812603788716453,0.99992760306313,0.17165764953408935,0.6784177138691861,0.0629965026108992,0.0832078002748036,0.16670260400999173,0.6887905767985758,-0.07671642729214265,0.9842236297471191,0.19300985974924917,0.6594859304882237,-0.0046865598609050155,0.31157725907507416,0.19139971051897336,0.6682841011456085,-0.021005782897451107,0.9701166578701572,0.2004004468520484,0.6500115990638737,-0.014525596141105617,0.37774813884780545,0.19836060135137484,0.658596535523733,-0.024267560070646683,0.95983564286005,0.19952143161069794,0.6447829433849883,-0.01755814316372078,0.3903216918309532,0.19646750035740096,0.6532497008641565,-0.025894895833473493,0.955295724528177,0.1964128719908852,0.647624566441491,-0.009481396260006094,0.38299976218314424,0.1938633649122149,0.6560708908807669,-0.019318449222261013,0.9293448016757063,0.15225107754979825,0.7306390972364523,0.05169854490529927,0.9976816120601844,0.1532895373446602,0.735241381894975,-0.051647464079516314,0.9978827947661997,0.16856924125126443,0.8073751103310364,0.05933066084980969,0.3413883717287157,0.17584260588600537,0.8109591319447478,-0.05859168335085828,0.9744571589288265,0.14798707834311903,0.8876440212840132,0.08218168715635941,0.565824823720115,0.14693520892234085,0.8971522677512402,-0.04389814713171554,0.9633319775263475,0.14093749154181717,0.9007250467936205,0.08240593153805965,0.6011212893894745,0.140415825304531,0.9109881491888143,-0.04346081756410147,0.9308995746430903,0.16871445164794024,0.8994646753583642,0.06482692914349697,0.7231787159329375,0.1693892450559708,0.9152505795160937,-0.06669802094499275,0.9555813641775229
63,1050.0,0.18354877261888425,0.583272164776212,-0.01201709745717901,0.9996906093188701,0.18106051853724903,0.5758884038243979,-0.007226411851921257,0.9996238237335575,0.18069851966131315,0.575744904222943,-0.007242043214362297,0.9996028088387996,0.18024975345248279,0.5755846443630405,-0.007251249848022352,0.9997202924319684,0.18014293341409604,0.5759839557466058,-0.023545762612706155,0.9996365677742738,0.17923213115760273,0.5760236439250769,-0.023548901347177388,0.9995927895818445,0.1782008664948601,0.5760741631189986,-0.023560869817932463,0.9996676984287451,0.17403184232257674,0.5798996828851251,0.021353011329968787,0.999234460649037,0.1721959816558022,0.5808902723448621,-0.04920399472827006,0.9996511340141303,0.18173437246254526,0.5922136704126999,0.0004877032174374027,0.9995372976575586,0.18053303304172713,0.5918767594155816,-0.020401063153431542,0.9997389657156814,0.16679403043928615,0.624998075621469,0.07234412928422297,0.9994633084251774,0.16464123413676318,0.6264319079262874,-0.0807558287467276,0.9999298907461628,0.17583420659814575,0.6762007162684491,0.05264436116530786,0.09406618028879173,0.1687968309436527,0.6888801228432433,-0.06811175992091502,0.984847857838586,0.19452922117142465,0.6532620560555236,-0.023968300682359528,0.3235075005463194,0.1920861424434754,0.6640218638238458,0.0010643640222648782,0.9702048699061083,0.20246087298506796,0.6420679518154694,-0.03561162846606405,0.386901615631013,0.1984196972279323,0.653838713963827,6.153742738423083e-05,0.9589143139975418,0.2002490361531577,0.63783058382216,-0.0365628374829179,0.39856304725011216,0.19637419992969163,0.6484660619781135,-0.002744970247260339,0.9542981783548998,0.19681568585691012,0.6412974085126609,-0.028249905622076445,0.3913042587893353,0.19376273878983102,0.6516030459176931,0.0026905593639683185,0.928847185203008,0.15310423856689828,0.7317108738990062,0.05124083516143621,0.9978239990416035,0.15337552910759344,0.7362465603011,-0.051192736874024106,0.9979865096864253,0.16864364842573815,0.8077461066700169,0.061285944566840264,0.3389201604184653,0.17621410744530827,0.8117519162950068,-0.05613573853458681,0.974715261232286,0.14775870669455765,0.8880742788314826,0.08793225955395478,0.5593289591017228,0.14696043374992562,0.8971006274223334,-0.04073915914410639,0.9624597486995522,0.14067425543353682,0.9010069427036109,0.08853470640523099,0.5899551851408826,0.14034997849237363,0.9108891458738425,-0.04026654203023232,0.9289784289541706,0.16850448506219057,0.8996123955363325,0.06922902769985659,0.7186463361694704,0.16938850993201857,0.9155675030889971,-0.06314756579342347,0.9552559455235807
64,1066.7,0.18334624809878225,0.5840155595824836,-0.0162446385338193,0.9997178968929117,0.1809390655585699,0.5765314414387662,-0.011111500162986072,0.9996583944275274,0.1806025760514397,0.5764030757404514,-0.011127148111838677,0.9996389292535335,0.18017631911096132,0.5762667031515216,-0.011139947167109882,0.9997452383949651,0.17995100787707752,0.5765807770547416,-0.027324721217155477,0.9996696171306436,0.1790071520067398,0.5765932713236132,-0.027327941287131556,0.9996299431437545,0.17794640858968114,0.5766278278260009,-0.027340152788729914,0.9996976369903209,0.17395341396331798,0.5805062509718399,0.019183195151743448,0.9993052056857525,0.1718308875958126,0.5814109756833035,-0.05214590384137067,0.9996834794680285,0.1816239349898839,0.5927700428735647,-0.0031385978162732173,0.9995785213652117,0.1803596622887113,0.5925294331141885,-0.023807011988191393,0.9997611641883858,0.1672863676434473,0.6254518117223472,0.07033489147822067,0.9994920747620726,0.1642195142450788,0.6273852558363057,-0.08297950419641684,0.9999321500460314,0.17936282995201305,0.6726016288711916,0.04714656124512358,0.10363535299187623,0.17173365751902275,0.6889219567889264,-0.06690015998624624,0.985384935424442,0.19585140191373385,0.6473055027780084,-0.03066582436717694,0.3303513044402715,0.19312765768596118,0.6586142693247119,0.009473708214326991,0.970041113240379,0.20395382032507958,0.6347158040319174,-0.04240983148061097,0.3907515832356047,0.19869536303338564,0.6482734538259965,0.009467046685694237,0.9574773368381325,0.2008337328831356,0.6314657415662498,-0.04243138742943608,0.4015796738011499,0.19628701110680913,0.643139087018513,0.005751247767225977,0.952791529042381,0.1970738151243756,0.6359060974348163,-0.034604168630072075,0.3950164105210988,0.19371720651785546,0.6465576660065429,0.010937203741854154,0.9278666433833901,0.15384393717561462,0.7325442121142438,0.050921634194396825,0.9979618787765511,0.15357511171272833,0.7372398092633208,-0.05087791578400706,0.9981050349417194,0.16864747376669031,0.807900508244833,0.06558703436028394,0.33560468327431475,0.1766975216922307,0.812555767240979,-0.05539005391654518,0.9744089586394181,0.14747305853026266,0.8880794190225153,0.09761228447868717,0.5500699338458837,0.14698193044889551,0.8970302400134865,-0.04008071709956444,0.9610375534920472,0.1403841305346717,0.901017382031396,0.09882640838623054,0.5763592861947563,0.1402990072965623,0.9108474879037772,-0.039707441237710805,0.9264687895774848,0.1678998654796965,0.8995912585939686,0.08008194324516121,0.7122307164328444,0.1694486694676537,0.9158027796518242,-0.0627214834094048,0.9545514980951952
65,1083.3,0.18315059514272794,0.5843834252584552,-0.018938500700252412,0.9997398512704039,0.18082726427486978,0.5768546376909532,-0.013670461252331744,0.9996872373989658,0.1805152183487303,0.5767219151769369,-0.013686090175594613,0.9996689614795511,0.18010992521331437,0.5765932173956012,-0.013698855769776173,0.9997658105123618,0.17976322273413353,0.5768931366148453,-0.02972100205009894,0.999697040943873,0.17877315623419637,0.5768782297770186,-0.029724699223325386,0.9996612299056288,0.1776749704565322,0.5768995710781647,-0.029735029808112576,0.9997226851327086,0.17387460243134284,0.580681096939814,0.017495642105738334,0.9993657299450472,0.17144937316576653,0.5815993462290087,-0.05454372561403688,0.999711263747443,0.1814763326020469,0.5928656572387336,-0.0055857992625706655,0.9996120872951696,0.18015648992288694,0.5927614484514513,-0.02594592094066599,0.9997783842540929,0.1675480866716023,0.6253823694728674,0.06863693076939814,0.9995059115546098,0.16397073084399827,0.6281260081699921,-0.08545906664360142,0.9999329788344253,0.18126247681322566,0.6691092848777775,0.04382359413873585,0.1103693019776118,0.17466936792646148,0.6891475717226669,-0.06534137967086978,0.9857932868457984,0.1965054415521169,0.6429918266478043,-0.03461977152065154,0.3297768660954069,0.19436434620902665,0.6529412808872409,0.018885633797340463,0.9695675713675369,0.20414080151489816,0.6291459685280214,-0.04612085702163836,0.3875703683921272,0.1992465477614177,0.642910894893465,0.019771525968930566,0.9555926351320182,0.2009112941367287,0.6262211600939438,-0.04539804497645018,0.39759226923897184,0.19626512342975266,0.637987539881752,0.015822197718080144,0.9507892699468711,0.19697639417080665,0.6315245202609476,-0.03830127675263657,0.39207559823989896,0.19373930706864326,0.6416484855470208,0.02042916991437476,0.9262511985642576,0.15424483304932016,0.7331816270237883,0.05079258144611408,0.9980779914628899,0.15380129076185692,0.7379555929274793,-0.050752235665207854,0.9982012879280824,0.16887473705269052,0.8081562008176537,0.06758315666090879,0.3294472651822229,0.17691286404927586,0.8132849903333761,-0.05416173558859602,0.9736367208617082,0.14718172663734083,0.888119416577476,0.1007520740940458,0.5387943784395857,0.14698677474544175,0.8969819801194334,-0.0378079763835385,0.9593290005411428,0.1401546320744924,0.9010464407148822,0.10218280340944025,0.562649147851127,0.14016715401694899,0.9109099280266542,-0.037380145951395966,0.9240689419564753,0.16711460976373593,0.8994358040037616,0.08565944397733331,0.7048736299787255,0.169357791543007,0.9157762555848992,-0.06049926348385361,0.9535611357007715
66,1100.0,0.1829469189757394,0.584424734115601,-0.01985427280444476,0.9997574630237769,0.18069587576956989,0.5769124201365884,-0.014559071843645414,0.9997114056632639,0.180401574997675,0.5767721845990139,-0.014574116982874426,0.9996939897537239,0.1800127547411693,0.5766482977640065,-0.014583843294531117,0.9997828858239317,0.17956741154193892,0.5769677786600027,-0.030166904752453188,0.9997198581695563,0.17853713745162614,0.576936991441818,-0.030170198263866584,0.9996874928474434,0.17741086298511155,0.5769536977722536,-0.03017399788257624,0.9997435723032277,0.1737661837112337,0.580676416556041,0.016783564395847786,0.9994177562849869,0.1710650906676339,0.5816112330981666,-0.05446527064556171,0.9997350828988218,0.18128213073526123,0.5926271818933038,-0.006597408586891285,0.9996402859687812,0.17992122613248385,0.5926389921279185,-0.026275846929777254,0.999791982628051,0.1679928331148058,0.6251712214379088,0.06725929961318067,0.9995055652800067,0.1635569419179645,0.6283155736469092,-0.08609987014815927,0.999932283446903,0.18227502277919239,0.666777630647024,0.04137959402231946,0.11821435249987111,0.17705435483228604,0.6887406848725823,-0.06606420165016542,0.9862092023804081,0.1970991988976798,0.6390214051519126,-0.03981283626386101,0.32662068662189325,0.19534832097235194,0.6468786398569748,0.01875266466023668,0.9692182796342039,0.2039586206277213,0.6245155164173675,-0.05158273733797532,0.38128935155414423,0.19981238671711526,0.6371689013072428,0.01957102774065876,0.9539837014107483,0.20091626402877638,0.6209845542907719,-0.04980840232400671,0.3903860847155256,0.19627888429732565,0.6322695754823235,0.015496271401865507,0.9490583539009101,0.19681998803502052,0.6272581361588982,-0.043182501037206,0.38607139814467684,0.19379378571396794,0.6363222031366262,0.020224079977543597,0.9248727361361192,0.15488713553973615,0.73360938685281,0.05081452251899814,0.9981747326396768,0.15392481216362558,0.7382114813441327,-0.05077570215577175,0.9982738097508755,0.16922854383786534,0.8084511756896978,0.06633839401460834,0.3217764227163226,0.17703217622779677,0.8138781275068016,-0.05387655752045772,0.9726276539620906,0.14702197199776068,0.8879988846324746,0.0966711111721539,0.5261245682126003,0.14697580465248664,0.8969689522470753,-0.03844963652747021,0.9575017832574397,0.1400288769177029,0.9008946702593855,0.09788877658900767,0.5494620686485658,0.1400111856914703,0.9109285275141406,-0.038138497443426254,0.9216651802971256,0.16640770577249087,0.8993334089006703,0.08465542360430678,0.6969406037103567,0.16915830402147214,0.9154599138668612,-0.06057639526469371,0.9523687674885711
67,1116.7,0.18274718523025524,0.5844160687355773,-0.0171456899760025,0.9997714332171856,0.1806023418903352,0.5769491848491491,-0.012190224192593078,0.9997304933411741,0.18032011460690284,0.5768033833730792,-0.012204339927328493,0.9997138835134967,0.17994175567513432,0.5766753894942152,-0.012210676524167269,0.9997965750240152,0.17943477204867786,0.5769950350125634,-0.027644009373727317,0.9997382050468815,0.17837931215763106,0.5769404343196328,-0.02764768162298772,0.999709313824064,0.17722764469328395,0.576933017798833,-0.02765042166269963,0.9997609683445529,0.17360855709938788,0.5805471028600424,0.017535745210590828,0.9994620879491176,0.17072790719213954,0.5814608874775118,-0.05239469008076762,0.9997550816763022,0.18106756678649372,0.592427185603551,-0.0044897268304512645,0.9996616641680407,0.17966988327957348,0.5924862225850427,-0.02394182931277016,0.9998014257067733,0.16842001108896176,0.6248947211674285,0.06798405732427329,0.9994876498267771,0.16314138543038154,0.6281529097330008,-0.08461719183694755,0.9999302994637269,0.18270782061985574,0.6658265590667729,0.045910025813749894,0.12747556680724745,0.17872010526202986,0.6869236202467061,-0.06483527414855508,0.9866333490326298,0.19743034669331155,0.6349510607265296,-0.027101308905652613,0.3263680324667978,0.19604051467918227,0.6410367403711597,0.017923812160179742,0.9694076861654016,0.20357406636079167,0.62054151012784,-0.03752171390113379,0.3772740520182113,0.20038904036794403,0.6313793971425015,0.018468043811264503,0.9534200458299553,0.20088660858926333,0.615949582485926,-0.03389382255928859,0.3851971910113383,0.19637932805787964,0.6266365391867506,0.015010726305523098,0.9484138999666494,0.19667111550058652,0.6226218882061191,-0.029640235272901418,0.3818813973949072,0.19388461751597283,0.6310404198510311,0.0195161963236474,0.9247330540702463,0.1552574606168839,0.7337082766351251,0.050768766552209896,0.9982502432096579,0.1540559069031762,0.7381157619612564,-0.05072834892641934,0.9983292193639853,0.1694433497531075,0.8087295180275332,0.06355932354927067,0.31425007752009826,0.1770182081631253,0.8143181091263186,-0.05391299831015727,0.9716790545554396,0.14681918564296914,0.8879971844809402,0.0902497264600936,0.5143478200549175,0.14697466648760305,0.8969974290756958,-0.041399893306550556,0.955735691956112,0.1398894623631524,0.9008042443366284,0.09122984820888164,0.5382592365855267,0.13990341552666266,0.9108972946802782,-0.04132017848037541,0.9197268145424985,0.16586066072895428,0.8993625697635477,0.08003601502804535,0.6896828923906604,0.16897868826275791,0.9153162922178003,-0.06184888081181622,0.9510333793503905
68,1133.3,0.18257054686546337,0.5845258718445192,-0.013663378544151793,0.9997829056921466,0.18054460272902548,0.5770803746722998,-0.009155787327992071,0.9997457606451859,0.18026968411036914,0.5769263931683135,-0.009169643589605894,0.9997297866003861,0.1799016900005796,0.5767843297549661,-0.009175110852257133,0.9998075649851851,0.17935836598986682,0.5771064133871173,-0.0248543213875521,0.9997532850220098,0.17829816611040217,0.5770259726615183,-0.024859203912672562,0.9997278508685892,0.17713120934509108,0.5769842834699725,-0.02486620240268255,0.9997758439608989,0.17342640104747964,0.5804759888421926,0.01852958463132383,0.9994997779528306,0.17046553889910393,0.5813138853935973,-0.05055575232420652,0.999772108736493,0.1808697261980603,0.5923337056523281,-0.001621110708497111,0.9996776268595748,0.1794392466545106,0.5924211797260107,-0.021500578238850564,0.9998079140981044,0.16860774869010575,0.6248762352125989,0.06968319274130327,0.999459990433285,0.1628519062485015,0.6278868062155591,-0.08309151551553187,0.9999279720442643,0.18283752884183624,0.6659597811244788,0.055207977869680985,0.13624576443717604,0.1803036630153657,0.6834268655095787,-0.06466344211782732,0.9869913458824164,0.1972431398573377,0.631570608842941,-0.0004021811875559037,0.32740764816602097,0.19635655908357544,0.6355326005390717,0.015651586775978416,0.9700447491237103,0.20287647275697632,0.6168145934740706,-0.0070076752454042495,0.37437378650619896,0.2008502419505802,0.6251164220628289,0.015677341126969894,0.9538807102612094,0.2003169137807121,0.6121764126278111,-0.006098087522245594,0.3811003069082899,0.19639358421166753,0.6208109969184517,0.012949589728599513,0.9488404932476232,0.19639439667974212,0.6181904020763583,-0.002849209388451919,0.37860390969685176,0.19390382937022632,0.6256850077992399,0.017359251067751942,0.9257327829088491,0.15540656802200148,0.733586592333658,0.05069942772388461,0.9983129416193288,0.15419098805813575,0.7379289610045302,-0.05065830548604333,0.9983764063744325,0.169686923424403,0.808847001620702,0.061135590253841354,0.30922153166362243,0.17685048140230647,0.8145545664287754,-0.05458493530750279,0.9707456145967763,0.1467316164856866,0.8878650750432702,0.08559141698337742,0.5074262987999694,0.14693518195833488,0.8970382327125193,-0.04441804438829425,0.9544828562509453,0.13986451640015568,0.9005463577452166,0.0864005801933153,0.5323437594232109,0.13975461324056,0.9109275369417107,-0.04454689526132179,0.9184036169733327,0.16569722621213834,0.8994137304169797,0.07611903654677532,0.6866672408013121,0.16882964259102246,0.9152771206129172,-0.06484896813829744,0.9501174972170882
69,1150.0,0.1822645181701298,0.5841630697250371,-0.010427850742070454,0.9997930044219614,0.1802794457901093,0.5769570611772088,-0.006036952004901005,0.9997594214621052,0.18001438251563495,0.5768053616796225,-0.006047946434201944,0.9997438930329829,0.17966178414367506,0.576665682452066,-0.006048843641543676,0.9998175104459135,0.1790872720025836,0.5770029936517992,-0.021903287796747134,0.9997670877547499,0.17801921282495786,0.576925016584851,-0.02191143270049778,0.9997447388512755,0.17683898054418123,0.5768869178635738,-0.02191764071938539,0.9997894849096034,0.1730540841817857,0.5803263556389586,0.021002836259348068,0.9995329238119588,0.17007462254592362,0.581199353649503,-0.04836857194701834,0.9997870638256988,0.18066720877374937,0.5917736008053739,0.0013714924765129894,0.9996909243719925,0.17920541763305675,0.5919183095296228,-0.018724827938491402,0.9998124639193224,0.16900455951690685,0.624727655024756,0.0723507411423184,0.9994159766605929,0.16263045299620865,0.6276626189549768,-0.08116360540900917,0.9999240580059241,0.18451994941348135,0.6645790281749913,0.06142458869587812,0.14726993299665916,0.18191032821223863,0.6779582812672575,-0.06335834555682687,0.9871715165319904,0.19739475704374781,0.6256513283366253,0.012623533562180551,0.32832916861488726,0.1963474537645069,0.6287258239019489,0.016281920396501122,0.9705890757696976,0.20257976651191725,0.610300061248598,0.007711751076082395,0.3706236694540299,0.20101095239321404,0.6169781684875493,0.016307567423653045,0.9543614586194363,0.19953772212777832,0.6065828459603451,0.007786137938854246,0.376132694028673,0.19612776381628869,0.6134219935962136,0.013212968284885098,0.9492871335574566,0.19613506183737817,0.6122187262489687,0.010486066718364054,0.3745944954100112,0.19381143578461252,0.6187569158417843,0.017803715054123186,0.9266349758420679,0.15602186464128054,0.7333089311917628,0.050724712333508934,0.9983696029299789,0.15428149913038536,0.7375384569168096,-0.0506868578848385,0.9984278026081275,0.1698551993994487,0.808845772629693,0.05959194153547291,0.3034943611848924,0.17653433481852226,0.8146362560135983,-0.05694954877807984,0.969349355924698,0.1465752735024408,0.8877239227294929,0.08348757347890315,0.5000533589294982,0.14687261411121924,0.897072993573689,-0.051677547750018926,0.9531227265085499,0.13982086664154425,0.9001791079839078,0.08424852149827147,0.5266128863607138,0.13952055999210913,0.9110853955859237,-0.052344355909597344,0.9166489413806377,0.16538626878034512,0.8993836868376965,0.07261632879575099,0.6834894730931241,0.1687691247179396,0.915536889008114,-0.07287152980764713,0.9490521748860683
70,1166.7,0.18197744588057213,0.583337681634086,-0.009111384062894759,0.9997984908875973,0.18000419012137836,0.5764234037626361,-0.004549206012771247,0.9997681237402424,0.17974766024521432,0.5762870709101363,-0.004559739093695371,0.9997517580077769,0.17941222943010798,0.5761677026748662,-0.004560361638487808,0.9998232892581402,0.17881294091542577,0.5765020336423605,-0.020671116454260705,0.9997771041733885,0.1777280689704987,0.5764334939775018,-0.020682030135676988,0.9997575595265351,0.17652433188188657,0.5764133135477706,-0.020690281476293308,0.9998000207401465,0.17264311725185044,0.5798789716902237,0.022930322392355845,0.9995564534550628,0.16965269687629894,0.5808257886341645,-0.04756947518104602,0.9997980282420211,0.18053788798195988,0.590832806768872,0.0028685618724141825,0.9996980088097716,0.1790400807346618,0.5910640869821826,-0.01758882021974951,0.9998123191651851,0.16933420158567897,0.6240471204121911,0.0743598409351849,0.9993350959959492,0.16250804776237138,0.6270428867567157,-0.08025381997937253,0.9999170672325868,0.18630613599504758,0.6615906641596845,0.06539207271167215,0.1590061216127306,0.18371106187502556,0.6711521091915318,-0.06244588785228279,0.9870783658254721,0.19731361667315178,0.6193030107588999,0.020464583344402782,0.3279638403937932,0.1960139090106602,0.6214188025111248,0.018018781296199292,0.9707312583923347,0.20218088797160572,0.6038392044249039,0.016617357109983775,0.36539542816934156,0.20047092082954604,0.6081615005220691,0.018233662471175208,0.9543677114305049,0.19875424248831627,0.6003478623571854,0.01729813093940418,0.3698575099309288,0.1954103665692467,0.6055764470781603,0.014410413180788367,0.9492530879520241,0.1958237999961491,0.606411715348562,0.019000503500657434,0.3694137008417223,0.19339796687875488,0.6113568402472,0.019267814854780844,0.9269033471743273,0.15684166905425856,0.7331249657131382,0.05082518146151592,0.998424206461226,0.15445046410674151,0.7370914533024748,-0.05079199763990588,0.9984921671095356,0.169828473812058,0.8088008023443682,0.061062632039898965,0.2977037713641214,0.17621149548462473,0.8146550768897652,-0.05915429141549842,0.9673161364737018,0.14643530263787236,0.8874890520459136,0.0874472693318413,0.49273409162248927,0.14669287417616172,0.8971038886478976,-0.05703395072902956,0.9514711839812149,0.1397877385218939,0.8996625769706006,0.08852978370019374,0.5209442660922099,0.13925993726367053,0.9113136898903627,-0.05814565984266149,0.91408486877169,0.16500300736654383,0.8992312323479432,0.07667972998959682,0.6805991274969923,0.16882351324671802,0.9158839242798948,-0.08039614132472453,0.947738985220592
71,1183.3,0.1815019732429869,0.582228609493801,-0.008723835549539049,0.99980496224903,0.17943508497306293,0.5756155337606161,-0.003931596298657716,0.9997791335696273,0.17917464531603325,0.5755041184879488,-0.003940732683986428,0.9997629750342604,0.1788505635091238,0.5754157531829112,-0.003940787609843984,0.9998305723780685,0.178342164981933,0.5757298100562327,-0.020380189376217994,0.9997888434500929,0.1772718890791849,0.5756653518903827,-0.02039398048960029,0.9997716858273469,0.17608123662925915,0.5756582106862753,-0.020404627635365456,0.9998110532760627,0.17202200421265207,0.5791933933893844,0.02438199298367616,0.9995823161942625,0.16921427349249535,0.5802043137096227,-0.04768709838390354,0.9998100116139373,0.18024984569776642,0.5895424456823444,0.003545110978718317,0.999710557006655,0.17880940650190638,0.5898433412824362,-0.01737936430921158,0.9998179901213881,0.16958817130043405,0.6227618257204696,0.07590731978416448,0.9992232634907685,0.1624763749894643,0.6258482478913812,-0.0806257966018859,0.9999091596830465,0.1881551685787384,0.6572058740116306,0.0655010452582723,0.17068647415865046,0.18545695926461914,0.6643220242999854,-0.06348466305505666,0.9869397935413187,0.19706292805217576,0.6132006049156193,0.01918542664498092,0.3265323851789749,0.19563579772199918,0.6150351024809342,0.017655813814296088,0.9705977752095184,0.2021059883492335,0.5975625316301986,0.015196614632649093,0.3589832768553782,0.19968168153649302,0.6009847919146225,0.017738583475528744,0.9538809259732571,0.19784115325836923,0.5947216664041797,0.01738170787159887,0.3625670132182896,0.19439243631703526,0.599277950468518,0.01346926238121732,0.9486659481411897,0.19542256991068535,0.6005753846395588,0.0183135659788691,0.36318750324703425,0.19275603053115675,0.605069722448077,0.018705842694977225,0.9264289027168644,0.1575770023323242,0.7328344100997567,0.051005823981194305,0.9984768231709806,0.1548725316921871,0.7362573061670581,-0.05098009162715507,0.9985535542170214,0.16990992710703906,0.8088389975684035,0.060836272580283075,0.29156746892702035,0.17557274798552208,0.8146492980775385,-0.060734256569828345,0.965123136838278,0.14632728412037815,0.8874777924446838,0.08663772543271389,0.48606612001146626,0.14639692008495342,0.897362547261375,-0.05865004889312249,0.9501176504861748,0.13978493781316859,0.8995219242005127,0.08770949216116049,0.5171686694735577,0.13894364734490722,0.9116611509096062,-0.059877305335941815,0.9117375498726261,0.16480253778752837,0.8991957732609347,0.07523393790636748,0.6785622693243485,0.16880253737881082,0.9162329123133711,-0.08402610534713388,0.9465462565422065
72,1200.0,0.18087053298950206,0.5805549195834572,-0.009069572624173908,0.9997979913439077,0.17867499589920055,0.5742673902284536,-0.004065050266771802,0.9997738032113945,0.1784042815367382,0.5742124801590334,-0.004072788393213639,0.9997595406713947,0.17809084412597487,0.5741766804740547,-0.004072054660701684,0.9998259657905223,0.17773850758870455,0.5743791092009776,-0.02075155292238509,0.9997844128381645,0.17671129604180666,0.5743338494073782,-0.020768519136167722,0.9997718362581169,0.17556902553354004,0.5743389527002974,-0.020782751164266054,0.9998099576859255,0.17128826535883418,0.5780454107693267,0.025206281936594438,0.9995758618627283,0.16877256049996342,0.5790481624149145,-0.04802489670969194,0.9998142520586657,0.17979475004332418,0.5877547122183304,0.003537868149578574,0.9997035151436223,0.17848684390385958,0.5880612560680938,-0.01774016754435643,0.9998111951918836,0.16942295715922412,0.6208148286456159,0.07704232171887448,0.9990904898870566,0.1624584666320257,0.6236239643323993,-0.08137430321602601,0.9998983939488735,0.1894733671631133,0.652696759927841,0.06548564703691578,0.18200695301805236,0.18729507497378772,0.6579678768203376,-0.06449971489963083,0.9864908939316167,0.19707952226911285,0.607668002446493,0.015913005208685296,0.32454599794887384,0.1953339931510745,0.6091635681334,0.017212691851281797,0.9700020012401407,0.20172841350237541,0.5920659729412628,0.011179321312478618,0.35177062522797387,0.1988297764744079,0.5951721185729621,0.017155519387285635,0.9527511199315396,0.19674972764083332,0.5892854957353506,0.015390992519401379,0.35455634480430986,0.1933901437691281,0.5938445812179933,0.012415169771494618,0.9473230271112357,0.1946698342050826,0.5958552048319867,0.015432436684412626,0.3561769454252155,0.19206813048748755,0.5995616458711175,0.018068550570335785,0.9250120378675921,0.15819755622318823,0.7319631831986568,0.05124138792355859,0.9985154838789084,0.155715686934335,0.734676116988773,-0.0512235851160118,0.998582962013427,0.16980582688535972,0.8089286401158293,0.058910139614627516,0.28363307742845467,0.17490092984267658,0.814704543068296,-0.060946379034292175,0.9616686389559799,0.1463274033296677,0.8876966152872365,0.08220490103676212,0.4789789858318514,0.14609354095799593,0.8977471362976808,-0.05609566948953133,0.9482424429484784,0.13983501210099186,0.8997904629934408,0.08302568999074761,0.5144311615398955,0.1387024372816087,0.9119934638341274,-0.05710789614490105,0.908740815662203,0.16482873190016983,0.8992803834733516,0.06939844769381347,0.6762520216760186,0.1686623508021946,0.9163159217153284,-0.08271976063648866,0.9448605208169853
73,1216.7,0.18038292583965132,0.5790073190416613,-0.007655153117541762,0.9997215696743564,0.17808285355567946,0.5726542217390882,-0.0028281627954649096,0.9996798265547986,0.1777840079296204,0.5725793724968324,-0.0028348541042457044,0.9996339366549545,0.17746503083478848,0.5725413816315792,-0.002834833271446684,0.9997432373818904,0.17730815566721428,0.5727169967833023,-0.019613242131613563,0.9997148712476103,0.17633373893442622,0.5726032143547426,-0.019630963160168574,0.9997134946641475,0.17523591646126352,0.572546589942206,-0.019652444248398158,0.9997668777193349,0.17066225764297316,0.5760798624583656,0.02593476041441874,0.9994295012383241,0.16850889367716665,0.5769289050783434,-0.047901110102733006,0.9997717993600035,0.1793613270634698,0.5859392484029138,0.004852425440081532,0.9995788534482328,0.17823582674775817,0.586198381015233,-0.016642327109972647,0.9996905497142254,0.16855009893576317,0.6172971640314379,0.0782695462306341,0.9988513674054834,0.1625832404409137,0.6201393320446926,-0.08152600909982416,0.999873876571656,0.18947061115787156,0.6476755653108874,0.07885012953054343,0.1878394321316766,0.1887801431474233,0.6519354354767577,-0.06863439047620415,0.9853517952419469,0.19708763772533067,0.6013944177400503,0.0465399798094517,0.321028598717281,0.19519908016636273,0.6028475846563071,0.006130290841351135,0.9690615790230894,0.20063308874766045,0.585314926647005,0.044613412049199885,0.3437234319391707,0.19819311371871418,0.5890433901832222,0.005103229301139007,0.9513133224986855,0.19553213602020642,0.5821707248687749,0.05069091672166476,0.3456540263834456,0.19275269267104933,0.587994427908035,0.0017952373739154584,0.9455243746439623,0.19370256364345567,0.5890260679381238,0.04677844129591474,0.3479484901541758,0.19158478648889649,0.5936282362256735,0.0072484940534368915,0.9228571937197737,0.15830589830875408,0.7300698728788472,0.05125217796081592,0.9984868083681386,0.15699304569335223,0.7320169352349786,-0.05123825655097057,0.9985106729325801,0.16951334973176332,0.8088952529998059,0.055846363128650794,0.27469114036787146,0.17417855560779583,0.8144091963768011,-0.05876757736716956,0.9544292858668743,0.1461717223837263,0.8882861449604949,0.0757208977426802,0.4717676455066321,0.1458878361043477,0.8981344671476461,-0.049282913761479544,0.9452137691634049,0.13978343918209996,0.9005859664508281,0.07617228336277468,0.5125804288046705,0.13863375712008713,0.9122188204810739,-0.04975515941069243,0.9054606897490372,0.16496908522787562,0.8995563614936108,0.06118991208218397,0.6720160728409182,0.16845663885275536,0.9160225334621618,-0.07573781907558447,0.9418948094050097
74,1233.3,0.1800514324789957,0.577314226400285,-0.007121060331839896,0.9996233270281845,0.1777140781992959,0.5705933854693462,-0.0025752516507747646,0.9995554231462032,0.17738537774199542,0.5704465934208465,-0.00258115409607334,0.9994680143537983,0.17705366228308012,0.5703489496594387,-0.0025829086357372875,0.999634762605032,0.1770436288345429,0.5706010205405103,-0.01935899337487563,0.9996213373683756,0.17612102627754225,0.5704009816760113,-0.019375240341538487,0.9996350492749903,0.1750645133711044,0.5702629742168248,-0.019402746465944122,0.9997085418019983,0.1702642156964258,0.5733847305888226,0.025693138174357887,0.9992387521834607,0.16843530109950486,0.574077753793626,-0.04844735704717185,0.9997130433718371,0.1790158422220322,0.5840391204470684,0.005320211284838266,0.99941353854679,0.1780435918342501,0.5842806526592803,-0.01627758664212058,0.9995285102299288,0.16729164975030092,0.6133354249454686,0.07921028314601813,0.9986192981402087,0.16303039093812316,0.6163035318965009,-0.08235209435224539,0.9998456778980445,0.1895013032924563,0.6421327846390865,0.09393336623907096,0.18951164044085017,0.19047325849533098,0.6464652844837738,-0.0749361089297704,0.98372198854174,0.19680918966020872,0.5961453205063234,0.08024419400663609,0.3145245384602322,0.19524252485661292,0.5970387714249752,-0.006667817836084097,0.9678184702282866,0.198751218262173,0.5791102449099227,0.08198719782133904,0.33300819425355843,0.19796960126786017,0.5831278392246796,-0.008483467656852949,0.9494012111709238,0.19393891025157214,0.576609245368413,0.08549420508955213,0.3341111867200763,0.1924427158775785,0.5820909199260534,-0.010442858972098863,0.9430834111713234,0.1923076581387294,0.583005541846866,0.08011734374754491,0.3370286382379989,0.19131207820915053,0.5878632948512127,-0.0052848751933890475,0.9198008037748797,0.15835589596203406,0.7275063111668547,0.051235795198451936,0.9984291820299065,0.15844890262399414,0.7290604682195758,-0.05122622350851698,0.9983790176255369,0.16897686961151318,0.8089902741568435,0.05345881464225909,0.26501734838599267,0.17320318803900775,0.8139944757734032,-0.05514381222781685,0.9418104773476017,0.14597541874363318,0.8888788421948757,0.07104118416706726,0.46361841332344816,0.14576485114438203,0.8984994803156179,-0.03961827765618055,0.9403210253942588,0.13968768148195188,0.901444179671152,0.07118403166532522,0.5115806318464737,0.13863464906102146,0.9123198929287145,-0.039397930726408986,0.9014631481397726,0.165164575690315,0.8999000730968664,0.05414839745277454,0.6651172297341488,0.16818365170842137,0.915426066943578,-0.06610207170957616,0.9371940096219387
75,1250.0,0.1798000690482913,0.5749257292066305,-0.007112365105145039,0.9994760780107415,0.17749548738911053,0.567856147175744,-0.0026818462869241146,0.9993729250771666,0.17714305931613572,0.5676288888567973,-0.00268832757137716,0.9992122877211805,0.17679385486103255,0.5674602219036652,-0.0026930417932037815,0.9994663000106818,0.176876859295936,0.567797496205285,-0.019450809097006222,0.9994845248404011,0.17599322682335278,0.5675095745495391,-0.01946533311690604,0.9995172534670156,0.17497833286012934,0.5672938880466283,-0.019496127696973953,0.9996229552087337,0.16998200828120835,0.569922370570047,0.025444044598511302,0.9989512903349747,0.16846716829708658,0.5705924431482955,-0.048895905415217114,0.9996277349335814,0.1787480676457997,0.5813771770113995,0.005320681369907803,0.9991892320769182,0.17787771565573568,0.5816486563001364,-0.016305061323302145,0.9992916413715915,0.1662414705469496,0.608702693666731,0.07946527784778964,0.9983133077621467,0.16372530446166095,0.612482192970458,-0.08277077440704625,0.9998058421271194,0.19028475242001686,0.6338693726630442,0.10299978156884518,0.1903873944566365,0.19223821163177504,0.6409259126299909,-0.08031840728861951,0.9817437501180747,0.1965647162426087,0.588408700057439,0.09533570857629897,0.3059024512767794,0.19532394834927164,0.5908773626599997,-0.016719983799183488,0.9661548109281638,0.19667486704531184,0.5709421038627629,0.0979346017397586,0.32016884571030046,0.1979256832883473,0.5771616072881793,-0.019007514430476102,0.9468426817939402,0.19225569920880467,0.5689899382137121,0.1011611423676923,0.32045012428647024,0.192241716242972,0.5761347923960008,-0.020497765924249393,0.9398831498055238,0.19102998574574803,0.575323445456369,0.09505437527384084,0.3239437199774245,0.19119799066157583,0.5820174132074633,-0.015307767017345356,0.9156700202396945,0.1587233678216027,0.7244590889839904,0.051160400999443904,0.998316651298887,0.1598031095096044,0.7258495972270063,-0.05115541194876039,0.9981565475463875,0.16804804830324094,0.8085644727661503,0.0523275933450177,0.25422766095116045,0.17173039700303772,0.8130480192956475,-0.051492070690507014,0.9236600200335192,0.1457591305176418,0.8893010446003511,0.06899494713261019,0.45142562190691665,0.14576249108428058,0.8985957900683093,-0.03289892187430747,0.9327758181662793,0.13957677355834427,0.9020260061536522,0.06896949417534334,0.5071292079630356,0.13866791412943896,0.912285418737503,-0.03234870306083137,0.8953312947636566,0.16526582269441525,0.8999182269686751,0.05034311452791808,0.6526419775826595,0.1679703167506628,0.9146345314525429,-0.05937383873831662,0.9300194439433876
76,1266.7,0.17962095283326662,0.5714993022737054,-0.006911345812979914,0.9993236206826717,0.1773555378119152,0.5642263406798957,-0.0022114133905796795,0.9991923996380404,0.17698712646961223,0.5639607736042571,-0.002217930309208378,0.9989491332144972,0.17661372749578397,0.5637442952110658,-0.0022246479112211456,0.9992908551579438,0.17674041787783318,0.5641237071582252,-0.019040622127552843,0.999350207192558,0.175881217632975,0.5638187754721873,-0.01905475459283308,0.9994005220276976,0.1748987145367124,0.5635912503514975,-0.019087544598040143,0.999539664813451,0.16978296708493018,0.5660529477255689,0.026834742476542807,0.998663573038011,0.16851016311418454,0.5668936315036959,-0.047986004324186454,0.9995482677505136,0.17858054737250023,0.5778550363722306,0.005796921129028007,0.9989751009714043,0.1777390376442956,0.5781367165701734,-0.01591474979761102,0.9990547810282033,0.16563023413930633,0.6038517469451545,0.08010804262899224,0.9979424646922528,0.16446101594538926,0.6087945841607598,-0.08273332991770341,0.9997609967277171,0.191345716516177,0.6237594343367081,0.10389377247719545,0.1923917560350329,0.19369440561249157,0.6343834485326498,-0.08357425353356776,0.9799974333672303,0.1963046654349283,0.5779494274230235,0.09529874314154904,0.2966573295139133,0.19535986937227717,0.5840390778723221,-0.018591046021486247,0.9644364260491878,0.1949275625603541,0.5604662895202641,0.09784543212680596,0.3066155896300363,0.1973725571518854,0.5700666932832631,-0.02078155458106528,0.9440008799235033,0.19094170771894015,0.5597162076405121,0.10022571434577313,0.3061815585408894,0.19178241704191495,0.5691060906364809,-0.02307051602041439,0.936449397177924,0.18997671916371314,0.5661889229502001,0.09466783684634034,0.3103216616880328,0.19089114098321835,0.5753510253770016,-0.01745809138464255,0.9113407958121533,0.15954183609712702,0.7211421302386698,0.05105636801038473,0.9981747979209543,0.16067394117514303,0.7226074281192967,-0.05105700414805189,0.9978969380969099,0.16702658221835193,0.8073736940111439,0.052117179724432215,0.2441238938342959,0.1699438918204536,0.8114696031525027,-0.04814745964748522,0.9022825700896133,0.14564554393291484,0.8891806006431586,0.06929221784784685,0.43595618861062213,0.14574687608650763,0.8982123902865826,-0.02873727794559231,0.9229815942900528,0.139536860443297,0.9018866249493197,0.0692430213093758,0.4992912198816031,0.13867282015936727,0.9116546000753137,-0.028140437833610053,0.8867191871007291,0.1653168776205609,0.8999962409337368,0.04936100170016292,0.6360849113691425,0.1677276981728419,0.9139875656082523,-0.056403773703745476,0.9206673105557767
77,1283.3,0.17908909065382833,0.5669420219603043,-0.004888325391913812,0.9992251169113893,0.17682567380723513,0.5599941497757326,0.0004732678200872175,0.9990852900913791,0.17646635288283952,0.5597924902325588,0.0004713509143108414,0.9987803896268216,0.17609101817721423,0.559614893935976,0.0004670522397472747,0.9991753186498378,0.17623779248623633,0.5598804468200325,-0.01665484217838164,0.9992724146161768,0.17542493911016566,0.559660789512453,-0.0166702037677169,0.9993335661434,0.17449978206838895,0.5595047133309505,-0.016703416770767608,0.9994935819080906,0.16945319516318197,0.5622838849113105,0.03154875905740831,0.9984923913365327,0.16838626137801593,0.563291001887549,-0.044712850380511544,0.9995107054710396,0.1781605985902606,0.5733430357206439,0.008393522196759786,0.9988595814931968,0.17733203300407968,0.5735734899838769,-0.013694115138302257,0.9989106910569335,0.16565832992394777,0.5994687988644558,0.08292049559808919,0.9976115964707881,0.1649770389000576,0.6052454085577106,-0.08214270855699274,0.999727720306034,0.1926949520905814,0.6122254445439297,0.0968653048787799,0.19463949189299645,0.1947280076288043,0.6263641544750763,-0.08349495132764187,0.979375634874617,0.1959130650474913,0.5670182023729601,0.07406970432826457,0.2853226306892579,0.19530628834451963,0.5765362609000437,-0.009649631242999546,0.96357867547444,0.1941788835184916,0.5499710781233655,0.07393049218115358,0.2912080898171382,0.1964765453622456,0.5623193071002055,-0.011074817451160589,0.9420538771720166,0.1900449082964944,0.5511720861707419,0.07629601125206271,0.29036021942184104,0.19105772603125815,0.562069001651946,-0.015515611232591006,0.9341622676168175,0.1892544222729548,0.5571723069463461,0.07291906539882938,0.2955849142301652,0.19039297884418865,0.5677714915502643,-0.009060526588222107,0.9086660998208189,0.16092128909769524,0.7175352204413645,0.05108626133629257,0.998071091515678,0.16132795810699474,0.719045534020379,-0.05109794934590661,0.9976998993328646,0.1660486303624654,0.8058488141922729,0.05187906041031796,0.23517283300558744,0.16770892412889582,0.8098277534757348,-0.046595818230084046,0.8822148555801035,0.1456328339519956,0.8888091047604885,0.06886754823582518,0.4187200651282359,0.14572241973309302,0.8976271748542791,-0.028553841901677018,0.912942094462259,0.1395775746731532,0.9014278565134327,0.06872894614934927,0.4900539318720503,0.13868322258903876,0.9105863486017507,-0.028156541997478145,0.8779024425007054,0.16532732688245333,0.9004350900650031,0.047666903407800804,0.6180988635335654,0.16761378376256864,0.9137525246256881,-0.058262024074792904,0.910952792281197
78,1300.0,0.17843003854865133,0.5619227886199956,-0.0023322540218941885,0.9991987972032463,0.17614019200915396,0.5555634981109987,0.0036661720590754664,0.9990636081922629,0.1758018050874984,0.5554931759834294,0.003670930696119158,0.9987386067708341,0.17543692106292375,0.555401322387514,0.00367110203729854,0.9991394394919992,0.17558358538718463,0.5554394778751196,-0.013744531465428226,0.9992568379356755,0.1748169100000746,0.555363311654046,-0.013762267661236591,0.9993238449096687,0.17395424559002842,0.5553105814116346,-0.013795956747517709,0.9994873858633503,0.16909259273892369,0.5587869144621354,0.036643095137107964,0.998459750697727,0.1681620968239649,0.5597989757855737,-0.04093260637351448,0.9995179488545379,0.1776314817723775,0.5686593708537878,0.011494395190051632,0.99885209117617,0.17680614902859654,0.5688186940692724,-0.010964441290568745,0.9988823476291845,0.16580234113193704,0.5964722718511313,0.08642455899999262,0.9974042290732981,0.16526339664345707,0.6017391085624699,-0.08129429285015384,0.9997111530531027,0.19368171337104995,0.6024678576560252,0.09329828974746529,0.19728851176443568,0.19558865541503556,0.6174537113734658,-0.0802115861858641,0.9795284129324421,0.19542607239314502,0.559287698495956,0.06381992569991525,0.2734122077624005,0.19515217485882003,0.5699701110521956,0.004174698956332926,0.9631241559982306,0.1936752157551903,0.5423418538911006,0.062198628449723875,0.27513728397233167,0.1954579232704073,0.5561438969203408,0.0035458254583534774,0.9405337174733487,0.1893898731186278,0.5446039296331864,0.06497272033066981,0.2741262323799589,0.19032359407061633,0.556396393548875,-0.0029996270050538635,0.9324801337151307,0.18880429296266477,0.550647806553614,0.06247073323244144,0.28063453946794803,0.18980167735190634,0.5615314131691347,0.00429323547342349,0.9070002578553706,0.16230584255286637,0.7140434214047029,0.0510996340640954,0.9980191758700787,0.16194639248507375,0.7155010671842671,-0.051123047158831675,0.99758248385929,0.16502599701994952,0.8042317174729853,0.051069066105853975,0.2281729167415984,0.1657564086573466,0.8080676538603653,-0.04632976367360073,0.8660749367305217,0.1457361053852809,0.888095466863542,0.06725510635546281,0.40370950528553584,0.14568915963172924,0.8964826493036185,-0.029929549921126612,0.9042199424334941,0.13979720714546395,0.90054981765293,0.06698197658572883,0.48324841970489174,0.13880818159807307,0.9086730820792068,-0.029731142290291352,0.8703747789065049,0.16506802255199082,0.9015518114680342,0.04546164100368821,0.6027964637393047,0.16736340451808215,0.913803866931371,-0.06233062009726256,0.9024300291424713
79,1316.7,0.17796257634957646,0.5574603875478112,0.00036428930304412366,0.9991847872734076,0.17562636662097217,0.5515919895399188,0.006755314346048098,0.9990563591321316,0.1753065288066865,0.5516093713896619,0.006764488749294768,0.9987151338940582,0.17495419085025798,0.5515926196461636,0.006766682402009061,0.9991183564776474,0.17507179294313713,0.5514424074263804,-0.010888766674768364,0.9992557905969174,0.1743282349336716,0.5514372871035624,-0.010906972390200418,0.999325905527388,0.17349510462511164,0.5514369237990611,-0.010942475338067335,0.9994910132317323,0.16890071971075887,0.5554863924071907,0.04063802425350464,0.9984632333119717,0.1679735751379105,0.5562310076895218,-0.038003254504430886,0.9995337894984662,0.17724305675143298,0.5644829585438687,0.014486259115593784,0.9988552275158117,0.17640773455301934,0.5645266118503756,-0.008317212818101764,0.9988781525975189,0.165723672934941,0.5936365893908915,0.08990954820598882,0.9972407562392106,0.16562348888033923,0.5976523615065079,-0.08025639788025907,0.9997015112922313,0.19397969685849703,0.594253295943851,0.10136610269546516,0.19795878089609614,0.1965590935377849,0.6078621972174876,-0.07818443434579038,0.9799173048564374,0.19500870789800384,0.5500826608567015,0.07831093633458734,0.2614367909374693,0.19510864501907726,0.5613988382475721,0.009001892560350139,0.9629694904599878,0.1933411728768123,0.5336214474269325,0.07709549775435817,0.2599045094989597,0.19462340715385634,0.5483976914769131,0.008651491720229394,0.9396317061923806,0.1891611346176694,0.5355895672525682,0.07964843937328889,0.2589564947854907,0.18989280079092313,0.5485523456618904,0.0018139647380892383,0.9315866345450998,0.18862772697494157,0.5416500653539389,0.0768969364109494,0.26697931970868816,0.1895244568586351,0.5530084854080567,0.009102161968171249,0.9063610122317366,0.16316825009527672,0.7108721165429983,0.051292887933197515,0.9980013370513924,0.1628064711888632,0.7123079867590046,-0.05132687145045829,0.9975277015141086,0.16429039835929882,0.8029691605340873,0.05061022830860959,0.22339105818952848,0.16443920632203432,0.8064501086870836,-0.045977106051785635,0.8513977187020444,0.14574941850843895,0.8871563701402579,0.06819665254581547,0.3915503365652905,0.14570842186609917,0.8951681568509063,-0.028699750878981203,0.89711971793856,0.14001863981996274,0.8993157318660198,0.06806198188236787,0.479792477119537,0.1390680479151863,0.9063809627578379,-0.028414493781470138,0.865339494886853,0.16444271802902233,0.903054262910571,0.04486959108284545,0.5898335348992125,0.16700199104490748,0.9139626991181153,-0.06362341362096019,0.8950827547482089
80,1333.3,0.17775720783642374,0.5535866958754407,0.0024190884488191292,0.9992154609589357,0.17537691266763789,0.5478921901612059,0.009090960602320383,0.9991040371713191,0.17506685356299095,0.5479660658609303,0.009101862065671462,0.9987762002717888,0.17472193425609964,0.5480043405578254,0.009106285116147434,0.9991543520064587,0.17481211892196125,0.5477822281065445,-0.00900706320646264,0.9992915533837825,0.17407024687244793,0.5478489257040482,-0.009023592629957774,0.9993632549331308,0.17323633460771481,0.5479159213247757,-0.009063404319541802,0.9995190444446752,0.16887983537855616,0.5524436377343682,0.04337427623215179,0.9985828853788837,0.16785031840914783,0.5529642303784692,-0.036432614638691886,0.9995784248624537,0.17703735970315493,0.561118929159074,0.016763878054916873,0.9989121698197871,0.17616051790260145,0.5611926970027745,-0.006681396869853853,0.9989326823325391,0.16551722089449578,0.5915144653547382,0.09343819355680835,0.9972256422042854,0.1664349245173592,0.5932882655234568,-0.07934390469675978,0.9997002482414253,0.19414035195396073,0.5867740767342707,0.11320012382098614,0.1984872456107822,0.19783427885600513,0.5967238403501969,-0.07686603778884529,0.9803257641338172,0.19442994041102285,0.5420336297580177,0.096377795296056,0.25154728761741113,0.1952480020977203,0.5512268202645442,0.013090733186497052,0.9628720879554755,0.19281036158402776,0.5262490227108914,0.09544667051661589,0.24694339576221666,0.19414297810622638,0.5394559530984792,0.012140712212948582,0.9390163648696179,0.18906997853801377,0.5277236728441151,0.09746986343747102,0.2462374951158253,0.18962490842455923,0.5392126951898851,0.005399381818105694,0.9310397676059183,0.18824879115536114,0.5336612264315291,0.09471749993307257,0.2558745365767254,0.1895353311584111,0.5432713712964743,0.013107355689585574,0.9061391949653632,0.16357472113200608,0.7083573880649754,0.05217239171976139,0.9980505875178753,0.16371829665842524,0.7097174695559916,-0.05221125448033927,0.9975654227393022,0.163761942159562,0.8017660521325616,0.050547416721071554,0.22063633231889648,0.16378775309948707,0.8045983910560615,-0.04584452687274845,0.8395916450591321,0.14602664042086838,0.8861506325857986,0.07062521931670966,0.38292519677253023,0.14589187219029393,0.893587958245051,-0.026523223590283185,0.8924791756130407,0.14038903017838805,0.8976722842171085,0.07075657872926626,0.4809380897453857,0.139417330423991,0.9038325775237317,-0.025963393173047494,0.8638300299644477,0.1637191339617685,0.90474154551824,0.044708966321888456,0.5797281974837898,0.16662217108976285,0.9142011091822676,-0.06283917810235709,0.8899022085326065
81,1350.0,0.1778396282877242,0.5501487709227066,0.0027983819711066447,0.999163522606805,0.1755048256544841,0.5442216878845582,0.009103122100766223,0.9990538018090391,0.1751969825653804,0.5442832907040918,0.009113123396500243,0.9986843097777601,0.17485341855457864,0.5443006697155184,0.009114195725747523,0.9990942109198805,0.1748924113455274,0.5441195198467803,-0.008573625591539206,0.9992649810654783,0.17413370098386505,0.5441701639266245,-0.00859020650386811,0.9993385530653461,0.1733016804570245,0.5442113706043792,-0.00862639552603166,0.999506368523553,0.16902599448249467,0.5488901791118445,0.04213784670545945,0.9985477612132125,0.1679300687142782,0.54924179826464,-0.037758460179680896,0.9995872321582984,0.1770517613206592,0.5578006420816698,0.01672310745787054,0.9988671484447669,0.1761749883492789,0.5579989580881032,-0.006258913094089149,0.9988873742875606,0.16540394297667926,0.588330984115601,0.09395254616226476,0.997043552852813,0.16762031543822528,0.5881494794573108,-0.08050560312611722,0.9996805134273717,0.19460677461964757,0.5773946756408332,0.12222991528965187,0.1978484690189363,0.19913292073068178,0.5846925377845769,-0.079679124057293,0.980410590058282,0.19461835636979072,0.5315226288068866,0.10989649239040564,0.24242425674483908,0.1956051559675309,0.5391950919514614,0.006568038953922783,0.9627218927655908,0.1928054605211532,0.516272209939503,0.10912911469737697,0.23543152000222906,0.1941244630586535,0.5285770765372688,0.003744171910165324,0.9387964152154475,0.18930853122756608,0.5165075248196015,0.11050835180850264,0.23506166963350222,0.18954755011059005,0.5278975339162921,-0.002136323736825338,0.9308937844775979,0.18852952193646216,0.5226789230392097,0.10817901719184157,0.24643396479742888,0.18984672427177443,0.5314330529598966,0.006614785081529552,0.9061638939948315,0.16374517054784876,0.7057681083679204,0.053397616814999396,0.998100195612227,0.16459978549253385,0.7071465480895275,-0.05343533644363997,0.9976197793370208,0.1633981111503784,0.7994401852289841,0.054150204218569295,0.21941904297896808,0.16346053566251495,0.8021347636268258,-0.04445325476782666,0.8310982244355344,0.14663003597940727,0.8844718819572819,0.0799718591428939,0.3775830751373657,0.14631769912583498,0.8918382638976694,-0.02102086156429281,0.8905967048236307,0.14093376979941424,0.8952673645246603,0.08071005273432964,0.48501068921316276,0.14001906982490003,0.901550037520273,-0.02014396175564756,0.8654180594852999,0.16307854581446887,0.9057967407362809,0.05302725483973825,0.5735706545057755,0.1663780070486524,0.9143867095311489,-0.05811506740394097,0.8874699530147376
82,1366.7,0.17806432147820803,0.5470406157629835,0.0029698094225577326,0.9990091125170397,0.17570915463424877,0.5408320057959788,0.009264707243779594,0.9988529313178297,0.17539304211026158,0.5408277539979848,0.00927023554132099,0.9983621835708626,0.17504151378359126,0.5407729858443855,0.0092704176259715,0.9988945722579963,0.17506371438503276,0.5408046217191791,-0.008502073719033179,0.999151113487426,0.17429473854246608,0.5408423230761576,-0.008513980722498333,0.9992191848300759,0.17347999271892378,0.5408799960499722,-0.008547551752555943,0.9994272305851898,0.16912432582605463,0.5454379518826806,0.04188397047775135,0.9982085710480106,0.16804473314966487,0.5459069098745077,-0.040873150208166696,0.9995111596016664,0.17726044995444173,0.5546065398624969,0.01670454506806676,0.9986174333663221,0.1764580337774187,0.5549857304209759,-0.0064915028578114,0.9986304640769965,0.1654300533589864,0.5837339616957169,0.0944388512344588,0.996685255141486,0.1691078543663026,0.5828828981944497,-0.0845535759414946,0.9996319157736648,0.19471150281883437,0.5653494766780313,0.1251524644238609,0.19614312265600492,0.2000085363785427,0.5723021115575522,-0.09115084225223184,0.9806112505140765,0.19543361663818376,0.5186016446068177,0.1091781627564204,0.23871415640626653,0.19662908287275419,0.5242602711632143,-0.019142425782601582,0.9631924685977761,0.19348496766317475,0.5027548358553936,0.10812465527227955,0.23104378864878716,0.19515884419282292,0.5124617431844987,-0.02584889047734796,0.9397756457328803,0.19010793595086975,0.5023645488988789,0.10935400284471974,0.23116161142076783,0.19047060750779665,0.5119374068010425,-0.030241567692774852,0.9320554080463598,0.18950365767592492,0.5092349393027173,0.10688595402808423,0.24417349199454008,0.19106096455029092,0.5159879341011959,-0.01907301380942089,0.907709343092783,0.16390922523680201,0.70262170405615,0.055050749154317985,0.9981283800942564,0.16526240607102724,0.704064894290198,-0.05509184283160032,0.9976498995508474,0.16335164081482673,0.796015097981408,0.05925545522144867,0.21789468044326435,0.16352072003341867,0.7988242166382931,-0.043193836119912954,0.8270540947005869,0.1475428044795991,0.8823187266077321,0.09055735951378238,0.37298057760511155,0.14705570325964984,0.8898881475130723,-0.016783484257757678,0.8914453245344622,0.14162295418126253,0.8924716824576974,0.0917962590853374,0.4891537853649688,0.1407959901151204,0.8995165455909009,-0.015740102112648043,0.8694438026064925,0.1627470524538132,0.9063586592674263,0.0634822205063843,0.5692579206966222,0.1662270043577468,0.9146212963830863,-0.05406387505077184,0.8876132539340433
83,1383.3,0.17820568311782123,0.5443837415604368,-0.0003197700938298588,0.998819203603836,0.17575836110682727,0.5384362311590289,0.0061479242562892935,0.9985847473144538,0.17543704452968792,0.538418327059065,0.006147007568783708,0.9979406141099483,0.17508769248213102,0.5383530514580867,0.00614814429233472,0.9986370943841487,0.17510546885785616,0.538500995863052,-0.012301096470937852,0.9990007508368727,0.1743426344224386,0.5385777297474093,-0.012302580378240073,0.9990521555855167,0.17356144317558847,0.538664003213247,-0.012333502904290253,0.9993106864747554,0.1691391475143888,0.543019411109743,0.03941745639202143,0.9977137474786675,0.16816239839508434,0.5436632917040874,-0.04796298806156435,0.9993786896978113,0.17754062442552487,0.551747682548705,0.01378944785600263,0.9982681643395204,0.17689673176833576,0.5522075976644247,-0.010412750521763457,0.9982710991586965,0.16562760727746156,0.578360497951508,0.09272720842134392,0.9963074979327982,0.17063198345048097,0.5774002784774421,-0.0931043323306811,0.999565467948006,0.19454814351740352,0.5511272123881753,0.12201672189292463,0.19392188319138132,0.19998933658713403,0.5594376410756796,-0.11297496833971576,0.9813676249413271,0.1970272411902747,0.504013089906602,0.0936260368852389,0.24666422321682901,0.19914631545543685,0.5091162877423426,-0.06556730889133182,0.9649736086527514,0.19527961597556176,0.4874912032059264,0.09085140164409372,0.24066386974993226,0.19833473790259604,0.4951300748756957,-0.07821361678430727,0.9428337982722698,0.19230955697241298,0.4867812920184367,0.09289042970963893,0.24144665967850476,0.19408531132198528,0.49439642826716146,-0.08002451472705059,0.9355022538275952,0.19199954753830334,0.4938875081993288,0.09010604236807149,0.255717463436581,0.19459903453077604,0.4992152267978308,-0.06526870165751986,0.9120491544405627,0.16424815640563067,0.6990436060088026,0.05699500689903898,0.9981492615881427,0.16576168650672563,0.7004130255608336,-0.05704245805030782,0.9976578014237547,0.16340569655100518,0.79231817097891,0.06674486753486457,0.21697751964841586,0.16350857700620391,0.7955830522945955,-0.042025646638302605,0.8292100230852769,0.14868181801977623,0.880242029825847,0.10471109655641381,0.36797443174180555,0.14807424658820753,0.8880608422415603,-0.012548842666936781,0.8949349153609509,0.14251206176621584,0.8899393024898717,0.106538131478287,0.4927860001722975,0.14184027768316734,0.8980261456398744,-0.011356348304876267,0.875737661407108,0.16276307191167572,0.9063338580585668,0.07823997416666581,0.5654714902242028,0.16629405603522357,0.9147554238637294,-0.05099725794224516,0.8903426300911683
84,1400.0,0.1787234126102358,0.5428169596762888,-0.007027742430745141,0.998644757838477,0.17594670397894735,0.5373110969861352,-0.000671916319766925,0.9983125783148272,0.175602191970462,0.537310932363783,-0.0006786758035776163,0.9975124994913744,0.1752432364793052,0.5372556731814433,-0.0006785634350741197,0.9983718310083669,0.1753547439972561,0.5374503816877096,-0.019565997379166755,0.9988519719668805,0.17462095334416355,0.5375957290331527,-0.019552924847673816,0.9988729130654115,0.17388530643213376,0.537745365074703,-0.019580225548928708,0.999178832485563,0.16936592757701885,0.5416843692461653,0.03317924092213315,0.9971573835327519,0.16856230937299288,0.542589162077223,-0.05710095486470636,0.9992063187417537,0.17828102551755465,0.5498614169302445,0.007502000956308279,0.9978916020620444,0.17788158286185501,0.5503387422788715,-0.017608511549908504,0.9978810690698177,0.1659965508040929,0.5726681749025985,0.08775125266540623,0.9960606722604668,0.1720497927495413,0.5717851406052004,-0.10300363387380335,0.9995016909780963,0.194192966534978,0.5363459076200217,0.11870274941126516,0.19378103954451437,0.19952339998313373,0.54613242830549,-0.1370385338862738,0.9825559996423274,0.19884007956300476,0.4912120714074093,0.08269767924433669,0.26868369110992996,0.2025162272510076,0.4942237337430322,-0.11696805183808993,0.9675785246349524,0.19747848666849604,0.47338680568195557,0.07886284731683282,0.2659437017781396,0.20296657653082,0.4782571338471916,-0.13542879452662818,0.9470792270842059,0.19538047696862915,0.4726462534495766,0.07975444375049506,0.26734207428637025,0.19979291657606774,0.47682303190231357,-0.1342618487597932,0.9402436897868208,0.19561167628992188,0.47907813815843525,0.07768396465551292,0.2821541776259742,0.19963597257932042,0.4831984000546595,-0.11625702084330407,0.9180599479448235,0.16480796393894026,0.6955282092094427,0.05845242738723759,0.9981626442500531,0.16629034777482363,0.6966681054660258,-0.05850968687307272,0.9976361535844356,0.16346838360741037,0.7894370811326169,0.07403007415788519,0.21890614501067585,0.16349371203354437,0.7930744999930979,-0.04103067588238492,0.8362054682913287,0.14988460214365107,0.8786518573760993,0.11769485083364313,0.36520608124278864,0.14937223352137075,0.8865771662621277,-0.008962625748522232,0.9005765971683327,0.14361330299150388,0.8881828955241617,0.12000121318158659,0.49865013928640495,0.14325280771369037,0.8969727243695946,-0.007638732703136551,0.8837209343910224,0.16295580778803156,0.9061425725619006,0.09260236294496635,0.5631442580904283,0.16637034643264054,0.9148799379666652,-0.049233090664659265,0.8950994298571637
85,1416.7,0.17959696267332362,0.5398469226700923,-0.014721076796940052,0.9985302374476486,0.17636495544796912,0.5353208042326432,-0.00804685960922923,0.9981160249028894,0.1759904544977916,0.535436278297788,-0.00805514339091523,0.9971958200136828,0.17559809344155458,0.5354867265337994,-0.008049900000471451,0.9981779285839634,0.1758567158664977,0.5354477819942296,-0.027789940702773297,0.9987512486321592,0.17515505282651822,0.5356968527748475,-0.02777280600830205,0.9987363474709654,0.1744524105673746,0.5359423756599431,-0.02780473981762218,0.9990741241545911,0.1698585060380755,0.5401689608891809,0.02702026246559054,0.996718278953008,0.16924870156106508,0.5410614070438207,-0.06429133032049456,0.9990490646589377,0.17945773686681488,0.5467489390146169,0.0007454805253517063,0.9975989801543106,0.17925182978312187,0.5469783175559275,-0.0250768387645838,0.9975776871045436,0.16650146033082702,0.5676356923012511,0.08315361681438632,0.9959353236925041,0.17346095258281358,0.5658892336345858,-0.11084623492899404,0.999452730019888,0.19347265291781665,0.5251564894403734,0.1214048269958724,0.1934825848965419,0.1992683431931906,0.5327786036900115,-0.158973779706728,0.9839992977323994,0.20018173683257345,0.4802244248844332,0.08110471708433975,0.299273898913747,0.20698996668770214,0.4789869685967767,-0.16351270833097056,0.9706323799632851,0.19939455319018606,0.4625338656561718,0.07661470593441105,0.30150756310848986,0.20875039199988063,0.4618915617465976,-0.18597911555497432,0.9519986198061995,0.1982773514021012,0.4613561062585743,0.07337264503751488,0.3036549148105442,0.20599325994650536,0.45999739283607155,-0.1810684693711146,0.9457397290638522,0.1988784429572879,0.46656198019073153,0.07392610254741855,0.3184052464507877,0.2052289581014998,0.466875391347068,-0.1618067944710632,0.9251237653550654,0.1653608935219902,0.6928793078377138,0.05947258057338855,0.9981828757694797,0.16700914147354318,0.6936813706443428,-0.05953683420306165,0.9976170318467283,0.16348347706454153,0.7876088165101556,0.07852791072357275,0.22245995345569808,0.16338700197991884,0.791557961986179,-0.040200925476494315,0.8442859848340358,0.15086862232003906,0.8771174890654434,0.12516443679730105,0.3632019346668609,0.15068894979499647,0.8856006491751904,-0.005928465231720894,0.906738528183529,0.14470062582265775,0.8864999214808154,0.12779192271686746,0.5058707793553674,0.1447294042223977,0.8959658883866816,-0.004394982276218281,0.892192287104471,0.16296764995370605,0.9058555563290921,0.1014636783372789,0.560467796666282,0.1664660941986812,0.9150076423372548,-0.047418347781612795,0.9002538323402411
86,1433.3,0.18049266792479027,0.536000089985984,-0.020703854205619026,0.9985075961975831,0.17684599402404977,0.5322899562971937,-0.013264157986711898,0.9980554694221141,0.17644123804001594,0.5325431341216682,-0.01326963496172713,0.9970885032699229,0.17600011470771984,0.5327277098383226,-0.01325326007125634,0.9981190335182923,0.17642368092423408,0.5324087086178011,-0.03416722080492905,0.9987264871597298,0.17574100551151106,0.5327640119053072,-0.03414894045064494,0.9986787069411511,0.17503743157500323,0.5331176519393925,-0.034186415740155775,0.999024899232956,0.17037676700523935,0.538351850850242,0.023041718772479482,0.9965468276114697,0.16990596055984508,0.5391500024568471,-0.06922459620095439,0.9989448416800734,0.1805891110783533,0.5431887479055499,-0.004291300018805837,0.9974728737558645,0.18042550271465677,0.5431317715417775,-0.031115630209179884,0.9974387089411425,0.16708971630959296,0.5645004198664714,0.07947281925451194,0.9959149843170536,0.1744420819339299,0.5610859394073491,-0.11399827046053758,0.999419638088772,0.19263931754089553,0.5178859602837339,0.12487097297395988,0.19290617959839973,0.19887833013421027,0.5204303633599058,-0.17003364506221963,0.9854447132065189,0.20047470217659374,0.47195018331209854,0.08322073838540492,0.330772460926147,0.20999976283028027,0.4660910453115194,-0.18205447211152045,0.9734220022246958,0.20031599771408823,0.45546948625927913,0.07891605191287546,0.337667844125203,0.21294141383398163,0.4507446658043638,-0.205772278564317,0.956448308059148,0.19996557987871638,0.454111476739248,0.07072810154585615,0.34063614408175175,0.2101439854928427,0.44859473762058105,-0.19900044373103565,0.9507273009845196,0.20048499462150407,0.45813212792078684,0.07512032950208306,0.3550351560115817,0.20905220437617544,0.454721699158351,-0.17970102848041639,0.9316301572890515,0.16600754218442113,0.6911666960943318,0.060121371277741066,0.9982074470747092,0.16757867449805863,0.6911941057159792,-0.0601793712093717,0.9976147583552777,0.16352246205012017,0.7863066820871267,0.07853024949630108,0.226447166431518,0.16334432718299696,0.789772652444386,-0.041436364962941154,0.8533076133046837,0.15187087158362084,0.8759417732556667,0.12687990637052637,0.36125727068810265,0.15188568759532212,0.8845855167933878,-0.0072063802120586285,0.912659889175779,0.1457441087280002,0.8850051930972513,0.12964963274342683,0.5125936241376972,0.14593298449402775,0.8945901110058746,-0.005861433245064251,0.9001247967992517,0.16326935021650235,0.9057275993483414,0.10085417365744007,0.5567347691172649,0.16664715962750581,0.915143129371462,-0.051384135725952365,0.9051670999754049
87,1450.0,0.18146401147047692,0.5317117231232783,-0.01756376719900541,0.9985394875208544,0.17760122035230924,0.5283314727601555,-0.009805918316401194,0.998095373312633,0.17716555226416827,0.5286854108174646,-0.009803486987948425,0.9971314271291105,0.17667342651458026,0.5289406946727212,-0.009780857534635642,0.998156510648274,0.1772398969956808,0.5283210334323705,-0.030695827738825433,0.9987582507587621,0.17656016136918762,0.528669465155829,-0.030682459645461138,0.9986887063298914,0.17585215256327685,0.528989238398416,-0.03071449934837544,0.9990297782988782,0.17116683437710728,0.5354048269135616,0.026322827984889368,0.9965972872007468,0.1708035646449953,0.5358985775992988,-0.06527922391181905,0.9989128680456258,0.18163308288369873,0.5391493468057545,-0.0011291981985171646,0.9975023184503835,0.18143567513851905,0.5387532739412221,-0.027728972695989642,0.9974655565761391,0.16791154231343963,0.5627380836577647,0.08128202351785847,0.9958662305559438,0.1748918543259304,0.5567977229754134,-0.11119523431573602,0.9994013905525214,0.19224615040279586,0.5148274416015266,0.13224018648976382,0.19175841127123167,0.1981624109404429,0.5112283655575347,-0.17096436378501723,0.986689814499447,0.20029477917012728,0.4672323025408249,0.09085839986801153,0.35526755877903554,0.2111769467592241,0.4569629019214997,-0.18603099811644797,0.97580107053121,0.20047919736022057,0.4524434918449042,0.08697236967938293,0.36561848010335674,0.21418614046914253,0.44391079459871596,-0.20897414925552565,0.9602654122170955,0.20030209705943167,0.45069044686499127,0.07287451731307171,0.36920464748428006,0.21141135976428094,0.44198452007202904,-0.20161709898994096,0.9549854227474764,0.20064621525151405,0.45407616382553495,0.08221335034994859,0.3835284951187318,0.20986841264225203,0.4464488824208581,-0.18328262368838005,0.937189337753115,0.16683601907321396,0.6899610048248659,0.06026407224791395,0.9982423526900162,0.16806962518464963,0.6889620309784303,-0.06030836985224774,0.9976611733436591,0.1636437759512948,0.7852126473472237,0.07642861491157901,0.228655625666891,0.16330617453370788,0.7882259715171093,-0.0448350406118802,0.8611774501346413,0.15291289062727076,0.8747781004224511,0.12291285537538084,0.35778982866378084,0.15296127327850897,0.8838777598880592,-0.012875703540408904,0.9172905655134299,0.14693638824281247,0.8836410215922771,0.12532308946053194,0.516880293687185,0.14708661252544053,0.893473074549721,-0.012026752877448296,0.9070371077174239,0.163933296998342,0.9057471156120307,0.09442158752963664,0.5509167540641062,0.16698799956412552,0.9153659996532265,-0.060151163843416074,0.9087662129175103
88,1466.7,0.18224610814026437,0.5285263913018367,-0.006371458859315945,0.998595799718585,0.17840214712279195,0.5249853900500709,0.001710678262281277,0.9981716559046798,0.17794215963000354,0.525379802499499,0.0017189094131546375,0.997234327452524,0.17741136820543393,0.5256684053511851,0.0017475225585734573,0.9982358529454193,0.17809836850279867,0.5248351295789087,-0.018877839436754598,0.9988100102969586,0.17742652126720987,0.5251016162690667,-0.01886629563800637,0.998730347270058,0.17672304525261845,0.5253274270466399,-0.01889178708993964,0.9990621464593077,0.17199525591873,0.5327913988204234,0.03738549990313396,0.9967243614650916,0.17175365203902848,0.5327144719305497,-0.05344044417142872,0.9989189420427602,0.18231830852372316,0.5361489937418986,0.009640922481637632,0.9975854754447945,0.18205523419947864,0.5355638861656193,-0.016666785513128477,0.9975438969475889,0.16865635131086634,0.5626619117600582,0.08857921120666329,0.9957925875981655,0.17485249964963834,0.5538949029786251,-0.10300398617982871,0.9993924867539187,0.19173121097542006,0.5146944551240833,0.13854044179121663,0.1886344651381176,0.1971213831788019,0.5063246772402812,-0.1637945224841437,0.9877900055476605,0.1996503231071292,0.4655703575838183,0.09559641778469094,0.3706996086097901,0.21038100052447561,0.4508418696267268,-0.17907834053039565,0.9779095649719245,0.19998117997532816,0.4529331241335191,0.09213699897130337,0.38393055683090604,0.21266792856511632,0.43873716252190753,-0.20007700437591203,0.9636471839178183,0.1994574687310629,0.45054342207454534,0.07806807472592314,0.3879581377619791,0.2103946535360247,0.43765595839137156,-0.1938863417931967,0.9587369078681589,0.1996792994794393,0.4541225319816956,0.087690884868304,0.4025894871779854,0.20876266700880886,0.4411939098721462,-0.1765153805414837,0.9421149974777592,0.16760487428733292,0.6886600085667207,0.06014579428093779,0.9982763926188158,0.16843442831720634,0.6863847460065574,-0.06017809999840604,0.9977343593324941,0.1639609869037357,0.7838838582947146,0.07037838158153358,0.22699161299637402,0.16340640967800513,0.7864193377040687,-0.05083989529382618,0.8677401968411043,0.153938759650503,0.8738511261485878,0.10852810492118208,0.35173968332154437,0.15386725394498746,0.883357587314788,-0.025802594942173806,0.920385400454204,0.14812821575573523,0.8826829422087903,0.10985413548492258,0.516659966536931,0.14801139136155456,0.8926704384031756,-0.025879319912443577,0.9125995153472544,0.16497465187595015,0.9059396755127688,0.07815954355256904,0.5423163771629338,0.16745662263461536,0.9157808962322423,-0.07465062787135449,0.9107874858947034
89,1483.3,0.18270782416775128,0.5270124900908701,0.004230592843322531,0.9986864697365541,0.17905555523577205,0.5231716093562901,0.01221683978413543,0.9982984037626365,0.17857463941687643,0.5236008053734192,0.012227001333875324,0.9974209637868978,0.17801869554179067,0.5239312875838511,0.01225609764722842,0.9983674145880206,0.17880354395934528,0.5228769325074699,-0.007820325731743311,0.9988894774800262,0.17814610259873537,0.5230585393451512,-0.007807221224841977,0.9988089487666183,0.17745800529207514,0.5231921644437885,-0.00782544541704868,0.9991225571859457,0.17266784395490387,0.5313942347254076,0.04729548974760944,0.996960639953614,0.17261561609449855,0.530706019628616,-0.042406238970302434,0.9989720781644194,0.18260510762532564,0.5349003246852333,0.01967413556052462,0.9977423747380582,0.18230251967906963,0.5341856649943765,-0.006308604150295395,0.9977010119529004,0.16914116059030818,0.563755327746982,0.09533569429601949,0.9957443163508468,0.17453255256017064,0.5523421026411515,-0.09504981374456775,0.9993870996293576,0.1913054010697775,0.516314424219586,0.14152594123567863,0.18412709661892496,0.19589410438424082,0.5042237440745039,-0.15943846887066263,0.9887330191476013,0.199207059684254,0.46487421365011344,0.09636493807747257,0.3807044809772857,0.20900705740565362,0.44971114964712267,-0.17695057463078284,0.9797205300558188,0.19958963990211503,0.45451433885665204,0.09287676782835105,0.396694905701138,0.2102990228505363,0.438196937243144,-0.19691262642542534,0.9665465326536276,0.1987271968807494,0.4514806497664682,0.08152645010323759,0.40098680910610046,0.20888695972306404,0.4371088970275156,-0.1916179628599259,0.9619230315798811,0.1988793668292819,0.4555855606283464,0.08907020943505428,0.41605152686437,0.20731085255032508,0.44062895434243365,-0.1746264830941247,0.9462701337678099,0.16808397784119572,0.6875627239545192,0.060042760734047254,0.9983087210428154,0.16872594541027444,0.6842840597743085,-0.060064002694118636,0.997814161436899,0.16441147455147345,0.7824882751419436,0.06485484238891379,0.22397212826070348,0.1636018142813729,0.7849878640401937,-0.05691869876214441,0.8737874627113349,0.15484001239140838,0.8733389405977166,0.09502216002770841,0.34531857002349153,0.15463650439466758,0.8831478754679368,-0.037954506153861714,0.9225849367323382,0.14923273026943218,0.8820819911502663,0.09539268520616356,0.5151925001825609,0.14885640144348156,0.892319057668959,-0.038738651023734215,0.9172611747469228,0.16605606604190112,0.9061635221753808,0.06400300970389734,0.5331281366802401,0.1678818003052758,0.9162637931959976,-0.0876639237006506,0.911837966669174
90,1500.0,0.1831465391885668,0.5275733584449409,0.010343880126518872,0.9987747640836813,0.17967078231629885,0.5233079336938408,0.017798393731936826,0.9984248025076737,0.17917995793478841,0.5237359887077699,0.017807127619605703,0.9976035186222628,0.17862945653143394,0.5240660820688524,0.0178292178704093,0.9984912673632311,0.1794430081333434,0.5229177446592426,-0.001239489220703642,0.9989680931681686,0.17879814690067666,0.5230420969781425,-0.0012210740574768622,0.9988854896454591,0.17811617184252979,0.5231021273703806,-0.0012325920120236423,0.999181134360178,0.17333153954574052,0.5313078647568116,0.05208624509118856,0.9971798629987816,0.17335125236284177,0.5303245442254206,-0.03516809535878048,0.9990300592922037,0.1828432437919436,0.535449399834588,0.025055816397070902,0.9978894364266175,0.18252450369653261,0.5347371214912056,-0.00028161829132364953,0.9978488967532211,0.16940970009281536,0.5644544845535646,0.09841189320598337,0.9956803548903699,0.1741558916511991,0.5516527493794763,-0.0893835407637415,0.999370407490504,0.19151683222679877,0.514883174782708,0.13870895334652503,0.17962188380105168,0.19496480198133573,0.5039944819041664,-0.15711523592472088,0.9894679018429355,0.20003734599976325,0.46304227482704924,0.09052580098311114,0.3882615452721008,0.20764914580753885,0.4501907002358213,-0.1757537963844482,0.9811487226259148,0.2005232799620857,0.45146876147815196,0.08599407012973519,0.40703466960362056,0.20800617337226884,0.43823260068893466,-0.19527745956466325,0.9688201603435342,0.19943988039380042,0.4489032895792102,0.07745933036009477,0.4113317245528815,0.20736485719680803,0.4369032964819956,-0.19088891077609305,0.9643623062542513,0.19951300039177863,0.45457096185003043,0.0833561668793361,0.4268557173865185,0.20578217364492885,0.4412456225781217,-0.1738135459877197,0.9493279400325964,0.16841998554411403,0.686611618314471,0.05981399722042542,0.9983287425268271,0.1689299536602839,0.6830086736452017,-0.05983021394127895,0.9978708227475492,0.16486275621822916,0.7813775312332886,0.06103734796245897,0.22149132475966515,0.16377148528893798,0.7845479618935365,-0.06110191841920221,0.8786158930687683,0.1554402524516697,0.8731817659877602,0.08560457187039518,0.33956354998406935,0.15539773872920454,0.883439203103384,-0.04543111836981209,0.924141929263161,0.14999402491819303,0.8819696420714975,0.08537392460164575,0.5134848100798475,0.14967273246674323,0.8926435283252178,-0.04646640953918302,0.9210977980068757,0.16689677962235056,0.9062924101239165,0.05522962907950087,0.5239010509990514,0.1684175694272633,0.9168289615994415,-0.09464942663908013,0.9121187045460663
91,1516.7,0.18371836628232696,0.528654305707841,0.013528196495913334,0.9988365826152628,0.18042347189925978,0.5240861461276104,0.020666328369684177,0.9985163353738338,0.17991951888515847,0.5245006226357963,0.020673254815240717,0.9977297300384166,0.17934244587307896,0.5248142424083895,0.02069203149793405,0.9985806345939643,0.18019921580950432,0.5236387139274964,0.0022622768634131996,0.9990225860050754,0.1795420057716825,0.5237223080226356,0.002276128922988263,0.9989393949508674,0.17885391627039243,0.5237435244378593,0.002260374221285541,0.9992254064196638,0.17401736407052915,0.5317572156588241,0.054664769165572696,0.9973450132778721,0.17416608333587658,0.5306174300965812,-0.02946971170604231,0.9990676754996898,0.18317000638870978,0.5364089012146,0.02803605613076973,0.9979914398420432,0.1828489239726749,0.535740020729247,0.003518886144212006,0.9979498216084078,0.16953001348745267,0.5657095057623731,0.10046497732400902,0.9954898414157692,0.17393394169353316,0.5515519465718954,-0.08435116708278662,0.9993524579774773,0.19045101177124762,0.5195499459902448,0.14329684915996743,0.17197449718202878,0.1945729546603704,0.5041094734555203,-0.15580869430587416,0.9900484766278956,0.1982581516106925,0.46780410834721187,0.09774659928821389,0.38451202852385413,0.20734415096896053,0.45061394430342205,-0.17667119772661313,0.9823330215045392,0.19842431020169046,0.4602295500891553,0.09474140299218048,0.4063209408805487,0.2073447420483545,0.43805994590123526,-0.19591210356780475,0.9707485863140658,0.1971760988235475,0.45582237839698825,0.08798076673632582,0.41068578334081773,0.20621462166309373,0.43693473651295645,-0.19161297239008418,0.9664065497262144,0.1973980260746821,0.46020173174994367,0.09121339271465945,0.42647577751250526,0.2048667981511072,0.4415251144341063,-0.1747318832647234,0.9518008260499871,0.16865273387659177,0.6863144409088866,0.05964130305108574,0.9983250981285465,0.1692764290741513,0.6827247568539216,-0.05965755720223703,0.9979164940970292,0.16529101630051943,0.7803652882575995,0.05740046465680717,0.2188239651066918,0.16390322645505281,0.7845237425395426,-0.06255485099695982,0.8832377734638401,0.15563452811468226,0.8728087402525408,0.07592188602402102,0.3356381314141412,0.15593717992305767,0.8838253674053016,-0.049777190422727983,0.9259403575034375,0.1502516134863809,0.8816559286344626,0.07522940209933696,0.5128464216277717,0.15026969143322547,0.8930018288748611,-0.05094555286424504,0.9245537547838127,0.166996995608012,0.9061871483212433,0.04793278518177217,0.5175812613396421,0.16894433115209864,0.9171225598880229,-0.09730410292035063,0.9128939736457105
92,1533.3,0.1840970771653313,0.5301695494424733,0.012881498118596426,0.9988682979629161,0.1809561841544652,0.5254053672154748,0.01968187976273754,0.9985707686060958,0.18044686885107142,0.5257898597490224,0.01968618610962517,0.9977991637729471,0.17983632570221325,0.5260756838889352,0.019702681739415456,0.9986362854639697,0.18070910658155181,0.5249636400313609,0.0015698614047973294,0.9990506796609795,0.18002156061785574,0.5250269288108467,0.0015783546398216428,0.9989651838938403,0.179323617901121,0.525049087547121,0.0015565723685237282,0.9992501366706129,0.17438779913243807,0.5328784216017954,0.053242508499395325,0.9974520632198887,0.17465121831212738,0.5318400661150617,-0.0292871901321979,0.999078415689015,0.18334151307741814,0.5378837670598715,0.027201781581555114,0.9980472723642992,0.18298878130458662,0.5372693226450969,0.0031967693676484684,0.9979997021811355,0.1696357343878066,0.5673527916272485,0.09921366827828551,0.9952205391157248,0.17361361214092813,0.5526840459732787,-0.08077218241634829,0.999328411760785,0.18871415087154947,0.5232826130730769,0.14336236388910395,0.16324271048818328,0.19433593891915835,0.5047325435138887,-0.1555763291461128,0.9905337208793284,0.1951202757301786,0.47081213763781987,0.10689010648500359,0.3742222984631859,0.20625283036913206,0.45120285664285964,-0.175672878821691,0.9832964170546766,0.19477966711634692,0.4663132258823943,0.103128530794666,0.39854449743316317,0.20660431470189794,0.4394844344684059,-0.19469838412035093,0.9723258359091629,0.19382456441720342,0.46068643955957356,0.09406034825813209,0.40302490478470243,0.20479740557216478,0.4383498742466885,-0.1902842386847452,0.9680409828821825,0.19417765949453641,0.463707594644456,0.09900203701995675,0.4191092054049177,0.20378792002087565,0.442538753861473,-0.17365520624887387,0.9536784660248536,0.16926589466276634,0.6867344294275561,0.059423179143951094,0.9982987869353529,0.16955660780270906,0.6831319644337613,-0.05943711634193152,0.9979391523769932,0.16563215567952122,0.780105352401734,0.05502467868583547,0.2148102827015379,0.16403427932943626,0.7847365311213907,-0.06238000928646047,0.8870970833869214,0.15561750318322873,0.8725629420507528,0.07248201505059293,0.33074275226820105,0.1561843731573651,0.8840394530977529,-0.05005546162525816,0.9268070374216358,0.15012305478254964,0.8814926062311451,0.07190439424344477,0.5104698354289648,0.15044973648729787,0.8933231773830602,-0.051241270310822026,0.9271246421904797,0.16728849283286515,0.9062921575137555,0.045489257290249815,0.5108863853272941,0.16949688394864412,0.917459272202992,-0.097777592993918,0.9128019100143803
93,1550.0,0.18447002484684913,0.5317954165594923,0.011713836031655479,0.9988798527490532,0.18143656920819068,0.526904126008352,0.018529140124363574,0.9986001366660715,0.18091738153071643,0.5272434297062105,0.018532216593268383,0.9978289973168153,0.18027186251821986,0.5274815389088225,0.018547461057702712,0.9986680291947871,0.18118889275051314,0.5264672608602619,0.00025949395993458415,0.9990616071791883,0.18047331912176962,0.5264982581138614,0.0002682209513815392,0.9989705937249327,0.17976706439540513,0.5265056661197121,0.0002449636813253171,0.9992590120860516,0.17471729786623105,0.53398719288054,0.05242984848363063,0.997518440087637,0.17506594814005366,0.533166729268574,-0.031095781407895564,0.9990681807200121,0.18352662168798006,0.5393447592144924,0.026054537988134813,0.9980791154361914,0.18315053128060854,0.5387640822501414,0.001860813102601763,0.9980229224477503,0.16982159586179835,0.5688195370492486,0.09844399137156357,0.9949780872889935,0.17336358768599386,0.5541257858276372,-0.08171089632170547,0.9992941476049885,0.1867787043253582,0.5254041722842628,0.1471509514820009,0.1548264360144026,0.1941628945725306,0.5060289587293356,-0.158853584102222,0.9909718235333769,0.19169320237068915,0.47341486102058805,0.1160598216312273,0.36350676133519155,0.20495953446342846,0.4527554951962974,-0.18060407823040386,0.9841671075139734,0.1907847474018734,0.4695412573360265,0.11029540534530374,0.3898598608516514,0.2053636816285907,0.4410139066832409,-0.19999687302680258,0.973757635979426,0.1905916858287086,0.4634579150449666,0.09571498259902007,0.39438713732219904,0.2034266080175129,0.43999911348025034,-0.19512370157809497,0.969532305286045,0.19113073746363335,0.46585584396407753,0.10516606058393213,0.4107829829057061,0.20248557059537814,0.44392399844669195,-0.17848923092796704,0.9554002597218474,0.17003678282101964,0.6877220131102068,0.059377241524912104,0.9982575234912698,0.16983488627842508,0.6841725763820472,-0.05938915447110226,0.9979216598329097,0.16584323985236044,0.7806760470072434,0.0539767525735356,0.20986098334902825,0.16414631051676626,0.7852061788241074,-0.06209646892689528,0.8895657516661151,0.15557166650181736,0.8726779364404231,0.07214898438680745,0.32310271405038404,0.15621776240212587,0.884196545396533,-0.04953496796744214,0.9262447101729263,0.1499718264454888,0.8818496522449318,0.07170857453630089,0.5053885735216599,0.15037599276928687,0.8937368563243326,-0.05065562753450306,0.9288700336501717,0.16773864201137012,0.9068252103669309,0.0444974026509694,0.5008440457639244,0.17000452890282597,0.9178346140044082,-0.09656432377440596,0.9111904672213971
94,1566.7,0.18467926695233314,0.5334349984214424,0.009228803006754752,0.9988424636068806,0.18170852888198138,0.528435343787784,0.016287043868076244,0.9985686398687825,0.18118401510374899,0.5287506551969623,0.016289821382434608,0.9977621975399207,0.18051424196788257,0.5289666794595268,0.016306138597428813,0.9986457512492233,0.18147165576616936,0.5280178047361832,-0.002225955380015964,0.9990322050594156,0.18074436556725287,0.5280377212024874,-0.002213262778241189,0.998926446551369,0.1800373821031481,0.5280428841000515,-0.002234170326985243,0.9992311227889294,0.17488652538685584,0.5353310817763923,0.050947953192960686,0.9974814000583838,0.17530909180641185,0.5346090878759115,-0.03395209177618937,0.9990131060282397,0.18360452212038508,0.5407524534634185,0.02374333294019814,0.9980426061721083,0.18321793845721668,0.5402434127671382,-0.0007924415445553942,0.9979711742628196,0.16994013885657006,0.5700631964774363,0.09677522345667801,0.9947601187796826,0.1731492401588532,0.5553377980277656,-0.08539668648015891,0.9992472359112339,0.1852919650929316,0.5243841381300067,0.14631960363615137,0.1471248141356878,0.19396358728408827,0.5073261090687347,-0.15795168848264796,0.9914116206623267,0.18893648258277362,0.47245864073435506,0.11471347120546167,0.35414242886361647,0.20323638050329135,0.453528695163273,-0.1761468357983091,0.9849664852732711,0.18779979291416365,0.4667216383275535,0.10617466625713176,0.3823375787053792,0.2035255616619475,0.4416535652819137,-0.19514177171956937,0.9750686770393743,0.18816337557066068,0.4624313144456776,0.08818806353069494,0.38684959496770616,0.2021973807187309,0.4407109348546894,-0.1906495420705706,0.9709160753658848,0.18892571259112598,0.4644314561571397,0.10118124811422263,0.4037073070094702,0.201535347671736,0.4445597032705946,-0.17408447393349252,0.9570268619628186,0.1706762164831163,0.6887253948620393,0.05948024101200562,0.9982095474288585,0.17013609054542736,0.6850943082854866,-0.05948928300113909,0.9978602897553224,0.1659802936372304,0.781575378917513,0.05312736882340344,0.20376103052071176,0.1642077671630043,0.7856310662769141,-0.0620421735303743,0.8912386582011276,0.15553816940103268,0.8730588640485497,0.07247785762661985,0.31250683892340914,0.15599123353049882,0.8842828841436483,-0.04905681294344724,0.9246441097486593,0.14983835958299194,0.8824912451562434,0.07214960988078803,0.497261206309001,0.15006995981647864,0.8940527694565916,-0.05024723176445284,0.930082369418372,0.16831074938887652,0.9076569193885446,0.043128928258305534,0.48729763996033476,0.17034339124248155,0.9182191207295378,-0.09478203881354566,0.9085633385749097
95,1583.3,0.18469506360235682,0.5344870459465757,0.00794194802819264,0.998765477112362,0.18174348558698394,0.5294515490531926,0.015275915064627226,0.9984897658938461,0.18121649112020233,0.529756809983935,0.015278450656859658,0.9976233839988716,0.18053808524495094,0.5299692153930667,0.015297449238243568,0.998584313052042,0.18151628900141956,0.52905988977069,-0.0034828585339710142,0.9989669777098164,0.1807894153254374,0.529089192549388,-0.0034670264715151444,0.9988397076016388,0.1800781786441804,0.5291050417082654,-0.003486641533007582,0.9991730934097661,0.17486505565189192,0.5363440655526664,0.050553492137364014,0.9973599059241166,0.17531075151193723,0.5356819913500834,-0.035605168945732596,0.9989181842122766,0.18357138477620638,0.5416885131881355,0.02263743119935196,0.9979338049888618,0.18317477476029181,0.5412429202170603,-0.002245005286697832,0.9978353068942123,0.1700068705138707,0.5707977811495467,0.09589814784980963,0.9945414946192794,0.17303751338095905,0.5564237151827136,-0.0879896378942899,0.9991913579759152,0.18464388237113058,0.5222158715838481,0.14345862042336247,0.14029732204618917,0.1936781853437425,0.5079398495810377,-0.15968174097083876,0.9918407116617483,0.18792651593685164,0.47039251951944294,0.10607377084947775,0.3467395773955756,0.20163366695245122,0.45410334354355253,-0.16964368096419757,0.985713115760259,0.18640518543266127,0.46365861665634917,0.09567509307747803,0.3767445726054058,0.20171979637373075,0.4418614435763589,-0.18805468721049184,0.9762826675460459,0.18748116918972574,0.4592002601850604,0.07657972705506148,0.3812441726525627,0.20089180554662447,0.4410185004983633,-0.1839640686909359,0.9722157943816419,0.18832780136948551,0.4626153026308335,0.09143071018514186,0.39861645726930556,0.20057246018023733,0.44510262920742977,-0.16759930267220463,0.958589326767695,0.17101280746005842,0.6897495048386715,0.059722695144869074,0.9981517621449069,0.17058864164920093,0.6860704932894031,-0.05972866873656005,0.9977712290627624,0.16608697743642908,0.7825656845456084,0.053227646187657435,0.19698404059523641,0.16423276279653834,0.7861085193497799,-0.062153635635262494,0.8919497103918173,0.15548655745529005,0.8735481954756243,0.07443745434284216,0.3002840834004541,0.15571533569267829,0.8844018578529365,-0.04812042007134078,0.9220195895149601,0.14970488775344132,0.8830302386056815,0.07425638323738468,0.48725040469850855,0.14967129273074026,0.8942885455631082,-0.04925916166532611,0.9307242660295402,0.16876488001573667,0.908596887474969,0.04421220702074826,0.4716032757645565,0.17038890009834665,0.9187079412596573,-0.09262911904425855,0.9049758116404222
96,1600.0,0.18455307327565706,0.5350473665055778,0.006011129545402673,0.998663817133223,0.1816300955556689,0.5299559661320281,0.013627442087800739,0.9983860736801519,0.18112489723023928,0.5302488917396186,0.01362946993183523,0.9974457536424917,0.1804815218562173,0.5304507783481057,0.013650326812196356,0.9985024503299176,0.18135180572668724,0.52963304803485,-0.005270249318398007,0.998884544486092,0.18062219875199467,0.5296960444677448,-0.005251481499899892,0.9987295128050312,0.17988637870266339,0.5297297381219414,-0.0052695080798695875,0.9990992801530029,0.1747684663250334,0.5369518087023784,0.04911752914388978,0.9971844355265307,0.1750368710075107,0.5363709075110303,-0.037593531377968364,0.9988015180542362,0.18347223528793893,0.5422827033769521,0.020809329957479535,0.997765160742261,0.1830189944732758,0.5418935191063657,-0.004264706113774865,0.9976358385313131,0.17004776284808215,0.5710696748324807,0.09394470637752902,0.9942887056441542,0.1729549843640556,0.5576859684217548,-0.09024422686724443,0.999117002600716,0.18529088653269282,0.5185585873467585,0.13568268290587843,0.13443764050801604,0.19338559040001474,0.5092135696184071,-0.1601725362596059,0.9921482631138401,0.18938571214675917,0.46723799762271734,0.08787132231962119,0.3413918032532649,0.2006776517345793,0.4554161060424082,-0.16164210296812523,0.9862484477815181,0.1880146463712058,0.45643724997838375,0.07691891739765808,0.37349040877251427,0.20050052305062627,0.4423654547759468,-0.1794895621992294,0.9771689403624768,0.18928998495851257,0.45228929462887024,0.05979015039546154,0.3779579699039462,0.19982033542224353,0.4414455734548118,-0.17588882361139585,0.9731422974949798,0.19002383308751256,0.45903472673325346,0.07415901408309034,0.39584211224601407,0.19972771193299987,0.445799047038669,-0.15968775465374913,0.9596194993881959,0.1709868120295662,0.6907172174680807,0.05992100174937934,0.9980886266345076,0.17105218910035647,0.6872833825293047,-0.05992441056739721,0.9976654819079815,0.16614660194941944,0.7832749571119042,0.05460558583339059,0.19136457712877378,0.16429902116457634,0.7865885127158397,-0.06214916067464016,0.8921717717534026,0.15534131725629183,0.8738303865705224,0.07792067847081599,0.28889769741467086,0.15545171073504868,0.8844774989854729,-0.046034063434317034,0.9195262136913488,0.14950393566063483,0.8833576469194329,0.077951919464838,0.47796248680069364,0.14926192306336913,0.8944088930175425,-0.04694229949797906,0.9313469784600401,0.16891157910937366,0.9093775976271863,0.04731859568329088,0.4563392911638536,0.1703820363396691,0.919000548975809,-0.08964521154051741,0.9015434668177658
97,1616.7,0.18451633268878587,0.5358942690349764,0.010281581653370751,0.9985915479205911,0.1815856368768784,0.5305858055750533,0.018175892842312667,0.9983157941273287,0.1810903527906964,0.5308458010355636,0.018180198036134257,0.9973239785148992,0.1804640584048772,0.5310177320525764,0.01820281937363603,0.998449004831769,0.18127536631765834,0.5303254524866743,-0.000775143365553093,0.9988249710627972,0.1805389509314584,0.530387537819999,-0.0007548603351183597,0.9986504373096291,0.17978362951959895,0.5304125490642733,-0.0007765681006103051,0.9990491441317975,0.17476304301193796,0.5374730683508377,0.053259554363432424,0.9970664722578874,0.17491496035030923,0.5369070683206835,-0.033432840946174824,0.9987174527985716,0.1834339769113633,0.5431130017553061,0.025119899372969372,0.9976299632163281,0.182948444570814,0.542758975710188,-0.0001139862551575617,0.9974783431916017,0.1699778891745069,0.5717546145121261,0.09774632113320493,0.9941182704198934,0.1729322203568051,0.5585233966509505,-0.08651624868313477,0.9990753559839165,0.18525405511969625,0.5214164313815892,0.14137699561459688,0.12864296705949885,0.19321202806064075,0.5105649914060324,-0.15481864909331017,0.9923799690746132,0.18979153675692434,0.47052533995537565,0.09122871855894732,0.3338338008948737,0.2003136930011569,0.4567528579916276,-0.15078636010487884,0.9867609994752073,0.18892104143188126,0.460584742682321,0.08448615244456706,0.3676473001639051,0.20016112497874683,0.44347342848777804,-0.16751755915936983,0.9780455714180363,0.18989703059196486,0.45542866133508264,0.07237449696376215,0.37198056635402527,0.19928974267982316,0.4424923473880408,-0.1643751221043724,0.9740780875796371,0.19051765685989758,0.46247517494928303,0.08135087504273375,0.39038703413236736,0.19924631501947143,0.44696194926897714,-0.14883066075188783,0.9606997200420931,0.17056718468666088,0.6914557161785313,0.05998702400497032,0.9980604591823767,0.17183242241541558,0.6879456923121503,-0.05999174926962175,0.997628004778,0.1662033952417829,0.7837693691253668,0.055158061463208466,0.18745188060260967,0.16484601440883828,0.7867794916743329,-0.062130102266868,0.8926057418187465,0.15513313029493614,0.8740609344981971,0.07777186802455363,0.2815370573883967,0.15538323777062563,0.8845728351956328,-0.0460608912010988,0.9179864270346512,0.14923451769919632,0.8836651870182588,0.07775666245392396,0.4730712572733564,0.1490917518025354,0.8945453138578512,-0.046817546621674616,0.932211305413928,0.16862900909923384,0.9094137265568694,0.04771046979086743,0.44608952034087446,0.17039688924948387,0.9188733753703896,-0.08880366314025159,0.8995450933774319
98,1633.3,0.18447840923354752,0.536345896266756,0.016417813720181598,0.9985887663705015,0.1815077059325719,0.5309878275507975,0.02378427915807283,0.9983261511439376,0.1810166310696376,0.5312493102891108,0.023789586321938623,0.9973324026380272,0.1804031651644481,0.5314187606175744,0.023808869533240812,0.9984655096417389,0.18117287684054614,0.5307603733880183,0.0054550700421844255,0.9988237789699017,0.18043111690453134,0.5308398008346562,0.005468335313101614,0.9986435458773666,0.17966869615373168,0.5308736080215095,0.005441294805634594,0.9990503419013257,0.17475318341028134,0.5379591669355124,0.05792208565842542,0.9970908647491826,0.17482274486905064,0.5373689816111614,-0.026253141994987232,0.9987104279654374,0.18340859384763822,0.543619845594679,0.030759665582861244,0.9976033625148599,0.18289138731502363,0.5432443306559612,0.006407037454967702,0.9974412123362231,0.1699288451955433,0.5724687860125591,0.1030507690849759,0.9940977976435714,0.17290641225519648,0.558915910266695,-0.0802114680409432,0.9990713057063881,0.18536775878497547,0.52303007103148,0.14661792275451488,0.12382001181443542,0.1930876480681557,0.5112956393332713,-0.14978277825173889,0.992575645446778,0.19081428505125514,0.47246681224732207,0.10755258905036116,0.3277376918565662,0.20012080882276823,0.4575265560831346,-0.14469832962467566,0.9872619027183176,0.19080195540473588,0.46205376301492995,0.10454302777846661,0.3628709287870501,0.2001878477278211,0.44430822843597084,-0.16105149899210258,0.9788800279299426,0.1913209138881594,0.4572665535268333,0.09143724150600895,0.36704380597387065,0.19913352032502507,0.4432968326977324,-0.1576757956118812,0.9749604747408919,0.19171746358985006,0.46431466085570233,0.09915568040949965,0.3861653889928548,0.19897235504218524,0.44772236971628127,-0.1425966563678924,0.9617356743131372,0.17032217056978327,0.6919697210902265,0.059844214469194454,0.9980767851784124,0.17257370409511397,0.6880782871019278,-0.05985048324579288,0.9976574863706323,0.16627715598969245,0.7842738344555815,0.05544814662564372,0.18416321845281705,0.16567834927922215,0.7870108201390227,-0.06249920278787617,0.8926533772831877,0.15500511016164517,0.8742442869004755,0.07639641030913313,0.2753375811236247,0.15544288357098907,0.8847204304876788,-0.046514069395405935,0.9163746436436977,0.14907699965295348,0.8838785829998204,0.07632810445058918,0.46953781871568623,0.14907164729776845,0.8947839765321648,-0.046931393621932924,0.9328704334440692,0.1685353070497514,0.9092073043187465,0.04886242161904066,0.43709586489768293,0.17045771366073983,0.9188016454378771,-0.08908018434331538,0.8975349636304952
99,1650.0,0.18444519170692997,0.5366533568927223,0.018477564927057488,0.9985793573515764,0.18143577873706826,0.5313136237008232,0.02601349027827383,0.9983235682759972,0.1809426290648325,0.531579694577626,0.026020065216081488,0.9973224784646718,0.18033358348267425,0.5317552558013372,0.026038961285459145,0.9984704681805208,0.18109460920095452,0.5311055779457093,0.00752843939699231,0.9988203304154538,0.1803473074521338,0.5312064673219412,0.00754142424557358,0.9986336060932712,0.1795739712459701,0.5312529248850687,0.007511753821745501,0.9990468067782269,0.17472718656063088,0.5383507949965345,0.05920805170067721,0.9970852221761435,0.17473286709615168,0.5377672825540819,-0.02435955152447736,0.9986992435795923,0.18337924778461467,0.5439142201628006,0.03284653981349299,0.9975676025663109,0.1828503534197808,0.543527445622853,0.008378960990479996,0.9974051586219249,0.16989103172506614,0.5726449872766226,0.10511430459363125,0.9940856226852967,0.17285943882805974,0.5591653628008708,-0.08031845518520905,0.9990513878209255,0.18560367503336503,0.5230205782822203,0.14825109924588892,0.11950398502605308,0.1929254680871964,0.5120513226304738,-0.1494889238051007,0.9927864287580771,0.19216689148119523,0.47270519392831023,0.10938237501042229,0.3225439680474145,0.1999939243708339,0.45815598326069984,-0.14536796510219585,0.9876608167375843,0.19301270267793125,0.46117936287607464,0.10713173449039465,0.35900158115795705,0.20032161367791051,0.44508318815912545,-0.16192263471228746,0.979536716427122,0.19296890922955115,0.4575037934950421,0.09290837230426922,0.3630168459245139,0.19925381881850107,0.44413821612085636,-0.15811150521039974,0.9756345152854923,0.19320998234408251,0.46414009375231613,0.10120470449328427,0.3827567803008218,0.19898205782685974,0.4484617475952422,-0.14309639803000868,0.9624450973102029,0.17031300493649082,0.6922167497021816,0.06001968947904452,0.9980766177177435,0.17297456732818062,0.6881646386214668,-0.060024712500827686,0.9976485201290682,0.16636174385036756,0.7846391413893022,0.05610526619212971,0.18164062074252546,0.1663524114659855,0.7871228328772956,-0.06298932779048175,0.8933798500469758,0.15501426266772417,0.8743829216275898,0.07730576395988469,0.26945682721478614,0.1555616440517563,0.8848247442926687,-0.04649870204074044,0.9156833801950728,0.1490371237908092,0.8841294475964142,0.07727395210947313,0.46646794889654464,0.1491680954183852,0.8949414874826163,-0.04668251691120014,0.9339370472090588,0.16851493929113676,0.9089824088982177,0.05035002795713289,0.4287082489047735,0.17062711502824518,0.918724417686463,-0.08913159796169831,0.8963212413447248
100,1666.7,0.18441543302365723,0.5367556427206315,0.01892774076467113,0.9985928492886688,0.18135210978133348,0.5315153300762178,0.02685035652081883,0.9983444000993462,0.1808503589459829,0.5317960509232115,0.026858443460826366,0.9973517145429344,0.1802386566996575,0.5319891614573344,0.026877276865499365,0.9984952935150698,0.18102088251284196,0.5313119505132949,0.00793724763207136,0.9988381224019193,0.18026906996965417,0.5314398748534069,0.007952001494621587,0.9986495120184774,0.17948635241815034,0.5315045714378359,0.007920995254867828,0.9990600304944178,0.17469126411846717,0.5386474558285308,0.059038519593221817,0.9971160037176954,0.17465890944004067,0.5380716749600006,-0.02443319093436004,0.99871449811118,0.183351476277624,0.5439792871475223,0.03349770991397757,0.9975681560380125,0.18282426148653041,0.5435698245252883,0.008604064683562925,0.9974166538034173,0.1698543227144651,0.5725337948117941,0.10610221698880201,0.9941409230232243,0.1728005217654366,0.5591515856129785,-0.08336290291377481,0.9990366143839705,0.1859404316970281,0.522171212094171,0.14886262906449194,0.11592541475381178,0.19276988932064607,0.5126722071852006,-0.15173602529934488,0.9929905746664328,0.19391246565750675,0.47207874698298363,0.1078087676848684,0.31870773221765253,0.20002451645476493,0.4586428638015476,-0.15167041761534567,0.9879995243889953,0.19580125489405237,0.45872669347694944,0.10494406680975644,0.35633152510438676,0.20070213611636858,0.44583003435816115,-0.16900554618665162,0.9800813198089603,0.19500895163842624,0.45709416696003513,0.08810040381337912,0.36016888703618755,0.19969235254185547,0.4450183127607621,-0.1643942488091334,0.9761794166905543,0.1951069448675429,0.46275755763053916,0.0987571946212224,0.3805254846811297,0.1992541189704624,0.4491532913276129,-0.14916052669286736,0.9629699289798743,0.17044869491032205,0.6922097163540982,0.060299180448055295,0.9980851965291164,0.17318578277315416,0.6880213149956299,-0.06030167798910825,0.9976436623505189,0.16645412040608282,0.7848894042628158,0.0568665292646204,0.18009019643068322,0.16708493126290197,0.7871085788522452,-0.06365193453218261,0.8944455385208137,0.15512194803782883,0.8744766414165499,0.07907559243696081,0.26459003133433223,0.15577096492052092,0.8849063430513663,-0.04644934726612911,0.9156406181199213,0.14909160882234582,0.8843774667807993,0.07912218144961772,0.46465178472655183,0.14939988723823014,0.8950608117239818,-0.046409044414758724,0.9352212165083208,0.16853793071849024,0.9085978099278046,0.052089850019131405,0.42160232578005136,0.17087029985019145,0.9185994054589958,-0.08939639798232493,0.8957444557121825
101,1683.3,0.18438913318372918,0.5366527537504835,0.017768341233022494,0.9986292421817788,0.18125669906536745,0.5315929466769809,0.026294877885707817,0.9983886466139845,0.18073982071308875,0.531898379325867,0.02630472105617325,0.9974201108728143,0.18011838481539777,0.5321204775855658,0.026323816273361444,0.9985399856453858,0.18095169677620845,0.5313794910907749,0.00668149474742155,0.9988771549292979,0.1801964044570924,0.5315400234290535,0.006700067060245639,0.9986912636529848,0.17940583967027227,0.5316285476798106,0.006669019105001551,0.9990900130498982,0.1746454160837902,0.5388491494315015,0.05741348933605922,0.997183209373838,0.17460087190071755,0.5382821588289174,-0.026474060224635283,0.9987561915602001,0.1833252793266661,0.5438150465488439,0.03271317588431495,0.9976050229299643,0.18281311151527244,0.5433714673632669,0.00708234853421646,0.9974756978807001,0.16981871816374017,0.5721352086180735,0.10601450627048817,0.9942636986573541,0.17272966106732698,0.5588745787030177,-0.0893448112266405,0.9990269853955229,0.18637802877596457,0.520481972467332,0.14845251221032385,0.11308430099771147,0.19262091176850463,0.5131582929974514,-0.1565240827344714,0.9931880831718453,0.19605100758018956,0.4705874714113422,0.1028317670736994,0.31622898436728003,0.20021258507456122,0.45898719770567775,-0.16360568716412513,0.9882780256725502,0.19916761205309924,0.454695754817554,0.09798002473655201,0.3548607606263391,0.2013294150431953,0.4465487670330778,-0.18230023341519505,0.9805138380754566,0.1974410411147846,0.4560376739218121,0.07701333603333854,0.3584999293088915,0.20044912149508806,0.4459371226174495,-0.17652402640808212,0.9765951789560777,0.19740835116023112,0.4601670524903711,0.09181315079331401,0.3794715021337784,0.19978853847299327,0.4497970009133931,-0.1607890423564684,0.9633101693221511,0.1707292404912769,0.6919486210459761,0.060682687376226736,0.9981025216125311,0.17320735043003452,0.6876483162244168,-0.06068137971063458,0.9976429130349843,0.1665542856568383,0.7850246230761219,0.0577319358431158,0.17951194551729024,0.16787590866997143,0.7869680580638709,-0.06448702301297875,0.8958504427047012,0.15532816627195914,0.8745254462673555,0.0817058957403615,0.2607371934822629,0.15607084617728292,0.8849652267637718,-0.046366005071571924,0.9162463574182425,0.14924045474756342,0.8846226405529756,0.08187279247102294,0.4640893262057078,0.14976702275730328,0.8951419492562612,-0.04611097613260866,0.9367229413418547,0.16860428133181185,0.908053507407507,0.05408188780503616,0.41577809552351647,0.17118726812657858,0.9184266087554755,-0.08987458440519522,0.8958046067328683
