frame_idx,timestamp_ms,lm_0_x,lm_0_y,lm_0_z,lm_0_vis,lm_1_x,lm_1_y,lm_1_z,lm_1_vis,lm_2_x,lm_2_y,lm_2_z,lm_2_vis,lm_3_x,lm_3_y,lm_3_z,lm_3_vis,lm_4_x,lm_4_y,lm_4_z,lm_4_vis,lm_5_x,lm_5_y,lm_5_z,lm_5_vis,lm_6_x,lm_6_y,lm_6_z,lm_6_vis,lm_7_x,lm_7_y,lm_7_z,lm_7_vis,lm_8_x,lm_8_y,lm_8_z,lm_8_vis,lm_9_x,lm_9_y,lm_9_z,lm_9_vis,lm_10_x,lm_10_y,lm_10_z,lm_10_vis,lm_11_x,lm_11_y,lm_11_z,lm_11_vis,lm_12_x,lm_12_y,lm_12_z,lm_12_vis,lm_13_x,lm_13_y,lm_13_z,lm_13_vis,lm_14_x,lm_14_y,lm_14_z,lm_14_vis,lm_15_x,lm_15_y,lm_15_z,lm_15_vis,lm_16_x,lm_16_y,lm_16_z,lm_16_vis,lm_17_x,lm_17_y,lm_17_z,lm_17_vis,lm_18_x,lm_18_y,lm_18_z,lm_18_vis,lm_19_x,lm_19_y,lm_19_z,lm_19_vis,lm_20_x,lm_20_y,lm_20_z,lm_20_vis,lm_21_x,lm_21_y,lm_21_z,lm_21_vis,lm_22_x,lm_22_y,lm_22_z,lm_22_vis,lm_23_x,lm_23_y,lm_23_z,lm_23_vis,lm_24_x,lm_24_y,lm_24_z,lm_24_vis,lm_25_x,lm_25_y,lm_25_z,lm_25_vis,lm_26_x,lm_26_y,lm_26_z,lm_26_vis,lm_27_x,lm_27_y,lm_27_z,lm_27_vis,lm_28_x,lm_28_y,lm_28_z,lm_28_vis,lm_29_x,lm_29_y,lm_29_z,lm_29_vis,lm_30_x,lm_30_y,lm_30_z,lm_30_vis,lm_31_x,lm_31_y,lm_31_z,lm_31_vis,lm_32_x,lm_32_y,lm_32_z,lm_32_vis
0,0.0,0.20146895767677397,0.560109060435068,-0.06719126747477626,0.9990612892877488,0.20308481759968267,0.5514910590080989,-0.06209645145350984,0.997951822621482,0.2030649561257589,0.5508322673184531,-0.062131408247209766,0.9980274765264422,0.20297734794162575,0.5499926223641352,-0.062162732971566104,0.9985336136250272,0.20184145761387695,0.5507049815995352,-0.07779570961637161,0.998533703031994,0.20101569663910634,0.5496527524221512,-0.07780842642698972,0.9982980901286717,0.2001414401900201,0.5484821597735087,-0.07783487244021328,0.9984426299730935,0.1966467701963016,0.5448592248417083,-0.03181343261773391,0.9943665762742367,0.1936082992525328,0.5444869157813846,-0.10241443894448739,0.9956742397376473,0.19794357958294093,0.5645863002254851,-0.05350849227536294,0.9976110756397253,0.19611201861074992,0.5629468531835649,-0.07417857487286843,0.9985492413952243,0.18252591114668618,0.5755204913162051,0.022290577801565313,0.9997795053890778,0.17378535228116174,0.581019842908496,-0.12517907044717244,0.9999389293647948,0.18134930587950202,0.6355837711266111,0.06348878074259984,0.5725361208120981,0.16184173666295554,0.6466488483406251,-0.14052165902796251,0.9858744555995579,0.20302468822115952,0.6752718914122808,0.034337453278047665,0.8886068420750756,0.17573436633461995,0.6985022070861999,-0.1310453455717791,0.9783697695959184,0.20819363423756204,0.6854863549981803,0.033744452875994486,0.8689565374737698,0.17833060558353153,0.7167143495309921,-0.1458302601462319,0.9675684386775606,0.209191045945599,0.6860451485429492,0.016897863264949502,0.8831691983200259,0.18275309318587898,0.7149086466857367,-0.14324792829297844,0.9654165137381779,0.20711843066272276,0.6830921669801077,0.026420618185684773,0.8657289019652775,0.1818078373159682,0.7081472206683385,-0.12917428215344753,0.9368504796709336,0.15230490976855876,0.6708783095791228,0.05062284728600864,0.9966764010134197,0.14485084513823202,0.6754153541156226,-0.050646504298562094,0.9991298857189357,0.16773546345177154,0.7365358159655618,0.11451584233769352,0.32462299508707865,0.16445927996011006,0.7499569838955286,-0.0418743062764406,0.9865722940081645,0.16723725625446867,0.8039079791023619,0.19045008630270066,0.4705618407045092,0.15748520550273712,0.8436356484889986,-0.01734909911950428,0.9848883265540715,0.1619609236007646,0.8167522024540677,0.19701712010871814,0.4783490633680708,0.15198876673267006,0.8588940799236301,-0.01710433903194608,0.9596917799540927,0.1823570362868763,0.8192222033228196,0.18944951217798972,0.6432888820057824,0.18055462021203267,0.856899299791881,-0.050082166723552216,0.975594617071606
1,16.7,0.2014571736965861,0.5601669549942017,-0.05756327110741824,0.9990941073213306,0.20301721990108498,0.55157522218568,-0.05261278179075042,0.99804956146649,0.20296771079301834,0.5509034139769419,-0.05264432275933882,0.9981261917522979,0.20284626845802584,0.5500539328370777,-0.05267104373446536,0.9986127274377009,0.20184584387711124,0.5507908250604358,-0.06892008254570625,0.9985887535980771,0.20102362015417644,0.5497272142342159,-0.0689296437693494,0.9983645251819069,0.2001521810889245,0.5485570345606123,-0.06895562394389086,0.9985054475920541,0.1965813402618681,0.5449524947575163,-0.02364464210612436,0.9947147539683757,0.1936864320720946,0.5445533309664048,-0.09692420384713588,0.9958946662289762,0.19778968925986967,0.5646046272345953,-0.044370686901467206,0.997726316962924,0.19610118333782475,0.563069066831044,-0.06574384176305365,0.9986251252038142,0.18213410781962536,0.5758544887815205,0.0301695093512535,0.9997876541955133,0.17399068815367566,0.581330099276134,-0.1218579693564347,0.9999391734600068,0.18086124105112894,0.6351038047245573,0.06800986187798637,0.5716847734791892,0.16211494696991785,0.6469805240631106,-0.13491763706718182,0.9858787144933429,0.20253626150744308,0.6750816319669998,0.042766902595758424,0.8896349881376541,0.17566625241722378,0.6992055092539109,-0.1248940601944924,0.9790099774088181,0.20784253414188122,0.6851774454116826,0.04301976997937475,0.8698467995439261,0.17833375611475533,0.7169014981814793,-0.13884644316775463,0.9686282064233507,0.20882247175489158,0.6858155344213758,0.0273388489814741,0.8836289303643367,0.18251911763634007,0.7150255697114128,-0.13679972716740207,0.9664875652108874,0.20674016858850205,0.6828992877687727,0.03538144073848212,0.8662321482385908,0.1817321010998318,0.708785640341895,-0.12317498028278356,0.9386767659868515,0.15214730373450694,0.6692044181483134,0.050629318026559685,0.9968124628067017,0.1449394204786846,0.674165670360838,-0.05065250104027135,0.9991028734615868,0.1681919268199376,0.736992908375604,0.09505166938262331,0.3374152481555939,0.1646855707679476,0.7505183943680354,-0.04495495025600704,0.9869744649955209,0.16454597030367177,0.811733650309699,0.153613145862307,0.4859147923333304,0.1573910287448338,0.844472237995693,-0.02229440944003206,0.9853789380618508,0.16078935989311777,0.8239827964987076,0.15819885954260843,0.4923668099301203,0.15188611298799518,0.8594477134091519,-0.022065436733620505,0.9607418988432204,0.1845137881381171,0.8296498528548653,0.14881118440202318,0.6546230060713635,0.18012955465487065,0.8580531350203923,-0.05268267462296148,0.9763722462313518
2,33.3,0.20146326294967115,0.560249469109944,-0.05050302057393964,0.9991217979363035,0.20297483141933179,0.5516714496271954,-0.04563845747283532,0.9981369759355279,0.2029016624603953,0.550996231181281,-0.045667531500969645,0.9982136530535566,0.2027546178017344,0.5501488958086288,-0.045691007216061896,0.9986835334982195,0.20186129957437526,0.5509004550320763,-0.062365728297403916,0.998637859310423,0.20104068836995534,0.5498385386807578,-0.062373277066009425,0.9984252495425093,0.2001690289803915,0.5486766525677274,-0.06239922797041282,0.99856379202434,0.19653480925730302,0.5450760977608821,-0.01751384784334474,0.9950314887932376,0.19375540848289227,0.544650550399508,-0.09262540883251605,0.9961040105138513,0.19767968888793672,0.5646639892033168,-0.03763860251222341,0.9978314212390363,0.1961044903312412,0.5632227276052749,-0.05949193558522636,0.9986963484968461,0.181884561266218,0.576175174542836,0.03614267480692693,0.9997932740620206,0.17413532946790972,0.581577411719731,-0.1191671442772661,0.9999393139566696,0.18052918996129722,0.6347427410738812,0.07154618310076852,0.5693889345441547,0.16234023762600763,0.6473069233553753,-0.13068312938724258,0.9858500489166806,0.20217973632471908,0.6749687577996938,0.04932614069964205,0.8893096361841475,0.17564691390310017,0.6998512617179329,-0.1203671869422709,0.9796212400708882,0.2075802460312844,0.6849754495280134,0.0502391518758876,0.8694152023111075,0.17839608660766054,0.7170826068946292,-0.13374680387122298,0.9696305734770638,0.2085497815694128,0.6856652327946253,0.03539867592709403,0.8828183114528658,0.1824296915105412,0.7151722865445275,-0.1320604458451272,0.9674963993685587,0.20646146897758758,0.6827776134014131,0.04232307190873793,0.8653363713196346,0.1817279096160617,0.7093611785343716,-0.11875777265855249,0.9404183370726451,0.1520954689809255,0.6679434691156663,0.050629056191870137,0.9968829623290472,0.145028007881982,0.6731011228902004,-0.05065129351403033,0.9990436349596294,0.1684404388070107,0.7377744955675946,0.0800416576010841,0.34829990565776836,0.16487975525004522,0.751133177961622,-0.047478809686643725,0.9871610105037695,0.1623575687408448,0.8177970945835116,0.12539272169981697,0.4991188006741659,0.15729727702481405,0.8451156147888733,-0.026258618836956356,0.9857430968965809,0.15955363533326572,0.8296853303909306,0.12846328371337495,0.5051333223070418,0.15178675843136652,0.8598951271602092,-0.0260534624436072,0.9616688447339197,0.18577164517981667,0.837851954357965,0.1175220794975759,0.6638312339782719,0.17974178918770375,0.8589721577508109,-0.05503125435539658,0.9769108423164915
3,50.0,0.20148722543602912,0.5603566027822953,-0.046010515874340456,0.9991443611326678,0.20295765215442307,0.5517797413326448,-0.04117347849976452,0.9982140660285957,0.20286681112788985,0.551110718931471,-0.041201034472102244,0.9982898604302186,0.20270239597275158,0.5502775112787885,-0.04122262341635571,0.9987460318065833,0.20188782470566902,0.551033871514457,-0.05813264687146463,0.9986810201690318,0.20106690128644322,0.5499867257617772,-0.058139326316969775,0.998480263210479,0.20019198386442108,0.548841013794854,-0.05816568451977916,0.9986176632699519,0.19650717718260644,0.5452300338518057,-0.013421049829395054,0.9953167807488221,0.1938152284849259,0.5447785740806947,-0.08951805390062792,0.9963022725922729,0.19761357846714217,0.5647643861316503,-0.03331223910763152,0.9979263884680618,0.19612193959099922,0.563407835506258,-0.055422856339386574,0.9987629112743204,0.18177727148646414,0.5764825486001519,0.04021007416858562,0.9997963649886003,0.17421927622386402,0.5817617802392873,-0.11710659520966674,0.9999393508547836,0.18035315261000692,0.6345005801745829,0.07409774441094631,0.5656486040069948,0.162517608631225,0.6476280462174193,-0.12781813598814473,0.9857884588695714,0.20195511267298757,0.6749332689103631,0.05401516758969856,0.8876307862145566,0.1756763507922492,0.7004394644782661,-0.1174647258151146,0.9802035575821293,0.20740676990577167,0.6848803673471728,0.05540259856553309,0.8676617457753142,0.17851759706224726,0.7172576756704426,-0.13053134225663693,0.9705755398387008,0.20837297538916283,0.6855942436626985,0.04107734410180935,0.880737341585614,0.18248481480848233,0.7153487971850809,-0.12903008432615382,0.9684430162111926,0.20628233182997946,0.6827271438780289,0.04724551169645222,0.8630415712084095,0.18179526286465794,0.7098738352457687,-0.11592265928075435,0.9420751929283149,0.15214940550781442,0.6670954624811813,0.05062206178194004,0.9968878995804566,0.1451166073481243,0.6722217117037097,-0.050642881719839036,0.9989521702130643,0.16848099941299088,0.7388805775415335,0.06948580699307583,0.35727696759360206,0.16504183340640305,0.751801334676289,-0.04944588456835069,0.9871319305329103,0.16067205156598785,0.8220983119237997,0.10578881381523049,0.5101738657270163,0.157203950342678,0.8455657788685396,-0.029241727310277188,0.9859808030582616,0.15825374992120844,0.8338598041307365,0.10781039262101771,0.5166486004988355,0.1516907030627842,0.860236321176802,-0.029068416161906176,0.9624726176261909,0.18613060741197507,0.843828507832119,0.09558219746464781,0.6709135657265077,0.1793913238105321,0.8596563679831375,-0.05712790592085752,0.9772104053270255
4,66.7,0.2015411704778673,0.5605007495198935,-0.04589269398933368,0.9991561344691693,0.20298817469960181,0.5518854601042615,-0.04094698368793445,0.9982711474100756,0.2028943960155761,0.5512364421572007,-0.04097521925965948,0.998345681599209,0.2027316299222766,0.5504355686051509,-0.04099828980508308,0.9987946464901886,0.2019328524669013,0.5511972535224192,-0.05780054256320004,0.9987099000385837,0.20110983720847553,0.5501951944260374,-0.0578087296869074,0.9985208766801024,0.200226651061149,0.5490862301417763,-0.05783711746335034,0.9986595568202798,0.19651528270471677,0.5454037246249974,-0.012394631370192491,0.9955534849848073,0.1938621650139492,0.5449485438210627,-0.08800554381949569,0.9964739282925932,0.19763891753696272,0.5649240669750036,-0.03297438774080506,0.998001762798855,0.19616818498997474,0.5636397004127507,-0.05493372643277762,0.9988208441507257,0.1819712661561513,0.5768611516271323,0.041498638689518,0.9997959960074659,0.17415135885987976,0.5819378438450046,-0.11587989862476085,0.9999386895270582,0.18052644105184656,0.634550273418427,0.07569397985935217,0.5606857623372763,0.16261146040189844,0.6480342547098801,-0.12683716558274777,0.9855819798651203,0.2020146243629003,0.6751011155900506,0.05707363003776191,0.8845088850884217,0.1757259539195471,0.7008317794118614,-0.11702910633314231,0.9807205796241767,0.2074077413195657,0.6850537061691289,0.058649826262678464,0.8644681856745772,0.17859361427170903,0.7173792407626203,-0.13015684059688032,0.9714278550375082,0.20836442992800774,0.6857399060612639,0.04439419490240872,0.8772524112746835,0.18261818871611651,0.7155445587067382,-0.12879252078987313,0.9692868476822271,0.2062867496694839,0.6828654493604392,0.050340592151596475,0.8591841970171253,0.18186411048684814,0.7102471675191612,-0.11558340631780178,0.9435970527785171,0.15248400611536855,0.6670401181493492,0.050596285966180654,0.9968109641756338,0.14514878676051196,0.6715101855141781,-0.050614906563645354,0.9988079383259735,0.16816623508930217,0.7408972041947506,0.06411230156109451,0.3650732579685395,0.1651206236510051,0.7526459920974011,-0.0514281076334772,0.9867970971834099,0.15909069918450866,0.8242259053956901,0.09674878773235146,0.5195588526271642,0.15707933406035118,0.8455986096745451,-0.031714112187425314,0.986044991584052,0.15647007808798846,0.8357896719660084,0.09832946282057542,0.5277549794742042,0.1515573114156724,0.8603068505014698,-0.03156007906155929,0.9630603336152583,0.18457810509772543,0.8469839720498954,0.08478928144489023,0.6757534628822695,0.17899495434193397,0.8600410109474552,-0.059873121834936635,0.977179578372411
5,83.3,0.2015672489291147,0.5606865655808226,-0.04583190062216354,0.9991740924971453,0.20300409126849417,0.5520525801749461,-0.040840374926726056,0.9983372262546002,0.20290286058471332,0.5514303474199208,-0.040868032723665265,0.9984084055537277,0.20273627553667356,0.5506699369067242,-0.04089021292470753,0.9988460824603134,0.2019653100342979,0.5514037353651868,-0.05758322917279747,0.9987495030675622,0.2011359043064573,0.5504374674388344,-0.057592451749813034,0.9985736409823107,0.20024157705761153,0.5493580642200655,-0.057621040159747755,0.9987121650150852,0.1965180152938481,0.5456633738109047,-0.012066065289434942,0.9957905496869777,0.19389246900876378,0.5451716127849764,-0.0871756662215506,0.9966651712145131,0.19761866473016299,0.565124508880434,-0.03286811904538248,0.9980857911564063,0.1961744448968344,0.5639171430042815,-0.054686879295678406,0.9988829266457337,0.1820512413978578,0.5770607477142702,0.042017543777113905,0.9997946137473703,0.17416949570178997,0.5819575332459953,-0.11517731100320824,0.9999389903885985,0.18054900282905229,0.634440089975085,0.07592806858675825,0.5541376187687832,0.16270799509116593,0.6483026572636199,-0.1267743536404202,0.9855163324446913,0.2019641669023606,0.6751644611358647,0.05707300046370147,0.8805202444394437,0.17586437577293046,0.7013699327196399,-0.11723376384803236,0.9812930964288265,0.20736359130768564,0.6851115822792058,0.05873678748806322,0.860503650846936,0.1788356070007598,0.7175741195678715,-0.13053293029467272,0.9723184931845898,0.2083392561901185,0.6857539500508996,0.044287071696349586,0.8730619322685975,0.18295272404239304,0.7158037253788545,-0.12878266331695384,0.9701784678867892,0.2062567110572544,0.6828937161536448,0.05024425153221407,0.8545298860186628,0.18206865446908146,0.7106493853387383,-0.11567747628404988,0.9452007952190588,0.15263761225200845,0.6668687434423543,0.050585515619743476,0.9966992338498442,0.14527486832368952,0.6710572100821,-0.050601917718138045,0.9986705325898678,0.16786242453824918,0.742385571911222,0.06455010459536603,0.3710479296389083,0.1652422540244603,0.7533388251350045,-0.05208333936475576,0.9864866137504584,0.15892486345200324,0.824674458730789,0.098231651598499,0.5274957759039747,0.15700073895000288,0.8457463781038925,-0.03270696618017699,0.9861710809525996,0.15518866266523101,0.8368898062478934,0.09988946822427576,0.5374757931345988,0.15149794518947612,0.8605719520932158,-0.03261083887801286,0.9638753590129677,0.18356720748401836,0.8483150090490075,0.08605487928504041,0.6797114411989853,0.17880288546993633,0.8602801334290284,-0.06144749515113381,0.9772213867732463
6,100.0,0.20165881088801807,0.5607830200876512,-0.04628141419518565,0.9991915367898494,0.20304052035013848,0.5521593377703716,-0.04124094740975474,0.9983999814305993,0.20292614897092198,0.5515595560982117,-0.04126806344304769,0.998467025302706,0.20275054233414802,0.5508314030511042,-0.041290286396231,0.9988939620199665,0.20202847179912398,0.5515446237155373,-0.057960468743528684,0.9987885583014723,0.20119577078592224,0.5506053595315847,-0.05797045394068677,0.9986248782702862,0.2002969277756556,0.5495454214868095,-0.05799937567540582,0.9987641062055322,0.196523000087057,0.5458752427782335,-0.01229932717978955,0.9960145836784733,0.19394748480547058,0.5453460471970698,-0.0871294456578437,0.996852562541054,0.19764799518244622,0.5652717295147128,-0.033263985599790324,0.9981672309693844,0.1962563125860125,0.5641136055900942,-0.05505182860153066,0.9989422985485629,0.1821611161742893,0.5772291450273428,0.04203635933143755,0.9997933052835019,0.17418647522018083,0.5819213447116675,-0.1148596473392987,0.9999397538957149,0.18058141853128173,0.6343324127651402,0.07598127247322178,0.5470544922919505,0.16277842649391733,0.6484513453074868,-0.1269423294635047,0.985597559383938,0.20189971441314347,0.6752364550318042,0.057183828382265045,0.8757116993268337,0.1760963740802948,0.7020083126567664,-0.11758040069114603,0.9818861881891894,0.20731000247455794,0.6851715871265962,0.05895471395481205,0.8557767073313401,0.17935166472480424,0.7179134743554256,-0.13100834332761319,0.9731977383295701,0.20831370424656653,0.6857910695530124,0.04445985509526165,0.8681281123842518,0.18356607499576766,0.7161836510612857,-0.12903002259277171,0.9710619846979783,0.20624056813262773,0.6830118043082105,0.050329477481898845,0.8490944731803174,0.1825012053762165,0.7111596379961291,-0.11594754209121076,0.9467796598161977,0.15278842477571408,0.6666569085348224,0.05059927027849928,0.9965557910147175,0.14544874145871128,0.6707670518330171,-0.05061336074556627,0.9985266838754934,0.16747374052093156,0.7433852014087501,0.06438036209770616,0.3734447473571417,0.16538541728541978,0.7539628403527402,-0.05183008934060736,0.9859313595862623,0.15884034619444903,0.8245438677924026,0.09804417689641323,0.5308399824869069,0.1569623457533974,0.8459307664916635,-0.03211351182489171,0.9860183795293179,0.1545649241833461,0.8373852996599113,0.09968291116612304,0.5432867407798772,0.15146147424266465,0.8608016087895354,-0.03202763731990544,0.9642497670082826,0.18293591411340818,0.8488753608294901,0.08584336262373704,0.6802078655787882,0.17867644911720654,0.8603362781660904,-0.06074149179316707,0.9768397439093823
7,116.7,0.20177160132498984,0.5607992751257764,-0.04649066818611966,0.9992149869600938,0.20308001694225142,0.5521986143929623,-0.04141222916188697,0.9984686119215835,0.2029505428813754,0.5516134784335186,-0.0414386545973165,0.9985311599004842,0.20276206093175086,0.5509066666875571,-0.04146063647099907,0.9989447565305808,0.202096543851353,0.551613100937435,-0.05825451885660493,0.9988344538779492,0.2012632588545483,0.550693892297291,-0.058264217738594366,0.9986823002497363,0.2003648210139503,0.5496496274357754,-0.0582935095188164,0.9988211904253286,0.19652498265107488,0.5460307512964525,-0.012282746977039754,0.9962376952171332,0.19400638838609074,0.5454768226260234,-0.08751709510882702,0.997043070339022,0.1976928143274218,0.5653576907657446,-0.033376722108750145,0.9982528629757117,0.19636527839161116,0.5642221002351674,-0.05532806207026758,0.9990022693361562,0.18227995861144308,0.5773820422944572,0.04254644914042385,0.9997945427894599,0.17424201042879206,0.581948198023297,-0.11507311427877072,0.999941377412706,0.1806137696618127,0.6340965571857639,0.07711211272648408,0.5398683661506294,0.16283497781980616,0.6485208216167636,-0.12738659197375896,0.9858344395955412,0.20182152376288476,0.6751730016299662,0.058873891120865274,0.8716030943961377,0.17633294988246204,0.7024744805835548,-0.1181182502990678,0.9825496531668171,0.20726206756773463,0.6849115320614411,0.06079041266015602,0.8517033003625422,0.179921458164851,0.7178957405544468,-0.13167299188318715,0.974150873365857,0.20829353304136383,0.6855640751974929,0.046281371975228934,0.8638407275790266,0.18421736501512087,0.7160466966174903,-0.12951056943053302,0.9720329784211665,0.20623793843246657,0.6829367336772743,0.052023808338812455,0.8443207598867877,0.18305115117913212,0.7112096831912091,-0.11640381493738727,0.9484747960453949,0.15296568118390594,0.6665222105525793,0.05064992713076731,0.9964459254628143,0.14569178507441577,0.6707270486014234,-0.05066197525177687,0.9984225857825513,0.1669728124425526,0.7437238721620474,0.06684930480661852,0.37346838343711153,0.16552170898233154,0.7544842248871219,-0.05189826215306922,0.9853157032103772,0.15872399225121464,0.824480709575472,0.10310185523260215,0.5312507691837496,0.15693526466687532,0.8461490358625146,-0.03240912026237876,0.9857123863129396,0.15451050088519153,0.8373862845557083,0.10503445672137404,0.5465860764185592,0.1514523263488498,0.860958533627647,-0.03240498483535792,0.964372254553296,0.1823819925387702,0.8480857014656074,0.09141334181740177,0.6786148321060912,0.1785836581672942,0.8603056612468907,-0.06100226335582284,0.9762546845844821
8,133.3,0.20190695992537921,0.5607931443623138,-0.0465456955134869,0.9992466370264697,0.20313057374386573,0.5521863926024668,-0.04146050715020727,0.9985478520393379,0.2029873750039511,0.5516016029176262,-0.04148673567743531,0.9986068634759819,0.20278782574903412,0.5508961195037483,-0.04150860703417236,0.9990024169286099,0.20217155913511925,0.5516314989044557,-0.05840290178145685,0.9988883818898889,0.20133681240535933,0.5507268110911056,-0.05841179475897838,0.9987473800068817,0.20043647005444493,0.5496969223022465,-0.058440809803349675,0.9988830458550233,0.19652756693817336,0.546111935660953,-0.012243449687957772,0.9964753360975365,0.19407214224338545,0.5455779121035625,-0.08788596200091504,0.9972347418467211,0.19777741886320582,0.5654098448299231,-0.03337175594199274,0.9983449493135732,0.19650803861163924,0.5642997253508799,-0.05545620159024288,0.9990630291757137,0.1823836912711463,0.5774754825092502,0.0430346386773246,0.9997995297114062,0.17430438739912862,0.5820005649612068,-0.11558295041322716,0.9999428817204074,0.1805962111268726,0.6336868859472733,0.07817576293434421,0.5319658886818662,0.16287025596414306,0.6485647729464945,-0.12791934041749872,0.9860946308998841,0.2015776953526907,0.674535935833341,0.06122359083521938,0.8691733479499824,0.17651098966598522,0.7025011550812499,-0.11853116502364486,0.9832004762831196,0.20711941875162593,0.6835881783848722,0.06343495153955056,0.8493111389023924,0.18046106043316082,0.7173907785188589,-0.13210962996596393,0.9750704708553503,0.2081863567942666,0.6842054043497363,0.048918454597393704,0.8612354568072734,0.18482485626425077,0.7153915592602327,-0.12973695567676008,0.9729758245604386,0.20614654109591546,0.6819443929763072,0.05440209859183861,0.841132005055746,0.18357647884459735,0.7107146779696152,-0.11672549801213408,0.9501315525599896,0.1530801213922956,0.6663635174433395,0.05069687607742494,0.9963960392134538,0.1459317711137591,0.6707494031815306,-0.05070621875070394,0.99834068900063,0.16648018218222133,0.7441485722859706,0.06777406679022885,0.3738510097776143,0.16566155070350297,0.7549169858296718,-0.051777776685499044,0.9847475318681633,0.15861332629408165,0.8246548090662281,0.10446934153636304,0.5322025333132067,0.1569219536724546,0.8464005362419862,-0.032233135242547326,0.9854150215784716,0.15436827497822908,0.8374344082105734,0.10645101467768359,0.550504306952159,0.15145812928676616,0.8612223977134348,-0.03223280324822383,0.9645655524163027,0.18159769759291705,0.8472152437482567,0.0928967524142493,0.677423292682285,0.1785285742509934,0.8602811977976851,-0.06055439281321712,0.9757135652360469
9,150.0,0.2020659283513116,0.5607727028074723,-0.04601565571058368,0.9992774724960334,0.20318535183157255,0.5521552846545269,-0.04090433461325513,0.9986236350876952,0.20303021939027893,0.5515724619229638,-0.04093147548181673,0.9986797003518976,0.2028214427686874,0.5508704611233307,-0.04095400355401496,0.9990572446868541,0.20225110721020487,0.5516309085346407,-0.057834384342034695,0.9989400875000733,0.2014181684880031,0.5507400603521442,-0.05784184822723983,0.9988093943822959,0.20051995416482304,0.549721839882079,-0.05787002082381933,0.9989415662629271,0.19653626637799415,0.5461754770506,-0.011636134680537959,0.9967001392727814,0.19415499411878145,0.545644493330093,-0.08725403107347948,0.9974126531964264,0.19791292008899522,0.565446013496036,-0.03283105808354562,0.9984299767585035,0.1967067938475383,0.5643549873715359,-0.05491022872073314,0.9991189440091457,0.18240207788490126,0.5774748921394353,0.04352176402296342,0.9998018769990837,0.17444716677779254,0.5820442551658271,-0.11524497895013727,0.9999441390945805,0.18043843834173123,0.6332193158921746,0.0798051807852019,0.5194354554017389,0.16288067187581756,0.6486100582849417,-0.12771522998809826,0.9861556603795013,0.20127819691385557,0.6734399199485783,0.06364832570155465,0.862319795858293,0.17656182958966224,0.7021448555446812,-0.11824901331038712,0.9835902906599507,0.207018995568866,0.6815740267435715,0.06615638236204788,0.8432397870790397,0.18071285244964433,0.7163132656188242,-0.13182551307337634,0.9756514543578746,0.2081607587280729,0.6821678734961015,0.0516674923045295,0.8550683146431339,0.18504729866981517,0.7142067211014889,-0.12932043629033232,0.9735403912408018,0.20609928170839958,0.6803558837799804,0.05687314254187406,0.8343700653030766,0.1838381063370479,0.7095890641212468,-0.11641067976043347,0.9511906192416244,0.15313572543007997,0.6663132139614656,0.05070574280051962,0.9963829063233882,0.1462233392965227,0.6708873510360722,-0.05071091758353373,0.9982863664627083,0.1659520289727621,0.744715103081295,0.06924339454798477,0.37416233335222543,0.16574033385231393,0.7553906014987406,-0.051180853907551116,0.9843615236736487,0.158486911228725,0.8248303390684588,0.10731142049744023,0.534118629637219,0.15691639624890838,0.8467296844437016,-0.031142017759737534,0.9852765656652911,0.15404215029307786,0.8373763561248786,0.10946594497987211,0.5553273218018673,0.15145990891116018,0.8616030471665526,-0.03110817305388907,0.9650414075170252,0.18054375832989117,0.8462349119640538,0.09608500983033869,0.677236730144138,0.17846041208221813,0.86035776705969,-0.059451259317852244,0.9754336618241817
10,166.7,0.20222945582299018,0.5607286748431982,-0.04594518368442857,0.9992866544496453,0.2032385234321868,0.5521161300795423,-0.04097021459823566,0.9986659912835991,0.2030724861792157,0.5515359129224509,-0.04099798344430472,0.9987184206644701,0.20285521660532285,0.5508367646308177,-0.041020889012586534,0.9990880233900894,0.20232557469890244,0.5516153006326588,-0.057840519185577165,0.998968734627679,0.20149091098989774,0.5507352238609681,-0.057848533526772584,0.9988473937624984,0.20059034512156548,0.5497254700887775,-0.057877665296906564,0.9989817880448848,0.1965452028172358,0.5461992621421817,-0.011851867439136627,0.9968430172829408,0.1942288350491298,0.5456615232286003,-0.0871178969031289,0.9975518215270277,0.19805967665853969,0.5654686802909492,-0.03282557800412181,0.9984697727929985,0.19691088157040745,0.5643880225363236,-0.05481575056910519,0.9991572357359394,0.18236255432878234,0.5774992278644021,0.04347236223873641,0.9997869332631436,0.17462371928351278,0.5820960771469847,-0.1148646328420867,0.9999444087346402,0.18034515423434133,0.63252676100958,0.0806787407823972,0.4972635919139502,0.162831152478854,0.6485494091397245,-0.12735970105443692,0.9859580709820709,0.200468407500358,0.671705373695919,0.06417828656378252,0.8425509248461049,0.17656179056281146,0.7010363822891603,-0.11807429790496834,0.9835314949353543,0.20642859949952097,0.6788109001659217,0.06675783048073455,0.8255869462376555,0.18088889689672574,0.7143614888191228,-0.1317876208396186,0.9756430302347462,0.20776426863102704,0.6795932508650285,0.05211232301025167,0.8375255295208528,0.18531447578044177,0.7119203266643348,-0.1292727944396792,0.9734444249243971,0.20554942105497648,0.678176411560604,0.05732591219601181,0.8164625224613014,0.1839813582953954,0.7073687485286173,-0.11627985537052163,0.9511931339899706,0.1531252825543995,0.666312089988164,0.05066829884336112,0.9962885663622909,0.1464989511739641,0.6709411967368357,-0.05066945297377454,0.9982012510299689,0.16553059149356125,0.7457276071820946,0.0682289525866509,0.3722992851620631,0.16580154924165647,0.7560457331793654,-0.05082458452809428,0.9840253478004826,0.15831311401866743,0.8262686899730144,0.10515276803856811,0.5362852840196523,0.15690662463506072,0.8474299368404212,-0.03059887761871022,0.9852583663804199,0.15328130480789015,0.8383832687423349,0.10715907067060479,0.5602262956755506,0.15145906380244673,0.8623149650437497,-0.030614068110783918,0.9657093371663782,0.1794485627185732,0.8459374847866246,0.09314529526801343,0.677561101459322,0.17838096902483996,0.8610906402270007,-0.05933032663805149,0.9753284000215082
11,183.3,0.2023441571564903,0.5606338041169308,-0.047449271061590775,0.9992646404675082,0.20327800015608483,0.5520328822590059,-0.0427187922455016,0.9986643847965067,0.20310651688348694,0.551458625566392,-0.04274597888191544,0.9987118811834433,0.20288565612974635,0.5507698059082036,-0.04276828875853905,0.9990870980989373,0.2023761378867287,0.5515642024221878,-0.05950590382729262,0.998966228394282,0.2015378233932315,0.550702205726079,-0.05951669847681413,0.9988517590931489,0.20063353010586343,0.5497105008079897,-0.05954734573052047,0.9989970979236429,0.1965566823879879,0.5462148161161517,-0.013897145300039233,0.9968784848848986,0.19427723047279188,0.5456833555584866,-0.0887930978621756,0.9976442484628595,0.19819172720114403,0.5654486928667346,-0.0344376729003021,0.9984532992045092,0.19708345972356356,0.5643995006879174,-0.05629854099381542,0.9991751966022316,0.1822469532489778,0.5774980300948738,0.04174040169233371,0.9997516529900695,0.17484173036756984,0.5821553326788407,-0.11615047603845605,0.9999442157291238,0.17992023201215845,0.6317075718016856,0.07834160895574666,0.467449152753467,0.16265630154382626,0.6482472050757639,-0.12825173494361705,0.985656414713179,0.1987429388931821,0.6696608094942007,0.06101380288600926,0.8084237603914176,0.17648650847730196,0.6993027414594383,-0.11868314551455643,0.9830747729256047,0.20496405519190303,0.6764061649640407,0.06346573928991958,0.7950727230026614,0.1808997193972271,0.7118619226274041,-0.1323656283673787,0.9750982409431828,0.20674131384917682,0.6774813873427259,0.04895330167242462,0.8071931032907401,0.18542704199041654,0.708875383649554,-0.12983099193800074,0.9727670152982083,0.20418366505986182,0.6760681640534179,0.05410774495630041,0.786324696881431,0.18384491474855527,0.7043529975981945,-0.11692602542184657,0.9502832577342085,0.15303754735560654,0.6663716492198768,0.050609555095434224,0.9961197205952244,0.14675664617901768,0.6709963736079994,-0.0506073603672641,0.9981081712813612,0.1652001064448131,0.7467585347947626,0.06831943846884234,0.36944342652956674,0.1658241464978174,0.7569393430437366,-0.05013462989812809,0.9838854500225619,0.1582217017809551,0.8280648135003595,0.10557245924359283,0.5394619305928552,0.15688356615248192,0.8483774236270366,-0.03016151053210102,0.9854665285065067,0.15247913272607905,0.8402778108914699,0.10756572797184907,0.5650274441355754,0.15142868246350982,0.8632973262241914,-0.030277005973316395,0.9666829960686827,0.17853162544114262,0.8471424636386695,0.09280980520305186,0.6793175197782976,0.17834182154564643,0.8623918266523458,-0.05976608750366033,0.9755788587388545
12,200.0,0.20246626720542016,0.5604141099112379,-0.05037102067754386,0.9992324397677474,0.2033113681134725,0.5518362578891577,-0.04591345077469239,0.998646951857068,0.20312920638493143,0.5512654639425736,-0.04593931369128685,0.9986882635525303,0.2028994411230089,0.5505868849300206,-0.04596071619363062,0.9990745811235344,0.20243553178651008,0.5514262857891268,-0.06267374452380911,0.9989538164365867,0.20159876843293523,0.5505972362699967,-0.06268837001352087,0.9988450691813522,0.20069685436430446,0.549637859775907,-0.0627207213214466,0.999004332792192,0.19655666181019388,0.5461713047254657,-0.01732899940439634,0.9968707391193942,0.19433621352627178,0.5456681819189166,-0.09203521588018969,0.9977192452975688,0.19832518341995437,0.5653373570669269,-0.03743938267940569,0.998418155170623,0.1972765234254657,0.564339521385375,-0.059238139362562316,0.9991858601570136,0.1821713951371966,0.577474707648868,0.03887823206328213,0.9997120868592043,0.17496234888122209,0.5822134642373952,-0.11843380296514155,0.9999438524246222,0.17934142762706407,0.6309779428300408,0.0745092860999562,0.43395057036763174,0.1623584010771344,0.6476915336790544,-0.13001548321474177,0.9854998985926318,0.19690668299084632,0.6676345098586314,0.05719097366645226,0.7671434879302985,0.17668159306049358,0.6972713101477854,-0.12029876169704264,0.9825919355664942,0.20321029708499017,0.6741383700143728,0.059592837733881854,0.758308370908102,0.18156167226178316,0.7096616966383803,-0.13397161378746952,0.974482837177459,0.20550747215747847,0.6757104510352729,0.0452981254174596,0.770724583239783,0.1862389608508066,0.7057760811987382,-0.13137599258195798,0.972016408329919,0.20268305071762643,0.6743607123692835,0.05027126875661672,0.7500845364161906,0.18438699699583522,0.7011331915855412,-0.11855105736425953,0.9492158123425082,0.15297918234552665,0.666410522801536,0.05055663468582293,0.9959291872524088,0.14694236360845123,0.6710243707611452,-0.050552368341457314,0.9979995034989864,0.1648868031445005,0.7476852564584646,0.06532209561694241,0.3656827367487411,0.16581312744390408,0.7578750309490028,-0.04935556721119658,0.9837911753427422,0.15814797367368438,0.830323497454326,0.09970538211720337,0.5435749632971631,0.156861811166718,0.8493546588080276,-0.030443773205791225,0.9857467327799122,0.15213229897476388,0.8434402034396222,0.10130139795087639,0.56999017794927,0.1514036428360713,0.8642425622258874,-0.030849786741392975,0.9676991275378644,0.17823844012759993,0.8494344382059013,0.08490040330659782,0.6825683060146519,0.17837170263131474,0.8637989390464063,-0.06073276805026195,0.9759599765141812
13,216.7,0.20253156054587607,0.5600315956842336,-0.05258339270949368,0.999188735371545,0.2033244406893141,0.5514850644838246,-0.04829548689581102,0.9986155941372832,0.20313218377885378,0.5509294186319628,-0.04831969117124879,0.9986481155667993,0.2028928711300806,0.5502741535504663,-0.0483396828529381,0.9990511025701257,0.20246980019978128,0.5511278112729394,-0.065064812522559,0.9989332556724555,0.20163580491429298,0.5503417054812118,-0.06508229193942891,0.9988271111533762,0.20073851020563233,0.5494273333322438,-0.0651163311586494,0.9990040574754995,0.1965481064149313,0.5460523565610254,-0.019896193673568124,0.9968211707614725,0.19437070971443554,0.5455719147409716,-0.09468850990136471,0.9977817138036099,0.19840287452652355,0.565121866407849,-0.039715546405031596,0.9983710220881878,0.1974005053440731,0.5641829314686007,-0.061487793745029586,0.9991914317721419,0.1821065481219974,0.577454887685322,0.03687452755513648,0.9996614143961959,0.1751287834984917,0.5822420063472933,-0.12082938317741675,0.9999438126881924,0.1786256851184937,0.630425558203743,0.07061024045660388,0.40129925807317124,0.16193248828252169,0.6466980037235083,-0.1322486095485234,0.9855844719069351,0.19468084261530938,0.6659114020211361,0.05309717445856053,0.7222349672090445,0.1770271488598416,0.694590894948869,-0.12251352341402152,0.9821099809237896,0.20095824698607143,0.6724526768638979,0.05523519980765528,0.7179951582636157,0.1824490094468708,0.7074445173853925,-0.13619313353583937,0.9738095374334432,0.20387280200208951,0.6747052811440972,0.041379930628907144,0.7305744914781485,0.18717068220887878,0.7025051003410707,-0.13332925878819973,0.9712064379737498,0.2008892900886991,0.6732013339088082,0.04621022460716115,0.7104336278779171,0.18519733988103426,0.697625923724402,-0.12068123476845886,0.9480042372431081,0.15293200385002875,0.6664279585792909,0.050542807472603694,0.9957277349063336,0.1471609806730635,0.671028247901372,-0.050538154052836584,0.9978999268440981,0.16454774070353745,0.7485531284695586,0.06413443173680991,0.36056249198459467,0.16575903906708683,0.7587477735110697,-0.04740878354225843,0.9837622557367605,0.15812722558066972,0.8320419674827946,0.09829188989741469,0.5467466626848497,0.15682650180090052,0.8501397825422747,-0.02896433367970446,0.9860461240723026,0.15214310657410407,0.846409786315192,0.09981834072442289,0.5735836369650709,0.15134910245736452,0.8649596061025353,-0.02962359706205983,0.9686753749847419,0.17816243710972027,0.851028184096019,0.08228932392029542,0.6859866806438997,0.17839966359592632,0.864909538200924,-0.06080037426380889,0.9764214186441338
14,233.3,0.20255199571450566,0.5595002600124908,-0.05474961052338286,0.9991467169352948,0.20332781189963944,0.5510076057343261,-0.05049146534431552,0.9985919906979523,0.20313088808740903,0.5504753050350012,-0.05051468064387643,0.9986145865349549,0.20288623585587467,0.5498515537806923,-0.05053429997393066,0.9990330565543409,0.20247836340041403,0.5506870604696732,-0.06720530631996341,0.9989165890784497,0.201643575515066,0.5499439835548405,-0.06722418449464304,0.9988097633634302,0.20074653057825012,0.5490811523937048,-0.06725848874165903,0.9990044661930636,0.1965439028683164,0.5458588231177561,-0.022125926755723516,0.9967885017395027,0.19437921614873993,0.5454050614720303,-0.09682369622446249,0.9978476422173644,0.19844527329717376,0.5647927664575126,-0.04188881087161249,0.9983350066911614,0.19746430289177683,0.5639134758994697,-0.0635757483541966,0.9991992002441776,0.18198872109254216,0.5774288943835671,0.03485881466241113,0.999605664185116,0.17533889767669508,0.5822411293075203,-0.12298401906376802,0.9999436480658402,0.17729847842738755,0.6300839668228517,0.06699289381504063,0.37136508595375817,0.1614623431648528,0.6455810211953668,-0.1349283747729802,0.9859264209156953,0.1926966508229575,0.6642691379501711,0.05002768603818761,0.6791065675871718,0.1776945832229797,0.6920366883277898,-0.12537221965335674,0.9817997869991129,0.19840748253322799,0.670931892735618,0.05203753230827199,0.6790749515805931,0.18367936142853342,0.705737758250464,-0.13909942479360682,0.9733039197467629,0.20195171946571,0.6737743389038817,0.03849065161886672,0.6916208778108874,0.1883993908053354,0.6998202460152767,-0.13579140106836965,0.9705918715113693,0.19938529105413544,0.6719429833548415,0.043170237470240846,0.6721117411340991,0.18638092279434218,0.6948256152016781,-0.12338170338244675,0.9470722221192867,0.152913456161817,0.6663520875431248,0.05053827326212614,0.9955532494045446,0.14742625114463634,0.6710027371134082,-0.050533302305709786,0.9977866184143801,0.16426030369032008,0.7492013034366432,0.06230607327251212,0.35515945865994436,0.1657066806441263,0.7592658883049379,-0.04397257896406313,0.9836990691366657,0.15799639338538773,0.8333136155491789,0.0952774548814411,0.5488112710771111,0.15677906572818767,0.8505280330067595,-0.024334014615132713,0.9862653953688493,0.15235695313839698,0.8486064927918576,0.09660773156654273,0.5760145783424382,0.15125624054954173,0.8653562409537185,-0.02494860014745169,0.9694804123469768,0.1780484865109127,0.8530599929037554,0.07794014009691426,0.6890408481870384,0.17842234316326336,0.8657325506210334,-0.05739800898092138,0.9767770909127742
15,250.0,0.20257023189749052,0.5588466780526301,-0.057452093100263994,0.9991140876497548,0.20332973627817075,0.5503996866089962,-0.05301854883631074,0.9985860898381195,0.20313003730206275,0.5499001542727157,-0.05304135027385897,0.9985978631746208,0.20288159307979414,0.5493166049321496,-0.0530612697558744,0.9990260828109022,0.20248468220233934,0.5500968893369043,-0.06958005754720603,0.9989125274476559,0.20164966015588684,0.549394860154107,-0.0695999261169207,0.9988030422301527,0.20075278764679333,0.548582250163669,-0.06963358180863521,0.9990126632508785,0.19652356775034058,0.5455867193994072,-0.024355522312578717,0.9967919162341533,0.19438913535504126,0.5451549603825527,-0.09855135139964882,0.9979260876065217,0.19848062098026292,0.5643954049973265,-0.04451079098951252,0.9983232078098123,0.1975113635971434,0.5635565150351756,-0.06601660947004959,0.9992145952724283,0.18186387064911083,0.5774482744080685,0.032283954233640735,0.9995496045975465,0.17560888472057537,0.5822042539006193,-0.12489672750234612,0.9999439262208492,0.17591977261361635,0.6300688953626729,0.06272843692983904,0.34317134391693865,0.16090323101906562,0.644593443189349,-0.1378441552321117,0.9863174784751173,0.19107439475400123,0.6633043771698366,0.04369146687289082,0.636781283787319,0.17839968843119497,0.6902875900268559,-0.12885550019286937,0.9815227133887162,0.1965290989194599,0.6704118053118393,0.04506824174452399,0.6405689915021265,0.1847172911678043,0.7047711355345595,-0.14281904697418224,0.9727789731252768,0.20049895346164717,0.6733816947255821,0.031669967142598995,0.6530015213148939,0.18928684649013353,0.6984093359538492,-0.13922859515462613,0.9699518794105174,0.19849505452882688,0.6707887564386645,0.03675895397152222,0.6341980695724492,0.18739251721472983,0.6931947327795487,-0.1267799334157082,0.9460319905054009,0.15290810451621112,0.6665175585519705,0.05055006061281481,0.9953879089582541,0.14770599986825683,0.6710763630412878,-0.05054522979827158,0.9976963656289244,0.16400370782329932,0.7499469575427833,0.06296596002011076,0.34890479700905963,0.16563366495427645,0.7596561454591302,-0.04076932743191722,0.9835937903040939,0.1578681114174072,0.8339472327913563,0.09750616479487653,0.5484560018494019,0.1567136957531885,0.8507477584339329,-0.019763396786791954,0.9863883455594389,0.15258252407823303,0.8499709396135245,0.09897379754554664,0.5759955417542235,0.15116700955799658,0.865615742547172,-0.020284579667661885,0.9701131553876975,0.1778401874360585,0.8543099079813282,0.07976153776759198,0.6906619100343618,0.17841329886799778,0.8660531980650772,-0.053910101098673724,0.9770163070587892
16,266.7,0.20256732900937413,0.5582353160494854,-0.05892008862325128,0.9990724580628538,0.2033072752611979,0.5498470720790685,-0.0543485929568609,0.9985793431599943,0.20310261277925415,0.5493771916344057,-0.054371909016654646,0.9985799420447583,0.2028467640990304,0.5488294249489198,-0.05439210381536261,0.9990176104363948,0.20247101499920814,0.5495474537213647,-0.0708356325825056,0.9989023095085515,0.20163598869528104,0.5488722551436656,-0.07085355796984269,0.9987854219618306,0.20073772541114276,0.548092263085502,-0.07088637103637065,0.9990125951312845,0.1964730492659979,0.545314314819518,-0.025238134942594047,0.9967974679810667,0.19438864645503828,0.5449008345603947,-0.09912278574137467,0.9979940085184014,0.1984750947781973,0.5640001098314925,-0.04580244457437882,0.9983083889597946,0.197511075508027,0.5631961794126605,-0.06722442415498557,0.9992245378948401,0.18127425866467622,0.5774286843481522,0.031271164349856856,0.9994840593565084,0.17592002522377753,0.582157081081754,-0.12560036884886888,0.9999439063526343,0.17343973616758995,0.6299901150521783,0.06007556989789013,0.3159136772155764,0.1604044699952717,0.6438884735107426,-0.13963613907496145,0.9866072308449525,0.1882181089548839,0.6624758499009273,0.03768379232358368,0.5924870712416517,0.17915520639646632,0.6892303029696152,-0.12910273919502901,0.9808236275400442,0.19327861993085782,0.6714672219185607,0.03820204184878443,0.5996066899526691,0.1854642885071892,0.7042305355980287,-0.1430197762591499,0.9716800451278693,0.19741285202049086,0.674044563656762,0.024805842045073724,0.6117122428757809,0.18989343515464252,0.6977740838414153,-0.13931808159464892,0.9687036304246819,0.19582743871779681,0.670720029444922,0.03063268910738686,0.5939899654615497,0.18810922049340761,0.6925381422042851,-0.1269617062949,0.9440418453443625,0.15280320105098555,0.6669466154915951,0.050584330977428565,0.9951876543817073,0.14799692588193086,0.6713752150535589,-0.050579336604901756,0.9976027125404002,0.1638408572900864,0.7509036660194403,0.0646668166986534,0.3418592370691756,0.16552381004605987,0.7600828295662296,-0.03816400805399534,0.983322793529148,0.15776253243287414,0.8347234385354184,0.10093297206220181,0.5452301502227787,0.1566261159522194,0.8512774535587861,-0.014653831565131755,0.9863018648965025,0.15260904246852525,0.8508127984546485,0.10247060656547553,0.5733984368188045,0.15103460067794447,0.866192641712371,-0.014864471341882443,0.9702984804198862,0.17768704323541562,0.854668972038088,0.08264309096904035,0.690136245318822,0.17839424879778013,0.8667374168123524,-0.04920480293887006,0.9769962940897268
17,283.3,0.2025643885135652,0.5576236957595466,-0.0615852714649269,0.9990107360340307,0.2032774204299565,0.5492765846706577,-0.05694201482193814,0.9985573036330094,0.20306211426144566,0.5488210150173736,-0.05696618610194755,0.9985483430680782,0.20279199168795647,0.5482936387970339,-0.056987430900335354,0.9989981764838817,0.2024604025341217,0.5489858388900761,-0.0733220619814737,0.9988727143832623,0.2016289000000274,0.5483302417255587,-0.07333933278208693,0.998742620150249,0.20073231345131298,0.5475805714016873,-0.07337103961479102,0.9989923465819592,0.19638958857173025,0.5449942577452891,-0.027577479414287086,0.9967845422880998,0.19439200063546513,0.5446390367689591,-0.10090195635954546,0.9980359020687293,0.1984671375581198,0.5635747597331097,-0.04834055847355301,0.9982764522234606,0.19752312487079998,0.5628232416652501,-0.06961964638460255,0.9992216853868401,0.1805883198976518,0.5774312757310417,0.028655098307700404,0.9994122982025154,0.17618699726604292,0.5822121359053116,-0.12718959294614346,0.9999430747259238,0.17099358992917207,0.630164742469788,0.0545184399400439,0.2895625751642956,0.15998476530824401,0.6435637871424362,-0.1410068997314999,0.9864841671217063,0.18483852914401477,0.6630409246399294,0.02850084915934576,0.545424166179839,0.1796696980794272,0.6888253518513276,-0.12694734086593001,0.9786400028637484,0.189492097922734,0.6745460970061171,0.02800782401824283,0.5551599973724006,0.18562988653069465,0.7040368999753684,-0.14041089585849226,0.9687968038377315,0.19350548088550582,0.6761484571865631,0.015040514386436424,0.5667202713943668,0.18991822146234072,0.6977541673751109,-0.13692271212736776,0.965552020640601,0.19202664352598658,0.6721680845533102,0.02146283477278694,0.5505928113347012,0.1882124564477377,0.6926934577169878,-0.12482691556215295,0.9394236377307353,0.15268971025943767,0.6677935293742594,0.05060906601803647,0.9949804175467726,0.14824047471795776,0.6718862255414332,-0.05060351888338728,0.9975216445468729,0.16374792726266962,0.7518659915242882,0.06762359965415232,0.3333722551663719,0.16538587283520484,0.7606254532223662,-0.035041702999955154,0.982741296291352,0.15769341729936157,0.8356005435898197,0.10630059029374811,0.5383077916644872,0.15649466855185384,0.852046654337929,-0.007948562070461261,0.985856030668532,0.1526320292836145,0.8517341784068523,0.10805635721910575,0.5670571611041119,0.1508389108237767,0.8670098270688744,-0.007747182744510832,0.9697422356832602,0.17758944772538698,0.8553300386383427,0.08852364122867591,0.6867979225658241,0.1783727925448192,0.8675445516904201,-0.04270381444976446,0.9765039370173506
18,300.0,0.20256592049485175,0.5570214135306226,-0.06347989131297388,0.9989627826781506,0.20322866524968844,0.5486616293589277,-0.05882301589562784,0.9985609650611884,0.20299299628961667,0.5482018504823961,-0.058847758564211115,0.9985448888369977,0.20269780570552476,0.5476786011741279,-0.05887004165422353,0.9989968197686339,0.20244772306510395,0.5484119795617607,-0.07511337952954433,0.9988589712551669,0.20162385560217372,0.5477826652072728,-0.07513202372051425,0.998715471653712,0.20073210412547715,0.5470701597985771,-0.07516296491736463,0.9989822961035235,0.19625086301849015,0.5446481846627739,-0.029421910466182824,0.9968307273728514,0.19439289754345318,0.5444021310125082,-0.10231281000943418,0.9980927904446927,0.19845542808373784,0.5631242678278973,-0.05021374921003981,0.9982732392492756,0.19752949263368347,0.5624583193234038,-0.07136593936454688,0.9992246542658132,0.17981820092314776,0.5774473207337519,0.02650060619981518,0.9993547626904086,0.17630390610013702,0.5823861786297394,-0.1283316257454101,0.9999417151723596,0.16871456021354325,0.6304869509878617,0.049405318463132536,0.2656878417446502,0.15967157837890456,0.6435729776109973,-0.14143632068520512,0.9858404312814992,0.18186612285318843,0.6649974471046816,0.020268305648295667,0.5018532091663,0.18015206427801236,0.6890605120431814,-0.12194662966898519,0.9746814881052297,0.18603113932268972,0.6778551368486319,0.0188115162863618,0.5133734643459323,0.18588663779553927,0.7041766388075696,-0.13469031098343087,0.9639590098744355,0.18962925885404874,0.6782308646610811,0.0062820138853220756,0.5243091895466763,0.19009834740843107,0.6980759898821518,-0.13147597724483137,0.960312568006062,0.1881049786295211,0.6742942929267888,0.01328577223189531,0.5096494087151122,0.1884129480237054,0.6932615382330762,-0.11981695961384556,0.9320660403796612,0.1525582309280124,0.6688543756802882,0.050640060965504,0.9948204954465237,0.14846305832976397,0.6725392994426551,-0.05063368965472498,0.9974658035096675,0.16361265452135187,0.7529204856781738,0.06806905532167076,0.32512435600871153,0.16524485817977372,0.7612103649548128,-0.033518473839476016,0.9819573050453556,0.1576436296814965,0.8367793219430113,0.10647896357945041,0.5304865524882366,0.15632890022936333,0.853012763318562,-0.0045420412816816885,0.9851820128304625,0.15262822948751006,0.8530150765464426,0.1083631728376662,0.5596059049878805,0.15061565524055853,0.8679727656500686,-0.004151019666876115,0.9686155943643486,0.1776561566761563,0.8556961246899202,0.08972187233822693,0.6827050475847158,0.1783390428338733,0.8681775700478334,-0.03888109007052016,0.9757044968150919
19,316.7,0.20256887589182188,0.5564455986022954,-0.06465589680841996,0.9989073418435603,0.2031490192526864,0.5480352782067802,-0.059967905282974285,0.9985619300887705,0.2028835351978031,0.5475639019693651,-0.059993317971626964,0.9985399388131649,0.20255307427474445,0.5470380527632581,-0.06001683076222742,0.9989927467845743,0.20241863883676997,0.5478351854142692,-0.07622689328023372,0.9988400794210895,0.20160784465926046,0.5472344273612616,-0.07624651633557825,0.9986816445986437,0.20072502252601457,0.5465622402372818,-0.07627680578402116,0.9989665434474044,0.19604175999051063,0.5442924896876021,-0.030547299998856747,0.9968728309585941,0.19436428092774904,0.5441663180078783,-0.10331816651991443,0.9981429037593668,0.1984514395395916,0.56267961150124,-0.051358190320787006,0.9982668076242727,0.19755187701611304,0.5621023433549068,-0.07245145738124853,0.9992229087012162,0.17905287231717804,0.5774448173386714,0.02508553915790151,0.9992978885060273,0.1763740196114496,0.5826509027254018,-0.12907497939609355,0.9999399355479657,0.16688809153579542,0.6307884028979714,0.04553218363296421,0.24330321380070297,0.1594888170560202,0.6436049257005969,-0.1406429381597611,0.9847481562977752,0.1788535288402014,0.6670713992345905,0.014408352430022909,0.4592770806380684,0.18037910688491107,0.6890633815810798,-0.11534435976119277,0.9693239529927579,0.18279004238900698,0.6808343359402254,0.012303069899124766,0.4719218327885586,0.18585634018693664,0.7041541820480715,-0.12723267149357576,0.9576027450107399,0.18597454967952923,0.6802128354708359,0.0003049369801634127,0.4821060072808042,0.19001290344056643,0.6982508472033915,-0.1243352446527709,0.9534667616798771,0.18425230539980403,0.6766327960150587,0.0075561866563345756,0.46902131750470144,0.1883218550965901,0.6935964056423738,-0.11320533426035026,0.9226387256667734,0.15239021465891894,0.6698537695975535,0.05063431869660108,0.9946812362897972,0.14869512546630143,0.6733124341283531,-0.05062632227227805,0.9974409824325932,0.16344834296476285,0.7540563401721778,0.06925749033689504,0.31665149047261215,0.16511548842702606,0.7619551931108752,-0.032511724247818924,0.9809724319548841,0.15763655801614138,0.8375571937788107,0.10884316691330509,0.521450431573959,0.15615164382117147,0.8539996970267529,-0.0028445317099491775,0.9842546270007186,0.15258867683864785,0.8537769487925944,0.11106800678230475,0.5507101501737326,0.15037996073563903,0.8689778617450175,-0.002414332176115188,0.9669697426614314,0.17778347929318758,0.8553921523548313,0.09378872918231153,0.6774548263776875,0.17830864304587968,0.868773880459014,-0.03728521295956205,0.974581298373995
20,333.3,0.2024963498115541,0.5559553163392207,-0.06470028222316793,0.9988522586368386,0.20296859457379313,0.5475049728438972,-0.05999457978066948,0.9985595941543586,0.20268078077407126,0.5470209859666375,-0.06002076839407289,0.9985322185925083,0.20232342751253235,0.5464931868371513,-0.060045258629889756,0.9989869452658161,0.20226897228331808,0.5473490641230632,-0.07634273881003975,0.9988164419219615,0.20146587349119655,0.5467724771726703,-0.07636137271211266,0.9986432251476114,0.2005918423334759,0.5461390075229466,-0.07639070706708095,0.998946408430736,0.19577774547395266,0.5440001061984474,-0.030663400977140404,0.9969128568967192,0.19425000250339522,0.543980595611391,-0.10344906186773671,0.9981835654803692,0.1984069311902638,0.5622783132961822,-0.0513912542235284,0.9982578044845951,0.19752655284745366,0.5617794082278301,-0.07258309459402454,0.9992175641514013,0.1784123948642187,0.577477784383865,0.024773565608830695,0.9992383264359981,0.17641251498744615,0.5829106086776374,-0.1291435786655972,0.9999376251584016,0.16579016475450437,0.6312540230296911,0.04500198719047368,0.22278371169453592,0.1594374045020059,0.6436839217231392,-0.13895577830927724,0.9836440483729052,0.17762294624532987,0.6701452022507082,0.01422064143809535,0.42018335064252244,0.180564854116667,0.6891088428951451,-0.11029928177595147,0.9640776146025891,0.1812220762173336,0.6834488794917157,0.01217066789312023,0.43378994578406954,0.18591286738713597,0.7040922953968962,-0.12172432740529388,0.9513929599807383,0.1841794557514646,0.6823777471269885,0.00030811689794063584,0.44322850022997207,0.19006935400622244,0.6981091329029634,-0.11896670609712609,0.9467980748131168,0.18250193269479856,0.6791799238749917,0.007449042739435327,0.4316751446042745,0.18833751408826752,0.6937080167588738,-0.10814933478832253,0.9136355604444237,0.152252291639646,0.6707911491394047,0.05058964040307776,0.994579025677273,0.14894686213561475,0.6741169776235314,-0.0505794343494234,0.9974172597839726,0.16330993743169886,0.7549857099850977,0.06973169460183104,0.30853810338746956,0.16504855666841792,0.7626712180319293,-0.031072876194403305,0.979910455998921,0.15752572885581437,0.8380776530220402,0.10981381542625888,0.5124785318261105,0.1559441068342755,0.8549034396807358,-9.021524982970384e-05,0.983299272400993,0.15240107547669196,0.8541205638930918,0.11218951039371045,0.5422832426570715,0.15013006897199732,0.8699776388349993,0.0005270266750206554,0.9652758751596731,0.17781595318090362,0.8559897201401854,0.0953967777036486,0.671911443982806,0.1782265532584419,0.8696977609679819,-0.03409940234961966,0.9733766005152754
21,350.0,0.2023600538571677,0.5555533539681212,-0.06458444006386262,0.9988097037587853,0.20269576140812479,0.5470202309744703,-0.059862726678450946,0.9985614447366631,0.20239632612182995,0.5465359148525061,-0.05988954663986256,0.9985281966981441,0.20202576475484046,0.5460166562171214,-0.0599145406768436,0.9989841835839416,0.20200438797473924,0.5468836511884421,-0.07630407278026859,0.9988006949424751,0.20120339734213707,0.5463257488750279,-0.07632116192863106,0.9986156281970804,0.2003329339481537,0.5457196008591428,-0.07635004782960533,0.9989337041264497,0.19547376391433546,0.5437535132680624,-0.030615544478808154,0.9969546482676559,0.19403868771734706,0.5437867187318352,-0.10334286767812009,0.9982274401755568,0.1983259369929633,0.5619668165842696,-0.0512712049697127,0.9982570040793654,0.19745148221651726,0.5615040461222335,-0.07258101339851113,0.9992164146332521,0.17811661036241636,0.5775794330097384,0.02466529536814918,0.9991858743485957,0.17639705042044335,0.5831196960948767,-0.1291735080026446,0.9999354737145567,0.1658959026847568,0.6317778598694579,0.045288065182311224,0.20464630992639646,0.15940069655577352,0.6437607861700516,-0.1374420452685584,0.982790444578444,0.1779921210947492,0.6723355906350277,0.014558784353236369,0.38605625288827106,0.18071438443093085,0.6892908045223786,-0.10897503332013184,0.9597321550051379,0.18184733248892299,0.685051818688711,0.012515612523115824,0.40068719358671306,0.18611837710653045,0.7041648257346385,-0.1204493020971617,0.94612775530134,0.18477752379008716,0.6838846235048208,0.0005773836469632533,0.40954854516755995,0.19019762533051643,0.6980270771753225,-0.11764466265837362,0.9411455619902844,0.18305656171980372,0.6806975319272001,0.007757115333030628,0.39927394333339905,0.18838947017987584,0.6937364254679004,-0.10680733124415087,0.9060704566183551,0.15220721633661372,0.6716897601173042,0.05048117023848356,0.9944686066536683,0.14919494092464458,0.6749121149381008,-0.05046866692247849,0.9973852350598298,0.16320865920611805,0.7562286711874467,0.069671114285787,0.30129764051664465,0.16500524963651397,0.7635045023191549,-0.030774103300202485,0.978760310581753,0.1573815778607415,0.8388959453219464,0.10974733921743583,0.5044565044698265,0.15576144272372847,0.8557504898025882,-4.636971113671151e-05,0.9823443151655658,0.1521850994655065,0.8547721874146239,0.11207853044782373,0.5348076735224047,0.1499551222437905,0.870887146109627,0.0005672754209843423,0.9636538681529824,0.17782361237775723,0.8568122330166051,0.09491475210303359,0.6667279743012933,0.1780854052021391,0.8706420120738807,-0.033813867717981366,0.9721706225758514
22,366.7,0.20218872456323544,0.5553164624032525,-0.06307455631239078,0.9987689455350247,0.20236600013006317,0.5466679476556328,-0.05825085494489901,0.9985542297363288,0.20205033676964912,0.5461775887580149,-0.05827836674593748,0.9985149020240427,0.20166137672605983,0.5456551852680391,-0.05830234342387749,0.998975853125255,0.20169172471477886,0.5465557121095207,-0.0749472564175016,0.9987804236866186,0.20089907305581245,0.5460122596649901,-0.07495942924703874,0.9985832430067524,0.20003588142849163,0.5454182000387287,-0.07498764069307423,0.9989151245071781,0.19511010036582055,0.5435595484006976,-0.028735740908554644,0.9969692428906766,0.19378135034016214,0.5436401651019145,-0.10214896783942275,0.9982560106686191,0.1982071357113976,0.5617450617608575,-0.049633370268912576,0.998249292373658,0.1973506439299812,0.5612977090336031,-0.07127924973056435,0.9992105222883686,0.17777865415527722,0.577807534308661,0.026630269540917326,0.9991384063448232,0.17639452289967322,0.5831869925771445,-0.12817164687883295,0.9999336202939358,0.16581040336972203,0.6324978414035983,0.048566471962701745,0.188655136596589,0.15943959923017603,0.6438141238121764,-0.13610708145868222,0.9823939204216011,0.17885722503775656,0.6726311416853047,0.018350458526540384,0.356603611083258,0.18115143974622103,0.6895558238029484,-0.1086686122275535,0.9568003103846602,0.18302242954572057,0.6865032003039411,0.016666898060412647,0.37229955054464825,0.18670395726249345,0.7043513740812034,-0.1203016195268859,0.9422995788710465,0.18605446744532825,0.6855077629997621,0.0044279853990745015,0.3807591625622343,0.19069632816882376,0.6979249630655566,-0.11757219902106703,0.9370033315249858,0.18423322623684307,0.6823003178551088,0.01145453970613225,0.37156875786327204,0.18887447104567587,0.6936763837223966,-0.10656273613373447,0.9003375059082401,0.1521135355745044,0.6724435204551338,0.05050683553729742,0.9943700659842726,0.1495094086442676,0.675646427131835,-0.05049372836947445,0.9973433301562362,0.1630889837230956,0.7573732336362209,0.06957362627699266,0.2944805735633489,0.1649246400310881,0.7641906000318988,-0.031173637402909165,0.9778115124929526,0.15721022798901524,0.8403729881559105,0.10844187190135327,0.4984096132573631,0.15563302806445542,0.8565957063720346,-0.0007670450889106314,0.9816658894220995,0.1519788212719419,0.855714965434302,0.11028027889274424,0.5297711888949079,0.1498382900442397,0.8717187898499632,-0.00018981329187573424,0.9625248426482798,0.1776449169431415,0.8576652180580873,0.09065633515516924,0.6633431656020032,0.17794488867123937,0.8717302055585958,-0.03456730005286991,0.9713748381251387
23,383.3,0.20196385610671286,0.5550949346451537,-0.06291888370400388,0.9987327711922789,0.20200123531477807,0.5463458186104189,-0.058014517738705626,0.9985385026250574,0.2016791864520029,0.5458536148071292,-0.05804183405070082,0.9984922352291297,0.20128089970066448,0.5453269793873745,-0.05806518150936994,0.9989618261655179,0.2013142456610999,0.5462427423113871,-0.07483571164664773,0.9987583472615205,0.20051780981676937,0.5457084746587848,-0.07484640464896253,0.9985483090082812,0.19965047069958292,0.5451209999266129,-0.074874853803998,0.998893286500659,0.1946982521386375,0.5433665031478523,-0.028228470434745172,0.9969608954020917,0.1934427129370827,0.5434903247015821,-0.10204775312117176,0.9982739431517472,0.1980615499473755,0.5615705450375879,-0.04937202447936652,0.9982374026661834,0.19721556135586343,0.5611126337732592,-0.0711813459084148,0.9992029070854194,0.17778956677232483,0.5782112876574202,0.027340465535720213,0.9990965099561789,0.17637074277514517,0.5832389962105529,-0.1281363112585886,0.9999319059508194,0.16651508779752835,0.6334753377096998,0.04988237967093789,0.174701159199079,0.15947690038453977,0.6438890752338232,-0.1364520291487377,0.9823456860723956,0.18037497500578575,0.6732652669861208,0.01962198467836495,0.3312302799451921,0.18172147728147975,0.6897313424519135,-0.11120989954187764,0.9548771608443494,0.18473824432918018,0.687737936065311,0.018067575370272013,0.34794632168043255,0.1874451509543829,0.7045922733488542,-0.12323080677361724,0.9394427935282397,0.1878674860511509,0.6869554093905863,0.005591586509364706,0.3561677095435917,0.1913885247139705,0.6979141036669418,-0.12053797571432032,0.9338705880301346,0.18594257533550276,0.6837436074302314,0.012617490209993872,0.3478920502322064,0.1896103606337594,0.6935923610414783,-0.10918168759062184,0.8957734448569168,0.1521375739858265,0.673388813223158,0.050609791917460345,0.9943057014828643,0.14980201706999835,0.6764014022690914,-0.05059787631034855,0.9973125855127978,0.16301662297475916,0.758132798331125,0.07069296460776107,0.28880577144168695,0.16481301117511032,0.7646274084136605,-0.030369198925438403,0.9770864134743107,0.15714885152521602,0.8413218089512422,0.1104404344445184,0.4944258332252506,0.15557043822038752,0.8573458024433687,0.0018823598262055659,0.9812502321742838,0.15190455459413085,0.8562809257280266,0.11205313638562256,0.5265675981839502,0.14978030607813891,0.8724517112686526,0.0026236393577640984,0.9617927102815544,0.17737759224006122,0.8578108719417034,0.08971465982141956,0.6619048657871434,0.17784198550950928,0.8725300998914816,-0.03228077008610682,0.9709381148928695
24,400.0,0.2017219485271546,0.554812419982184,-0.062258902759779106,0.9987045214289718,0.20161159123693206,0.5459752820786979,-0.0572528842659224,0.9985267917315173,0.20128349817934504,0.5454800384385249,-0.05727844419223926,0.9984733008203059,0.20087620048295898,0.5449464888799762,-0.05730076187423301,0.9989515457834524,0.20091228683789586,0.545896166846866,-0.07407653118882865,0.9987415642965415,0.2001073232718878,0.5453770047142396,-0.07408970062221805,0.9985191850435173,0.1992322752873104,0.5448010876065212,-0.07411929894061321,0.9988743804749997,0.19426126423336226,0.5431571063541234,-0.027314077885378,0.9969500076203127,0.19308533554985424,0.5433448439552675,-0.10142064236459285,0.9982909872418366,0.19790077422346403,0.5613583525021875,-0.048707552076805244,0.9982276644025537,0.19706294933954888,0.560906032721202,-0.07052997925451829,0.9991940628914613,0.17778931487174277,0.5786705386070983,0.028383234781878357,0.9990593819391167,0.17635499579565878,0.5832810912813463,-0.12831340872106106,0.9999299730573389,0.16684624268895115,0.6346683615729927,0.05042142438746638,0.16211023571945382,0.15948454893770683,0.6439226667086289,-0.1382765386785781,0.9822566594396326,0.18144732146036072,0.6740366277240577,0.019814830982968934,0.30857775182951086,0.18237425174031952,0.6898803909619653,-0.11396135886510222,0.9528230031331388,0.1858889474755243,0.6886876480919979,0.018282632121727593,0.32617731889088974,0.1882164755037854,0.704771995544434,-0.1262931798895201,0.9363739660808024,0.18913718845163086,0.6880685715448294,0.0055614372138820985,0.3342483937740328,0.1921542421692895,0.6978913630758018,-0.12339921473037638,0.9304617728505823,0.18720594261373807,0.6851181473050804,0.01267961004660244,0.3267461359500887,0.1904461433490119,0.6934820527122139,-0.11190054955936621,0.8906739666348418,0.15218749216624677,0.6744030089605426,0.05083469532075387,0.9942671912057066,0.15020466205619643,0.677204705419995,-0.05082557031086517,0.9972899243945175,0.16293489578224374,0.7591091252508623,0.07176985662607925,0.2829504892939615,0.1646802460863478,0.76499240739005,-0.030168880309377418,0.9763292045820334,0.15703325328372786,0.8427631202198216,0.11184654739641016,0.491127607368288,0.15553943812847149,0.8579603774206985,0.0032223104166665267,0.9809279271534519,0.15182078381379455,0.8572556007476086,0.11332914481560397,0.5241060909770787,0.14975822894346158,0.87300626720701,0.004024272623826708,0.9611543473743265,0.17717350309803387,0.8586677284467794,0.08914836070367274,0.6612184728894919,0.17778512480713085,0.873180264518375,-0.03147773826051328,0.9706753946485981
25,416.7,0.20144056422369835,0.5544498250598003,-0.06133918818973364,0.9986778270630616,0.20117998619874333,0.5455395437422257,-0.056249030643985426,0.9985165368942994,0.20084158366634747,0.5450456908770974,-0.05627231370835081,0.9984562993049628,0.20042058541661234,0.5445108385313129,-0.056293752931413234,0.9989429116249092,0.20048789609046225,0.5454993446667993,-0.07300123040165225,0.9987240689141417,0.19968252806436462,0.5450062127340412,-0.07301788422323414,0.9984895955948611,0.19880821165584395,0.5444530929837912,-0.07304799769605914,0.9988548812412088,0.1937708287012011,0.5429554638408483,-0.02619203162335216,0.996939644927071,0.1926891228982382,0.5432072338603795,-0.10064911664951422,0.9983038391385767,0.19770797661372608,0.5611268565768291,-0.04783138703732266,0.998215561821348,0.19688447458403466,0.5606757913317003,-0.06956804756607332,0.9991822413035809,0.17766562317098905,0.5790534927731472,0.02938898661661718,0.9990293326832006,0.1763285661027546,0.5833647052447005,-0.12845732697418766,0.9999276910509389,0.166827162106832,0.6357041739282159,0.05036995187401776,0.1504740473769961,0.15949079536256347,0.6439885355177384,-0.1391105694430216,0.9819405930382873,0.1814158033756984,0.6740265289942429,0.01989121885881539,0.2876402749901728,0.18275872653438946,0.6899647400492719,-0.11403601829494757,0.9503123419625426,0.18595093417735342,0.6891047188213898,0.018407943791576807,0.3059798677762352,0.1885861619597391,0.7049752786045989,-0.12625678664162054,0.932884193602063,0.18926376388186517,0.6885944264275692,0.005654041866017954,0.3138836551280251,0.1925769164448694,0.697958824180422,-0.1232189301933562,0.926609499113901,0.18726084842568363,0.685258587201437,0.012736352293619097,0.30711686469259736,0.19094819681985054,0.6934222351937072,-0.11191681772470483,0.8850564559300746,0.1522416515009745,0.6752886034193498,0.050965600957473156,0.9942824925695154,0.15060698986053478,0.6779945634660272,-0.05095773757923221,0.9972775975863146,0.1628778044666564,0.7601756027766642,0.07189127235185538,0.27587443448248383,0.16457278245971327,0.7653762953622006,-0.030117034823412006,0.9751172690164482,0.15684674041611818,0.8440799202237816,0.11102148039000383,0.48621740795317187,0.15554600528308332,0.8582745818864738,0.003622079176628699,0.9801740334147505,0.1516830169019246,0.8582244912783311,0.11232797801494607,0.5204196004640492,0.14978952634902237,0.8732525621141711,0.004440566075832719,0.959863219942366,0.17688624064127617,0.8594932641301842,0.087436797008628,0.6590003456388206,0.1778050568841754,0.8736344121751338,-0.03110689013486819,0.9699637520880933
26,433.3,0.2011217659428008,0.5540766857919243,-0.06039998999663766,0.9986514591035395,0.2007175627208893,0.5451505751836871,-0.05528426400962334,0.9985057938666578,0.20037954690910537,0.5446650385856633,-0.05530575361280218,0.9984400414285213,0.1999568506365732,0.5441413606916159,-0.05532664699213849,0.9989343739691241,0.2000138340961367,0.5451374281020396,-0.07196134222405304,0.9987020038423091,0.19919836663064516,0.5446691172463557,-0.07198037455479309,0.9984560183116375,0.19831862407071266,0.5441432396570844,-0.07201054834184198,0.998831524735406,0.19330190476917097,0.5428195340292798,-0.025231346754091145,0.9969325746808739,0.1922460006816048,0.5431098001343868,-0.09972206928900318,0.99830981095632,0.19749743384974355,0.5608896329289395,-0.04697668339524953,0.9982010296412883,0.1966720159564701,0.5604360926718943,-0.06862175890377595,0.9991675189563213,0.17750520933242087,0.579398285774958,0.030139878214824792,0.9989985369500667,0.1762834390004477,0.5834715082531887,-0.12848738971210671,0.9999248953092672,0.16689192326295954,0.6366733937036428,0.05044116541033703,0.1396720732251804,0.15951395318621692,0.6441232221467159,-0.13874729900133054,0.9814899762471525,0.18128780098188502,0.6753452675683163,0.0202030512903418,0.26824410401639504,0.18294018507003795,0.6899158415340247,-0.11255068899620155,0.9476820712997807,0.18575465963000357,0.6897195464088808,0.01873540700901124,0.2872650736854192,0.18875598197891613,0.7050750000136244,-0.12454120850279227,0.9293833687191924,0.18908142121065244,0.6892331781841465,0.006044249604677875,0.294957566828955,0.19279528515679512,0.6978461628868471,-0.12136648453417287,0.9227675341424495,0.18703106613386258,0.6854999519529803,0.013076198686446472,0.2889251581260138,0.19123229171548584,0.6932652223677866,-0.11035756731317165,0.8796741934049703,0.1523289517277764,0.6762261986732487,0.05098208377049086,0.9943235090800701,0.15093618063699643,0.6788362434932169,-0.05097362257185439,0.9972618704750431,0.16289031008879357,0.7612687207403643,0.07098184206656052,0.2683324217796328,0.16452469286464522,0.766083010605404,-0.02998516318343937,0.9736239484378276,0.15658132802872443,0.8447720890953434,0.10879253170319975,0.4803100441183366,0.15552941745235815,0.8585790225437715,0.003953082320679514,0.9791861971219387,0.15148253029301065,0.8588603252456308,0.1100432965017501,0.5163677334785466,0.14979376040753875,0.8734756225631357,0.004828896068613093,0.9582153672263742,0.17658550327732464,0.8604484796524055,0.08594679584105816,0.6555870771408085,0.17782147441591548,0.8741467708633065,-0.030328088839139282,0.9689472970508402
27,450.0,0.2008163368418105,0.5536255978402642,-0.060244079147066434,0.9986420046715516,0.2003020864157451,0.5446853041648869,-0.0552032471057915,0.9985124553952905,0.19997511875061774,0.544224477949597,-0.055223777712810646,0.9984429677327481,0.1995649174565362,0.5437301255407792,-0.05524475411290218,0.9989388244492674,0.19957850092933305,0.5446745469456631,-0.07178927638701035,0.9986955126126614,0.19875326894578493,0.5442288347652984,-0.07180975093728026,0.9984426186198287,0.1978638200532824,0.5437332931019014,-0.07183948549486346,0.9988240911847077,0.19295923979509458,0.5426483920642311,-0.025262644248349345,0.9969621839977454,0.19183028666746063,0.5429425580160963,-0.09957114287785129,0.9983340473402121,0.197297703652155,0.5605891999744237,-0.046903211268640735,0.9982051849365242,0.19645602149622793,0.5601427611850561,-0.06844118911595576,0.9991630883443929,0.17738655351457155,0.5795748602776305,0.02990520452814445,0.9989802468390699,0.17620915174484264,0.5836400418054495,-0.12864839392048982,0.9999224486805152,0.16690205392383406,0.6372801406042921,0.050085962350879434,0.12975224710646138,0.15952283498786757,0.6443670704251249,-0.13796969041937884,0.9810535567147398,0.18079324918133885,0.676082903430576,0.01948101020285063,0.25040247610637134,0.182993585864703,0.689814116273608,-0.11140629791078122,0.9452219378380555,0.18532121820109243,0.6897663190251311,0.017765198701194366,0.27020009713513526,0.1888520831153508,0.7050952145031526,-0.12322294534671883,0.9262031345140374,0.1886257472492401,0.6892921215011965,0.0052678428390728615,0.2776570227884113,0.19286515315373753,0.6975759608404982,-0.12000277248166866,0.9193188491321752,0.18642646712916253,0.6846585727873308,0.012401479252037557,0.27232873794578394,0.19129313102790302,0.6929648944309785,-0.10915478780156099,0.8750208360808243,0.1524289995431901,0.6769799079213829,0.05085702843609314,0.9943856511797231,0.15123857912563152,0.6796727407546276,-0.05084619405014178,0.9972415225846435,0.16290962837991274,0.7624195189703085,0.06889608786219648,0.26078961150986824,0.16451905100118558,0.7669512430826828,-0.029851504823281673,0.9719303278695977,0.15628594798701162,0.8452671482449492,0.10507741073767352,0.47367484512783264,0.15551673159712848,0.8587464065778829,0.0042072193408828435,0.9778543483643312,0.15132463687942152,0.8593378435997743,0.10632481106690006,0.5113969331695923,0.14977781971295684,0.8735040341104785,0.005140159977599982,0.9559868006479179,0.17636683583259594,0.861147704578582,0.08419144614821394,0.6512539784113571,0.17785214810144345,0.8745703441756119,-0.029451589233108953,0.9675155821300696
28,466.7,0.20060366817883096,0.5531041678928197,-0.05877248304230831,0.9986480900219515,0.19997205124014916,0.5441133323169893,-0.05379101811420353,0.9985354258900603,0.1996359229087831,0.5436651053882784,-0.05381115455003016,0.9984648908887598,0.19921664396921807,0.5431830145063858,-0.05383102205537618,0.9989547388894224,0.19927909828367701,0.5441289402189713,-0.07031494982185824,0.9987025147392643,0.1984643765858243,0.5437130615824749,-0.07033546339897888,0.9984463396526525,0.19757685491016946,0.5432521757625401,-0.07036415913275315,0.9988280477977942,0.19265591104825353,0.5423999599048073,-0.024145947769284262,0.9970248937606818,0.1915109760704496,0.5427237976165049,-0.09821415231341415,0.9983722681090953,0.19714678256284637,0.5601830936613541,-0.04557578106011666,0.9982293503625059,0.19630483431475515,0.5597854625611083,-0.06702675386553723,0.9991684669540049,0.1771887398901441,0.5797605855124341,0.030734245266233196,0.9989734916459954,0.17612964979239884,0.5838442019053872,-0.1274351573416166,0.9999205612000972,0.16660511422724963,0.6377092826934092,0.05045077257922721,0.12054404261566352,0.1595245883578347,0.6446581255821959,-0.13518991640635908,0.980448055834998,0.18017833786351353,0.6760822477794834,0.01982368644149532,0.23392992005461755,0.1830175270636878,0.6894980555488954,-0.10760807458843512,0.9425875714847026,0.184901060093017,0.6895144411495758,0.017956767940805085,0.25447096853029183,0.18894291420777654,0.7048637639908568,-0.11914533092862092,0.9229976563226616,0.18813493564015357,0.6890648376374022,0.005584251024715961,0.26166085331212924,0.1928889197962626,0.6968823756490439,-0.11613063975459062,0.9158305100032269,0.18583207612945934,0.6828956831069224,0.012776442359955547,0.25701416532198607,0.1912921908355896,0.6923196117083237,-0.10539848321960094,0.870477560020629,0.1524650121019001,0.6775933021590828,0.05077637075668293,0.9944819751239965,0.1515104657127745,0.6805257371493754,-0.05076363239259951,0.997237063589551,0.1629189593451365,0.7633279703912286,0.06733894454581402,0.25375891157559005,0.16452563660485414,0.7679796020189926,-0.02971202578573002,0.9702522442454391,0.15600357382070462,0.845775172823952,0.10250651729958404,0.467475418533598,0.1554898860908691,0.8591102645510724,0.00432148688871946,0.9763620722861523,0.15118535430658442,0.8595282974697301,0.10390220156737744,0.5070120351655146,0.14975752787930635,0.8737267596381058,0.00527299676711361,0.9535884232748129,0.17610052369889773,0.8614468035243812,0.0837178868906839,0.6473832698095416,0.17783654516651531,0.8747903960091734,-0.028991941894803752,0.9659344440414799
29,483.3,0.2004270440056212,0.5525416334470117,-0.058057094258921534,0.9986786076000767,0.19967539821352293,0.5435400690351218,-0.053193970627728,0.9985805409295225,0.19932580419949136,0.5430994346028286,-0.05321432135644417,0.9985101819038398,0.19889331857363396,0.5426176105226793,-0.05323319509625439,0.9989849811508549,0.1990137894948325,0.5435733738399691,-0.06959318156753272,0.9987333871069416,0.1982069654124125,0.543180726823353,-0.06961441252912799,0.9984793322426939,0.1973178415071398,0.5427485307057702,-0.06964217410201123,0.9988544271105819,0.19234591367698864,0.5421252080372405,-0.023913113045550546,0.9971248677798688,0.19119588250205644,0.542496882733845,-0.09739458099717194,0.9984340696107781,0.19701905974320016,0.5597157024201896,-0.04497927923997247,0.9982802129927142,0.19617956805796866,0.5593929461070474,-0.06625778050649739,0.9991901829129182,0.17699864932468973,0.5798363345009945,0.030952557744014852,0.9989796053795594,0.17606592887923844,0.584091615109217,-0.1262707369668144,0.9999201297760018,0.16627218751680295,0.6379038464455382,0.05037281467091473,0.11222227166096378,0.1595129363593602,0.6449396695409507,-0.13249396497295024,0.9798753488631482,0.1796398340236574,0.6763581321353009,0.01910139034901348,0.21908100375107373,0.18302950830686673,0.6890634951137367,-0.10345684204782765,0.9403396816480734,0.1845384566556841,0.6891734656833473,0.016903233492658265,0.24035263132481366,0.18905826267741987,0.704307255290804,-0.1147330126592092,0.9204014653251291,0.18765694470632657,0.6886787499700279,0.0047079623854231305,0.24728215237458565,0.1928610219841913,0.696014021124159,-0.11196273991039829,0.9130346122242162,0.1853471561556772,0.6814026832580571,0.012064119135694853,0.2432860107648942,0.19116877728984483,0.6915499596368704,-0.10129124103557503,0.8670249042056861,0.15248717864354464,0.6781605992998401,0.05071592738940606,0.9946235333170217,0.15172401638258082,0.6814297891798479,-0.05070206771294279,0.9972847473053712,0.16293985644976308,0.7638098654292884,0.06806060849201116,0.24929329540048342,0.16452515692937952,0.7689855723153982,-0.029060587020857016,0.9691913809095117,0.15587540041832706,0.8451799239431115,0.10524440805117297,0.4639600047043395,0.15547561574549912,0.8597619363239839,0.005525519783120783,0.9752836539631806,0.15111810394695838,0.8588857310158873,0.1071184096591814,0.5044697352818084,0.14971203818207707,0.8743110895156867,0.006555915477552589,0.9517438440095818,0.17593903626714447,0.8607245797202707,0.08812372031665991,0.6461210279237661,0.17783653736114516,0.8749880677177799,-0.027606474413048674,0.9648612198375528
30,500.0,0.2003070534694764,0.5519693692525232,-0.0557094595971562,0.998702457972936,0.19940887107735603,0.5430212418238325,-0.05087304399127056,0.9986219661576414,0.1990338294279009,0.5425778882844111,-0.05089438209931059,0.998553497450693,0.19857657878171844,0.542081869783856,-0.05091291595072977,0.9990132876804904,0.19880522645655146,0.5430838976587572,-0.06712459808304201,0.9987565165474308,0.1980144551822119,0.5427133554504036,-0.06714575116833056,0.9985037389255713,0.1971334474427361,0.5423024722508025,-0.06717299191015112,0.9988714825539369,0.19204079962912074,0.541865828491393,-0.02203528902360373,0.9972209987186257,0.19094030062357598,0.5422890214692982,-0.09476663456076674,0.9984852728389566,0.1969202047302611,0.5592285678500225,-0.04279973712705434,0.9983268153099794,0.19610076929841738,0.5590079001017983,-0.06386904507165868,0.9992059270540881,0.17676688801674628,0.5801633255822323,0.03256172287677018,0.9989792222068431,0.1760354808398657,0.5843199008987068,-0.1239486460884413,0.9999186879112614,0.16572031591619776,0.6385566450300676,0.05086897455510643,0.10454160046009797,0.15952316423257204,0.6451487739880885,-0.12951514018433444,0.9789467028209148,0.17920733278705975,0.676425905454727,0.019285289038504884,0.20526224019981582,0.1831394242388863,0.688504040241242,-0.09947993464413152,0.9370030760765082,0.1843204484099435,0.6894515383811229,0.016975091947686115,0.22706131920928063,0.18933638788404933,0.7033893863360092,-0.11057097180968248,0.9166733423868823,0.18736159091904064,0.6888440137817751,0.004805357173262611,0.233729470343817,0.19302822933310568,0.6949102452823099,-0.10781511877264302,0.9089819476718002,0.18516760993571524,0.6816222497395111,0.012232880241104544,0.23036628110068202,0.19123892840884996,0.6906729737917587,-0.09731279065211622,0.8619830125854135,0.15245911478996288,0.6787477646555224,0.05075058092673623,0.9947424332300828,0.15199347691876558,0.6822505139169244,-0.05073679522389461,0.9973171637171798,0.16295817068644944,0.7645280928838827,0.0691124544966789,0.24500010552860457,0.16451839464051393,0.7699051584516259,-0.028757179865524903,0.9680342645872214,0.1557907405353729,0.8452116648356126,0.10709064347403399,0.4605825869810017,0.15540952767644622,0.8603906432787584,0.005937321000688138,0.9741795261700955,0.15104385855652047,0.8593025775182821,0.1091016719029064,0.5022997998055961,0.149647558728854,0.8749582313355951,0.0069787844882479785,0.9499180430457712,0.17591579755147313,0.860732861927578,0.09018304234459293,0.6450830839929131,0.17776559293270122,0.8753093509447013,-0.027270709918368448,0.9637792451041093
31,516.7,0.20020108137811948,0.5514233651615328,-0.05291161171737175,0.9987029348100942,0.1991433025825593,0.5425620788619636,-0.04811113469657448,0.9986403527713964,0.1987353265285493,0.5421108972458616,-0.048133631902081656,0.9985732890310748,0.19824307447388073,0.5415943861007695,-0.048152602144650086,0.9990265937078574,0.19860364709581663,0.542650143305461,-0.0641582569196111,0.9987546432585951,0.1978329065300171,0.5422963131041758,-0.06417918666487654,0.9984981701487594,0.1969696183999381,0.5418997719174343,-0.06420633409704485,0.9988653205689937,0.19170337205841442,0.5416515810149061,-0.019672304391860976,0.9972781056449533,0.19070518442562662,0.5421190460522973,-0.09154105541251961,0.9985057825133921,0.19682434272198462,0.5587686186745058,-0.04020854067944348,0.9983481480961762,0.1960359428610122,0.5586180289586389,-0.06099878677300048,0.9992043659800582,0.17651459148951953,0.5806679697263812,0.03448795305476304,0.9989585677782702,0.17600037157535564,0.5844848723638629,-0.12101596416462045,0.9999151996203839,0.16529256247338805,0.6395099248204916,0.05123749588217058,0.09744895107689364,0.15947044250511,0.6452944420632867,-0.1264785219516074,0.97764239424751,0.17903885458196925,0.6761358096486052,0.019867138050141803,0.1920409968921118,0.1831499856142772,0.6876986906642011,-0.09564898198559177,0.932144292763302,0.1842102919306075,0.6902428978965401,0.017640850817163798,0.21403432318142496,0.18953002776418426,0.7022957489604047,-0.10647463195380719,0.9112165343193788,0.18719229669798,0.6894786074048002,0.005470304395116515,0.22042898053214677,0.19313821054640284,0.6938804302896777,-0.10369263908692777,0.9030518758864636,0.18505491245360617,0.6827438644000468,0.012829716139960867,0.21769690442652945,0.19125200737090353,0.689848593303136,-0.09347977098964516,0.8546260425022676,0.15242629391806478,0.6792020740963169,0.05071150103495238,0.9948241057850072,0.15224768434252067,0.6827243254298261,-0.05069673611294659,0.997308137870971,0.1629743114823388,0.7651882143247701,0.06864820207868308,0.23964484958421634,0.1645114017384394,0.7703257061186297,-0.02870669455400537,0.966291595072974,0.15569859246412926,0.845674253645398,0.10492346258390525,0.45544699543998385,0.155361926271802,0.8608327593122216,0.005718257965608726,0.9726687868436185,0.15092907278310697,0.860353310902914,0.10661383647294279,0.4987362197467263,0.14961894495146627,0.8755567386036833,0.006736720136056348,0.9475432464054659,0.17587324764047363,0.8610165743600761,0.08676539858182278,0.642062229769571,0.17766289058185775,0.8753842768215004,-0.027428623466264655,0.9622450896671846
32,533.3,0.20014504236834404,0.5509939136959261,-0.05061209574341778,0.9986712364923394,0.1989247110627948,0.5422288661911379,-0.04576006407539053,0.9986278812090563,0.19848358205386585,0.5417682500112628,-0.045783623343422335,0.9985622082437794,0.1979531532242186,0.5412345386686783,-0.045803670017492235,0.9990186095237739,0.19843852236157386,0.5423408150672917,-0.06173009106091095,0.998721102873485,0.19768167322590252,0.5420005321502689,-0.0617498106190137,0.9984540343284614,0.19683126111825322,0.5416134993235274,-0.061777595430612606,0.9988278803371256,0.19139461574100325,0.541504942235493,-0.017610592501504093,0.9972878013338369,0.19050883324373352,0.541998698597863,-0.08895543820801241,0.9984919230143237,0.1967809526693255,0.5584027029219132,-0.03799811821608319,0.9983388866697046,0.1960191896983557,0.5582798804555624,-0.05866795725056107,0.9991852101825539,0.17640320814791194,0.5814227405048555,0.036005729188521726,0.9989241957664496,0.17595322501091742,0.5846667942546666,-0.11887928808019282,0.999910221213387,0.16525348808084228,0.6406040986378992,0.05166138424759823,0.09094161114522395,0.15935627832299198,0.6453746784301035,-0.12426893448545828,0.9761409021559222,0.17948729012693693,0.6760790291286656,0.020441155348505307,0.17982549610592083,0.18320991524628244,0.6867533922195439,-0.09426409077076692,0.9266623116674884,0.1843918867054441,0.6910699577558614,0.018298569268413965,0.20192064415840888,0.18980327532404956,0.7011504939624247,-0.10502355084532791,0.905045912379311,0.18732723238922314,0.6901117506481358,0.0061147704365707625,0.20807335703145907,0.19338301320870732,0.6928770882742751,-0.1021800548547791,0.8963084618250536,0.18542777711436875,0.6846941766284766,0.013407332157450073,0.20593137755280463,0.1914482059932892,0.689114562102727,-0.09209058611165916,0.8461427007402699,0.15244649989264364,0.6797144583293375,0.050714028733117276,0.9948471160162071,0.15242161353429168,0.6830417173249386,-0.05069791720736598,0.9972675896826251,0.16299571167855048,0.7657511432965602,0.06936509162187582,0.23358292310010836,0.16450372125421264,0.7707241546540039,-0.029092805992279754,0.9642788654281986,0.15553237143017007,0.8464495738347377,0.10542204443897528,0.4491140005134404,0.15519582870460702,0.8613471899713795,0.004612337332218889,0.9709594533556991,0.15073279043038695,0.8614794611930854,0.10692383419899722,0.4945697883764907,0.14955867117359536,0.8760938048362739,0.005545660010760742,0.9450372712952757,0.17579827493145364,0.86187246583757,0.08622568065211893,0.6374694506327316,0.17752972458090116,0.8756206603277303,-0.028757825671207358,0.9603947145598283
33,550.0,0.20005144604614816,0.5506861323402046,-0.05013493945201242,0.9986321869350622,0.19872915035202404,0.5419824946494334,-0.045214606715100185,0.9986005397070029,0.19827780837104447,0.5415255427360539,-0.045238481568438696,0.9985341883841022,0.1977334299257825,0.5409917121841797,-0.04525964955488844,0.9990001491137921,0.1982392924172539,0.5420797637530739,-0.061240951220194545,0.9986794562566855,0.19747967166560051,0.5417416152499975,-0.06125961137669431,0.9983996748924262,0.19662812281222586,0.541360525857835,-0.06128830072425665,0.9987833840506425,0.19116977708680305,0.5413708658445453,-0.017087773552962725,0.9972630029632938,0.1903052585465569,0.5418757881437033,-0.08844948027815144,0.9984641188666942,0.19673167169094097,0.5581169014885317,-0.03744431780207727,0.9983151668594004,0.19597112493855628,0.5579773045721512,-0.058175513432139475,0.9991599747112826,0.17646108354840973,0.5821024974187219,0.03625523565070972,0.9988886004402532,0.17588260627928248,0.5847984382084441,-0.11844002313557134,0.9999057366734466,0.16547283672151125,0.6415718680336366,0.05193829767051201,0.08523143189294004,0.15918738359496717,0.6454336189088372,-0.12420334312177848,0.975115446817308,0.17987956319536494,0.6761787363461091,0.020761594264989823,0.16912243621689943,0.1832752802542279,0.6859696422304431,-0.09694024743068794,0.9225244891075868,0.1846865060783569,0.6919434326035641,0.018667478469156097,0.1913349976142249,0.18999995149317256,0.7003947609946847,-0.1079961476581438,0.9002696644692201,0.18757718659582606,0.6909365739141198,0.006397113935755837,0.19731084647632796,0.19359778648331066,0.6923846460524065,-0.10513979515859068,0.8910616664659416,0.18580023660546272,0.6866705190567748,0.013704929146028711,0.19571418705440718,0.19167654429163267,0.6887494439170478,-0.09479772973628278,0.8393304262842457,0.15257238348325103,0.6801988539241615,0.050702413987545776,0.9948569791657591,0.15258424409798227,0.6832575939950494,-0.05068594235039896,0.9972297151883451,0.16300125420093547,0.7660960867291411,0.07084106937760404,0.22732022617544465,0.1645009397041231,0.7709046715781808,-0.029306455914463337,0.9624883362225131,0.1553653038683393,0.8470436646824797,0.10816973625194468,0.44205112400509095,0.1549659931943531,0.8615996497018003,0.004512172369729908,0.9693492111705606,0.15048767626285564,0.8622456789016729,0.10963748076132374,0.48938028017679885,0.14947759750343514,0.8764040498506462,0.005473483265155841,0.9426237458274485,0.17571280683789947,0.8625839948654181,0.08846214732953486,0.6322169786407839,0.17745430767536177,0.8760548688116534,-0.029125524418694655,0.9586126265071695
34,566.7,0.19997826005731323,0.5503454151607698,-0.050046947030794084,0.9985902791931522,0.19855636642092764,0.5416844856171386,-0.04507570855674293,0.9985678508168183,0.19809207745960794,0.5412322566622783,-0.04509932494589264,0.9985010453632907,0.19752928188868946,0.5407035946846013,-0.04512077676398417,0.9989782344727296,0.1980691275426321,0.5417830915678119,-0.0612038441357159,0.9986362031527936,0.1973067259504683,0.541452961308616,-0.06122168189003359,0.9983444611231493,0.19645290644395935,0.5410845847356891,-0.06125104338640263,0.9987383711905714,0.19098243897869488,0.5412345046088813,-0.016867802256629594,0.9972289914176584,0.19014125281856187,0.5417401052656632,-0.08855137974023825,0.9984345095498229,0.19669813130583097,0.5577993421327504,-0.037256120925857936,0.9982870533352814,0.19593097979114182,0.5576403481619703,-0.058113415503785765,0.9991344610850024,0.17651976503077021,0.5827923076493404,0.03662895819260963,0.9988472092719312,0.17581472794214897,0.5850017524900895,-0.11853981905040295,0.9999019106229153,0.16563432131494807,0.6421415351686028,0.052442037278697645,0.079987325838634,0.15903699610914512,0.6454535921414698,-0.12449548251572119,0.9742290349233725,0.17992379977589576,0.6762631989660722,0.02157682934332463,0.15918153027693444,0.18331415241672894,0.6853055301166722,-0.0996147450946627,0.9187323394275854,0.18454695883251387,0.6923248342105326,0.019656668816294003,0.1814261710359938,0.19005223611990624,0.7000396194912144,-0.11098058379831777,0.8958314941042953,0.1874317973852159,0.6913638710975651,0.007236862776889693,0.18720881428037384,0.19370984179633022,0.6921101496333173,-0.10802933147975384,0.8861200440497632,0.18578381339708977,0.6875840539023994,0.01450498690385195,0.1860815754958563,0.19184878610429323,0.6885132761228657,-0.09746591675849195,0.8327063236917774,0.15277064627125161,0.6807688162440351,0.05089180331145017,0.9948303046680639,0.15269729849838087,0.6835303533644908,-0.05087476862328397,0.9971881224995575,0.16302490518206653,0.7663488757042664,0.0720675701186771,0.2216801061516718,0.16450529864856187,0.7711834112803146,-0.02955316494972935,0.9610543392953426,0.15521664988426948,0.8479505124546238,0.11077828173126501,0.4359649377209803,0.15469792556195044,0.8620960059620091,0.004115310176053931,0.967959057717097,0.15025268353167046,0.8631548512549634,0.11234405778703244,0.4850814654713589,0.14939447669755856,0.8768021038600382,0.005106070677616771,0.9404223050389977,0.17563423940113626,0.8636556579953154,0.09090957719655271,0.6277617443175547,0.1772791118848893,0.8767379948071078,-0.029779463474239643,0.957010141440801
35,583.3,0.1998484986168999,0.5499641724995208,-0.05161079906281975,0.998569690045857,0.19832910242534835,0.5413359403610234,-0.0466573149675415,0.9985501794588005,0.19786247752961672,0.5408999522527063,-0.04668045700305987,0.9984826303663715,0.1972974056289311,0.540390477294014,-0.04670158365652678,0.9989655415217089,0.19782888960270667,0.541429996490479,-0.06289248558736987,0.9986151314917072,0.19706110656261458,0.541116107077826,-0.06291093428929652,0.9983170940762481,0.19619972010453557,0.5407670878228691,-0.06294062627213345,0.9987161727178672,0.1907708687441691,0.5411091049512231,-0.018231451866172622,0.9972120807284408,0.18993716793400914,0.5416131871087214,-0.09039264952852619,0.9984248763039006,0.19663687121300483,0.5574468686467129,-0.03868557087012703,0.9982782233329053,0.19586016663483224,0.5572583732150854,-0.05968804834854039,0.9991229829334084,0.17658850550651561,0.5832992394765222,0.035878989668119546,0.9988155024392271,0.17576067575386606,0.585234588100797,-0.11966450157619667,0.9999003552255183,0.1659149712040312,0.64243837765285,0.052298896724269545,0.07520837939920885,0.15893851433481498,0.645465044748216,-0.12553240607182192,0.9736856080236896,0.17979551709833613,0.6763967275619511,0.02107413645301548,0.1500859863701322,0.1832763566857294,0.6848639278184805,-0.1018916744561423,0.9160183185622812,0.18431226270539433,0.6925954960641412,0.01906480684521654,0.17233167659668708,0.1899327273879734,0.6998766206559686,-0.11350508672850482,0.8926685083480115,0.18715983274437148,0.6916933542206178,0.006665337564689778,0.17793945471445732,0.19361244709718806,0.6920217644600646,-0.11065543726796204,0.8825949288549884,0.18563582996527367,0.6877225807734904,0.013995758257806312,0.17722591686816455,0.191782505739303,0.6883794012523838,-0.0997787249230204,0.8278312427656997,0.15302936732769024,0.6812934563273481,0.05117711389348624,0.9948837899026424,0.15276664140678597,0.6838880067779909,-0.051159376189822275,0.9972220119975869,0.16305002073446923,0.7665863888604305,0.07528085403499155,0.21898876698244202,0.1645073223681678,0.771489302317302,-0.02921852753275919,0.960898765495846,0.15514145010993605,0.848166874476842,0.11731608566783733,0.4352361517293116,0.1544935901959738,0.8625736861001884,0.004977621404188023,0.9676413252240144,0.15007124699297417,0.8633864607129784,0.11926096500385383,0.4847182617301037,0.14931589152131775,0.8771730945223861,0.0060465356024603095,0.9394669078645258,0.17560329536596947,0.8640532124610181,0.0977629022229286,0.6287219382467728,0.17713258309023733,0.8774997591972358,-0.02924551202782565,0.9567020365170077
36,600.0,0.19969605902830773,0.5495517083576751,-0.05153125400344534,0.9985680693671825,0.19805638704981138,0.5409812984012425,-0.04653256865484377,0.9985493904068363,0.1975925813118618,0.5405661492120656,-0.046555243432521855,0.9984825764383597,0.19703631457828352,0.5400838511330744,-0.046575817323866384,0.9989648745173507,0.19754055497192216,0.5410683013143998,-0.06282651388929009,0.998610280808949,0.19677078581991664,0.5407773114386063,-0.06284454358475552,0.9983107589540035,0.19590888420740776,0.5404554548717684,-0.06287418217176488,0.9987092784472881,0.19055229780219865,0.5410236829803108,-0.01779156555199908,0.9972267888841182,0.18970392502489558,0.5415147173972361,-0.09035390438068487,0.9984311461448676,0.19657299490202054,0.5570897005853203,-0.03852599362532301,0.9982916599228275,0.19578913279942117,0.5568822253318064,-0.05962101494272554,0.9991226622036532,0.17667113599323103,0.5839335748127533,0.03696003414335708,0.9987914590608513,0.17572901788212017,0.5854690926415584,-0.11975113444385083,0.9998998925799423,0.16605527202288323,0.6429254838398529,0.05363697771515169,0.07089006510518851,0.15894091980797914,0.6454898317654932,-0.12615397501559494,0.9733277587663567,0.17968506259577627,0.676667227631524,0.021926141388359542,0.14190748617762622,0.18332465276831686,0.6846305103529072,-0.10309438797689627,0.9138661963599075,0.18418053573086163,0.6930524791990011,0.019897698823894784,0.16409522578829822,0.18991933124406013,0.6998046551431933,-0.11499998221794774,0.8901271082106097,0.18698215342703334,0.6921564567656748,0.0075400657730088395,0.16952680193242586,0.19364511611915786,0.6920212109883631,-0.11192747879595992,0.879710183257149,0.1855685774769103,0.6879765050751827,0.014826124267918732,0.16917845961593458,0.1919045625698,0.6883289530163724,-0.1009341389650391,0.82376097497486,0.15327198590551114,0.6818781693776453,0.051513288524888845,0.9949748459316443,0.1528618172520684,0.6843085885047917,-0.05149520649796444,0.9972789571398788,0.16308872259798515,0.7670839485668006,0.0781810390097755,0.217098436185292,0.16450806813580662,0.7719725200108125,-0.02850815857804959,0.9610909933135631,0.15513881899061666,0.848519697075799,0.12314014917328253,0.43623341549010536,0.1543375175623668,0.8630827069282538,0.00658493884839118,0.9676884639830823,0.14995042412053983,0.8639484246571865,0.12541297894148606,0.4862271036420553,0.14924849782671257,0.8775519728660589,0.007756555630337629,0.939054883661725,0.17558993470101142,0.8645526710010716,0.10439583233424603,0.6316211195219136,0.17697658425285717,0.8785026584352773,-0.027424443069668063,0.956854218528385
37,616.7,0.1995633102598646,0.549005386375246,-0.05110785240928335,0.9985794481777017,0.19778530228705649,0.5405764750071939,-0.04607970161097394,0.9985600397700363,0.19733175351506202,0.5401900410652165,-0.04610174486324904,0.998494500205631,0.19679390177840295,0.5397422001475384,-0.04612196520680477,0.9989732220059356,0.1972240174100514,0.540641634237199,-0.06235383912211377,0.9986158382324952,0.19644163123198932,0.5403769527162827,-0.0623714285237449,0.9983174658956988,0.19556879500548058,0.5400838795162386,-0.06240085689794454,0.9987128973007209,0.1903427668980191,0.540974270729792,-0.016909996535451652,0.99726327544167,0.1894115997212275,0.5414531202543353,-0.08969132921525416,0.9984461381321869,0.1965236699297316,0.5566141605377202,-0.038046004871527386,0.9983178660983139,0.1957356567893711,0.5563997456005645,-0.05914257910280005,0.9991282650402622,0.1767241635492871,0.5846424954278133,0.03848300998409592,0.9987690164929351,0.17570322326251453,0.5856891444751199,-0.11933338145414996,0.9998995094072258,0.16605816213857572,0.6434538846924196,0.05568788378011617,0.06698691454671683,0.15893564976397026,0.6455530893234984,-0.12667544186115273,0.973039334728605,0.17958912750085207,0.6769883263678782,0.023808976901429055,0.1347058465083441,0.18341482324259634,0.6843883253279192,-0.10293009770768037,0.9117467885925663,0.18415459706669776,0.6935451087497535,0.021822498046926105,0.1568386107683183,0.1899807928573519,0.6997284463473734,-0.1148420072027616,0.887531220912934,0.18698572970571986,0.6926305350803199,0.009487819015270195,0.16211854347160895,0.19378092317354126,0.6920736914589296,-0.1117041440946716,0.8767363826433823,0.18547230320317418,0.6880828227315635,0.01668073498599587,0.16206687759785438,0.19217185250350421,0.6882735093434658,-0.10074698179960259,0.8196473178409401,0.15345421220575073,0.6824767163821635,0.05179933050558684,0.9950747461546041,0.15300288796424877,0.6847819913001293,-0.051780876304422144,0.9973301121166781,0.16314537610326507,0.7678237841242841,0.07913676507416231,0.21503172601972323,0.16449227858157398,0.7725238913581491,-0.027161353932959716,0.9611582784425652,0.15515210089229414,0.8492548891476228,0.12472069582768858,0.4370369528021134,0.15426425210067216,0.8637273907661444,0.009311933003898184,0.9676993602798105,0.14992610542547147,0.8645830324717936,0.1270567579638391,0.48785440268970703,0.14919294913609832,0.8780200907162263,0.010593056512464378,0.93861833924339,0.17559158802032485,0.8655325969060268,0.10648972399178014,0.6343183347157073,0.17686990258239577,0.879618630522774,-0.02454548187199095,0.9569787042481566
38,633.3,0.19946284521193747,0.5484691091946197,-0.048987843983230174,0.9986042720930924,0.19754118507816693,0.5401882614408224,-0.043816787146386676,0.9985836432093673,0.1970946256603515,0.5398301311901641,-0.04383797783936776,0.9985220687729979,0.1965696811676027,0.5394159385136199,-0.04385653776781903,0.9989911857105445,0.1969574611811412,0.5402406766301113,-0.060209356248378795,0.9986333932195398,0.19617170308317472,0.5400064445677262,-0.06022552595961666,0.9983403455643434,0.19529172849087503,0.5397375822067265,-0.060255165256205105,0.9987263764653894,0.19014501642613196,0.5409430889856253,-0.014198751233163344,0.9973266295024334,0.18917241905416773,0.5414103212810701,-0.08758822864010227,0.9984721796853209,0.19650122736181547,0.5561486965134035,-0.03580629497411708,0.998357880683173,0.19572451923574735,0.5559324905985882,-0.0570663694469702,0.999142405532656,0.1767802912564506,0.5854295917919708,0.041847572085403295,0.9987561135064995,0.17569193669727884,0.585940519968669,-0.11841828659886415,0.9999000884237751,0.166008668996039,0.6440002975009742,0.059715295831362446,0.06359288273822698,0.15895446496350435,0.645580839543116,-0.12702605979783205,0.9729796761558176,0.17968757308664787,0.677425549143837,0.02740330266810601,0.1289145361099925,0.18366662164529177,0.6842651395570669,-0.1032676686133658,0.9107586940129604,0.18430395921071385,0.6936388867242,0.02556295480046955,0.15114610606715806,0.19026215800217233,0.6996685919307533,-0.11535044759511956,0.8862496586073019,0.18726421466895526,0.6927261097090589,0.013222177202502895,0.1563249570982798,0.19414115874540253,0.6920961425417951,-0.11186928727797107,0.8751166008767635,0.18547893280074723,0.6878271301587426,0.020219139089541788,0.15647536374273766,0.1926832809334711,0.688247232210069,-0.10096823530537749,0.8171062043734965,0.1535840148017521,0.6830872325670156,0.05224227710139187,0.9951565322421853,0.15314115441980827,0.685300060680935,-0.052223078729141365,0.9973925579161879,0.16322141601925816,0.7685296024594994,0.0804546557012059,0.21301687260468816,0.16451162028880356,0.7732606217974713,-0.029026419988700345,0.9614514367921019,0.15514597793420165,0.8503558976309646,0.12705142689602725,0.4377679924170179,0.15414265791575127,0.8647891623633255,0.004206695871072869,0.9678748760904592,0.14992932549544752,0.8650259290422719,0.12952739248673129,0.4899988046714241,0.14909304891313835,0.8788921435674039,0.005016812034660865,0.9387331604957587,0.17562159186317822,0.8667373089563285,0.10969138784067979,0.6365325081916087,0.17681992124943519,0.881120301428296,-0.030908510443710166,0.957234842436655
39,650.0,0.19937695562839522,0.548100936980475,-0.046739640690031545,0.9986478402501069,0.1973265551385427,0.5399388585771837,-0.04143528250001728,0.9986230872926266,0.19689256023793006,0.5396032276607698,-0.041455778515055094,0.998566076869057,0.1963837835050766,0.5392159876369298,-0.041472650177422056,0.9990202727771949,0.1967040626775652,0.5399664725576132,-0.057937008639176724,0.9986679383686619,0.19590625663598393,0.5397503205708098,-0.05795199228894147,0.9983845580191846,0.19500869157768447,0.539494891961416,-0.05798178414503738,0.9987555600347982,0.18996018738973722,0.5409351189931237,-0.01144422169419982,0.9974103059087488,0.18891751340457386,0.5414037562551957,-0.08531472441695992,0.9985125320298338,0.1964876893020813,0.5557976648921062,-0.03343470447829794,0.9984105257760918,0.1957178108748937,0.5555842802638103,-0.05484266880722277,0.9991644989876527,0.1767897683949699,0.586048543453217,0.04502403948988237,0.9987537435122906,0.17571261312280395,0.5861152069909236,-0.11740987783386603,0.9999015927314765,0.16591074991793872,0.6446617387589959,0.06356600742964522,0.060724983080512045,0.15898724609897263,0.6456897457440698,-0.12710206494444903,0.9732603856495455,0.17986473583039797,0.6778924124581478,0.030722686311318782,0.12467634571450106,0.18397846108391186,0.6842757662137355,-0.10355378048760558,0.9111578265825914,0.1845380408423289,0.6936581674076268,0.028983092379002363,0.14720549540860323,0.19064308631987814,0.6996004922049391,-0.11586541008381626,0.8865051979110361,0.18772578381356753,0.6927373409271245,0.016581507399678244,0.15235835171881185,0.19452582654498887,0.6920960772605174,-0.11192759303819573,0.875112175941468,0.1858837065242587,0.6873842449415303,0.02347121542940539,0.15263153470697868,0.19318035457815458,0.6882142481349768,-0.10110740221682057,0.8165109838758202,0.15367325998487938,0.683702999637241,0.05262107845573202,0.9952288752510441,0.15338944821130673,0.6858650304022293,-0.05260184442713151,0.9974573141052616,0.1633084636358989,0.7690730832871941,0.08104234366189872,0.21115485330422734,0.1645562251408896,0.7738988484655114,-0.03237533054891089,0.9619291850498751,0.1551305601994198,0.851325256483896,0.1272278016521818,0.43832050192923805,0.1540221046833766,0.8656920506840666,-0.0031613261616300994,0.9682028889656074,0.14995814505077554,0.865408082803091,0.12968121752852496,0.4921355559712368,0.14898219775585914,0.879736917359489,-0.0028559242796507645,0.9392051952225828,0.17565839347385237,0.8677626536006026,0.11016705774125607,0.638432900110881,0.17685099300884077,0.8825428940000994,-0.040165981632613035,0.9576480587323514
40,666.7,0.1992932444527037,0.5478705139387225,-0.044170580094768916,0.9986984360785718,0.1971154425825393,0.5398068371273226,-0.03877709593091695,0.9986705780029305,0.19668128376915356,0.5394829284577147,-0.03879692724772865,0.9986198260670625,0.1961724765243986,0.5391117987178624,-0.0388119242021016,0.9990557318642034,0.19649165443011707,0.53983291557857,-0.055396196920247345,0.9987109388623926,0.19569417692366115,0.5396284063657129,-0.05541037555251807,0.9984409723963064,0.19479065352962144,0.5393791596094771,-0.05544058357675874,0.9987936615943915,0.18975976109504714,0.5409535992713206,-0.008549151321252193,0.9975084804353267,0.1887196181785494,0.5414314014571058,-0.0829247456221354,0.9985636472702034,0.19645670694964287,0.555583340781076,-0.030777786104452063,0.9984680953479955,0.19570224554765805,0.5553812327839084,-0.052338619849511596,0.9991911167190195,0.17672446228209007,0.5866699105217348,0.04829507338858789,0.9987499543598728,0.17575797438621532,0.586379774979183,-0.11610500479028346,0.9999035085950586,0.1657912972427551,0.6453804430507484,0.06744808526266194,0.0581300228479363,0.15912271894159782,0.6459099735532492,-0.12685369913067146,0.9735818817501983,0.180085891769046,0.678106804688772,0.034625025022597566,0.12125162744805935,0.18438741706666506,0.6843623263495314,-0.10415378496760422,0.9118552491778427,0.18490505644253336,0.6933583759126214,0.03319748766010718,0.14421766712552037,0.19116329933915832,0.6995534244037814,-0.11674662643954875,0.887143961020879,0.18843443549814692,0.6923598675500784,0.020627040460350982,0.14935352475870234,0.1950166374444963,0.6920347582726256,-0.11230068795737774,0.8754487633705146,0.18667029341061925,0.6867857745715555,0.02732971656535355,0.14967133743422384,0.19376807411511754,0.6880971732593724,-0.10154684100832265,0.8163176008633211,0.1536989545538313,0.6843728706950238,0.05306512791486017,0.9952479260308409,0.15370309991495962,0.6865758867490864,-0.05304540161575594,0.997503564471291,0.1634045598052798,0.7696910245077957,0.08090361668950041,0.20958635636738385,0.16461423323267993,0.7746095515432818,-0.03634710884874778,0.9627445425306055,0.15511985548904975,0.8524008450053993,0.12603198098284868,0.43984074961571495,0.1539240046626047,0.8668290291513722,-0.011368671032999251,0.9688396226792115,0.14993002868834007,0.8665048934164508,0.12832323532728931,0.49545949413662904,0.14889525302818854,0.8808243132772906,-0.011543950952944311,0.9402471468562178,0.17568019174394167,0.8688023232278377,0.10816018815551494,0.6407971041543148,0.1768937870150522,0.8840098182360338,-0.0501045237871863,0.9583190594400685
41,683.3,0.19922639429569258,0.5478443219548184,-0.04288528362909956,0.9987320048468461,0.1969534534783592,0.5397807132630125,-0.037552225980020726,0.9986972979136883,0.19651027094750192,0.5394558395658224,-0.03757243195459959,0.9986523645264769,0.19599265002069033,0.539086773282006,-0.03758732069815911,0.9990767723038091,0.1963529345535098,0.5398128742263435,-0.05412556532593004,0.9987342386018669,0.19556516337962393,0.5396086062703818,-0.05413959317264107,0.9984750350316374,0.19466588610694535,0.5393495871907192,-0.054169881556715316,0.9988145260583794,0.18957564092817775,0.5410166326023287,-0.007590885274112231,0.9975727683021917,0.1885948642378763,0.5415118081229078,-0.08172865318400524,0.9985955499467403,0.196427433263688,0.5555355208260677,-0.029589262214444953,0.9985065772419891,0.19569792421091187,0.5553275289989656,-0.0510842496795314,0.9992068523452403,0.1767730138131552,0.5874913306463336,0.048989759137233135,0.9987433921723146,0.1757903900884448,0.58688178232738,-0.11483899255593626,0.99990448213759,0.16586381409849452,0.6461625269481119,0.06872498669794633,0.05587428666296464,0.1593998393842153,0.6463297293299726,-0.12579774076030376,0.973871080648332,0.18094774725891308,0.6781948066893082,0.036609726558838596,0.11860004847957983,0.18491129222370342,0.6844416090420319,-0.10390054789327448,0.912596157618932,0.1858721638009663,0.6932186030206231,0.03535781942662741,0.14209213569050755,0.19170146541936073,0.6994895821525942,-0.11664156260944557,0.8878696163495388,0.18967241971265714,0.6921010216077174,0.022736455712999634,0.14725901541255781,0.19552130997180955,0.6919515019371401,-0.1119157884802138,0.8759406322524667,0.18812173463049403,0.6860008069447114,0.02934527024626734,0.14762531362828765,0.1943022218488513,0.687955484503792,-0.10122576107581463,0.8164978992371338,0.153783108506884,0.6851269631158743,0.05323780931177597,0.99528018349693,0.15396817312354144,0.6874343298730401,-0.053216566819520264,0.9975343573661084,0.1635141833907083,0.7703173955281581,0.07981367834976746,0.20812895113513596,0.16470630679811762,0.7752076359022237,-0.03833553115172048,0.9634155205317912,0.1551436512243181,0.85279340119589,0.12312170047135589,0.4416182495298843,0.15388933604671853,0.867531943888892,-0.014084308186457282,0.9692955442837313,0.1498230780873981,0.8676350968224669,0.12520845660141544,0.4986759949298135,0.14883858320258925,0.8816228423799793,-0.014262391232131504,0.9410361988203874,0.17570676902929955,0.8691589775539585,0.1042330367934137,0.6431839920225602,0.17694628806341275,0.8847299700691593,-0.05293287141692074,0.9588227754547489
42,700.0,0.19908749063809728,0.5479740301767989,-0.040634473874455436,0.9987480243047087,0.19679886741297598,0.5398910074006947,-0.03535946068309605,0.9987042262440644,0.19635339365119042,0.539568614392054,-0.03537980768652192,0.9986637546902618,0.19583256684598482,0.5392042767433897,-0.03539433383515905,0.9990845719973254,0.19621094777470555,0.5399158426693511,-0.05187881099326274,0.9987378092039206,0.19542905191580467,0.5397064856120521,-0.05189254879951481,0.9984862151600074,0.19453800292242157,0.5394409667877927,-0.05192326062491966,0.9988193767411375,0.18942884958925715,0.5412140318325591,-0.005742668273991777,0.9976021647453315,0.18850341794036696,0.5417083728881114,-0.0796120248380162,0.9986109336217251,0.19634209786142637,0.5556139406703771,-0.027468127775050366,0.9985261076972605,0.19561923543612175,0.5554026620728634,-0.04888794908211348,0.9992114078430909,0.17682755561102018,0.5881838741756624,0.05032191390082953,0.998729484421867,0.17584009042808,0.5874897468657725,-0.1129682876524472,0.9999042862937572,0.1659314348584131,0.6470701751254858,0.06995720735618052,0.05382364651276955,0.1597611393247333,0.6468763720421569,-0.12424064569530041,0.9741646846135463,0.1820096614814941,0.6782779835519341,0.03820861787313509,0.11636755544514893,0.18563712423756024,0.684520786716825,-0.10249895886296326,0.9134998264766881,0.1871228097450167,0.6932266893840977,0.03705610246175814,0.14047806674525862,0.19245288485572465,0.6994416827247261,-0.1150944988642421,0.8887133598327642,0.19101009908176617,0.6921726862589523,0.024384081363677996,0.14568020545300991,0.19618839309329095,0.6919208850179406,-0.11035217912424186,0.8765786971364709,0.18975569520677854,0.6856651703516647,0.030942634812423184,0.14610312169506445,0.19494072738147933,0.6878633272080199,-0.0998259318016825,0.8170857741719206,0.1538731966699874,0.6858993484860381,0.05316052887411349,0.9952783499445241,0.15424596198967536,0.6883937830016732,-0.05313663202382273,0.9975100727308371,0.1636118299904325,0.7713533356076201,0.07596730724686673,0.20526400634220685,0.16480800935200293,0.7760493386359447,-0.03809014086922013,0.9634604567573191,0.1550583214986893,0.8535939596948176,0.11504324915863227,0.4412063956260684,0.15389402778375727,0.8683324399448582,-0.011558957575332561,0.9693274696667996,0.14952549267382859,0.8692163910184594,0.11665789676564088,0.5004397233327234,0.14882336911701033,0.8824328865323754,-0.011382515076547868,0.9413559749012907,0.1756233203978767,0.8695400527545389,0.09506702884322127,0.6435652744202391,0.1770179236219044,0.8852899358386092,-0.048716268901314086,0.9588472389039546
43,716.7,0.19899988387312223,0.5480628183909828,-0.04088942440492769,0.9987632149741771,0.1967054406801861,0.5400022580510098,-0.03570761549330896,0.9987113816397538,0.19625689940793187,0.5396861178534376,-0.03572819683523408,0.9986746396337244,0.1957324807132995,0.5393282487278896,-0.03574350423046523,0.9990925675346746,0.19610928140935457,0.5400180419286096,-0.052132676399889485,0.9987414479255683,0.19532500917003282,0.5398047112283256,-0.052146875609954235,0.9984961066927236,0.19443283194587357,0.5395299905822395,-0.05217749128739042,0.9988237392334718,0.18934642629964024,0.541512469450633,-0.006305550291602106,0.9976329718317312,0.18840238097168166,0.542008927890233,-0.07982376820984347,0.9986257893698564,0.1962819241342092,0.555666219620478,-0.027812804583282717,0.9985453599975229,0.1955518722534181,0.5554578588122417,-0.04911285904901372,0.9992154552823028,0.17697289798940943,0.5890026262828287,0.04942933292615985,0.9987250140735089,0.17588663881733319,0.5882970917792552,-0.1125338105928331,0.9999036930856258,0.16610528883479903,0.6479282492683052,0.06981130299114051,0.05234828609086222,0.16017537102812823,0.6475737463860289,-0.1232089382551966,0.9744724404244204,0.18364803989728307,0.6783091056914561,0.03884443640708926,0.11609636956737164,0.1865752431608383,0.6846096941402986,-0.10193113131182541,0.914584704807827,0.18905445010889158,0.6931801977611729,0.03778015573819481,0.14102083018847883,0.19338144787720285,0.6994242185638069,-0.11430358673845027,0.8897760822659454,0.19315320395288027,0.6918944063640782,0.024938825961379793,0.1463939632688251,0.19703799911907754,0.6919874917893187,-0.10999618825458352,0.8775279777390623,0.192100348926726,0.6851463232721606,0.03154614239576319,0.14680315979889472,0.19573065851415922,0.6878806153933212,-0.09940181956404738,0.8181617742493045,0.15399281822499788,0.6866238628114978,0.05299544032840506,0.9953011047272463,0.1544586703890847,0.6893295588947483,-0.052971021760077744,0.9974847180502763,0.16375145883787257,0.7724274056298397,0.07468395006088988,0.20330169655027858,0.16488823649429152,0.777051176343646,-0.03582156006069413,0.9634548709506087,0.15501902287914648,0.8543914726802286,0.11336697247766321,0.4421217555091498,0.1538939078648886,0.8690986434618638,-0.005890634132637868,0.9692850992793136,0.14935833783376795,0.8703513741493232,0.1149881106047404,0.502642678362983,0.14881567018372682,0.8831627624375485,-0.005295420741839781,0.9414588667097552,0.1756167021535693,0.870049397150676,0.09356667988357097,0.6447211135001414,0.17705691144579946,0.8855301510720033,-0.041450610473042465,0.958792856761388
44,733.3,0.19879115763164715,0.548156993729728,-0.03872713881234331,0.9987787292117172,0.19654395111969553,0.5401169913155696,-0.03352344107060208,0.9987175549779627,0.19610170736199348,0.5398197145689105,-0.03354441942203615,0.9986840089162198,0.19557846018246255,0.5394815603892013,-0.0335594713687897,0.9991000521750685,0.1959323542458672,0.5401183906055635,-0.050039292268809855,0.9987472749891744,0.19514183274337238,0.5399016454106289,-0.050053231063343265,0.9985087144942517,0.19425118040470862,0.539621228263492,-0.05008498614742646,0.998831042221615,0.18920497241474346,0.5419099416051596,-0.004133328850868915,0.9976543982823697,0.18828421476341445,0.5423949332464313,-0.07810376726445703,0.9986400831313368,0.1961343416145871,0.5557197956811818,-0.02567285875834172,0.9985598098664064,0.1953813071761814,0.5555019861175905,-0.047091619244643654,0.9992183532033656,0.1770398808377131,0.58964083592097,0.051529223897627464,0.9987161897477657,0.17592275497459242,0.589055024442219,-0.11115302393833804,0.9999033496493392,0.1662785950161163,0.6485544329597841,0.07242164796306978,0.05117487002696314,0.1605493525664013,0.6481546163558964,-0.12237401377587101,0.9749970918609989,0.1851852181411926,0.6784066330818908,0.041679993094432946,0.11670193608318064,0.18761230579444355,0.6847784888176696,-0.10261987717378715,0.9164318981624792,0.19102764200596595,0.6928705856913617,0.040838306503636526,0.14242788439705267,0.19442623640809753,0.6994720385188153,-0.1151230835488865,0.8917172040258141,0.19513058946246206,0.6911330989428934,0.027783236510696887,0.14802750519343794,0.19800337155660008,0.6922956903775539,-0.11078267118760526,0.8794348694029315,0.19410043600059707,0.6845061182975773,0.03430895489596188,0.1483472344421206,0.1966038218566351,0.6881193433489123,-0.10009148397615984,0.8203293766294213,0.15411880754289187,0.6871589592524943,0.05300880933091758,0.9952930240404045,0.15462681296325875,0.6901220963114789,-0.05298461640874549,0.9974555316425513,0.16391363385177804,0.7734314146496006,0.07384443602391658,0.20241432672455212,0.1649854417358127,0.7780109246571865,-0.03549402579665187,0.9638304057575414,0.15501816003095548,0.8553248643875129,0.11194828152656564,0.44491189008667387,0.15392055185068232,0.869923339003609,-0.0061032969415897465,0.969660713559106,0.14934611533369346,0.8710749489920486,0.11354345296110435,0.5061366785140269,0.1488415279558728,0.8840207173710783,-0.00560106853732751,0.9421678270612451,0.17566486767360157,0.870385646820069,0.09235963402759467,0.6473334800629393,0.17713781623613278,0.8858097309157968,-0.041369159661588245,0.9592210111163919
45,750.0,0.1985679346890678,0.5482324532100137,-0.036477589358886106,0.9988067973227736,0.1963612082458679,0.5402137779054191,-0.031204834846513638,0.9987405680474788,0.19592330924102253,0.5399397781917031,-0.03122607795965106,0.998709176267897,0.1953989387977692,0.5396254715465367,-0.031240693160465807,0.9991183820224951,0.1957265103147145,0.5401919739586971,-0.04780127746718274,0.9987702057475143,0.19492324122360788,0.5399857362111413,-0.047815045607941524,0.9985397145861679,0.1940295462097442,0.5397215031442192,-0.04784761280530978,0.9988538821538298,0.18902602507954566,0.5423159826369517,-0.001657825950089666,0.9976996949740826,0.18811067158267625,0.5427968502044682,-0.0760102130117871,0.9986713670548946,0.195973609175001,0.5557510313533606,-0.023380355465979823,0.9985875771159225,0.19518962289605835,0.5555382853462587,-0.044904352121409946,0.9992297376905176,0.176936766930989,0.5899956708862673,0.05397917223828183,0.9987134564490552,0.17598631907077078,0.5895959110487079,-0.10959792527414511,0.9999034546670467,0.16630116459869215,0.6490827798843388,0.07474344294695633,0.050014099549679565,0.1607732666390284,0.6486113014675327,-0.12140645335117985,0.9754803464526229,0.18627837584132254,0.6784519922165648,0.04343596171765104,0.1177776658109257,0.18833913973399585,0.684762801442828,-0.10281607047432953,0.9182454035395675,0.19236932836827791,0.6923033850533626,0.042570670623154894,0.14439629373096297,0.1952502528826397,0.6989518886520754,-0.11564265227033987,0.8936366836229966,0.19656296996843264,0.6895495255788172,0.02939837674299878,0.15024303112711235,0.1987206176632928,0.6918673004422874,-0.11087937794980557,0.8812889229683656,0.19537614356903815,0.6833410433360514,0.035993462871937554,0.15036333033016758,0.19716623709315362,0.6877325971921291,-0.10016799079520369,0.8224086051895511,0.15419624178182523,0.6875975955100291,0.0530870721808502,0.9952857664653241,0.15487271973064978,0.6907635473069695,-0.05306373820418407,0.997430792876653,0.16405138870080324,0.774077108928136,0.07382584966364367,0.20260950284344825,0.16508435848213387,0.7788275962784182,-0.0351691224745342,0.9643806786764243,0.15505342043581474,0.8561958727382484,0.11145024498303739,0.44926040938922374,0.1539543838728043,0.8704805941808798,-0.006035353589270801,0.9702740169706806,0.14947816871461425,0.8715523169154218,0.11301988008476446,0.5112738240332835,0.14888452135381255,0.8845205136707858,-0.005593397222193228,0.9432129150345219,0.17573892005852304,0.8705812522343233,0.09184625248114275,0.6514419288862323,0.17718685950551727,0.8859103322029119,-0.041632565714064124,0.9599364825657442
46,766.7,0.19833226927689157,0.5482986342339292,-0.03381187850165937,0.9988560704957878,0.19608884482156677,0.5402952006884988,-0.028419408237650302,0.9987884362538663,0.19564912858463485,0.5400400104976839,-0.02844070181960153,0.9987592498461413,0.1951190644786473,0.5397452683675861,-0.02845456185085435,0.9991531741051454,0.19545557456357152,0.5402540933518187,-0.0451437341315406,0.9988180796305346,0.19465033851918734,0.5400636025837493,-0.04515659773633597,0.9985993504524238,0.1937635562249594,0.5398212018467134,-0.045188974234319904,0.9988993463062111,0.18877357954070695,0.5426470239957177,0.0014165482106840337,0.99778585774558,0.18790834716388172,0.5431609551111861,-0.073484303695815,0.9987270860444939,0.19580651890663886,0.5557896948996048,-0.020620049021783344,0.9986384567760292,0.19501074864750828,0.5555841667311536,-0.042306697439579766,0.9992550015449531,0.17668351885818312,0.5902422354334881,0.05739844661383406,0.9987214633396702,0.17604973273617897,0.5899338608696352,-0.10797115060545157,0.9999048596336735,0.16619390745957704,0.64965741123472,0.078343139517875,0.048903883922667764,0.16093352720851,0.6489225370543348,-0.12068014946721858,0.9759548391614649,0.18703863521416997,0.6785355607668564,0.04674304613754866,0.11929239616507585,0.18888483728681305,0.6845353472800487,-0.10304469118515658,0.920186530976069,0.19353383282820397,0.6913607347579234,0.04599844203108836,0.146884675536837,0.19600697216533491,0.6979554096857712,-0.11619736679962711,0.8957638428324751,0.19798260856242422,0.6869769436972486,0.03262092572237767,0.1529847631851833,0.19942099565551408,0.690836920624688,-0.1109097972512246,0.8833055127234692,0.1965127580222631,0.6819540205455967,0.039197800237508074,0.15283330352533442,0.19772195461250502,0.6867850678307674,-0.1002261283851806,0.8246057686351601,0.1542011265243804,0.687898164703733,0.053319526392789154,0.9952873786290494,0.15517326692740133,0.6912359056018653,-0.053296777109305096,0.9974312980969754,0.16418743204502845,0.7745330929756171,0.07494554242917476,0.20318215517770688,0.165180910910879,0.7795941489083432,-0.0358377363355387,0.9653787811597194,0.15512787373293024,0.8571115817342492,0.11319982366902495,0.45469766997155725,0.15399358528000978,0.8712057442892172,-0.008422236401765126,0.9713420640854615,0.14966307864302691,0.872076673167093,0.1148475245350884,0.5181252360343938,0.14893836705457608,0.8852394336745859,-0.008237039603825132,0.9450221487454012,0.17586207035042004,0.8708069892156698,0.09369910579352159,0.6568124209131518,0.1772654766128178,0.886274519420806,-0.045062404303323686,0.9611384159042728
47,783.3,0.19814073471795957,0.5483725099336537,-0.03272030662213056,0.9989058432124918,0.19582582726365055,0.5403467927660265,-0.027249790550697435,0.9988374341101881,0.19538354093120225,0.5400934815406803,-0.027271055039905387,0.9988100528717048,0.1948495727209819,0.539799409253257,-0.027284894315969397,0.9991878838766197,0.19520467377844325,0.5402935942014062,-0.04399576392911732,0.9988675940604443,0.19440249885831573,0.5401096372377309,-0.044007739850453,0.9986599172864649,0.19351968594959817,0.5398805368514292,-0.04403939630304067,0.9989455342292793,0.1885345287266233,0.5428991317749028,0.0028003239782438414,0.9978756422088267,0.18768455797717698,0.5434755257197793,-0.07214419188953586,0.998784712382726,0.19567053800537487,0.5558317729404998,-0.01945664024069197,0.9986924784524107,0.19487764650867112,0.555625969455356,-0.041164374245064625,0.9992824736095617,0.17651459645657325,0.590573180289496,0.05896868361603651,0.9987395803133654,0.17608187312171586,0.5902223870867779,-0.10690191636482882,0.9999068578084318,0.16614856109732684,0.6499688341504056,0.08084338690553398,0.04808639362454418,0.16104075525488182,0.6491537519863678,-0.11978810209603545,0.9764913405690883,0.18794069829441268,0.6782639537538806,0.04919587873986793,0.12148002783457448,0.18915337891805753,0.6839888549986345,-0.10218378901481635,0.9222920196396971,0.19483933491366265,0.6888103825705396,0.04836959569227131,0.15018540336972203,0.19649533501693195,0.6966245429856441,-0.11526375796113703,0.8981274877275746,0.19931371864818406,0.6832743400619148,0.034933805997882594,0.1565956650745302,0.19992437745843628,0.6893141354833335,-0.10984517243646448,0.8856417536735541,0.197323378352892,0.6797112992831644,0.041622376335518727,0.15610659619172426,0.19812595489479262,0.6853170650345943,-0.09928465634584435,0.8273439975011923,0.15424239280677987,0.6882479559807555,0.053518583199807616,0.9953014453252164,0.15541996984254758,0.691655596097311,-0.05349567709934147,0.9974482882590527,0.16433913934798478,0.7748398667290102,0.07562708570843657,0.20480007429917668,0.16529342886947462,0.780254361175356,-0.036532966153962294,0.9663333750906451,0.15526723294031064,0.8576742609341945,0.11413448907080159,0.460819176265172,0.15403152292683023,0.8717359048979629,-0.010409073416321059,0.9722452986808058,0.14988045536336456,0.8725663196472901,0.11582281227622722,0.5252649613789153,0.14896829142456974,0.8857039582161683,-0.010358146037019442,0.9466043256577998,0.1760515975100655,0.8710225025812791,0.09474319645336704,0.662448990912665,0.17731026027883817,0.8865609027090533,-0.047493943678481275,0.9621960549127495
48,800.0,0.197978226201875,0.548375126861391,-0.030831100064374173,0.9989477793375658,0.19559074583507735,0.5403519471486413,-0.025256916259725905,0.9988787486439668,0.19515092103254242,0.5400924938065669,-0.025278023222372666,0.9988545009068087,0.19462201283091604,0.5397890295301169,-0.025290948915339673,0.9992181062698372,0.19499067749295929,0.5402850196475079,-0.04205697242702759,0.9989081308955245,0.19419912922950033,0.540093771048955,-0.04206857120706924,0.9987119890394672,0.19331730121657975,0.5398780731927785,-0.042100136656136766,0.9989850095340191,0.18835390394642254,0.5431113299869359,0.005081917713617998,0.9979556259654825,0.1875098368951254,0.5437376385643373,-0.07001181443532313,0.9988362335023433,0.1955550603923345,0.5557956752322973,-0.017476509813041927,0.9987367902483266,0.19477650665101565,0.5556037454378041,-0.03923812011877699,0.9993047146570122,0.17638161210786743,0.5908044236046932,0.06147669397649315,0.9987508143697474,0.17612047351541987,0.5903058193978814,-0.1054281929419155,0.9999081520807184,0.16603773051784165,0.6505227826890496,0.08372279256582266,0.04734461204636668,0.16109293699264537,0.6493938480104724,-0.11914217188244783,0.9768688394909819,0.18853202107406813,0.6779156809761415,0.05238827087339905,0.12308832222507123,0.1893096764882407,0.6828471450578604,-0.10145303713423873,0.9242246065820973,0.19584552801790706,0.6860295080003289,0.05166833404274218,0.1529592914240702,0.1969501411630995,0.6944091405187339,-0.11446540270532889,0.9003756330126813,0.20032032188915083,0.6799001409893949,0.038039930696998354,0.15962649598008122,0.2003855705261232,0.6868680602028261,-0.1089805850670452,0.8878402057148168,0.19790768481436244,0.6775671782947728,0.04474047021496867,0.15879830718040477,0.19850099157719397,0.6831075435593019,-0.09852403189454767,0.8300300297282996,0.15426433299269007,0.6887283041363675,0.05369614437222485,0.995270476454781,0.1556242413464048,0.6920498013496403,-0.053668884471768465,0.9974206430571427,0.1644413322210313,0.7753484674862459,0.072621052818639,0.20514133572578444,0.16543912745657433,0.7809236929530194,-0.03767825237342293,0.9670745134353644,0.1553109735250474,0.8587903408777152,0.10746890377430696,0.4652500862166999,0.1540618631101791,0.8724905422755657,-0.012484182204519008,0.9730090073176799,0.14991689225037902,0.8737225929896044,0.10871343633958279,0.5315853158632918,0.1489811773811069,0.8863244539215457,-0.012523287308535413,0.9481427811440974,0.17614493838378376,0.8713638725734899,0.08704975105467302,0.6661985999061952,0.17732521465846485,0.8869183063507087,-0.04963016350354471,0.9630387169974197
49,816.7,0.19788359957081947,0.5484820150193718,-0.031152810280521734,0.9989904136884787,0.1954217964694615,0.540446207636879,-0.025544285153349257,0.9989212893304378,0.19498696781340114,0.5401771040189838,-0.025565260400374747,0.9989018497012917,0.1944657691887448,0.5398579012779966,-0.025577912018412655,0.9992491773196637,0.19482945899168663,0.5403774721281873,-0.04232459373417358,0.9989490253584732,0.19404463966687535,0.5401718843550913,-0.04233686253428462,0.9987661781765174,0.1931533075514295,0.5399618829999655,-0.04236794316342902,0.9990250496637261,0.18823502815905085,0.5433889258475535,0.00505450580801283,0.9980400005976366,0.18733329929056636,0.5440688672519869,-0.06990244168610805,0.9988884329795844,0.19549104997089944,0.5558794594946366,-0.017712436350328594,0.9987801029568634,0.19470902213028513,0.5556611475490393,-0.03943682869984993,0.9993268592017045,0.17638915919122256,0.5911557277043664,0.06188968498082392,0.9987700865382247,0.1761453925144106,0.5904856153896881,-0.10523138869376417,0.9999099686032257,0.1660311818122865,0.6510861232167203,0.08494013618855256,0.04699509839216871,0.16119795257136946,0.6497194823764625,-0.11882323842673084,0.9772780565988457,0.1891674590962275,0.6774049287750612,0.054282014746041565,0.12509190255687358,0.18956247965494805,0.6812316661789308,-0.10166766884781073,0.9264073428653542,0.19656864447253106,0.683167281604949,0.05367453201186094,0.15613169968128215,0.19731198464121152,0.6918436913263235,-0.11487520308721641,0.9030525428908218,0.20111971242087243,0.6771558239346464,0.03989243028419361,0.16304728885491698,0.20086979298364566,0.683889284020379,-0.10936096984715697,0.8905857148624609,0.19864883096445188,0.6756175501005994,0.04659924301363176,0.16190771119935182,0.1989602801345645,0.6804508169492091,-0.09876051261311493,0.8334754904111232,0.15429859360059112,0.6891616242272518,0.053899342637686545,0.9952613881656109,0.15569093894390845,0.6923132396879654,-0.05386779404112275,0.9974139190855488,0.16456522828056713,0.7755340195837481,0.071949880037989,0.20616796754655398,0.16559654048510974,0.7813339517230085,-0.039401590646732446,0.9680499264172153,0.1554037176427388,0.8593847013655169,0.10650570016531724,0.4700456119719009,0.15407210233665658,0.8731349763416115,-0.016319463694734245,0.9737618593942559,0.15004461648918344,0.8742236097653713,0.10771178312244878,0.5374413870629815,0.14896334423905339,0.8869575120153887,-0.01658827177293245,0.9495898967697514,0.17628107752118805,0.8716801575251995,0.08576322630757383,0.6698468100456969,0.1772715577057431,0.8872585637228836,-0.05397378866161623,0.9638605827376963
50,833.3,0.19772714163575866,0.5487094521522526,-0.030659844655366194,0.9990235027812784,0.19524391917955325,0.5406260774249125,-0.02502006354431313,0.9989534928685151,0.19482343821298523,0.5403683582941695,-0.02504139056517966,0.9989395453816375,0.19431967181818838,0.5400614170801076,-0.02505405575391794,0.9992740580013827,0.1946332170849756,0.540567483220782,-0.04183770733929819,0.9989802837371834,0.19384516136986882,0.5403665815080919,-0.041850844486838325,0.9988101436978302,0.19293936874185302,0.5401829992021837,-0.041882524710326,0.9990574291774212,0.18809857751641967,0.5438944186483115,0.005772206244901537,0.9981080804552358,0.1871129061494556,0.544564925488972,-0.06932821976287029,0.9989321288608377,0.19538771609465294,0.5561289106096544,-0.01715895249730066,0.9988100528717048,0.19458974897861495,0.5558879914737888,-0.038920345760527136,0.9993419448534654,0.176416636932464,0.5916197356723607,0.0627319869540987,0.9987827142079678,0.17614629367987328,0.5907302158219478,-0.10471464764504212,0.9999108541579481,0.1660112057413375,0.6516790588696802,0.08625767025209616,0.04690888896584514,0.16127931645938343,0.650185190495991,-0.11837465032225572,0.9776637610935036,0.18961262135278623,0.6768211296626505,0.05607551212112112,0.12684028240896417,0.18990767782642742,0.6793778992834549,-0.10207378225667144,0.9285688882782352,0.19710192581017827,0.6806854094777793,0.05553688445971129,0.15897106343791612,0.19781134100187406,0.6891840781484336,-0.1155555826567469,0.9057625844365081,0.20149604053724396,0.6752398496582399,0.04160239866801674,0.16611864311354513,0.20140010686147797,0.6808015533855988,-0.109870208870797,0.8934093174480263,0.19937111295404902,0.6741112924757463,0.04833730274722693,0.16475548843542748,0.19946847785086874,0.6777851638339819,-0.09916154011374437,0.8370914601144344,0.15433775740010408,0.6897517244021103,0.05403968674086393,0.9952145843278801,0.1556809970310757,0.6927869774046403,-0.0540030949882099,0.9973741514342179,0.16466544781412407,0.7759143057323643,0.06947816837401621,0.20688777381465565,0.16574363623346614,0.7815989227521993,-0.04079875349998477,0.9688764469964171,0.15547363743895587,0.8600840937523622,0.10120672874507458,0.47358726177896804,0.1540888711100534,0.8737115008490433,-0.01903819705226593,0.974304343972888,0.15013850870586587,0.874967413289207,0.10208649684985485,0.5418099902925042,0.1489595054160982,0.8875592379342949,-0.019429732114076628,0.9507270199911942,0.17637128205526453,0.8721907933553066,0.07981807170879279,0.6720799377986368,0.1772328927403406,0.8877740615890146,-0.056898891038837926,0.9644102596101314
51,850.0,0.19757241933118744,0.5490870333853226,-0.030857899625386532,0.9990539806229736,0.1951191659484592,0.5409375400770282,-0.02523364383904709,0.9989825316837863,0.19471124524161942,0.5407023486636937,-0.025255577283955773,0.9989735427356908,0.19422201670351497,0.5404225531078524,-0.025268291699744424,0.999296114558266,0.1944769578320641,0.5408937221481691,-0.04209142462128688,0.999008516470592,0.19367605305853358,0.5407222566150488,-0.0421050795841785,0.9988499766304386,0.1927577186198463,0.5405879872185847,-0.042136919640359455,0.9990865417889194,0.18799239680880606,0.5445122349829905,0.005628083644080024,0.9981672735441306,0.18692059885887885,0.5451661433492392,-0.06962004126537419,0.9989710336639775,0.19528098049617965,0.5565550866581149,-0.01731608497599762,0.9988361142930539,0.19444675317832416,0.5562799487795153,-0.03913009308633353,0.9993557277179907,0.1764205914168132,0.5920109039261232,0.06274818558068507,0.9987997242382601,0.17615239322185527,0.5910889307657883,-0.10481261249099466,0.9999120576041093,0.16600918344088977,0.6521113514900212,0.08660821687607545,0.04682055541447234,0.16136325044291372,0.6505545548030314,-0.11814768896216446,0.9780599049159465,0.1897642349913008,0.6760895479293102,0.05646081375224253,0.12846518769150697,0.19010269074212952,0.677538482915788,-0.10219032849584314,0.9307907848131096,0.1971186683291482,0.6790869122459781,0.055814861541702676,0.16165389262494598,0.1980908151183811,0.6867976813089285,-0.11612233625991013,0.9086204171180732,0.20152998254412713,0.6737481753031418,0.04187643439287234,0.16899315941901447,0.2017260924691247,0.677636407670521,-0.11013935541822804,0.8964576210294458,0.19941130209536795,0.672574434961592,0.048707989532323144,0.16750923295815798,0.1997244776714417,0.6750866089548389,-0.09923502625454046,0.8410957256952927,0.15437984395594834,0.6902261575063074,0.05414431293805444,0.9952072188967758,0.15564810236295074,0.6932806145577208,-0.054104456057151196,0.99736469700223,0.16472861880347855,0.7760537976310372,0.07028530786434814,0.2078963106586821,0.16585377355416628,0.7817739106359941,-0.04143746622971129,0.9697202103478575,0.15552712976932537,0.8603281038148068,0.10339577425093885,0.4770498318331586,0.15409906137557267,0.8741174936294562,-0.02006866259589083,0.9748173356056221,0.15023882119428555,0.8752798977352331,0.10445816992294228,0.5460677288827446,0.14895114870298487,0.8880365689595547,-0.020484943208949922,0.9517929979733065,0.17646799981594097,0.8725144096783236,0.08259124166908724,0.6745089973722189,0.1771813389800845,0.8882806670098083,-0.057874446113904354,0.9649724193981722
52,866.7,0.19743331699144284,0.5494475307918735,-0.031243500078008316,0.9990808339346031,0.194997556152798,0.5412578894978481,-0.025642803737095446,0.9990095921925144,0.19459929636546558,0.5410519327436178,-0.02566593237930822,0.9990049118087412,0.19411926397255502,0.5408095632280626,-0.025679594083201335,0.9993166526158658,0.19433849340393444,0.5412360798744932,-0.04256751760840419,0.999033655439105,0.19353012101990852,0.5411087331317723,-0.042581446291435364,0.9988850497064143,0.19260996792997648,0.5410233679271883,-0.04261284090933349,0.999112214360919,0.18790569262845191,0.5450603706496107,0.005206504858852856,0.9982266227404284,0.1867914228212267,0.5457180738449101,-0.0703202890498298,0.9990078125681202,0.1951882321210136,0.5569956643240797,-0.017691282111974002,0.9988620054154176,0.1943253399360749,0.5566925605138147,-0.039589551410504784,0.9993688577697397,0.17641282862141033,0.5923939801397782,0.06237527976433441,0.9988194420224151,0.17615550046875378,0.5915123905454367,-0.1052333375527746,0.9999125741776973,0.1660280234756925,0.6525470245452158,0.0864229450623195,0.04668037309533077,0.16146808436938706,0.6510265214102613,-0.11795542211759666,0.9783288978395015,0.18986579137189064,0.6756186173075727,0.05609816898192682,0.12995708130654843,0.19033568742729384,0.6760077107520335,-0.1013824723306157,0.9327191455023636,0.19717073440551774,0.6783724001475748,0.055304460050094734,0.16415401015962883,0.19849097657771353,0.6846283106576834,-0.11552224130857566,0.9111454742295408,0.20176352773393919,0.6722621662276137,0.041385794324534306,0.17165497229212817,0.20205256555761625,0.6748277970722749,-0.10943607666662769,0.8991583131608516,0.19970924797512252,0.6710773252305535,0.048331231588409095,0.17014632693358842,0.19998192645254603,0.6727118265061156,-0.09841870090791163,0.8446648149263297,0.1544223072982971,0.6906613395327619,0.05423685411612197,0.9952140109879637,0.15558990978059326,0.6937839360464191,-0.054193988974605325,0.9973419847942542,0.1647925213688897,0.7761590310505464,0.07207264964069644,0.20823799499443613,0.1659383461588906,0.7819443373453056,-0.04111804813146594,0.9701429321652374,0.15555208708558776,0.860539112772261,0.10743788523333421,0.4788201919623787,0.15410207141013382,0.8744299241474703,-0.018365039224071174,0.9749776721000679,0.15030152315185197,0.8754975852512183,0.10878375279051924,0.549259532065619,0.14893963720117306,0.8884142353421172,-0.018584341143390977,0.9524443632080448,0.1764063487450283,0.872837390218463,0.087373826120581,0.6755451219422481,0.17712371264185237,0.8886721673465917,-0.05564461985514282,0.9650898717698604
53,883.3,0.19728325875032532,0.5498216237340658,-0.0325153974727506,0.9990978326116297,0.19485215416976398,0.5416007694743932,-0.026965694590693447,0.9990229748544246,0.19446177283922844,0.541415617579506,-0.026989502211411814,0.9990221176828664,0.19398907962299544,0.54120299362001,-0.027003925737170965,0.9993279320853105,0.19418523354189748,0.5416027591342022,-0.04402822717314678,0.9990476142792483,0.19337174793084477,0.5415120664097017,-0.044042492728857796,0.9989065783364439,0.19244797243958445,0.5414567504610338,-0.0440741096224104,0.9991278392927995,0.187785001737731,0.5454890330632531,0.003880039589213476,0.9982600524311982,0.18665521130675372,0.5461818717774894,-0.07222215405532298,0.999032622291929,0.1950655409267972,0.557460262661889,-0.018916456649700812,0.998875178041913,0.19418511859008258,0.557126709393093,-0.040997148979277864,0.999376833438874,0.1763965977089747,0.5925721696444923,0.061160722658747765,0.9988392591476448,0.1761392738137928,0.5919603222892402,-0.10645139749561044,0.9999131645475122,0.16611018422104074,0.6525970867701943,0.08627276158048999,0.046442951120081434,0.16156473188173215,0.6514493255388174,-0.1180425520454135,0.9786723227727988,0.19015669964608706,0.6742717964308607,0.05599287648995721,0.13165484368801125,0.19045284177575805,0.6746554970741276,-0.10129804696355554,0.9348931397710535,0.1973880344913121,0.6769201329776223,0.05501646193720049,0.16697363839263019,0.19885765654700155,0.6829073003360209,-0.11554072584424709,0.9139888825870702,0.20210440243993502,0.6701009727659685,0.04109630857904755,0.1746606223639989,0.2022139593249277,0.6726128373827258,-0.10961859637782695,0.902273751440503,0.19998241180465348,0.6689210988226395,0.04821925432909106,0.17311572389943272,0.20010298561482215,0.6706538484210065,-0.09838046665702554,0.8488332146690012,0.15448244696571725,0.6910395735786079,0.054358858969949575,0.9952377847262799,0.1555298680350895,0.6943793183281313,-0.05431377160407252,0.9973376450084511,0.16486288465204704,0.7763114032291236,0.07607699611357285,0.20960916862601342,0.16600393326509577,0.7822808651697073,-0.039864950059425294,0.9705998046057572,0.15557757374786207,0.8604488599868054,0.11604996593225578,0.4821362821828755,0.1541101286808651,0.8746628278777719,-0.014367091669035822,0.9751873867852354,0.15033754848298583,0.8756121226719454,0.11793825881821778,0.5534847038132807,0.14892892042795827,0.8886667461622335,-0.014211662734548262,0.9531294050670813,0.17627990529650744,0.8731621787661604,0.09708443816219064,0.6779797361010602,0.1770926955200378,0.8889684591974538,-0.05080866441130642,0.9653032393682579
54,900.0,0.1972028407312576,0.5501415984971186,-0.031420812188159876,0.9990990559260058,0.19472602506478642,0.541909305822282,-0.025870818644762057,0.9990166567620784,0.19432765103521815,0.5417223260516215,-0.02589566003353825,0.9990210362843112,0.19384905553999415,0.5415141781171167,-0.025909974993694417,0.9993275120144806,0.19408518430732558,0.5419304001898997,-0.04309486917087013,0.9990415289288482,0.19328100127833242,0.5418515347299125,-0.04310888424515727,0.998906822431656,0.1923618153447198,0.541803203877949,-0.043141725694849406,0.9991266330083218,0.18763912433669694,0.5457606968425572,0.0048650009557604824,0.9982652408736099,0.18657043789114286,0.5464998199826199,-0.0719069001220522,0.999040121123905,0.19496371206783125,0.557866269633884,-0.01785761734382029,0.9988668277150116,0.19410216382571643,0.5575237870216374,-0.04013992810533163,0.9993725220362352,0.17638226846853905,0.5926240228471306,0.06184342326152897,0.998846820422582,0.17611766145342883,0.5922608432315649,-0.10633120189110445,0.9999121058554883,0.16621231323196786,0.6526698243050353,0.08756730811936521,0.04617854828635855,0.1616696317990622,0.6517725132760552,-0.11799374754939768,0.9789579936436251,0.19049886720521125,0.6728270025480365,0.05809433066419197,0.13332919137818483,0.19057015010288797,0.6733324329058334,-0.10228555933350615,0.9370290154502512,0.19776717183135817,0.6759707076208936,0.05733582288736393,0.16984763457661595,0.19930603532564087,0.6810129625456678,-0.11687959624188296,0.9167740799131854,0.20269463885398153,0.6682921420960204,0.04321954541263129,0.17770934317793177,0.2023658149299169,0.6706338524818425,-0.11086274541559682,0.9053140736761554,0.2006646891434989,0.6671715918041417,0.050265187663691424,0.1761139347439722,0.20024931217942932,0.6687843231927786,-0.09936549479053142,0.8529722804114939,0.15452177254926602,0.6914680486633669,0.054477673023939174,0.9952334761619576,0.15549060560408104,0.6948925909541908,-0.054429933251369605,0.9972752417836878,0.1648686414673216,0.7766516038349702,0.075922921654724,0.2094613576219197,0.16608117307935455,0.7826483959243418,-0.03815425790491561,0.9707371478989019,0.15555853503091005,0.8608425656954455,0.11512270356927606,0.4845735799698606,0.1541343274570648,0.8747731078238721,-0.008697459784646835,0.9752957622210191,0.15026771951289414,0.8762186907586604,0.11688620774518885,0.557805819170816,0.1489244607232867,0.8887520829836535,-0.00801064599571484,0.9537957594508223,0.1760636348099937,0.8734019058091307,0.09564489693868734,0.6796465345791413,0.17703936852159968,0.888928807917096,-0.04368171255503385,0.9653961261113493
55,916.7,0.1970781499431248,0.5504409131549658,-0.029850953302922725,0.9990963964235222,0.19454714513960353,0.5422013543900993,-0.02428614215127061,0.9990051644189024,0.1941404569716682,0.5420074888638091,-0.024311683185043807,0.9990148714610516,0.1936538368463518,0.5417954581124446,-0.024325637235527962,0.9993235270182299,0.1939230710268022,0.5422346535183138,-0.041601867015872714,0.9990309051104962,0.19312208890914934,0.542156767277491,-0.04161521579538076,0.9989019206592022,0.19220782816410076,0.5421029017085124,-0.04164898750327885,0.9991210727464592,0.18745736635866633,0.5459664151782085,0.006324884282158959,0.9982576029641295,0.18642495572567,0.5467417921338766,-0.07084185842956821,0.9990404901050393,0.19484279553095513,0.5582446285656524,-0.016342345181675197,0.9988511318252207,0.19399361809094762,0.5578836372920449,-0.038740278709502474,0.9993643136251548,0.17637852189086745,0.5925874710083012,0.06295432398716613,0.9988510211308804,0.17608781300839935,0.592499054613568,-0.10564503854229344,0.9999110670316794,0.1663725723822913,0.6525108899388999,0.08893108864625301,0.04592748110493028,0.1618223779258275,0.6519310786610563,-0.11757611873604012,0.979321908383143,0.19077854639007946,0.6713312410172967,0.059601587731213844,0.13503186617578788,0.19075288375218724,0.6720738694781354,-0.10312658335481378,0.9392404442741764,0.19786820170425248,0.6753001922652839,0.05892600473903478,0.17267898718516045,0.1996678709983827,0.679590591362545,-0.11799895408607673,0.919645371891204,0.20290719824177894,0.6677415654772809,0.044766355838094476,0.18073073313349783,0.20254977189359225,0.6692373866126655,-0.11192786587136141,0.9084690497035078,0.2011084215981621,0.6662078443027684,0.051758129859254515,0.17907182091758378,0.20048134241785337,0.6672691475777404,-0.10020942276432407,0.8572365669977104,0.15459794302781435,0.6917307348478413,0.05456783001621568,0.9952343475250978,0.15546127373263963,0.6951141272272388,-0.054518388318164045,0.9972268967401421,0.1649611932890757,0.7768132118951712,0.07598793187311723,0.2096131976161686,0.16616151517345806,0.7827997491473249,-0.037958247143597856,0.970982560089657,0.15557967835948594,0.8610862152917051,0.11518691444680812,0.48772523374784593,0.15416344148772115,0.8747939410663792,-0.008565752168319061,0.9755006971813391,0.15024937831220184,0.8764508423351112,0.11692579445384806,0.5622840637252449,0.14891789143993753,0.8888464626811806,-0.00784517931086677,0.9544805827594945,0.17591207226117467,0.873759928203765,0.09522679235254022,0.6819389888218476,0.1769732861291796,0.8889826763243909,-0.04343364192616375,0.9656454012507492
56,933.3,0.19694639103753242,0.5506468954540438,-0.02921269904999508,0.9990968477158326,0.19436124889623563,0.5424075183414282,-0.023607495373913236,0.9989969247863414,0.19394703706105565,0.5422140870775499,-0.02363325442586628,0.9990119877315711,0.19345412580739899,0.5420061803999405,-0.0236468470344941,0.9993212875865761,0.1937388359081179,0.5424374909628009,-0.04094253923921361,0.9990242237136485,0.19293497218972178,0.5423581032525929,-0.04095543424288435,0.9989009102185574,0.192024581489109,0.5422999887239369,-0.04098983321871079,0.9991182599748891,0.18729036265895493,0.5461718269756866,0.007070705161562993,0.998254577318828,0.18624001954283048,0.5469111232530507,-0.07023018775951301,0.999042300950914,0.1947442470561892,0.5585219491095774,-0.01569395268424637,0.9988388986814596,0.19390860838549492,0.5581588404519222,-0.038120189770346626,0.9993583077476146,0.17642024514221022,0.5926694983527778,0.06345507431597941,0.9988538878304625,0.17605760125886838,0.5926142363321218,-0.10520332519497197,0.9999101672853749,0.1664925331161137,0.6523910306748895,0.08943516335317073,0.04583328341444337,0.16195931321098703,0.6519868317104526,-0.11764357026134227,0.9797294934590665,0.19109134376049053,0.6701846832320808,0.06002439345632285,0.13676538992495774,0.19107877072833845,0.6709907878012888,-0.10441236623695926,0.9413736888340548,0.1980853861286528,0.6749678282510672,0.05937690465223226,0.17546041096959808,0.20007624157837473,0.6785098456201104,-0.11949844942206438,0.922401496342251,0.2030862349839439,0.6676294377871927,0.04516899532505447,0.18370835128284652,0.20276987197853286,0.668282100132534,-0.11338619816870923,0.911508466516223,0.20159324577876514,0.6659326155980433,0.05217424230206584,0.1819440821806591,0.20076950533049462,0.6662368462199262,-0.1014966322552591,0.8613285252026155,0.15469120229993558,0.6920921490305951,0.0545957469869228,0.9952456468627574,0.15543711611202796,0.695380466324943,-0.05454631877087415,0.9972022488003693,0.16508339203539363,0.7771506650107254,0.076108305936768,0.21095417581853426,0.1662303876309169,0.7831344604492193,-0.03839097739685152,0.9714321267037171,0.15563466719218674,0.8612277621314646,0.11573716962621333,0.4924829048769819,0.1541971393993924,0.8748876565978647,-0.010911483273264917,0.9758534034093229,0.15026080395494198,0.8767044288771499,0.1175110325926827,0.5674746036529545,0.14891427613440025,0.8889746382122954,-0.010435310879810943,0.9552423244430912,0.1758567626987186,0.8740157257942933,0.09579712010565265,0.6853615272612804,0.17690338974907296,0.8890577100572138,-0.0465140348034246,0.9660947862125585
57,950.0,0.1967551076696034,0.5508230385326207,-0.02862801349588805,0.9991060637292415,0.19418491636003782,0.5426576222692221,-0.023043418746619013,0.9989979664484667,0.19377655855246967,0.542472172351111,-0.023068771653232137,0.9990169916834157,0.19328773447445474,0.5422717985652745,-0.023081717214414068,0.999324131579627,0.19353935548237405,0.5426723673230129,-0.04028811571853504,0.9990275218373261,0.19272144919350048,0.5425868431727096,-0.04030039374317444,0.9989101688067126,0.19180612124147883,0.5425247691926506,-0.040334468973534474,0.9991236896741965,0.18715453005972377,0.546404478095827,0.007529475482269417,0.9982597969827205,0.18603615675653745,0.5471169976961049,-0.06940749926226485,0.9990487552824482,0.19460594370251627,0.5587325578644167,-0.0151663049612017,0.9988369090216508,0.1937399442706791,0.5583514911787855,-0.03748187653365592,0.9993582736878176,0.17644342709155322,0.5926854440144134,0.06377580637733146,0.9988575379053759,0.1760165748142062,0.5927733012608124,-0.10449304147845231,0.9999103688058406,0.1665807061252141,0.6523302878652305,0.08986792819840574,0.04579282552003864,0.1621249523900805,0.6518580203964601,-0.11722003455672954,0.9802959930329103,0.19112808576651996,0.6696175649052579,0.06044541884745874,0.1385617774157298,0.1913868891341347,0.6702087947300507,-0.10442714499575759,0.9437001120476503,0.19795344486123054,0.6752090085120432,0.05978635893691158,0.17819756837118253,0.20028390345119307,0.6780909668831603,-0.11946779276643488,0.9253529452142268,0.20294862559863514,0.6679840712320242,0.04565821658997312,0.1866235264710019,0.20299726440793006,0.6678223893755963,-0.11347544264225741,0.9147866992723381,0.2014548395361221,0.666045160520645,0.052638760812225835,0.18472522497177135,0.20104494265147632,0.665641912392208,-0.10154946538664053,0.8657414941560662,0.15478595807438816,0.6922518440655304,0.05459090446432435,0.9952626086416706,0.15542469634896244,0.6955006207738609,-0.05454168096184735,0.9972099264462796,0.16521084166708458,0.7773163091568724,0.07594207425912228,0.21323372210775118,0.1662862456980207,0.7834104129246309,-0.04030159346404533,0.9721820723442811,0.15571502773534696,0.8614506721496589,0.11581352388574973,0.498487784748986,0.15422727664311736,0.875185702528273,-0.017383136099115737,0.9764595457485752,0.1503343206076396,0.8768006222588681,0.11760656003441139,0.5730789644377576,0.14891608768985395,0.8892373953546803,-0.017488254943773873,0.9561852727617544,0.17598020888510216,0.8742955412183495,0.09621617020595648,0.690005481243134,0.1768806931518374,0.8893866255169829,-0.054281223742734856,0.966870015575773
58,966.7,0.1965159979604541,0.5509752432505294,-0.02812910310569266,0.9991172523725608,0.19398779457523724,0.5429169336954756,-0.02258386684670336,0.9990050480479293,0.19359156134582717,0.5427468731289822,-0.022608880840596715,0.9990277375493738,0.19311399048283,0.5425588204747158,-0.022621648297423424,0.9993309208324984,0.19333100247950794,0.54293304681778,-0.03965392708778384,0.9990352420579827,0.19250842148349412,0.5428556998570764,-0.039666632279044135,0.9989239176114408,0.1915898926201322,0.5428011020024621,-0.03970013328251387,0.9991329993520471,0.18703777449471623,0.546731877894629,0.00790993902566178,0.9982793331146248,0.1858360724789757,0.5474174930935818,-0.06830269701424105,0.9990609572047287,0.19441881066276928,0.558915598051889,-0.014726729487024614,0.9988421939668208,0.19353628868148454,0.5585340488524668,-0.03681108071690517,0.9993609076454533,0.1765027720303764,0.5929826696713769,0.06403042872746789,0.99885798635937,0.17597424132483358,0.5929778047970368,-0.10342235721292958,0.9999099458966944,0.16659323942093635,0.6525634044692634,0.08967412724381407,0.04586865238490562,0.1622930048477083,0.6520078466052106,-0.11596118800696881,0.9807765285174059,0.19105993778932676,0.6696911397434422,0.06012998805159618,0.14002172081243436,0.19170432644230995,0.6696570685931619,-0.10205468854733883,0.945696013314384,0.19810249620959886,0.6757196244739356,0.059437477695090474,0.18042209815411353,0.20046161895706555,0.6775874126525158,-0.11666526468027213,0.9278728706496109,0.20276175865105234,0.6688037514686589,0.0454146049561955,0.18898283370903574,0.20322684234096905,0.6674291122527354,-0.11085212869303575,0.9175813737369726,0.20126431896573035,0.6661963661511744,0.05236688877145453,0.18697442682016477,0.20133599071275635,0.6652904351552332,-0.09921495616436012,0.8696159578505023,0.15484482688563223,0.6924319806553074,0.05451602808066781,0.9952339331309008,0.15539964182036275,0.6956158393905281,-0.05446588301232887,0.9971730311711636,0.16535468825272165,0.7776686180205579,0.07278901657887873,0.21531146693797354,0.1663173827387039,0.7837358798299523,-0.04174147102804414,0.9726420612562277,0.15575933385462998,0.8619055918284831,0.10936789037216285,0.5033574969995593,0.15422384440898906,0.8756232857704169,-0.02129174782229323,0.9768234207516631,0.15034484153702155,0.8770532295817427,0.11078124457881572,0.5776844535555163,0.14889808495839446,0.8894960539681578,-0.02171128992700862,0.9568266669909167,0.17603080968062096,0.8746262760389425,0.08914228635174894,0.6932276856331603,0.17680268202509214,0.8896855428105316,-0.058773759220327695,0.9672979002907169
59,983.3,0.19625994846934378,0.5511906260535835,-0.028136732588921295,0.9991297438031159,0.19381105899810805,0.543293913205465,-0.022601981602963964,0.9990146330424725,0.19343303002062312,0.5431484125909356,-0.022626402211331203,0.9990412167140422,0.1929716403995243,0.5429791240465076,-0.022638772836043736,0.9993388624418357,0.19313549285843273,0.5432744281632563,-0.039573533903984826,0.9990451562972303,0.19230627020200108,0.5431927442550664,-0.03958669074234511,0.9989408226240256,0.19138142182713475,0.5431349078814193,-0.0396198133627574,0.9991441510972531,0.18692215567543408,0.5471121583666124,0.007794073915907321,0.9982988266717827,0.1856460110062646,0.5477360288302108,-0.06787822395563131,0.9990728355589374,0.1941908207677661,0.5591507667586921,-0.014791490598803485,0.9988475356783193,0.19328167041142796,0.5587330261866256,-0.03672820826371513,0.9993648074922116,0.17659617747579315,0.5934368457112997,0.06387532076665338,0.9988562862078356,0.17590786587624335,0.5933201029187161,-0.10290970227548062,0.9999102864946645,0.16657199178423215,0.6530708159719198,0.08968627381892438,0.04574285820126536,0.16243996293771845,0.6525900959968571,-0.11464586286317743,0.9811459353991925,0.19120787013144735,0.6694858812150506,0.06045900090109738,0.14114264789081765,0.19200864576158083,0.6690804333913899,-0.1011350502570471,0.9476581613222764,0.1983995196365176,0.6754650870958969,0.059729390378509294,0.18246486712069754,0.20063807779834397,0.6767389973004665,-0.11546701866955991,0.9304423559279676,0.20261077653794077,0.6688794124694102,0.04580632065023699,0.1911357648315885,0.20339624016057892,0.6665651287351341,-0.109920063898677,0.9204559212639225,0.20109471182028466,0.6659081351189391,0.05275875418668705,0.1889511786756063,0.201546004840306,0.6645640872773675,-0.0983926781586239,0.8736247108096173,0.15490226163750614,0.6926938039915908,0.05445865151428045,0.9951775811967403,0.15537161699363175,0.6958645071302146,-0.054407020942086305,0.9971631595066623,0.1656075921796618,0.7780049329712283,0.0728904736183939,0.21849386677855553,0.16644066359315612,0.7839869856834417,-0.04461104972731503,0.9733466307322192,0.15581305466947112,0.862369182563964,0.11074099654243115,0.509056328308015,0.1541933977887745,0.8760538924308056,-0.027529642961564536,0.9773475925127671,0.150356581523305,0.8772951761881517,0.11230395627873292,0.5825461319514688,0.14881831194673278,0.8897935748100287,-0.02854888274201327,0.957625661577498,0.1760698876210623,0.8750466959817076,0.09112346810953964,0.6967465480168665,0.17673904484226605,0.8901953157924477,-0.06662212737968995,0.967876987797874
60,1000.0,0.1960577013946716,0.5517062658355354,-0.028047229917276494,0.9991352785201307,0.1936872374443782,0.5439402432668781,-0.022595232441311806,0.999017204557147,0.19331791855040065,0.5438105350448975,-0.022619234486704796,0.999048312505087,0.19286129446256742,0.5436511579014011,-0.02263143614289308,0.9993424018224089,0.19300552209218358,0.5438848194621861,-0.03955817151637307,0.9990465839703885,0.1921759425174624,0.5437911237989157,-0.03957184031605723,0.9989490736098524,0.19124524721077524,0.5437222378594538,-0.03960535462413518,0.999148002692632,0.18677724543071944,0.5476609269777938,0.007678457757546793,0.998310307661693,0.18550894444897076,0.5482386520930703,-0.06786058736698973,0.9990775102660777,0.1939592255013331,0.5596713480495275,-0.014739808582124267,0.9988427985282179,0.1930416786954518,0.559189583574023,-0.03664822131395343,0.9993635926927846,0.17655913460822345,0.5938752378736227,0.06378726359634176,0.9988545463198715,0.17583932266348895,0.5938611286027095,-0.10252535839875546,0.9999099686032258,0.1665072696549553,0.6536727263813932,0.08952381532816667,0.04565229923242618,0.1625218043724697,0.6536903239431839,-0.11421558331875582,0.9813473905835841,0.19153234149728515,0.6690879747981122,0.0613384910282635,0.143163609362784,0.1923659912177496,0.668495567072006,-0.10243964053335651,0.9496648708979296,0.19887738994189685,0.6743008097012843,0.06072285771369938,0.18587331189995732,0.20100729593208871,0.6755675247737345,-0.116743917976107,0.9331439676738928,0.2026302700950987,0.6679126932507474,0.04672558907242052,0.19470402527423145,0.20360263046764204,0.665400556155614,-0.11145785131624775,0.9234996182577957,0.20116833703858528,0.6651084054084057,0.05366391582148419,0.19226973894096572,0.20175636737119595,0.6635157096953623,-0.09982886165380485,0.8779469643320362,0.15487852479730344,0.6930167987233121,0.054402668916043825,0.9950995076270337,0.15533745998427992,0.6963230314708896,-0.0543499157897064,0.9971241468474986,0.16588106183778684,0.7782772495633086,0.07269804569936938,0.22110583384831764,0.1666053498075123,0.7841171820958461,-0.046692509913728385,0.97377477941059,0.15585024654865276,0.8627611114865263,0.11043780332519904,0.5135187052545097,0.15415980915228536,0.8762211487406782,-0.03216117930909,0.9776039975030089,0.1503287312530337,0.8775167096228833,0.11201021997701563,0.5867295918010533,0.1487111562774296,0.8898896858805708,-0.03283388974765939,0.9580582096463165,0.17603954388981788,0.8750893388475697,0.09135679297503976,0.6988882621129359,0.1766472636234194,0.890478480429877,-0.0692817584744522,0.9680704502832329
61,1016.7,0.1958729404778709,0.552280528204782,-0.028611645013803547,0.9991463763373245,0.19352916521685476,0.5445983126049954,-0.023257315957120505,0.9990277375493738,0.1931621850956055,0.5444702875046508,-0.023280745460873574,0.9990625722067704,0.19270456050123502,0.5443088724499661,-0.023293165223939094,0.9993506301017042,0.19285177829719738,0.5445359491166618,-0.04025508889130186,0.9990547157469257,0.19202437429201047,0.5444364746411645,-0.04026916303804945,0.9989643891652433,0.19109504279636216,0.5443603623481028,-0.0403029982532774,0.9991570200238915,0.18659171887806497,0.5482085545857751,0.007029899883837932,0.9983370218958181,0.1853733992292769,0.5488015810648604,-0.0685865740690913,0.9990872996194029,0.1937365716411955,0.56024577220281,-0.015271849132009926,0.998846283980779,0.1928318667979469,0.5597189097177419,-0.037219085508868835,0.9993671888396861,0.17646090899195002,0.594306485993522,0.0634523328571093,0.998857790515537,0.17578280255908071,0.5945252322015313,-0.10269720036359067,0.9999095825921929,0.1664871495394481,0.6542813636007767,0.0898403656624613,0.04584270804410892,0.16266250823225306,0.6548833648363754,-0.11465955667552502,0.9814195462635592,0.19199291013536013,0.6685480560575218,0.06361644111928491,0.14716334499063954,0.1927054176727932,0.6680812012581603,-0.10574178575050272,0.9517873468853185,0.19944912691911076,0.6730567841302786,0.0632145012773219,0.19164896082310462,0.20140858420303903,0.6745294956933889,-0.1202790659098399,0.9360747961770928,0.20283811574890515,0.6669744082859589,0.049048667507512266,0.2007784566708975,0.20376195368312666,0.6644604149318881,-0.11517415337619336,0.9268261847041909,0.2013409024193175,0.6643312686965583,0.055943499363604085,0.19795854247751704,0.201886058563278,0.662611686048054,-0.10328321087928052,0.8827210579599659,0.15482921259743837,0.6933702940032601,0.05434533031213855,0.9950292820022227,0.15530566445418778,0.6968278515906565,-0.054290757470187724,0.9970734204564784,0.16628750378177293,0.77840367669151,0.07211838875498096,0.2239212734358653,0.16688333380789996,0.784075836340587,-0.04798986709543641,0.9740088241440916,0.15590149448031482,0.8632050497191299,0.10944297022762761,0.517444749673208,0.154137629838217,0.8762934349832087,-0.0344534597936131,0.9776487095015397,0.15034566890625736,0.8778749079931356,0.11101624617973971,0.5906064027831672,0.14861799634638295,0.889987366540092,-0.03459352849140056,0.9581894590741119,0.17604498919986555,0.8755737770171399,0.09070700548944026,0.700131998175667,0.1765779569035486,0.8908559992199859,-0.06919038118351079,0.9679326585360943
62,1033.3,0.19566853131566742,0.5529065501122252,-0.029764525148840197,0.9991665340605242,0.19333305742059448,0.5452852532977154,-0.02452006882854872,0.9990492264429736,0.19296242438611544,0.54515134152912,-0.02454285110746113,0.9990861472629373,0.1924976500726883,0.5449825184685847,-0.02455604626309306,0.9993650998388025,0.1926650035948982,0.545212030410767,-0.04150626631010149,0.9990734997249792,0.19184231261412316,0.5450951882771087,-0.04152081889056027,0.9989902802876071,0.1909259940896717,0.545005457741874,-0.041554456133218065,0.9991748191061481,0.1863867711453212,0.5487408183869865,0.005909316197392491,0.9983785578182772,0.1852467443261829,0.5493492966606508,-0.06976878323725297,0.9991056521733609,0.19352182391143996,0.5608447704996385,-0.016322822265681776,0.9988628682636087,0.19264753659566258,0.5602710530871441,-0.03827835654928574,0.9993791324751725,0.17624602005595263,0.5945198365620209,0.06294203319010286,0.9988710312616265,0.1757775892814002,0.5951336196490701,-0.10333932652359924,0.9999104880151302,0.16633311410744997,0.6546675562858586,0.09075732671079188,0.045951468249162075,0.16292790358974832,0.6557365003086276,-0.11618253198407953,0.9814733181680959,0.1925058606125061,0.6679689685503647,0.06605976607118338,0.15277772148450225,0.19308605364390796,0.6679329049019591,-0.1107801230890411,0.9540578070141027,0.20006053433531823,0.6716348415329347,0.06583922320888161,0.1995643426974616,0.20183441468647562,0.6739274490447276,-0.12573997995683134,0.939232956795466,0.2031816896938144,0.6654751300811772,0.051458359296832804,0.2090572785763515,0.20388823038055798,0.6639880765052074,-0.12054331139439638,0.9304172226360872,0.20139320336637057,0.6633320422399617,0.058373870416766165,0.2056301328397934,0.2019592729352771,0.662100439979917,-0.10834936442829321,0.8878997819764279,0.15470199996516829,0.6937259605952677,0.0544192150589966,0.994992136955262,0.1553115738289698,0.6975149171692989,-0.054363988517295785,0.9970725434167051,0.16669436508700974,0.7785080075263983,0.07548937733684273,0.22796960600784863,0.16731134340876638,0.7843299479711628,-0.0502084637326854,0.9744228578749164,0.15599597351891664,0.8630742061705823,0.11708834164199383,0.522241572539012,0.1540754856098267,0.8765197254362568,-0.03900662108901004,0.9778291980425524,0.15044365965184722,0.877926979746138,0.1191788450593041,0.5949912951106121,0.1484745265472504,0.8903490787460697,-0.03908542481561505,0.9584563033921385,0.1760945022106172,0.8759503648394636,0.09985188678616577,0.701917756171454,0.17655197566463846,0.8912715855098912,-0.07305458968593966,0.9679525182360702
63,1050.0,0.19543122748533898,0.5535325322832384,-0.03051046007091093,0.9991936712037957,0.19311694446064193,0.5459427691641312,-0.025397701188921946,0.9990783589226866,0.19274728354953596,0.5458018864904135,-0.025420433708599654,0.9991152371679042,0.19228038901374467,0.5456262174106783,-0.02543386985503494,0.9993839547747665,0.19244991100969783,0.5458780129750573,-0.042392774174610806,0.9991008412270327,0.19162258931568704,0.5457529085023067,-0.04240763648634868,0.9990243315696724,0.1907112790005549,0.545660427638463,-0.04244078642555649,0.9992000318708881,0.186190263146446,0.5493197838465377,0.004915895827469375,0.9984315037727363,0.18506023926394338,0.5499629520234612,-0.07064474409534824,0.9991309955006561,0.19329186848231739,0.561471405483428,-0.01705912150265207,0.9988902239572441,0.1924256710779101,0.5608605458622891,-0.039048179274513636,0.9993966392108379,0.17604337561698202,0.5946494766644073,0.06234313795963928,0.9988887962840859,0.17574307748249612,0.5956996225175408,-0.10367260199217576,0.9999114189829152,0.16643881301085167,0.6549980044364934,0.09162372031382159,0.04665945470333103,0.1632619762704487,0.6560903134800145,-0.11817057501702088,0.9816731782186607,0.19307343023163945,0.667711564472744,0.068856231158688,0.16123923091661374,0.19338853870119382,0.6679213557924548,-0.11743660590478361,0.956482438814073,0.20059210984479828,0.6709872001693367,0.06887836115700863,0.21056892474492406,0.20225979032970626,0.6736277426992149,-0.13263479265428735,0.9425439834594733,0.20372466459160773,0.6646989016305838,0.05427158340102155,0.22062860855034436,0.20410248353367774,0.6638731530734476,-0.12755501518646886,0.9341887973603754,0.20159502540315916,0.6630255494798938,0.06116135471633507,0.2163801959582739,0.20208828435057702,0.6618864649818061,-0.1151352436059998,0.8934238212449216,0.15462282016163792,0.6939646658443275,0.054213775233143885,0.9949692516099846,0.15527415985152848,0.6980476805142,-0.05415667274168563,0.9970659074329202,0.1670689228035156,0.7785299306824098,0.072607780851069,0.23211549222469346,0.16773554398899998,0.784531922567459,-0.05244533948245506,0.9746686929748178,0.15610484849838996,0.8633647192092175,0.11166483341228403,0.5259156681242447,0.15403062885715857,0.8769162439164667,-0.04255444964482674,0.9778103771663855,0.15057586133480083,0.8781648618834366,0.1134854196792558,0.5980019342331664,0.14836389606907263,0.8909268748192567,-0.04279572161890215,0.9584144807997211,0.17620591464496804,0.8765550369308115,0.09416701928490691,0.7025496874536792,0.17660018021152146,0.8916761080423997,-0.07668056835730877,0.9676902492841092
64,1066.7,0.19509896565051318,0.554106019792103,-0.030371764586085388,0.999227736677443,0.1927959826730548,0.5465277717227032,-0.02526625565120154,0.9991161227226265,0.19243684340090994,0.5463835455122452,-0.025288517187748653,0.999151153223856,0.19198417308784682,0.5462078480493459,-0.02530255691990968,0.9994083103679483,0.1921136897234691,0.5464873540969126,-0.042111966758966474,0.999137841519856,0.1912849048773449,0.5463708241780603,-0.042127690854526736,0.9990677237510689,0.19037570130257395,0.5462925945009508,-0.04216014966368678,0.9992341512725474,0.1859678093876159,0.55001122327078,0.00523936087709098,0.9984988172849026,0.18472890839690265,0.5506703853607182,-0.06939543677227843,0.9991672776994258,0.19301064738205514,0.5620614176704775,-0.016853475854510365,0.9989292053949272,0.1921424560603643,0.5614328639847896,-0.03864910418079016,0.999419311682384,0.17595919682866062,0.5950529518581577,0.06329224063527021,0.9989089029175902,0.17568736629826695,0.5961757869947528,-0.10245782207875032,0.9999121001788555,0.16677361939634608,0.655326658771152,0.09451038745187584,0.047785279296693385,0.16368032424222867,0.6560885877836323,-0.11865525763659258,0.9820851257869183,0.19358717827569882,0.6675669210297726,0.07339317670890269,0.17137716000988382,0.19357684041772585,0.6680302336102445,-0.12097447507438214,0.9590051344462811,0.20130339477743436,0.6707156215395251,0.0736563418592726,0.22318358861264745,0.20252659278256568,0.6735910035315019,-0.13635735497588214,0.9458818492435281,0.2043482654151464,0.6646128949664893,0.0591564685815857,0.23385770760831395,0.20426444141637723,0.6641077853384477,-0.1311438740009354,0.9379944971629557,0.2018718655620304,0.6627981378918607,0.06579193118072696,0.2287010011218845,0.20216896775222973,0.6620932505244306,-0.11864951111021504,0.8991695585704992,0.15457608160518477,0.6942936948367533,0.0538888683631307,0.9949145004862838,0.15516938127222524,0.6984547206333711,-0.05383054202511201,0.9969957045146405,0.16735200158187336,0.7789171565146679,0.06416831449383786,0.23516129241103234,0.16814530534403677,0.7848595920063206,-0.05317996672931175,0.9745104937326348,0.1560613058862233,0.8640789985656745,0.09548038315205354,0.5273933836391997,0.15391480638867344,0.8774238938377024,-0.04136596513645993,0.9774423894428079,0.15043733801160553,0.8791304628054307,0.09646547514767881,0.5992039356912889,0.14821694720359085,0.8914904282206587,-0.041704779756920704,0.9580432801019585,0.17620917445137402,0.8776916804767796,0.07654298735516417,0.7011024582953685,0.17654126953511023,0.8923930440630239,-0.07546137095916844,0.9669884840647387
65,1083.3,0.19464198890186507,0.5545774613107958,-0.029682315176441574,0.9992707002730604,0.19233733983266935,0.5471268353008092,-0.02447958680845444,0.999164487634387,0.19199680430548544,0.5470017932710197,-0.024500756302759778,0.9991963761193419,0.19157148188068768,0.5468542519069857,-0.02451554073819094,0.9994392707234345,0.19159528187343067,0.5470667140824458,-0.04109076499229389,0.9991867343584704,0.19075423337164393,0.5469661582083933,-0.041107054090216075,0.9991229942866742,0.18983485230377756,0.5469190080960595,-0.04113857536798435,0.9992784375236156,0.18566041333334798,0.5508710231099814,0.006169027626691834,0.9985804841631942,0.18418844469956003,0.5514755476088755,-0.06722409029801692,0.9992134372393298,0.19269568792411274,0.5625881722995217,-0.016174733283973886,0.9989809365499596,0.1917809496323269,0.5619130361647837,-0.03765623040852095,0.9994486286526642,0.1760522999933789,0.5958518981933598,0.06424987670921148,0.998932185627166,0.17550222646622443,0.5966953862281077,-0.10038237273693093,0.9999135931332913,0.16752073807375784,0.6556192920321515,0.09772578165644699,0.04929290250653316,0.16403856305848996,0.6560621318363014,-0.11824454934824088,0.9826501153764278,0.1941190198773431,0.6675126495815463,0.07863587779658186,0.182245209103539,0.1936417243310385,0.6681716215042846,-0.1257262180248897,0.9615364869435635,0.20190262652578822,0.67033634866987,0.07910802037942982,0.2364260007937751,0.2026544631946656,0.673467684359778,-0.14130868514378875,0.9492079927807769,0.20490716184888583,0.664579224018824,0.06493172634925165,0.24774856936363965,0.2043486216238568,0.6641820896239512,-0.13608921283767345,0.9418013379687362,0.2022822690861567,0.6626822068577726,0.07126477750993915,0.2415609423603332,0.202198461407707,0.6622687124070672,-0.12344664299771908,0.9049854902994072,0.15471135505608163,0.6950405069759918,0.05339463285747033,0.9948389019284937,0.1550144964740391,0.6989580563136515,-0.05333538477619493,0.9969373714356202,0.16765786636443378,0.7792944255329319,0.058436453519832565,0.2379960375172753,0.16868756569567192,0.7851062814394639,-0.055462948090973394,0.9742622971534736,0.1559553004446485,0.8647279143333442,0.08655074096861345,0.5267425463313152,0.15375632970106046,0.8780149136270802,-0.044036128159080264,0.9768420202391495,0.15014267322563002,0.8802214633850831,0.0872155679833322,0.597880411715735,0.14801096419493368,0.8919988388106943,-0.045050057272116376,0.9573219134694061,0.1761278361082078,0.878824793157124,0.06721541977354464,0.6975051902589349,0.17645174406823672,0.8933821774664386,-0.07996823390324917,0.965969241800763
66,1100.0,0.19418411240691247,0.5554035135677886,-0.028020088161741005,0.9993146033514122,0.19188950459162407,0.5480672461645948,-0.022794530150436237,0.999213601861682,0.19156395040807284,0.5479811884108048,-0.02281470667748226,0.9992422376360219,0.191157639026642,0.5478809646197732,-0.02283117618589176,0.9994712415195653,0.19107553079014747,0.5479654471079513,-0.0390942879021168,0.9992364928835922,0.19020980099836998,0.5478774479457313,-0.039109393599487514,0.9991782194092167,0.18926865288189493,0.5478557859148302,-0.039138882287911035,0.9993233510426119,0.1853209719771432,0.5521224737167362,0.007852348787266589,0.9986659316789543,0.1836000354517075,0.5525814805712023,-0.06415764402065963,0.9992606015432456,0.19237673353581214,0.5635128049623402,-0.014564761093684616,0.9990360197566812,0.1914001107215883,0.5627378707840334,-0.03563709228876094,0.9994790156682339,0.1761645135425387,0.5969971900894533,0.06564311683177954,0.9989637335141508,0.17517956097920748,0.5973519285519922,-0.09720039545070565,0.999915369919369,0.16858274879909707,0.6559031492187868,0.1006805102030437,0.05164018450748356,0.16427578244890495,0.6562860920315701,-0.11757507210686102,0.983305868648348,0.1947304833502998,0.6673249545551487,0.08268858031148008,0.19582935600053708,0.19371384098416297,0.6682672415460864,-0.12893264705226545,0.9640174025581003,0.20273754994074517,0.6698988080024724,0.08317561944325771,0.2520563219274795,0.20280544814609358,0.6732817377362937,-0.1446270708526885,0.9524362626529882,0.20575759169601276,0.6643435188702179,0.06929614590037442,0.2640453747340613,0.20441847117174256,0.6642081141471867,-0.13942943797225055,0.9454973765781954,0.2030318067187356,0.6626403076308119,0.07550310343503958,0.25667103983107087,0.20223021152473647,0.6624018776984446,-0.12669904388132558,0.9106911392438987,0.15495465553942192,0.6960998801957998,0.05278319812246735,0.9947969743183689,0.15480007940814622,0.6996362720217029,-0.052722094669228545,0.9968887851351791,0.16804492189770665,0.7797202382768909,0.05357819760129569,0.24058035299891534,0.1693415592114132,0.7853045264879868,-0.05763080148469838,0.9738396491323206,0.15580632005419062,0.8652903806595581,0.07864354586317432,0.524091414042882,0.15361949730487107,0.8784754900705254,-0.04809376082959632,0.9759864324615122,0.14976112757410331,0.8811424431346718,0.07901874255566377,0.5948448067619692,0.14782162507375093,0.8923833313442419,-0.04918350900212927,0.9562694912865055,0.17602350740205686,0.8797167113849101,0.05898044719582517,0.6921881068320506,0.17637294105121082,0.894265308266595,-0.08343597749869035,0.9646412077404211
67,1116.7,0.19375601907571172,0.556305927889688,-0.02526251528234711,0.9993614980152683,0.19143054598853715,0.5490717433747795,-0.02000614189143693,0.9992662384396516,0.19111932104542156,0.5490238098871144,-0.02002530145858017,0.9992920841489527,0.1907331397136054,0.5489668732597719,-0.020043230615556254,0.9995063997450336,0.1905627108755567,0.5489378826958797,-0.03609007863061771,0.9992892770540154,0.1896811425685884,0.548863890625182,-0.03610374077799777,0.9992363793509355,0.18872371528829862,0.5488560142971224,-0.03613093096230714,0.999370904195877,0.1849671339704878,0.553415179252625,0.010598424955138144,0.9987622896830248,0.18302671895140704,0.5537789236931578,-0.060695900093941504,0.9993117621966778,0.19207329977126364,0.5645044502757849,-0.011900825514679872,0.9990986358551759,0.1910403824987867,0.5636521152087625,-0.032708084831635176,0.9995125390234455,0.1763142049312593,0.5985228646369212,0.06756826419205897,0.9990001264072608,0.17478057529245117,0.5982671578725183,-0.09390337339469372,0.9999170871008017,0.16980682526315974,0.6562252300126217,0.1041695734574682,0.055377762055113244,0.16448651467050834,0.6567392945289616,-0.11752134561538705,0.9839735683940712,0.19551963039806924,0.6672334869702662,0.0883670995632808,0.21238683022203914,0.1937576553651266,0.6684661394073854,-0.13339906079428546,0.966420423416865,0.20386908877463583,0.6694875898815341,0.08924448525621784,0.2699296268678849,0.202886441633815,0.6729836634227212,-0.14939827791282118,0.9555542355492008,0.20684493510496063,0.6641566043808351,0.07556098256082767,0.28256311941714535,0.2044252270743962,0.6642089798336943,-0.14395594738778625,0.9490571532930654,0.2039265157211396,0.6627714037895207,0.08136817990314399,0.27397290794622353,0.20222064639840823,0.6626090549287347,-0.13117750343822307,0.9162357335998905,0.15519721664133537,0.6974878027325591,0.052253935486078304,0.9948159285954075,0.15455605515411933,0.7005264049484621,-0.05218965808550521,0.9968471527099616,0.16862786596729656,0.7803688503447038,0.04809538505616646,0.24488207626910458,0.1700414156629927,0.7856569205011645,-0.058645003253505384,0.9735632709094464,0.15566301842530578,0.8661679284913206,0.06854447757913958,0.5233842929204309,0.15354289682138544,0.878742504687537,-0.048274621544849336,0.9754061102867133,0.14943464809939985,0.8821209271748867,0.06845468743926009,0.594012368293036,0.147684755069869,0.892506434803918,-0.04911845620898977,0.9556182339077911,0.1759653176580158,0.8809123663675223,0.04787504797180497,0.6886702747572041,0.17625980433963606,0.895011002109165,-0.08239598111027768,0.9637010012354177
68,1133.3,0.19333149421782736,0.5572998835926968,-0.023158249667003056,0.999406868503208,0.19096053285258172,0.5501960714658105,-0.017878001378405672,0.9993177084695732,0.19066006087121523,0.5501774577867421,-0.01789614318736963,0.9993410621370595,0.19029173680714212,0.550153649988629,-0.017915254813574623,0.9995411151931407,0.19005793687843156,0.5500291103408455,-0.03381295191744966,0.9993402645701461,0.189170124984923,0.5499587059021,-0.03382521681487563,0.9992921011788511,0.188202772821699,0.549954800378709,-0.033850240476784275,0.9994164790425989,0.18461039236613697,0.5547243725685851,0.012712262925647564,0.9988536011605044,0.1824969862188613,0.5550473900068378,-0.05836039462259842,0.9993597978637339,0.19173942080565876,0.5654961069424951,-0.00986597983865068,0.9991593729882021,0.19067399558566878,0.5646190444628402,-0.030509120208166915,0.9995451143809735,0.1763970468725478,0.599982945691972,0.06904014022577382,0.9990403425125856,0.17441963085106454,0.5995172659556075,-0.09182731842710865,0.999919269766127,0.1708155948491325,0.6563108506656834,0.10717473391975682,0.05925224739171214,0.16472786168257408,0.6574027708598551,-0.11648556377206537,0.9845844365301593,0.1962452665680932,0.6671332858857659,0.09230419141905655,0.22919607872054706,0.19375856717427586,0.6686983931632273,-0.13184164003247315,0.9686328201066887,0.2048385526452747,0.6684971820740477,0.09329069796062658,0.28776757631983096,0.20288913448651646,0.6728503704071049,-0.14728247303338288,0.9584332307179775,0.20776851262365081,0.6637186805407211,0.07979341631843936,0.3009870407127201,0.20441314932845903,0.6642742554346726,-0.14223212535892224,0.9523499466124041,0.2045121753499623,0.6625927998906095,0.08541699889160345,0.29131458628745327,0.20220741061937253,0.6628231179146544,-0.12971177377871113,0.9213560933158518,0.15536461344787064,0.6988505635942737,0.052042322854201045,0.9948752125104277,0.15436161415917543,0.7016464386667529,-0.051975513852777974,0.996858355544863,0.16937940887042469,0.7809161884444107,0.049381491151594015,0.2504685663041616,0.1707849232923418,0.7862105511483698,-0.06082640215754513,0.9735410610834765,0.15559154110295442,0.8664601615497051,0.07206281984136223,0.5242152583031431,0.153479012705031,0.879065876915342,-0.0523539625463032,0.9750020617530466,0.14924305677413952,0.8824127486773905,0.0722592242416882,0.5943690793854854,0.14753416180610668,0.8927770086697177,-0.053327531332061445,0.9550982827232005,0.17593547205130272,0.8813006622450699,0.05230925675658957,0.6864631147611714,0.17612793686844067,0.8954852762676428,-0.08630039613871354,0.9630226833479751
69,1150.0,0.1929535383269902,0.5582255323727929,-0.02011472984616247,0.9994464516639716,0.19055929141385228,0.55121047723861,-0.014903129566283464,0.9993625311624443,0.1902666602815902,0.5512111357280189,-0.014922496774012146,0.9993838469187426,0.18990954118115577,0.5512115983735951,-0.014942466458749214,0.9995716838609612,0.18964437146981572,0.5510430846895494,-0.030873744526789322,0.9993843209175843,0.1887514534450714,0.5509877233278188,-0.03088407058800972,0.9993401340075908,0.18776975217319686,0.5510012620971321,-0.030908006642545994,0.9994555172466104,0.1842620025078457,0.5559161220278064,0.015074482231977451,0.9989339680898764,0.18202041515282236,0.5562687033698677,-0.05630118594992732,0.9994003914651424,0.19138983459699735,0.5664621392885848,-0.00708477936790414,0.9992119840213238,0.19031276589348217,0.5655976562272939,-0.02778516603367671,0.9995726914632895,0.17644802090667555,0.6013004354068215,0.07034037475075045,0.9990778877621612,0.1741513645365126,0.6010247099967234,-0.09008281819877177,0.9999199083873211,0.17155064003808168,0.6566209338960198,0.10853586771658497,0.06293994454400884,0.16486436199574256,0.6585724552472437,-0.11299774476460056,0.98500848100299,0.19694002966086083,0.6672079790206187,0.09362546177137474,0.24447524192787368,0.19379992924985445,0.6688968227023175,-0.12298425287008295,0.9704105939183924,0.2054739090658371,0.6680876697812766,0.09463411463158478,0.30378344371205307,0.20285785411085416,0.6726059289205646,-0.13721496328001942,0.9607629577318834,0.20845982503323343,0.6634150516419188,0.08072979783728015,0.31762137867155554,0.20438603063424443,0.6641700665156052,-0.1329427897220567,0.9550241402217327,0.2051068366993043,0.6624782000269214,0.0865597870378268,0.307258725166321,0.20218754808108025,0.6629049465769818,-0.12103254880223965,0.9255431464740215,0.15548516029403336,0.700023302010128,0.051854277473120505,0.994974661441077,0.15419690878618342,0.7027855118115749,-0.051785081270195224,0.9968696548825225,0.17028539521353597,0.781521189780463,0.04916991541783018,0.25627706306321296,0.17137267476036447,0.7867106965609965,-0.06242053405869579,0.9735765372003835,0.15554065221831925,0.8669835556121106,0.07167722852457142,0.5264055785678685,0.15346513049943117,0.8792233779316863,-0.054471108707643726,0.9746451661700302,0.1491009465285711,0.8823256975128544,0.07188217111286668,0.5960612694422408,0.14736742348898035,0.8929578633535482,-0.05541052669286732,0.9545954863230395,0.17589830500738976,0.8819355879511158,0.052008007431314146,0.6854260734149393,0.1759733046804157,0.8958772534415842,-0.08790580928325659,0.9624136061895467
70,1166.7,0.19256107792967855,0.5589453379313155,-0.018435674054282064,0.999484096254622,0.1901884526014329,0.5520275575774061,-0.013180634516867863,0.9994061702773691,0.18991628927843926,0.552030009882791,-0.013200832575204836,0.9994253289131898,0.18958254655202245,0.5520326864151732,-0.013222144961002337,0.9996013556207936,0.18923845745268336,0.551871620473408,-0.0290086754553375,0.9994265664191482,0.18834024171034508,0.5518307146571936,-0.029017708308640002,0.9993857968421217,0.18733373071466186,0.5518676837285363,-0.029040046745822563,0.9994928865205681,0.18396044274171208,0.5568496755191262,0.016821997284534443,0.9990102648735053,0.18150635418437788,0.5573323851539979,-0.05374935429011077,0.9994401988529031,0.19099691652116335,0.5671816014108207,-0.0054436109577571746,0.9992623300779441,0.18989304346697686,0.5663963471140184,-0.02592406271114238,0.9995987585612713,0.17653183851923276,0.6024622150829865,0.07191829986515505,0.9991146042233429,0.1739386171102525,0.6026611413274496,-0.08793123669567568,0.9999200559797748,0.1719092776377997,0.6575786301067903,0.10899095592044657,0.06595226306290858,0.16509587991805313,0.6602158461298266,-0.10814900554361806,0.9852895083881567,0.19734814337321704,0.667285805656797,0.09236163149277377,0.2574415902296704,0.19390707711378746,0.6690419117609665,-0.11079383393128721,0.97179511047545,0.20591142560754516,0.6675442712647579,0.09272113513378877,0.31720507286843824,0.20285399187178854,0.6720325946807866,-0.12390530535152988,0.9625473561741064,0.2085692967687336,0.6626512805620834,0.07980894190924515,0.33141985251790024,0.20430612847918572,0.6638131539026901,-0.12007042446306783,0.9570802790778031,0.20527269726707836,0.6622746473266969,0.08554965612434212,0.32062601191656953,0.20211770846730204,0.6627926031748459,-0.10885086691095724,0.9288690345627928,0.1555168472585225,0.7010737203416375,0.051796495204880166,0.9950888469105683,0.15408334277925048,0.7039191183589759,-0.05172709783627877,0.9968590537707018,0.1711198389530183,0.782470915998732,0.04633352054016934,0.2608879407246909,0.17207266248407832,0.7872750645592105,-0.0632952451705933,0.9734498120489581,0.15535109241803496,0.868001852716719,0.06564286209288103,0.52813751640774,0.1534216105937959,0.8793193697929389,-0.05494804893221178,0.9741685787836718,0.14877124556473334,0.8826700590905696,0.0655621621935141,0.5977777100744706,0.1471057441972552,0.8929533248855961,-0.05566601384253733,0.9540638696579713,0.17574803885959456,0.8839337428410854,0.04565017120469187,0.684178315457844,0.1756971549420131,0.8968912448201868,-0.08688529261520937,0.9616753033229289
71,1183.3,0.19208334102517097,0.5597858173506605,-0.01455929314362862,0.9995209432783589,0.18976303651219334,0.552935273874374,-0.0093554640299685,0.9994493297168194,0.18949339361417875,0.5529332274482368,-0.009375203378675956,0.9994664788246163,0.1891652359848932,0.5529388501530605,-0.00939674072322392,0.999630706650871,0.18879793726262606,0.5528082762445726,-0.025247052844081623,0.9994681136948729,0.18789932344641017,0.5527945700145906,-0.025256027955384498,0.9994304776191718,0.18687263131141674,0.5528716813950316,-0.025277060146133123,0.9995296881312423,0.18348051110903435,0.5578899979591374,0.020259986675920955,0.9990846145720715,0.18098489727292755,0.558464090029399,-0.05053514543743364,0.9994799523126519,0.1905048603103276,0.5680722111747383,-0.001745668526772145,0.9993126761345644,0.1894120112771081,0.5673433684167413,-0.022288761944288315,0.999625021503086,0.1762978221688953,0.603341522670928,0.07503688725687213,0.9991537673132769,0.17379937782174076,0.6042559288796929,-0.08559487618151171,0.999921001139142,0.17188815062954324,0.6588950980277293,0.10916114066328328,0.06849786568255657,0.16549087422234682,0.662196780954089,-0.10274474961417068,0.985522593770709,0.19740414193698352,0.667053171566555,0.09199400068748571,0.26812124323277264,0.19425186372938624,0.669203780946278,-0.09865498755659383,0.9729752427055729,0.20591868744010033,0.6664159354709449,0.09111854185660687,0.3285734795388724,0.203108466806866,0.6713700436410455,-0.11078257858753213,0.9640670418739327,0.20813000769842255,0.6616412372816182,0.08056334583532249,0.3429219595023566,0.20432385802268999,0.6634006471860983,-0.1072661057114602,0.9588297917729338,0.20514027632418147,0.6617180421238859,0.08594968631154021,0.33196227749188767,0.20212366964135864,0.6626371968360178,-0.09666079673029135,0.9317547593797962,0.15542951581024,0.70203124057679,0.0518984182604722,0.9952287333352232,0.15406063695748656,0.7052605521111266,-0.05182704790717083,0.9968730523472749,0.17178543763501314,0.783324233123235,0.04538925009823984,0.26420407493909215,0.17299248916762228,0.7879259813399548,-0.06438980925650828,0.973366714659192,0.15511743937219902,0.8690759511221029,0.0639192103630021,0.5288514267830625,0.15334466525486548,0.8796187582470127,-0.055962652677581465,0.9736942904336119,0.14840521131243034,0.8831991979054049,0.06379224874434022,0.5987329852013366,0.14675381637754903,0.8932010872023454,-0.05650473137696588,0.953544301646097,0.1755935691651845,0.8860170018105286,0.0440233447367237,0.6824251555261163,0.17537981200785877,0.898204874424708,-0.0865786206864176,0.9609346673602157
72,1200.0,0.1916475452127912,0.5607037373951507,-0.011062291317752437,0.9995596266928181,0.18941390656289614,0.5538585441453121,-0.005886636962670659,0.9994949414616547,0.18913942646412638,0.5538558590979807,-0.005906023018594303,0.999510171867553,0.18880318743842003,0.5538634288878672,-0.005927634181543479,0.9996615108989542,0.1884483084792184,0.5537401863506866,-0.021829882902758477,0.9995116194089261,0.1875493874152503,0.5537256825537913,-0.021838096901774424,0.9994769664037803,0.18651648575351365,0.5538032878012888,-0.021857024835688743,0.9995681785401851,0.18301799893379223,0.5588585535685225,0.023586911637158637,0.999161294528417,0.18057070104848782,0.5593888362248742,-0.04712352369512834,0.9995222999936065,0.1900199474323365,0.5690599736713231,0.0016758075410810622,0.9993669958341697,0.18894703402405708,0.5683637573605496,-0.01889993072975251,0.999653679983957,0.17586216401486182,0.6041529717899509,0.07839813863947284,0.9992012154488343,0.17363444396427713,0.6056375645455865,-0.08305001826513388,0.9999233654567181,0.17187416056791954,0.6608085462025238,0.10581775825648088,0.0705775909480595,0.16622948504629603,0.6644801014945625,-0.09703466154280169,0.9857296319234945,0.19732566461676657,0.666397250833966,0.08140799722501216,0.27728792173521877,0.19505749855722715,0.6692015613828391,-0.0838959296899183,0.9738698062442606,0.2058376549255282,0.6646914709182018,0.07862186804413801,0.33878013775462223,0.20376506093002517,0.670106138501849,-0.09467735531784247,0.9651639149302536,0.2078172053609577,0.6601330836613978,0.07061615816894037,0.35297832318714717,0.20455591593469907,0.662430067857107,-0.0914707467669533,0.9600961690857304,0.20499400723548178,0.660917582966033,0.07603359257891071,0.34186852829796954,0.20232335442588456,0.6620027564820794,-0.08175776295718698,0.9339974465824316,0.1552599533682779,0.702838594005222,0.0520501221929278,0.9954318688029342,0.15406887304215217,0.7064894437789921,-0.05197538701551305,0.9969355038234173,0.17224075042066134,0.7842351368495402,0.044699675802673644,0.2661965503579096,0.17410717691694,0.7886629558744891,-0.06521975178094142,0.9733727943329591,0.15478436223098221,0.870495415869214,0.06209538380304977,0.5284109285899574,0.15323465211050863,0.8801419933636989,-0.05692071254764289,0.9731785371190033,0.1480306862365633,0.8841210461798175,0.06186919144931299,0.5985481994492672,0.1463973032576698,0.8937584360440579,-0.057334071646134105,0.953018370128814,0.17546799849896216,0.8882114972387047,0.04222000408030695,0.6799531465484987,0.17515045404434215,0.8996848350479495,-0.08649317813771118,0.9601588930402489
73,1216.7,0.19115755955378227,0.5616668150538494,-0.007377280343678741,0.999600671586537,0.18898212200119396,0.5547844370206201,-0.00221782258623058,0.9995428806259525,0.18870100520906008,0.5547859271367395,-0.0022366913478998928,0.9995565584727704,0.18835792725994488,0.5548054434004288,-0.0022570585078071992,0.9996937626884105,0.18802168965339675,0.5546888567152481,-0.018350861700517803,0.9995574922788717,0.18710906661692134,0.5546972921916421,-0.018359490980704638,0.999526091984341,0.18605773718584165,0.5547943626131334,-0.018378070511278665,0.9996086955070503,0.18247728262628843,0.5598625427200685,0.02700606973043512,0.9992417778287622,0.18006581280912684,0.5603839840207785,-0.043284761408964825,0.9995676903497612,0.18952281134469182,0.5700924481664389,0.0052705348782529655,0.9994260611988257,0.1884667894669943,0.5694310381298977,-0.015555876706327722,0.9996854038465598,0.17538572989759005,0.6051816571326487,0.08148288088185453,0.9992541273434965,0.1733553558588029,0.6067268791652866,-0.08001098427034564,0.999927270980109,0.17210051772140333,0.6630142983936134,0.10050884137550997,0.0726840183848427,0.1672041543892453,0.6666014222871695,-0.09240189939737327,0.9860190578869418,0.1973652037836258,0.6655034706706098,0.06565824736441889,0.2861598332722984,0.19584945128077566,0.6688995134262816,-0.07293127193337401,0.9746900200843818,0.20600024859110527,0.662467601753417,0.06127743183502134,0.3489450287251248,0.20446351383413602,0.66790045726867,-0.0824210757300968,0.9661105757667913,0.20753588208130444,0.6582011239869259,0.05539754379008502,0.3627025811445148,0.20480768737338853,0.6606907674244478,-0.07929121951262161,0.9611854297774186,0.20474246144294755,0.6595521143504557,0.06078855161155977,0.3513905306657158,0.2025583358038041,0.6607038861229311,-0.0705863549595788,0.936037148748126,0.15508490942773379,0.7037729762849358,0.05224849390132091,0.99571070216951,0.15406010619231644,0.7076055010159816,-0.05216943525842262,0.9970584568523232,0.1726624823751905,0.7852275030953549,0.044282188018163075,0.2691597385065898,0.17508224717208332,0.789539882114956,-0.06499624890940535,0.9738196106184103,0.1544366968529566,0.8718686103820807,0.060396473145201135,0.5299690848305116,0.15307494430314939,0.880661376885006,-0.05671502099860286,0.9730603978747421,0.14772877310003563,0.885200772966658,0.06007519612709686,0.5996866254579458,0.14605112089997258,0.8943517208099371,-0.05697800644806457,0.953012719040826,0.1753911510819482,0.8897426724433906,0.04070327892189937,0.6796738335064485,0.1749390626237507,0.9008489307903115,-0.08512050835859214,0.9599633188474753
74,1233.3,0.1906648484014331,0.5626878113973712,-0.009048520809128177,0.9996397239821305,0.1884995947281521,0.5558572496686667,-0.0036714766396298325,0.9995880779765908,0.1882206811791376,0.5558585127194726,-0.003686788780171249,0.9996002486773907,0.18788174433367605,0.5558819089617052,-0.0037048616269159916,0.9997239169620339,0.18752982006186544,0.5557883353460407,-0.019368242827199768,0.9996010405676712,0.18659620554674253,0.5558177204359149,-0.01937681108358362,0.9995727311997195,0.1855157982735408,0.5559310458955316,-0.01938775580908572,0.9996471802393603,0.18194820625441427,0.5609194324130107,0.027182299022873262,0.9993165504364747,0.17947570766721466,0.5614984972136365,-0.04298411841903417,0.9996105404127219,0.18906053049223775,0.5710991819699609,0.004098941253254282,0.9994820555051176,0.1879869465317046,0.5705273321696694,-0.01605633158414138,0.9997159015564698,0.17503934672900623,0.6063313682874049,0.0828347177732559,0.9993074820155196,0.17297580270540158,0.6077213060288207,-0.07949612821851464,0.9999319939386284,0.1727964963231769,0.6647110921995986,0.09169428334349684,0.07658267482405623,0.16830245795704082,0.6684892858777732,-0.09080441331579578,0.9864223940031877,0.19797316477412286,0.6643020482290364,0.046659541094587004,0.29872119568643135,0.1967896116631373,0.6681854213987083,-0.06827348630343169,0.9755882705960962,0.20651797879309897,0.6598104493958614,0.04124883163188188,0.36227017924899174,0.20516240596771254,0.6653810881433038,-0.07714055123783299,0.9671059704962237,0.20789861466203435,0.6559042334556584,0.03638938446307469,0.3754314879576368,0.20511188038757885,0.6584946882157103,-0.07429491160880958,0.9623426993687954,0.204816432226272,0.6572046932720008,0.0419726787755887,0.3636055361656918,0.20285828269663325,0.6589136407488874,-0.06588096349012289,0.9381653411047806,0.15499505471615577,0.7047501915977119,0.05234698543236373,0.9960071614810406,0.15402965815294367,0.7085536377770565,-0.05226874599854156,0.9972232778867093,0.1731403626146772,0.7858642055874785,0.04622521517532216,0.2752571843919302,0.17584472256047398,0.7904061362856916,-0.0650322930443855,0.9745033269836796,0.15423513239338296,0.8723117368561888,0.06395752302237924,0.5343498871439983,0.15291049083073943,0.8810844478153054,-0.05801902250165035,0.9731266583715172,0.14755966691743772,0.8857588455790572,0.0638342430549009,0.6018491671198894,0.1458287508714768,0.8948708432061339,-0.05836764279575579,0.9530999376660308,0.17536362792764404,0.8894567716689342,0.04514706294451444,0.6816191588129321,0.17476116546562753,0.9011469057628094,-0.08574628971871881,0.960077623526256
75,1250.0,0.19021664914630723,0.5637419138635912,-0.011915218462014491,0.9996744820049838,0.18806657124133352,0.557018603597369,-0.00627969592321842,0.9996281975791576,0.18779139717419957,0.5570149591990884,-0.006291430399176625,0.9996390995525186,0.1874579624051141,0.5570355426697509,-0.006307531702553946,0.9997507560820814,0.18709081908067082,0.5569522891725817,-0.021296602008598207,0.9996397097905484,0.18614220193454212,0.5569755321457277,-0.021303592870632822,0.9996141450745726,0.1850398367359526,0.5570744446345742,-0.02130539537895295,0.9996813280241836,0.1814885692937035,0.5619344796453207,0.02628529364509244,0.9993830947648918,0.17893801558585407,0.562522045203618,-0.04312292468689739,0.9996484063920528,0.18861982935950883,0.572114691847847,0.001740512366051831,0.9995317317190631,0.18751380131358206,0.5716452712104438,-0.017455622287733227,0.9997429052988696,0.17484121308440265,0.6074704073724297,0.08280555194332492,0.9993559491066714,0.1725443317776636,0.608644584814708,-0.07917536404870812,0.9999359874498284,0.1739245631865094,0.6657696025712154,0.08481086755082726,0.08079346837032414,0.1693901802812305,0.6699919530323579,-0.09084666378441317,0.9867779243560071,0.19887945836498638,0.6621848997615637,0.03487526212951969,0.3123335809934709,0.19777727836654313,0.6671008893421723,-0.06720440639626417,0.9763042586190367,0.2075156200499763,0.6568074254762564,0.02972639547217462,0.37627325881095186,0.20583078265190138,0.6628991961479191,-0.07562716695524402,0.9678556323051459,0.20865522325038927,0.6524578247751514,0.024054611545233515,0.3888087698391508,0.20540353159109764,0.6561733030137566,-0.07301854590574905,0.9632299286978592,0.20522485034806404,0.6538688483692356,0.029842225125148204,0.37641354827653817,0.20311760121867783,0.6569644014040634,-0.06485473400070559,0.9399272771108724,0.15495599806308757,0.705829677127657,0.052340830898001116,0.9962933971768342,0.15399421609583366,0.7095523249535338,-0.05226628925828711,0.9973901595388146,0.17364694674809786,0.7866388616107765,0.04736388598879182,0.2835389531794051,0.1763071084306355,0.7911439992132647,-0.06538300287155882,0.9753490544500811,0.15401450721990506,0.8725705629303349,0.06513808756357152,0.5415363482066566,0.15271816509110597,0.8813461661338813,-0.05993123654098742,0.9734968486286353,0.14738917492684875,0.886158134256091,0.06503751288567275,0.6056642475582309,0.14566855700243098,0.8951512887364348,-0.06035720486016505,0.9535159184819183,0.17531032647405365,0.8889933994838176,0.04687034037141576,0.6860672036806748,0.17461662065415168,0.9012911745480136,-0.08700824528932577,0.9606473900022967
76,1266.7,0.18980554171970926,0.5646971435773944,-0.01595099660612289,0.9997063619749893,0.18768192330996208,0.5580921371777856,-0.01003249016191279,0.999664851597378,0.18743587391717106,0.5580752321652007,-0.010041424760683669,0.9996746210824883,0.18713361166772402,0.5580767648560665,-0.01005592711624646,0.9997752507527676,0.18664430791423448,0.5580196749596373,-0.02419129218019192,0.9996751348177599,0.18566825489203148,0.5580255190531417,-0.02419535017439299,0.9996520678202319,0.18452226973715297,0.5581141426449734,-0.02418713564319272,0.9997125722113117,0.18119925260543837,0.5628466322308499,0.024158678239300152,0.9994438148680195,0.17830556276298717,0.5635399704887758,-0.042743334280593084,0.9996829628944404,0.1882260959772838,0.5730607197398235,-0.001798668707210927,0.9995771901948118,0.1870207460153672,0.5727354543549679,-0.0198081150828373,0.9997676213582364,0.1749121589320048,0.6085430639130733,0.08113000435488571,0.9994026110285812,0.1719804753859839,0.6094804888679872,-0.07782949152446934,0.9999394104594284,0.17590500556287325,0.6662066124734429,0.07771271254335135,0.08746054662125458,0.1704638529391517,0.6710740214302431,-0.09003454624187385,0.9871754163787486,0.20026532454150078,0.6587492284320654,0.02283417386934163,0.3303842814195726,0.19866103572504873,0.6654481121471955,-0.06503848385597982,0.9769446793056678,0.20890738850548168,0.6530948763801943,0.01741025211023434,0.3936781741323928,0.20641444339638682,0.6602350984300891,-0.07268279400609794,0.9684165205274317,0.20951969637757273,0.6478299385025392,0.011855646701795721,0.4055000259762721,0.20556607203824195,0.6535705441520332,-0.07051382568620505,0.9639056041127168,0.20579245544615263,0.6492723964509515,0.017786844988309215,0.39228038135029053,0.2032444093908584,0.654603018647149,-0.06279216671273827,0.9414575327010388,0.15506472828842355,0.7067827468826662,0.052148758478107946,0.9965791361672545,0.15393881712641044,0.7103315705344795,-0.052082006597802794,0.9975637651625141,0.17410789075351912,0.7875728777476725,0.04655442386865619,0.29339588398025174,0.1767455800658182,0.7917697883787616,-0.0659867915369216,0.976247708002727,0.15374014987832035,0.8726915660358616,0.06213432479472392,0.5494863277389894,0.1525395555155619,0.881469246887026,-0.06242360227874352,0.9740722094263357,0.14712923907098327,0.886345525582632,0.06183989647598498,0.6090462605158492,0.1455567174014592,0.8952086198897595,-0.06307633238888927,0.9541983207066861,0.17513586155005878,0.8889919349125459,0.04421563748092882,0.6918906058583947,0.1745090037584306,0.9013607842581619,-0.08896433916829888,0.9615980982780463
77,1283.3,0.18930643229257504,0.5658384788604014,-0.016077812982811825,0.9997353269940338,0.18726228745210755,0.5591928391229543,-0.01008297110508596,0.9996980230013536,0.18704249390534006,0.5591668373062502,-0.010090197480860218,0.9997068047523506,0.18676687918958224,0.5591577149572831,-0.010102811335985158,0.9997974577404212,0.18614730451788233,0.5591220429965431,-0.02372152677604132,0.999707256044661,0.18513619474002307,0.5591292863800417,-0.023722816790853245,0.9996864597002673,0.1839447752350854,0.5592248581704643,-0.023707318252750825,0.9997409298306427,0.18084155306929647,0.5638404289881391,0.024484456915940575,0.9994988441467292,0.17766870771135615,0.5645515124003098,-0.04010845295020515,0.9997142496563147,0.18776497812498197,0.5742545752298269,-0.001833994656668179,0.9996185501416531,0.18646382930732924,0.5739852218400869,-0.01912343058557739,0.9997901632672271,0.17485520172686816,0.6093782072975527,0.08081674185537163,0.9994483419827059,0.17135977603140345,0.6100968463080274,-0.07463853380509791,0.9999425780205506,0.1780131913366773,0.6660140128362751,0.07350092611852152,0.09822165256454837,0.17173264424006157,0.6716821051779251,-0.08622767279545472,0.9876846387272796,0.2016481579769227,0.6543783091363458,0.015572143718600284,0.35355309503419086,0.19927875058991582,0.6631032597450988,-0.05740458952883884,0.977681824139187,0.21022276225544173,0.648828818684533,0.009147799440792635,0.41496907387461013,0.20680960870924464,0.6572387246858511,-0.06391478303287715,0.9690265314919615,0.21010536452134465,0.642586523578281,0.004823380992526103,0.4260213885988511,0.20560850061121455,0.6506182125636514,-0.0624162162698451,0.9646266074407676,0.20626770314716172,0.6444278700011121,0.010910246343839743,0.411837051312129,0.2032059062094917,0.6520525983401713,-0.05526071857838408,0.9430915968758726,0.15528795619805663,0.7078036296935314,0.05195468912522002,0.9968546969550004,0.15390244197277808,0.7112465075084147,-0.05189544867192,0.997740498610906,0.17462190772805908,0.7883014537039262,0.045775749676284366,0.30477408993811855,0.1772811973378773,0.7923344430469337,-0.06614248951276147,0.9772786072322308,0.15351698086375293,0.8724659170423241,0.06002557845342731,0.5578610073952452,0.15236315840766554,0.8815660533450904,-0.06438932887145456,0.9749406859988264,0.14689606853893838,0.8862130102657143,0.05962280645256955,0.6123872342563816,0.14544778352692023,0.8953760919116799,-0.06529824276055612,0.9552775791713176,0.17450646417481572,0.8888330062230434,0.04268971333901091,0.6990434016500205,0.1743943797690529,0.9014811260359634,-0.09011027784574606,0.9630100358100171
78,1300.0,0.18879587025869474,0.5667721685909094,-0.015576369883049113,0.9997611982481828,0.18687948513598682,0.5600293647675292,-0.009661484265788688,0.9997277430125653,0.1866927097241085,0.5599973485583355,-0.009669863197597727,0.9997355966340935,0.1864463722422011,0.5599765465373089,-0.009681565687060363,0.9998173344702954,0.18568165032636563,0.5599288656598049,-0.023190296122006022,0.99973597980681,0.18464774957724994,0.5599110410327007,-0.02319011092185976,0.9997171901521236,0.1834355684972946,0.5599733562696552,-0.023172659178574896,0.9997662589663557,0.1805795033772788,0.5645064058757967,0.02443082843508041,0.9995481031281614,0.1771481526749476,0.5651240973245534,-0.03805871751336827,0.9997421957197651,0.18730338698341747,0.5752351567858746,-0.0014787480440212513,0.9996554567700348,0.18590633003484647,0.5749873462177462,-0.018606158416895655,0.9998100456737343,0.17480003833770763,0.6100806877726604,0.07975119316861748,0.9994878087724965,0.17064268603211372,0.6106358170509343,-0.07181163628896083,0.9999447095961804,0.18043915288788945,0.66535934096291,0.06721333715887301,0.11057735482851673,0.17338959234101445,0.6720965135665171,-0.08042503432148984,0.9881862061364317,0.20311480121953163,0.6492904424667363,0.002517906217170615,0.3749818361940841,0.20024693083195474,0.6593907730919979,-0.042931894062175666,0.978222827116649,0.21124473710854863,0.6427856513432099,-0.005407453071148627,0.43384214951878536,0.20745158195495622,0.652666480768295,-0.047593325908694986,0.9692606102852601,0.21040117385841567,0.6366218044644315,-0.008102045084039377,0.4440101626373476,0.20576751728852605,0.6460974074545366,-0.046800423635258596,0.9649090369542446,0.206654252040954,0.6389737980706356,-0.0017377388707938664,0.42912803945087286,0.20338146743320296,0.6479593373480301,-0.04077031121899687,0.9441375193141762,0.15572923279943932,0.7089573769342337,0.05169019901326728,0.9971015935852421,0.15388053229876938,0.712217007364546,-0.05163750726552241,0.997896509511131,0.17499013599895308,0.7892067006656107,0.04512405395507815,0.3123588306563243,0.17771480055082425,0.7929830749829616,-0.06544090133337752,0.9780403744606752,0.15328268777756476,0.8724822572299419,0.05841406115463806,0.5622042445909413,0.15223363041877758,0.8817238353547602,-0.06392729725866095,0.9755325572831297,0.14667372334571122,0.8863031239736654,0.05794394069484306,0.6121899201756437,0.14537814543360766,0.8955888180505668,-0.0649550298140163,0.9559505411556796,0.1736604159786589,0.8888391341481897,0.041571821662641735,0.7038604191371378,0.17433851957321178,0.9016900289626355,-0.08938545982042954,0.9641338217826123
79,1316.7,0.18826084051813413,0.567640568528857,-0.01252615088153454,0.9997842056410661,0.18647149914786942,0.5607409562383383,-0.006897480116181435,0.9997542727561232,0.18630789504164758,0.5607042766752701,-0.006908568309708725,0.9997612777210425,0.18608095390456078,0.5606768131256108,-0.006919116557886209,0.9998350512413758,0.18520181590602525,0.5606205690474741,-0.020668526401832005,0.9997615757442664,0.18414310330436356,0.5605971841585072,-0.020668648449437974,0.9997445685522904,0.18290698173500256,0.5606421175457186,-0.020654977698411275,0.9997888349351436,0.18028695242745552,0.5650335323242919,0.02554999557988986,0.9995920913560057,0.17662215587638685,0.5656023962157117,-0.03496238429631508,0.9997671587126603,0.18684190298829773,0.5761386354764306,0.0010587821681318547,0.9996884181385955,0.18538016151814246,0.5759064640317648,-0.016392758382218237,0.99982770284017,0.1748313882521222,0.6106632068043668,0.07902898816835319,0.9995213236127588,0.16986975428603956,0.6108157237370813,-0.06856783124662585,0.999946682226091,0.18290795882542943,0.6641871900785542,0.06075016302721845,0.12469541175024859,0.17520535134133852,0.6721275306883316,-0.0702919337366309,0.9887753781818216,0.20435721817470745,0.6437004208564763,-0.013890244687596968,0.3927841910294127,0.20096347232659673,0.6550160249074305,-0.017567955223577375,0.9787006747154969,0.21210080598081876,0.6360296238036387,-0.02366833983077891,0.44861337400618084,0.20790269828978053,0.6472226182619736,-0.01938526367857344,0.9692278788203292,0.2101900974909466,0.630392778487433,-0.024246314806597592,0.45769735745021306,0.20584554331643257,0.6411639224915282,-0.019691841632482564,0.9648761834417078,0.20675324329308115,0.6334250597726736,-0.01765478686207818,0.44259173671404556,0.20355715354283666,0.6433218547276093,-0.015307111177770876,0.9447770941825147,0.15641862295922793,0.7102697548412147,0.05146524735859466,0.9973216738019679,0.15387266519523812,0.713165061814445,-0.0514169890610945,0.9980366144861502,0.1753109849634626,0.7902016696475807,0.04531119462280049,0.3152990582443421,0.17794659875688112,0.7937844111805876,-0.06440829059907373,0.9786044983636772,0.1531531491449902,0.8723544194584807,0.058555274847007975,0.5622569180670243,0.15209712230023892,0.8819794796762018,-0.06219812447116493,0.9759687497502287,0.1465325369721368,0.886235225768317,0.058112378808714144,0.6086371711322244,0.14530542067119062,0.8958805288587304,-0.06327608653477265,0.9563206491016212,0.17289502705846527,0.8885175897961578,0.04247294934022997,0.7063308698790419,0.17431823980240607,0.9019187177930565,-0.08858524227426173,0.9651000471342184
80,1333.3,0.18777258481298187,0.5682972584451953,-0.01181176420123805,0.9998045308249345,0.18605321290947155,0.5613391229084564,-0.0063284890770557425,0.9997778364590243,0.18590577088651217,0.561298197224027,-0.00634097050698031,0.9997840296654481,0.18569060734340137,0.5612619746299021,-0.006351069015051642,0.9998507471311667,0.18474205476897115,0.5612067353157774,-0.019987734566841824,0.9997842311859138,0.18367175686927084,0.5611716452099031,-0.019988525570148526,0.9997687793913349,0.18242500722408309,0.5611884111449836,-0.01997460628904049,0.9998087911378776,0.17999566807633366,0.5654086896351409,0.025832873547361027,0.9996311494282321,0.1761591895705179,0.5659842945280533,-0.03371362902578856,0.9997892635209227,0.18645877213705167,0.5767756927581065,0.0016730212124197623,0.9997173547744758,0.18495632849988497,0.5765958683831356,-0.015529192984104169,0.999842822551728,0.17495153986272372,0.611128395511991,0.07868306941929323,0.9995457075891048,0.16908946917170584,0.610932861055647,-0.06694917026020236,0.9999475280443835,0.18455934098788684,0.6629934055464614,0.054256793466352315,0.13945673902829497,0.17716466245197127,0.6720052077656705,-0.06331778353168856,0.9893861668450499,0.205583644055185,0.6392349231810801,-0.026122828080718027,0.4079005122184756,0.20190270741780614,0.6495868364969895,-0.0017213434690520886,0.9791957736015326,0.21287295506114068,0.6303758961813795,-0.03676945046477377,0.45985470357395386,0.20837764583882845,0.6408554627781827,-0.0022068404193435406,0.9691009237652741,0.21025422144503836,0.6256094603311453,-0.035682103064443416,0.46769284350531476,0.20599437398569942,0.6352766865775703,-0.0027050573955334388,0.9647194118726827,0.20698632938521264,0.6290631521315806,-0.029400724518512,0.45264703744933754,0.20383585989475267,0.6377704200290503,0.0007301404673073984,0.9452470285551895,0.15723136351222095,0.7117010298229405,0.05109248665117086,0.9975094937142879,0.15387344289393662,0.7139798175720946,-0.05104918973076915,0.998152102742877,0.17562192962283193,0.7912347969554725,0.04469673424249607,0.3149120069685439,0.17802694723719656,0.7946652003696992,-0.06320818052405407,0.9788966547875184,0.15317327422755117,0.8723424644697286,0.057853978304635956,0.5596880345117482,0.15197681387265535,0.8821976355143962,-0.060926973819732715,0.9762075316338319,0.14652031660079967,0.8862960338592536,0.05746207120163104,0.6032329116548816,0.14526986791974034,0.8961482076417839,-0.06194993161729409,0.9564526052702047,0.17247173615864358,0.8881810648100723,0.042270059741678724,0.7071494885853364,0.17427775476660062,0.9019521872202562,-0.08708953112363821,0.9658834196272358
81,1350.0,0.18743154193673828,0.568676332632701,-0.011909585712211481,0.9998224633080626,0.1857425797553291,0.5617396831512456,-0.006497954084937066,0.999798794587454,0.18559270245688314,0.561686720166888,-0.006511131567614424,0.9998041987419135,0.1853717175267993,0.5616374555088228,-0.006521585619165788,0.9998646605582471,0.18442929926372725,0.5616018999190562,-0.020205194840119012,0.9998043151128867,0.1833525257451195,0.5615322561491107,-0.020207010298257798,0.9997902285485047,0.1821100534427735,0.5614938480513441,-0.020194578294952723,0.9998264454659969,0.17972327059223553,0.565518140792847,0.025762581310811515,0.9996658762296048,0.17585225970972163,0.5660763581593835,-0.03328137099742892,0.9998089188621164,0.186155710901533,0.5770544920648851,0.0015626074801686986,0.9997427094550366,0.18464769990671262,0.5769599477450057,-0.015641757774920703,0.9998555694307607,0.17530693113803875,0.611334934121087,0.07846752057472871,0.9995600808234449,0.16842457723049903,0.6110392922446846,-0.06681500304312937,0.9999469121297208,0.18623642481508723,0.6610623058818641,0.05066613906196189,0.15207341668151686,0.1790363880850021,0.671565175056458,-0.060779793808857646,0.989907710325151,0.20607348283131932,0.6355323167074298,-0.03075887999009521,0.41498936925615615,0.20278881986935948,0.6438291895957224,0.006605816894166531,0.9794847482726694,0.2134385513407845,0.6254237123898102,-0.04140501726596131,0.46293236670039983,0.20880068270933078,0.6344341862769358,0.0069497346024339456,0.9685722135362178,0.21022966078349536,0.6210074708575298,-0.03902069523575763,0.4694198369979862,0.20617024458590022,0.6294675100417368,0.006205515559053142,0.9641044962973828,0.20713614849817202,0.6253413813454769,-0.03358364797064239,0.455119895083564,0.2040841707161496,0.6322058694703243,0.009104612039490832,0.9451363711130059,0.15788217740399507,0.713057330676488,0.05079539350810509,0.9976715842882801,0.15387157315299635,0.7146958424931487,-0.05075593576544811,0.9982397300856461,0.17579312835420896,0.7925095813614986,0.043040601625329,0.30995479935691495,0.17799515099752528,0.7955333902722319,-0.06135877700788639,0.9786110236531219,0.15303326149781554,0.8730941017468776,0.054929202156407536,0.5528555427278795,0.15179757915792022,0.8824355034601127,-0.059353475946755684,0.9758495915503735,0.1464151619445711,0.8870719983464203,0.05444184016613737,0.5950486376172025,0.14519276292551142,0.896369479951405,-0.06009195709512351,0.9557951745532816,0.17240181281453099,0.8886133176939834,0.03919658605896294,0.7045984921001258,0.17420433177834477,0.9022346053804676,-0.0836960041806812,0.966004045236679
82,1366.7,0.1872633809135075,0.5686074750764033,-0.0127457357233479,0.9998377589952385,0.18553069801557645,0.561737369923365,-0.007309121046481393,0.9998170591536029,0.18538111093498427,0.56167141028813,-0.0073230759506779115,0.9998216061365044,0.18515780000459595,0.5616111130941486,-0.007334207617012523,0.9998766865049098,0.18419154697940476,0.5616361271767394,-0.021042831862966235,0.9998217338607432,0.18309691690263308,0.5615569551785791,-0.02104451099321957,0.9998087769462956,0.18183603528000075,0.561509680180323,-0.02103343907566299,0.9998416588419967,0.17947263093221769,0.5654007480258036,0.02526124575663182,0.9996963796161477,0.17550729215145125,0.5661255972726009,-0.03308240838703658,0.9998261162212924,0.18600612027304525,0.5769196606817704,0.000767765820325752,0.9997647433053887,0.18450191900843677,0.5769234838939852,-0.016440523078753846,0.9998659236090531,0.1761033456949962,0.6112177939642047,0.07793170816841585,0.9995676875114448,0.1678725878397625,0.6110887073335198,-0.0671493985823223,0.9999447493326103,0.18904379294032156,0.6571599727585207,0.04573507163496248,0.16716050888810852,0.18050058115096332,0.6713557527178814,-0.059579805249259626,0.990388648850578,0.20683806566965027,0.6306662928490416,-0.038532132105458375,0.41911093819709083,0.20353475142092947,0.6389675083614536,0.011628605680362818,0.9796013065746859,0.2138678254116151,0.619345171110971,-0.04979298263788227,0.46233032714752953,0.20911173167682845,0.6297619200888138,0.012428668358119302,0.9677240479560133,0.21019402997834358,0.6147724390029912,-0.04577217907423068,0.46727910779771387,0.2062908616803943,0.6248898250716077,0.010924114501990741,0.9631416712488453,0.20769470220520397,0.620009093057542,-0.040789997116440845,0.45418230266798143,0.20423828633058652,0.6276016263734732,0.0139083140640564,0.9445698601858964,0.158578334819703,0.7137800625392374,0.050539585806074636,0.9978163441022245,0.153908146988778,0.7149523780459455,-0.050503514174904174,0.9983086699531198,0.17583249012629204,0.7936411556743446,0.042415898648046346,0.30083388941628614,0.1779711480651584,0.7963364237830758,-0.05900710963067559,0.9774813680421746,0.1528012731245587,0.8738051454226181,0.05436732531303455,0.5397651280675619,0.1515785391841617,0.8827465488797148,-0.057203939273243895,0.974145730336508,0.146183993844759,0.888128958997273,0.053878459902036796,0.5817486019361591,0.145076395500274,0.896623753366017,-0.05768924490326931,0.9531622188431883,0.17256501813729616,0.8894341957001466,0.03848026342512599,0.6960983020918715,0.1741336782773337,0.9025803009668992,-0.0789036747245562,0.9646244389670242
83,1383.3,0.18706806855542332,0.5683635501634512,-0.01273623692049158,0.9998511047590354,0.18525276723362166,0.561451945986067,-0.0072935281953375305,0.9998332063357043,0.18512301005068293,0.5613772585278469,-0.007309455590854804,0.9998369245302118,0.18491760038194216,0.5613130018824627,-0.00732243567195145,0.9998873472213752,0.18382248495306303,0.5613852455502468,-0.020943881988170616,0.9998370409011849,0.18266906482832784,0.5613210541861402,-0.020944325075972665,0.9998250575292685,0.1813581969056812,0.5613066298621046,-0.02093462632702931,0.9998550187973757,0.17913895206792027,0.5651502467337113,0.025303060543679076,0.9997238119443265,0.17507988924071916,0.5660509694190257,-0.032187825246226244,0.9998413182440266,0.18587128392287677,0.5766978746368776,0.0007361136709472968,0.9997845121792392,0.18433904363995518,0.576688028517224,-0.016353612676972447,0.9998748784973516,0.17707616090774547,0.6109180478822622,0.07724988425061821,0.9995735855329612,0.167425736075356,0.6110803371384035,-0.06611509301832749,0.9999415420350583,0.19099114551430668,0.6531965931256616,0.043160426829542464,0.1840460208200274,0.18172701696554833,0.671184326921191,-0.061149706975335213,0.9908058473042086,0.2072528359435855,0.6263769297372732,-0.040669791755222166,0.4228472738038929,0.20383768777052574,0.6342823760850094,0.00540721312253958,0.9796963844980519,0.21396705792063775,0.6142322591372903,-0.05212778775464925,0.4606435242153353,0.20910016695658382,0.6251487022354494,0.005548717071568331,0.9669240855035335,0.21024082884902062,0.6092035231136146,-0.04714120906733335,0.4639671430701305,0.20634175766082052,0.6200015175910227,0.0038847735018602467,0.962216334683555,0.207927975626219,0.6159392538524813,-0.042497674624125195,0.4519212331090658,0.2042112776211331,0.6232123176256821,0.007422587789949922,0.9439600053287694,0.1592909601472674,0.7140984137852991,0.049953871717055676,0.9979507440612437,0.15398225472086963,0.7148352180208484,-0.04991786483497851,0.9983664949735013,0.17592892405532667,0.7943945527076727,0.03783036005638897,0.2909917249566035,0.1779988358418148,0.7967624125026527,-0.05669725100908965,0.9758542236827675,0.15253846134458282,0.8746601286388584,0.04659489684161689,0.5231192041011088,0.1513389093535288,0.883004268010458,-0.05686548121628311,0.971302407128471,0.14591235844861905,0.889200857707433,0.04582113400101665,0.5662884598686586,0.14490726590156566,0.896796916212355,-0.05730926351887844,0.9492874486105789,0.1725562881855739,0.8903845577012932,0.029581279826483578,0.6844300968306409,0.1740387415602095,0.9028864020393014,-0.0762285600815501,0.9620972559565596
84,1400.0,0.1868391973631724,0.5680475007920043,-0.011905364991564846,0.9998615781466174,0.18495495901221334,0.5611119383857368,-0.006480493272344276,0.9998463449024025,0.18484166903155205,0.5610327947707408,-0.006498838608552307,0.9998492314701997,0.1846544125250409,0.5609722506432311,-0.006513065359156051,0.999895944481805,0.1834245785361246,0.561072647571564,-0.02013732790059988,0.9998493960925517,0.18221452477432445,0.5610345346587049,-0.02013733140414671,0.9998382954370415,0.18086376857189917,0.5610608203070508,-0.020131134915919544,0.9998659009025217,0.17872517094725668,0.564892981733595,0.025477936225278056,0.9997470350492575,0.17467642681939274,0.5659244912011286,-0.032163304675902664,0.9998538777941757,0.18567677480833886,0.5763538479804997,0.0012973081084921788,0.9998007814089465,0.184120583392325,0.5763017989340287,-0.01580991748986501,0.9998813754036321,0.1779633760452272,0.6106977037021096,0.07596576320273542,0.9995614971433375,0.16698960959911358,0.6109509013947991,-0.06546076759696012,0.9999371795427239,0.19190279358909257,0.6502648024331961,0.041298751852342094,0.19945807613077632,0.18296374877293917,0.6697257359822597,-0.06215603348045127,0.9910847260838471,0.20746319563615903,0.6220048978215177,-0.04040185237924261,0.4236635636715665,0.20407843234993175,0.6289490688414805,0.00040702361036978993,0.9796991660481414,0.21400537519227905,0.6083635659444904,-0.05169152237829711,0.4559580300535478,0.20921933863844205,0.6196507414182031,5.699809186071841e-05,0.9661622586704444,0.20989716975461886,0.6039375776336311,-0.04581841720002042,0.45767692299116264,0.2061811188856762,0.6141252574466528,-0.001827707724823131,0.9613202810287482,0.20763923866408227,0.6108265235310513,-0.041787282874186864,0.4465086261431379,0.20403010788418013,0.6180169213385813,0.002148271083743091,0.9432367824372798,0.16004727355071488,0.7140136304355809,0.04903353218521394,0.9980719912619825,0.15407209807918196,0.7145887499763857,-0.048996868232886036,0.99842370407922,0.1759815514087678,0.7948411674726583,0.03396865929521268,0.28199746779033136,0.1778945660307295,0.796921610832215,-0.05552428162523682,0.9740499314807718,0.15233941943872553,0.8754177717935477,0.04132375121116641,0.5066780902090531,0.15117149338835772,0.8831391448066355,-0.05852516048720909,0.9680866485550297,0.14573025277682722,0.890073444162097,0.04043616372204965,0.550962811424619,0.14472898769946335,0.8968166510264085,-0.05924456637530104,0.9448312293915528,0.17256795792352597,0.8909454941749578,0.023223478258365692,0.6733724474906926,0.17397175658316852,0.9029691389628824,-0.07834152238709591,0.9593455507641754
85,1416.7,0.18663872636499873,0.567480808212644,-0.007792608790277021,0.9998699596949994,0.18461122257368917,0.5606705631528586,-0.0025115985301367603,0.9998570936066771,0.18448989660966975,0.560581275394985,-0.0025301138271710717,0.999859171254295,0.1843022413197019,0.5605171067374097,-0.0025434310470397294,0.9999029437700915,0.18306118107977382,0.5607273607026967,-0.016330548174058407,0.9998595345587965,0.18184123649483647,0.5607405219759264,-0.01633024161371093,0.9998493336495906,0.1804893548999515,0.5608168755258837,-0.016328110814183255,0.9998750800178172,0.17828060970419943,0.564544762883868,0.027794444756138913,0.9997669316473469,0.17443859151431507,0.5657310202008206,-0.031157457934958617,0.999864578247071,0.18550119300683354,0.5756289930570697,0.004780167968766324,0.9998144904772448,0.18396846169517167,0.5756356091726398,-0.012538925589372724,0.99988645599002,0.17860061710789105,0.6104752733593899,0.07572786900259204,0.9995311129660841,0.1667488650197076,0.610344441164108,-0.0644178858825139,0.9999332825342822,0.19214786731061495,0.6485012769699101,0.0426617873211702,0.21050667691798453,0.18438719567798445,0.6661880328541715,-0.05777963854017716,0.9912801498458506,0.20737027838116617,0.6177955667177841,-0.03682105482688974,0.4190886772814254,0.20394768814245873,0.6230362540199648,0.007725127152211615,0.979731290113359,0.21402016565913262,0.6037765372367137,-0.04790108225175316,0.44668782041186406,0.2092341071083434,0.6133916236105423,0.007801152383243404,0.9656465564455311,0.2090792201814199,0.5997507146426614,-0.041723167168952205,0.4470832007271906,0.20562135889416666,0.6079276175726032,0.004945661872625354,0.9607027598789767,0.20671685962449954,0.6063681670597625,-0.03804634600168186,0.4369603253546218,0.20353943535259805,0.612299433776311,0.0091205986127967,0.9427773867334646,0.16078731630529686,0.713533651261103,0.048120252078487795,0.9981831198646915,0.15426617151214975,0.7142734669503716,-0.04808316574919795,0.9984824288459059,0.1760192932117554,0.7949025858016247,0.031334672921470255,0.2747700966539839,0.17772275138468985,0.7968914622352242,-0.05416169443300796,0.9723453890709657,0.15226086761270263,0.8757159568014605,0.037067831272170684,0.4920135509400144,0.1510299075217475,0.8832202326683777,-0.05827340873933978,0.9643695695059646,0.14564969071320136,0.8902276754379279,0.036060840068828516,0.5377059862727215,0.14451416333516448,0.8967938990820028,-0.059256939306145666,0.939766426881155,0.17260801366397324,0.8909269401005342,0.018894539214670672,0.6642779225394844,0.1739293301389332,0.902887906347003,-0.08029275281088699,0.9562688867251086
86,1433.3,0.18627276094186884,0.5665450663793659,-0.0015699493454857962,0.9998773308027364,0.1839873755262013,0.5600635239056182,0.0038839529844976635,0.9998666303498411,0.18383225585733154,0.559971772489094,0.0038648784448880556,0.9998679870650888,0.1836202258155461,0.5599131413868499,0.003852631043021881,0.999909230640957,0.18251186041604917,0.560293847606296,-0.010084989630351118,0.999868591626486,0.18132938870361887,0.5604066564923245,-0.010084658600611708,0.9998592961402174,0.18003172675768547,0.5605745202019106,-0.010088073106349585,0.9998834927876797,0.1777217345578331,0.5640953779220585,0.033287816193132196,0.9997847733043497,0.17419738854680755,0.5654940292948771,-0.026882664522244838,0.9998742058163606,0.1852572418394544,0.5744622945785527,0.01064572506999997,0.9998263659931372,0.1837689401138398,0.5745957777613689,-0.006869420259525739,0.9998908071290886,0.17884407866568805,0.609789215383076,0.07765094864936108,0.9994941552480069,0.16656679979392472,0.6093085919107715,-0.06070165158737278,0.999930197284336,0.19155909121036543,0.6475673942338858,0.0467949500750928,0.21833987888835743,0.18597149707022181,0.6605539350282583,-0.05341798936327302,0.9914446813719621,0.20681521793206548,0.6134798015866965,-0.028617510394681085,0.4134225859528499,0.2036480137280057,0.6155960134097512,0.011904134448351613,0.9800036237353378,0.2138972339175998,0.6002063864753364,-0.0390557833015919,0.43643906570616253,0.20906352500120814,0.6052067166283022,0.012004250136669734,0.965696070875441,0.20794731591429044,0.5959905130522596,-0.032727613690353596,0.4355858025096715,0.20465958118438735,0.5999682545661931,0.008991543137069267,0.9607087827864154,0.20526493163335907,0.6020613908767705,-0.029686635537516527,0.42639806866645846,0.20278533299764012,0.6044800792421618,0.0131607607916175,0.9430487524895448,0.1616971939802171,0.7130043052491692,0.04723001289225763,0.9982900562740515,0.15453384390899122,0.7134823203086857,-0.047193211281583464,0.9985485162053798,0.17605206938016993,0.7946827014287319,0.0262762231840974,0.27052568821679995,0.17763781050841027,0.7965750609125416,-0.05767742455715229,0.9711597646985742,0.1522727253891174,0.8758546170734229,0.028111474411118616,0.4803443182082407,0.1509593625863394,0.883182000546229,-0.06540334011827201,0.9611466101237712,0.14563645493416572,0.8900933379218698,0.026746653109079338,0.5272051550093155,0.1443140556414923,0.8967231852667679,-0.06683834056769103,0.9352671390488041,0.17267473822548288,0.8908736989611677,0.0086840611572067,0.6591016224452433,0.17388717688265312,0.9027040146646051,-0.0902444684789295,0.9540670145125623
87,1450.0,0.18579088861034043,0.5647272212164747,0.0030992182769945713,0.999883575098856,0.18324302207855964,0.5586755786623278,0.008857355070566498,0.9998749608085277,0.1830432081506367,0.5585988476162869,0.0088372895205837,0.999875363849459,0.18279266002632338,0.5585604707400008,0.008825387001880229,0.9999146915617452,0.18190924965199984,0.5591027708280658,-0.005412956777339184,0.9998766581217455,0.18079060883749112,0.5593346016747616,-0.005413095100915861,0.9998680750528979,0.17958071189267305,0.5595998792421254,-0.005421141484042722,0.9998911505653753,0.17707592532748279,0.5630517630350026,0.03833489829585668,0.9998002336138778,0.1739280429624377,0.5645457392647157,-0.02334203429165342,0.9998827463104618,0.18495874390715658,0.5724927641096573,0.015294265963824567,0.9998366634051012,0.18350992245333547,0.5727545902842571,-0.002619860871207148,0.9998943663778767,0.17891343008904242,0.6085796327818012,0.08022419930923558,0.9994421516145986,0.16650010361557926,0.6078389570826581,-0.05811535584784693,0.9999252217156553,0.19143001806168342,0.6467139692533589,0.0503577811732179,0.22629691944235863,0.18763577299458656,0.653670123645238,-0.05170280007379399,0.9916043111256199,0.20591332727954517,0.6093583504358933,-0.024907782939927937,0.40970681394849534,0.20326412433669694,0.6078024818783718,0.013275526885298046,0.980496179489863,0.21351704214300443,0.5963637913976401,-0.03541312934387301,0.4276476871399656,0.20861178920382561,0.5963126307442079,0.013021701109773,0.9661834467025037,0.2065491513127374,0.5921177324794593,-0.028873237914272737,0.425632959320432,0.2035086722601029,0.5917550268627352,0.00980136027958777,0.9612190666652868,0.20380956431229924,0.5972210339137489,-0.02593787262837094,0.4174666873046333,0.20192692606222076,0.5963109022095094,0.014380865464253096,0.9438912698200778,0.16264932638122934,0.7127078203927908,0.046704625444752866,0.9983844302949458,0.15499736936319453,0.7120969692866013,-0.04666610913617274,0.9986049021993372,0.17608598868052178,0.7943512910888314,0.023120831432087097,0.26840627477282586,0.17740527575924295,0.7961552568844392,-0.06127413025214563,0.9697532937640243,0.1522333302668164,0.8759698583966216,0.023713863321713057,0.47039716158594436,0.15092841571285623,0.8830828780219674,-0.07221523831997605,0.9577733590489349,0.14559233330544982,0.8898265702383865,0.022197663251842786,0.5180895129839583,0.1441605460076106,0.8966652722585775,-0.07432546573025844,0.9300144428298593,0.1727671672900519,0.8908538052013948,0.003240188894172512,0.6563983900206434,0.17386166751384746,0.9025641594614309,-0.10312450783593322,0.9520107394173039
88,1466.7,0.18510043124357872,0.5618621309598291,0.004830783355005443,0.9998907503627603,0.18234087030092888,0.5562599727085663,0.010948662734812223,0.9998839866547364,0.18212968465827772,0.5562224075907757,0.010930962339487113,0.9998838305473334,0.1818714567593167,0.5562208011036831,0.010920369587395172,0.9999207087925509,0.1811384296133406,0.5568572424706963,-0.003829741490162202,0.999885490962438,0.18010163520063688,0.5572257382529127,-0.0038313236409088713,0.9998775011017217,0.17899606625239067,0.5576101910500304,-0.003841636031644333,0.9998992085456855,0.17636182123706468,0.5611550183523273,0.041428790560790504,0.9998158188093282,0.17349976301193248,0.5627813083784925,-0.02236540571209932,0.9998915791511543,0.1845451274088452,0.5695242512793772,0.017381440271579097,0.9998474773906534,0.18312920204230732,0.5699179938861306,-0.001226164938305461,0.9998992653120139,0.17891236926828125,0.6066041077886313,0.08292825165249058,0.9994024464062289,0.16654001814978475,0.6060791015625004,-0.05807972522008991,0.9999210834503182,0.1928382629439946,0.643297291937329,0.05216290659847717,0.23790936455840173,0.1893026119186766,0.6471073315257123,-0.05165150566470059,0.9918370303653543,0.2055543448243824,0.6037089058331085,-0.025041686016179288,0.4091983891668777,0.20297325579893036,0.6016708328610378,0.01909972762777693,0.9811159031731749,0.21303238116559542,0.5907027664638705,-0.036114588912044276,0.42141811194874024,0.20797415077686326,0.5894133590516594,0.018998763363924823,0.9668220196451467,0.20515954139686782,0.5862478443554474,-0.029530709786784102,0.41843726805278264,0.20235594965162745,0.5856512728191561,0.014453140076338546,0.9619430928003228,0.20288888968172542,0.5910194232350308,-0.02616320532702266,0.41176479771023733,0.20108261207739525,0.5896311459087195,0.019830345841390762,0.9449845949808763,0.16357137191863297,0.7122272394952325,0.04684881032222797,0.9984685636702046,0.1558777086791539,0.710369467735291,-0.046818779870158186,0.9986575870286858,0.17603803745337906,0.7940250805446085,0.024781990618932832,0.2671886398678736,0.17679438278788626,0.795879639330365,-0.06311357163247613,0.96801606530235,0.15223131435258058,0.875697777384804,0.027517970740085575,0.46180759299369123,0.15078268874259232,0.8829939904667088,-0.074313287578878,0.9544874060721631,0.14559940213248854,0.8894649772416984,0.02615835970001563,0.5102649884564541,0.14405772089958202,0.8966427189963211,-0.07689685942161656,0.923780106362843,0.1729110245193755,0.8908229470252997,0.00654893630139885,0.6545093343371442,0.1738353314853851,0.9025408199855265,-0.11233610801753552,0.9498711966332942
89,1483.3,0.18426693763051727,0.5584917721294225,0.004636194368469577,0.9998941904022588,0.18135183269069322,0.5531228326615837,0.01097063731313462,0.9998895838147125,0.18116387512002685,0.5531238005274822,0.010955448550659993,0.9998876821427125,0.1809308528900148,0.5531548431941444,0.010945316049314688,0.9999239359583181,0.1802411427100501,0.5537648598353072,-0.004288975493095463,0.9998912016550707,0.17926703961122617,0.554201063655672,-0.004292211572950087,0.9998835665839065,0.178241103177979,0.5546682931128006,-0.004303626815921497,0.9999048936934706,0.1755972710393725,0.5583929703349163,0.042635665053413055,0.9998255854561222,0.1729315043914887,0.5600964966274447,-0.023343273748954153,0.9998981753985094,0.18401337592374722,0.5661692903155376,0.017661369937871197,0.9998552969523846,0.18259773509843022,0.5665582475208104,-0.0016288310289382948,0.9999014479773393,0.1788007404123035,0.6041427169527331,0.08493237161920189,0.9993360269637342,0.1666557157323475,0.6038030811718537,-0.05930800931084729,0.9999138854798824,0.19424030326661623,0.639369246505556,0.053489528596401256,0.24978436387720582,0.19085124135017406,0.6410851478576665,-0.05498514306687177,0.9919243852297472,0.2053384397711074,0.5979950938905993,-0.02487516545114065,0.40961423516273526,0.20280618256046673,0.5953482105618436,0.01443007342251285,0.9815333116622206,0.21220788643473687,0.5840054722059345,-0.03626309672281858,0.4162024954954786,0.2071784798588073,0.5826265584854856,0.01356999655538295,0.9671063338007253,0.20422723605519263,0.5804385088738946,-0.029828461951443147,0.41245358898526174,0.2014758693320412,0.579686318125044,0.009485481295823349,0.9622425522123071,0.20203583084401644,0.5855401129949664,-0.026121905428313094,0.4072981448400591,0.20039304310367237,0.5832226588612515,0.015276813813086078,0.9454542029471632,0.16435059053557272,0.7110711279369542,0.04721329822426754,0.9985318070366276,0.15700715993131922,0.7079159021377569,-0.04719331736365957,0.9986819937115632,0.17547842221600682,0.7939299231483828,0.02585939025240287,0.26347074267410114,0.17580728800523862,0.7955900061698193,-0.06166351693017146,0.9643025653702879,0.15206153974646625,0.8757882231757761,0.029105344698542663,0.4513482891377952,0.15053159637110586,0.882959805783772,-0.06967099614086611,0.9499000509579983,0.145565926319077,0.8894013932773052,0.027772313072567917,0.5016530113560816,0.14400213814917076,0.8966842123440341,-0.0723011885725317,0.9163665459269577,0.1729930639266969,0.89111439103172,0.00742593072798281,0.6504539620308654,0.17382800082365685,0.9024448934055516,-0.11289015767120188,0.9461617838768739
90,1500.0,0.1835885040816808,0.5549618885630657,0.0025397889936963737,0.9998925186338886,0.18066156974860614,0.5495709493046719,0.009002597980378647,0.9998903161003483,0.1805060073023752,0.5495927418981283,0.008989716835674792,0.9998852298373275,0.1803128847054074,0.5496349022501994,0.008980294223874814,0.9999230106671658,0.17956786070551203,0.5501411159833276,-0.006630809329050997,0.9998924817357752,0.17861298790999836,0.5505789120992028,-0.00663663365412504,0.9998850141252797,0.1776098658641181,0.5510712010519849,-0.006648835787061784,0.999907056490581,0.1749831991536278,0.5548976858456933,0.04179922775143672,0.9998270613806596,0.17231477938947237,0.5566900457654684,-0.026261274924590496,0.9999016324679063,0.1835482524974007,0.5626473795799987,0.016003772084202096,0.9998586631956562,0.18213275642622098,0.5630460069293072,-0.003819612703020022,0.9998992596353811,0.178861745056652,0.6003412263734005,0.0851379540704546,0.9992153758094431,0.16673644596622117,0.6006940574873065,-0.06198040839462058,0.9999023761068079,0.19547113421417434,0.6340955155236385,0.05066592476907235,0.2620110604025071,0.19239340722560894,0.6346819968450641,-0.05798573543628061,0.9917394547235405,0.20515736015070068,0.5901806837036501,-0.032267388133775644,0.4087565527075816,0.20268008822486527,0.5882353044691544,0.010211479994246654,0.9814122432754161,0.21084416693165203,0.5751642244202755,-0.044720098376274144,0.41011806187175603,0.20637664695580815,0.5754105732554485,0.008813919026232773,0.9665217115765534,0.20314141398384472,0.5721997760591057,-0.03787796137233578,0.4058361436639516,0.20078709295817798,0.5730712413787846,0.005034366700177395,0.9615625795863931,0.2010746782734282,0.5774769868169516,-0.03353846002192727,0.40221229905173916,0.19971382476034633,0.5766319263549082,0.011125512554177224,0.9446107291039973,0.16515006621678682,0.7088431517283127,0.047616328157129774,0.9985664486885077,0.15811654357683103,0.7050540731066754,-0.04760810111959779,0.9986817212331871,0.1744447307927269,0.7936098121461419,0.029622967842788946,0.25838074655759924,0.1744091908137005,0.7951001638457895,-0.05750735423394616,0.9589547316233323,0.15184768040974947,0.8754947895095468,0.03699757823986669,0.4412573916571484,0.15027091332844336,0.8829154741196412,-0.060023716695251965,0.9445248331342431,0.1456086373045332,0.8892916980243871,0.03606388389709453,0.4932111884866446,0.143989696389153,0.8967196231796635,-0.06238073642764777,0.9077315131823228,0.1730395037503471,0.8906761691683822,0.014495458187801506,0.6455206729116899,0.1738138965197973,0.9021643002827968,-0.10583915703353436,0.9412797831353693
91,1516.7,0.18314475814501457,0.5514169420514792,0.0016484279601302544,0.999888235614414,0.18022075650237868,0.5459187343007046,0.007926314891803838,0.9998875828016378,0.18006851985341038,0.5459318984122508,0.00791801809377614,0.9998776770773395,0.17989559613523043,0.5459463028680714,0.007909709942482773,0.9999189660662704,0.17918913846924203,0.5463468801407592,-0.008177044635106417,0.9998911732719065,0.1782671092521578,0.5467078288396203,-0.008185889095156681,0.9998836914698291,0.1772863268852235,0.5471300170535136,-0.008200188511095592,0.9999072267895661,0.17442593759014507,0.5510739684104924,0.04076318158989864,0.9998208227611731,0.171891558737982,0.552844419365838,-0.028876128916939123,0.9999028784888138,0.18316483213788,0.5590746544656303,0.01518485601991416,0.999858424777077,0.18180542332785482,0.5594776670138045,-0.005323205509090002,0.999893900893984,0.1784522505033585,0.5962894502140231,0.08494799797024051,0.9990270591917499,0.16685872276624056,0.5970749088696076,-0.06412835720749133,0.9998887465113693,0.19667387789204022,0.6273475828624911,0.05187387445143295,0.27019165385337124,0.19415662969861727,0.627958476543427,-0.05871443361753513,0.9911595299130401,0.20485039623010742,0.5815199244590037,-0.028960693716293312,0.4010417021456222,0.20254629637513855,0.5802093886193779,0.008553490685742533,0.9806045606022796,0.2091341103826252,0.5656658865156632,-0.04107370901675454,0.398555717297963,0.20517945786317204,0.5675904438609173,0.006955115707006332,0.9649072630064834,0.20185023546218886,0.5634574265707111,-0.03412027727989926,0.39411128986449495,0.19983028726918373,0.5661267553056993,0.0029085261547671915,0.9597269637244096,0.19986373611858926,0.5701245268185938,-0.03018147116970451,0.39229526548158583,0.19893766159103043,0.5696140868323194,0.009333073893295874,0.9423180506342941,0.16572686391217378,0.7054181922049755,0.047899362941583035,0.998558265822275,0.15935355637754725,0.7020346011434289,-0.047897112688847984,0.9986432336625606,0.17299515079884314,0.7926153654143929,0.0344871942486082,0.25166836664790215,0.17281235896405733,0.7941797858192813,-0.0507518743120489,0.9520126212210889,0.1516329035872506,0.8749859049206694,0.045315149107149705,0.4303287352834432,0.15002590914567324,0.8828671006929312,-0.04707706116494682,0.9383840674445749,0.14565312933354163,0.8886814401263288,0.044780180567786834,0.4846357163928807,0.14395718773206084,0.8965710458301368,-0.04877083553444775,0.8985174780800235,0.17303903258982173,0.8894367814064033,0.02274499017567863,0.6382244910512656,0.1736656931184588,0.9017063436054055,-0.09085871634029213,0.9351235968726028
92,1533.3,0.18279331000078303,0.5481465458869939,0.0014185250301601464,0.9998810717037754,0.17990310915878854,0.5426122659728645,0.007560617157391145,0.9998799448921574,0.17972480612141759,0.5426031407855809,0.00755411659234337,0.9998634287289219,0.1795428593953452,0.5425809763726738,0.00754528472732221,0.9999101843152733,0.17895714725766876,0.542907487778437,-0.008647754965793526,0.9998865099180321,0.1780638879253752,0.5431706167402726,-0.008657971419216627,0.9998799392155245,0.17710863621461972,0.5434925641332358,-0.008673854260927162,0.9999054897399182,0.17393668137845553,0.5474870233308705,0.04030379582019082,0.9998080758821404,0.17154651525474743,0.5491757875397096,-0.03006073734944777,0.9999027621178407,0.18278424796603987,0.5558001796404525,0.014983661827586956,0.9998537018185577,0.1815069750660943,0.5561995534669789,-0.005712121614210666,0.9998842591331126,0.17748309033257634,0.5916756476674765,0.0852521519575801,0.9988113925570541,0.1670012332144239,0.5927090928668072,-0.06631309964827134,0.9998763033321934,0.19788804721264625,0.6185186249869215,0.06263907236002746,0.27708080552873177,0.19580643659546276,0.6202658840588164,-0.06208716226475584,0.9904462013925832,0.20428576072057103,0.5703158889498035,-0.0012204930895850787,0.391639624323164,0.20238705405167184,0.5711500474384857,0.0009889808771688323,0.9797056288946249,0.2066649666854315,0.5528642336527511,-0.00992204550476302,0.38497692204657086,0.203954828636987,0.5585181656337923,-0.0011852195207861127,0.9631824465025046,0.20068197732880017,0.5513931654748466,-0.0029619631490537123,0.3803576074895407,0.19893485094819763,0.5574610545521694,-0.004838214743705027,0.9577256895246966,0.19876854689348325,0.5584724573861989,-0.0019087575908218136,0.38021677164804396,0.19823759865193152,0.561209741092864,0.001769608174938532,0.939752292065394,0.1661825761908578,0.7014763639086774,0.04817673830049382,0.9985460411934632,0.1605907955339978,0.6989581215949291,-0.04817766944567366,0.9986094633738207,0.17145704868293957,0.7909901880082636,0.03797675137008942,0.24505495954127554,0.17133908115682162,0.7928287670725873,-0.048352513994489435,0.9434872780527395,0.15152408324536834,0.8740844357581372,0.051336105912923854,0.42084104106539805,0.14991293137981787,0.8824548692930319,-0.0404387883664597,0.933263506208148,0.14572163635776167,0.8876209769930166,0.051087296612206,0.4788259466489159,0.14394494252545503,0.8957957540239614,-0.041462356845537854,0.8914924320720498,0.17294621822379896,0.8879750967025763,0.027871822760928262,0.6314790447553004,0.1733115279958363,0.9011832390512745,-0.08036920038007561,0.9299722768011555
93,1550.0,0.1826251205943881,0.5448190286045986,0.001212687228828492,0.9998820197014588,0.1798126960084553,0.539395772275471,0.0073156923587833185,0.9998792466663186,0.1795960806664968,0.5393964846928918,0.00731193464958952,0.9998613397280383,0.1793868633962814,0.539369384447734,0.0073045848292254325,0.9999078228360138,0.1789500706252599,0.5395395699001497,-0.00895564918894144,0.9998867540132439,0.17806732015950352,0.5397088016782492,-0.00896674146254858,0.9998820707911544,0.1771227490334285,0.539915916465578,-0.008983351888933358,0.9999070621672138,0.17361372283526844,0.5441705130395439,0.04024084515514831,0.9998064892632628,0.17135076508635577,0.5455545641127091,-0.0312741009429807,0.999905949547178,0.18251496411505214,0.5525744784445994,0.014858876044551543,0.9998581068856383,0.1813077387355624,0.5529073079427087,-0.005971991146604225,0.9998839667865215,0.17640619547594175,0.5872359105518891,0.08552300043049318,0.9986557449613306,0.16713057458400737,0.5884720881779992,-0.0691236264648892,0.9998690145356322,0.19887898791404013,0.6081708442597167,0.07396663991468298,0.28441795706748985,0.1971069950433006,0.6119214012509304,-0.06657108380680997,0.9899045484406614,0.20356315232458583,0.5591604198728293,0.024625612245429147,0.3822826785700665,0.2021927812269757,0.5628147409075785,-0.0034565780799658556,0.9788232388950537,0.20412481540725358,0.540459289437249,0.018338907864831756,0.37064545069422067,0.20275607776074195,0.5498058682396303,-0.005578638557164513,0.9613504892303837,0.1997591342244831,0.540249259698959,0.025303577205964514,0.36598030158451655,0.19822721821921227,0.5490775193486899,-0.009949903391922522,0.9556096565155763,0.19804956160840548,0.5471569725445342,0.024300701827520435,0.3674804710206534,0.1976776201100578,0.5532381421043764,-0.0029566463393469675,0.9371528341656646,0.16679311579182046,0.6979984186944512,0.048377222071091366,0.9985544908614393,0.16186531881491356,0.696289011410305,-0.048379635349625666,0.9985998868942269,0.17021729052066817,0.7890653439930513,0.040748230758167484,0.23893616951647279,0.17005482954638357,0.791197972638267,-0.046666496743758556,0.93381458804721,0.15150660134497154,0.8727534214655565,0.05551285012846906,0.4124992716880075,0.14993363973640272,0.8814776880400528,-0.03692028990813667,0.9287423008964182,0.14576378606614623,0.8863300567581546,0.05534741903344794,0.4754492129598349,0.1439684962942488,0.894228725206285,-0.037752541935160075,0.8859187222662432,0.17290169710204728,0.8866952459017442,0.030614694048251446,0.6263455067362109,0.17291334555262622,0.9006955226262416,-0.07504458548057652,0.9257392457553326
94,1566.7,0.18248051404953014,0.541652205444518,0.001987560179605638,0.9998815286727185,0.17974723236901433,0.5362713677542554,0.008181007046784679,0.9998768709954768,0.1795066609269098,0.5362840748968583,0.008181676822936256,0.9998536564054951,0.17927713763146186,0.536245059399378,0.008177208071131087,0.9999040932882407,0.17894511492479429,0.5363048315048221,-0.008519973295430349,0.9998863907087424,0.17807369643733628,0.5364233198620028,-0.008531986048356414,0.9998835268474767,0.17714371496722825,0.5365501301629206,-0.008548781009657048,0.9999091852278943,0.1733946793136144,0.5410178928148183,0.04113929186548508,0.999806375730606,0.17127660555498952,0.5421957770983381,-0.03208411972792378,0.9999091114316675,0.18227219297772373,0.5495085914929712,0.015772135218694108,0.9998576130185814,0.18111983296417067,0.5497931355521797,-0.005575615646583697,0.9998791274570291,0.17481421643779405,0.5836711015020102,0.08764305533397772,0.9985407420567111,0.16760965543133885,0.5844455077534634,-0.07210674704540349,0.9998651714552025,0.19912479250204007,0.5942119615418575,0.09469064644404826,0.2891435509636291,0.19834972350370328,0.6016997269221719,-0.06998028890008023,0.9895055918466484,0.20275669651372108,0.5477932294209802,0.06721230454388125,0.3712154967444286,0.20214475265571064,0.5535900223822825,0.002268918867533407,0.9780324356896544,0.20195429239954282,0.5293389019511998,0.06457994913771044,0.3547945717970533,0.20184757808844261,0.5404248833656315,0.00029533555512205713,0.9596912378356577,0.19915285209814723,0.5293023217292063,0.06986308683242122,0.3503808364981699,0.1976827539148786,0.539957770279476,-0.005789714887560837,0.953728147915432,0.19768292918091745,0.5348300990604222,0.0667499307365645,0.353951026995977,0.1973381979124888,0.5435823230516347,0.0021859754896944496,0.9348995259829935,0.16705019275347405,0.694935091904232,0.048912950214885564,0.9985795333271943,0.1632298699447088,0.6939366686911815,-0.048921740658226506,0.998611271381379,0.16934210274900724,0.7870882267043711,0.043983655316489116,0.23433228759538577,0.16879014670848858,0.7892657745452161,-0.046158353665045365,0.9224669592721129,0.15160304591769275,0.8713291372571679,0.06022223333517715,0.4064546000389828,0.1499376701457161,0.8800416163035807,-0.03468126333540397,0.9250478290376216,0.14586039597079875,0.8846639451526468,0.06013105419420065,0.4762172727357777,0.14396635904198612,0.8919677876290827,-0.035300537322958334,0.8827054131598706,0.17275377824192967,0.8860504031181341,0.03454979118846714,0.6224573084286286,0.17237083046209256,0.9003876873425081,-0.07226328693685083,0.9224818774632052
95,1583.3,0.18245535450322298,0.5384917571431118,0.0027568923902609186,0.9998332233656028,0.1797620270933425,0.5329959137099134,0.008823319870446416,0.9998253073011133,0.179505962701071,0.5330311201867607,0.008826486988081826,0.9997691001210901,0.17925582755179645,0.5330222390946892,0.008823089966816569,0.9998485729807907,0.1790035643747876,0.5330050928252088,-0.008046501471350595,0.9998536791120264,0.178142751256625,0.5331213729722163,-0.008060555062478502,0.9998533924420682,0.17721891261282435,0.5332477972621013,-0.008085509496075772,0.9998899584724796,0.1733313451210659,0.5379778004827958,0.041768835946207984,0.9997435382434308,0.17135090061596475,0.5389980645406818,-0.03372591379142945,0.9998984563918347,0.18215900162855797,0.5465780297915145,0.016412615953456798,0.9998013036591673,0.18104909005619244,0.546909970896585,-0.005444464783760768,0.999817575727191,0.17352829234940678,0.5800498213086813,0.08937256747768045,0.9983302525111615,0.16817532550720954,0.5806961400168287,-0.07615902523199722,0.9998423968042653,0.1993554348037358,0.5797597567240401,0.1090862222370648,0.28742516466549484,0.19963806016104577,0.5903409691084003,-0.07647341205960234,0.9892618996756425,0.20230614074638925,0.535729805628459,0.09181734050313638,0.35612433864956833,0.2022870622930074,0.5428174904414589,-0.00027431798211875313,0.9773270658084332,0.20082177079859248,0.5185740263689136,0.09024423555958846,0.33606508374214195,0.20149685371489767,0.5302212351844429,-0.003720968784320924,0.9582279466447383,0.19909852814106727,0.5199936500617439,0.09337986491265758,0.33222795668102467,0.19735538604713637,0.5297094640277684,-0.010008867974171333,0.9520907998085029,0.1977196931838991,0.5241591220810303,0.09057106822729118,0.3379735733781545,0.19724260128679744,0.5328326196897601,-0.000594136260804675,0.9328788036391855,0.16761514473529102,0.6922512281508678,0.04962616981494998,0.9985895809673135,0.1641343172107425,0.6914195475124183,-0.04963794492539909,0.9986017545064297,0.16867775789328998,0.7851105559439893,0.04614122903772766,0.230746225941749,0.16769406128497363,0.7868450851667501,-0.04567250875490056,0.9105630658921747,0.1517324426344464,0.8695115475427543,0.06483115344530065,0.39942134703908677,0.1499456422669548,0.8779359204428544,-0.03050448062519235,0.9210555269604646,0.14599003536360616,0.8824894172804703,0.06485189745823547,0.4770232467424305,0.14400035568646033,0.8891538466726037,-0.030821766349531377,0.880566020806631,0.17220996887910944,0.8863581504140587,0.038487611515891015,0.6166066867964612,0.1717305069877989,0.9001954708780568,-0.06893659205663777,0.9187437267530538
96,1600.0,0.1826413500876655,0.5358604391415918,0.0053835865207171735,0.9997471570968635,0.18000633163111562,0.5299561534609117,0.011324603531864437,0.9997381795020337,0.1797513727630889,0.5299880816822964,0.011328305139960287,0.999626923175086,0.1794925261111488,0.5299816018059145,0.011325866649193432,0.9997560523805171,0.17921749963646855,0.5299521116983327,-0.0056998221691520485,0.9997968304724927,0.1783356091805868,0.5300513818150479,-0.005717006556334954,0.9997989166350598,0.1773779122602373,0.5301698020526345,-0.005753023749483487,0.9998550187973756,0.1735745796135495,0.534917445409866,0.04401930900556704,0.9996354012262261,0.17151759210087014,0.5358259479204818,-0.03376036563089918,0.9998812959307724,0.1822884771085922,0.5440294742584233,0.01879509749068392,0.9997090810821176,0.18117148535592228,0.5444687122390388,-0.00360409531831032,0.999723414580028,0.1729117021674203,0.5759003048851381,0.09218540681259979,0.9980599511237379,0.16921891130152214,0.5763295519919627,-0.07850567251443868,0.9998118281364448,0.19931139122872138,0.5669616091819041,0.11887831098976598,0.2818614769549599,0.20092792738051657,0.5776164191109798,-0.08150464544693635,0.9891519745190946,0.20226985925719865,0.5241958924702239,0.10094063622610917,0.34015479400044424,0.2027366494848616,0.53004725206466,-0.004501916534666506,0.9769159271603546,0.20041572763806312,0.5086020500887012,0.09845796227455146,0.3182566435564135,0.20211166923954388,0.5173608717464269,-0.009556030388921504,0.9574446649778464,0.19918321144013193,0.5098162761756355,0.09947366267442712,0.3152360206558593,0.19763152230353598,0.5169803627899718,-0.01542039563701977,0.9512443883078445,0.1979720209326064,0.5129875015644804,0.09866356211049224,0.3234879942167375,0.19756691299733675,0.5202372074127201,-0.004788904827797699,0.9317375790505189,0.1683643155154729,0.6898207181975959,0.05081394350244889,0.9986067102068954,0.16468963168916262,0.6888575042997093,-0.050829710527544966,0.9986073488280893,0.1682274440924328,0.7831546891303295,0.04969876490178566,0.22759169978754878,0.1667355128696988,0.7844434039933346,-0.044788207681406136,0.8987486986886893,0.15194343810989755,0.8673682638577059,0.07328206850659286,0.3921255639621193,0.1501002957423529,0.8755436482883641,-0.02404094376556932,0.9173438350359606,0.14624199625991652,0.8800156457083572,0.07370334136344142,0.4781664155778434,0.1441588586285002,0.8862502120790033,-0.023878368992535856,0.8792618115743007,0.17139249330475229,0.8867725758325493,0.04685267433524135,0.6099153842244833,0.17107846268585764,0.9000591209956584,-0.06323217511886647,0.9151328092529667
97,1616.7,0.18288785503024158,0.5337429585910982,0.005191430679544633,0.9996389547983812,0.18025238102390667,0.5274232938176113,0.011158753119941276,0.9996187346322203,0.17998889940125612,0.527411282062531,0.01115906484691161,0.9994343320528674,0.17971287383919685,0.5273607146172301,0.011156654362345034,0.9996346206892112,0.17945515470845372,0.5274679064750676,-0.006629030375430986,0.9997214022136878,0.17856546455905564,0.5275530559676038,-0.006643405583287993,0.9997218166078847,0.1775859899464109,0.5276626320112323,-0.00668989281569209,0.9998041533288509,0.17378703682195584,0.5321865422385084,0.04384694239568146,0.999453388509297,0.17175117489837477,0.5330746202241811,-0.03717639616557533,0.9998432880356205,0.18247707259087348,0.541644014063336,0.01869699317917584,0.9995578413917912,0.18130812403701613,0.5422382894016451,-0.00495786796368304,0.9995727056548716,0.17235785226027184,0.5715664057504567,0.09312099040973762,0.9977279958270853,0.17070336427007415,0.5719357615425478,-0.08268027930032645,0.999765234334129,0.19925856661228922,0.5531786822137383,0.12327690351577042,0.2734383316267106,0.20219279470897872,0.5652798243931365,-0.09383738785982138,0.9891211106663664,0.20270085760525308,0.5106417565118703,0.09911993784563888,0.3312334333147324,0.20391541932310392,0.5163235096704396,-0.03273860161148369,0.9770211918013443,0.2012981595028016,0.4967659186749235,0.09533209921348669,0.3104199156874704,0.20371051629384374,0.5026919472785226,-0.042089090904309664,0.9577848542304273,0.19988598851930545,0.4971724365438737,0.09332722709292464,0.30846376646132717,0.19922606079351352,0.5018291345664436,-0.046004802576221915,0.9516778134164363,0.19889988785698315,0.5006253251007629,0.09535279444285809,0.3189241020452411,0.1991629153490068,0.506070305903753,-0.03284602754172827,0.9321567444574271,0.16876416405042025,0.6872133272034786,0.052540597816308376,0.9985955840065374,0.16537357441016617,0.6862934345290779,-0.05256146476382305,0.9985716314542868,0.1678111567383722,0.7810921186492563,0.05590412038422771,0.22489767202309213,0.16608885711147683,0.7822261594590693,-0.04396595539791247,0.8892679015795395,0.15225442747275045,0.8653004623594744,0.0859484690285865,0.3840213886329109,0.1505521053359623,0.8733118517058243,-0.01889206766195242,0.9150107616469981,0.14658570005780186,0.8771850012597591,0.08697214953246576,0.47870227410679805,0.14450499131566014,0.8836213293529699,-0.01835426927677224,0.8798514718101145,0.17052378469989427,0.887185414632162,0.0600660396296354,0.6013580276852566,0.17054627410003131,0.8999741162572594,-0.05895864732918289,0.9123038536026371
98,1633.3,0.18301296730836245,0.5321956560725262,-0.001632832035067536,0.9995398095675885,0.18041537702083602,0.5258186232476011,0.004424395172723705,0.9994979245322099,0.18016195297241222,0.5257610366457989,0.004417185937719689,0.9992422433126549,0.17988988260428124,0.5256773318563193,0.004412868237566384,0.9995148522513261,0.17956763576893592,0.5260042718478616,-0.014022030756764479,0.9996486277807334,0.17867026371615286,0.5261265039443974,-0.014027189285982233,0.999643768583026,0.17767483421734415,0.52628520273027,-0.014075872643540311,0.9997503445262008,0.1739747722943625,0.5303070318131224,0.0374310568773321,0.9992401174136578,0.17183868019353787,0.5313689396494915,-0.04652460788687074,0.9997925219081704,0.18258659612564826,0.5396989697501777,0.012309613970241386,0.9993755306516381,0.181343320579756,0.5405050374212723,-0.012285976116323764,0.9993979391597574,0.17171965894244978,0.5661321424302606,0.08868028010640831,0.9974210688046055,0.17246826773598092,0.5672779480616256,-0.0914250484534673,0.9997026210739506,0.19895493416559143,0.5384901251111716,0.12371420470022029,0.2672594984372459,0.20313581895260596,0.5532350738843286,-0.11409334660995582,0.9893421076592952,0.20348690734023153,0.4955077809946881,0.09716952308302841,0.33828106948307607,0.20656197695505066,0.5036394894123081,-0.0782452018576719,0.9779990542502638,0.20267647220974894,0.4812567815894176,0.09349673525208525,0.32024866058712936,0.20744951140312937,0.4884481117838909,-0.09297610335938994,0.9597115942410067,0.20154545562607917,0.48096929135776734,0.0877565578335808,0.31935564676920597,0.203438678667659,0.48693653799238695,-0.09331618881385248,0.9538660617101768,0.20093069473902397,0.48428665740149396,0.09188541202318107,0.3311872155893419,0.20302878391175055,0.49253650790169157,-0.07777254536215754,0.9347184442338495,0.1687501420577368,0.6844172193890531,0.054381412586995574,0.9985728121939167,0.16607658352170684,0.6837636459441416,-0.05441150920731685,0.9984918662479952,0.16750976514248633,0.7787127892176315,0.0631828948500611,0.22422283107326157,0.16571988662083956,0.7801599105199184,-0.04240396920414201,0.8837247604415537,0.15269644274598088,0.8634495508103149,0.10014045096579059,0.3780098571663814,0.15129284631638312,0.8712522728102554,-0.012756553944200286,0.9152850196475081,0.14705978475865875,0.874324194022588,0.10184405176412499,0.4820440255460288,0.14514306684335085,0.8813005912871594,-0.011847531090357483,0.883467614650727,0.16982896058332364,0.8876642499651234,0.07512278588754795,0.5935843189557397,0.1702098548412324,0.8999130470412124,-0.05367796939043776,0.911610969475338
99,1650.0,0.18317231677827395,0.5314253994396758,-0.011408183779124,0.9994464374723897,0.1806188083830335,0.525312043371655,-0.005092398817872721,0.9993526907194236,0.18036330313909635,0.5252312620480859,-0.005100953148766647,0.9990134437878934,0.18008365730444603,0.5251238005501888,-0.005100143873797999,0.9993690507752562,0.17976841969149465,0.525620832329705,-0.024567494900631072,0.9995659788449612,0.17888340353965773,0.5257997115453088,-0.024558949639045074,0.9995418049040302,0.1778984829073862,0.5260140924226674,-0.024604205862574648,0.9996711299532943,0.17416803113051837,0.5292937897500541,0.02839213764915866,0.9989153118360617,0.17207178970177983,0.5306577285130822,-0.05882544797800841,0.9996965186936522,0.18270108671415433,0.5382649898529057,0.0034018152592969818,0.9991432655425305,0.1814742017359962,0.5391770061992468,-0.02244711372380457,0.9991792866161899,0.17130427133469367,0.5599618979862763,0.08043812250807178,0.9972983655475441,0.17406485052335843,0.5623820934976854,-0.10207971008051017,0.9996463145528529,0.19820951422055577,0.5233812076704847,0.11582674795673016,0.2659101202374415,0.20316193643070418,0.5409250855445866,-0.13587520448934473,0.9899301245099028,0.20430272533780067,0.47890540531703435,0.080385728606156,0.3621301012379785,0.2101201890479952,0.492050640639805,-0.12162867694028795,0.9795500834782925,0.2042072713375093,0.46259886168298303,0.0752540922590665,0.3481498587699166,0.21217060231027163,0.47530133951278,-0.140533323355374,0.962492329733713,0.20361727121330458,0.4622562995978768,0.06654890254139906,0.34828568498293583,0.20901376576650726,0.4736863119261609,-0.13820341069783493,0.9570186223302575,0.2032279975357511,0.4664098733947394,0.07368982938073936,0.3605019350846611,0.20815890814576846,0.4793130712849757,-0.12066433286028258,0.9387089837165112,0.16869202610992262,0.6816675946826032,0.0559218919702939,0.998570777121045,0.16679889389446817,0.6815514167149866,-0.05596871070918587,0.9984014119420739,0.16725843577157895,0.7767180686905276,0.07004836822549507,0.22514507103533987,0.16556425179753997,0.7788121047474095,-0.0405920343030067,0.8825176386606132,0.15323343589192356,0.8622346577190223,0.11147153483969832,0.37329647512663,0.152189891253199,0.8697831715856286,-0.007724443251000989,0.9177453007016869,0.14756746590137493,0.8722173032306495,0.11355213891892214,0.4872021263553986,0.14601086860611334,0.8795477237020226,-0.006580363171884707,0.8891535543260127,0.16957735589572376,0.8881269494692491,0.08572203151526911,0.5876954765546893,0.17016296088695537,0.8997938207217632,-0.04959375393532575,0.9130930928956902
100,1666.7,0.18346113676116593,0.5295107676869351,-0.02027519082739241,0.9993757208188383,0.18083005717822498,0.5240092703274322,-0.01396331683333432,0.9992217818895983,0.1805424775396076,0.5239848693211877,-0.013976165936106738,0.9988054320925766,0.18022740383942934,0.5239110787709558,-0.013974870555102836,0.9992384967349832,0.18007342162586407,0.5243134498596196,-0.03352300416944285,0.9994942063377024,0.17923890905720863,0.5245471767016823,-0.03350623118292011,0.9994428895768672,0.17830728420189462,0.5247959693272912,-0.03354341175318477,0.999590714772543,0.17428593905199152,0.5279846049490433,0.01966658691387802,0.9985837851251882,0.17253035874593836,0.5294062239783155,-0.06747041394313182,0.9995827419417253,0.18293630509149472,0.5360702985808967,-0.004943506237829019,0.9989208238465452,0.18188232822077627,0.5367370304607213,-0.03067498773868597,0.9989709485144849,0.17071652341456653,0.5551406230245322,0.07361693573849548,0.9972631675856461,0.1754309598888671,0.5565512265477865,-0.10987053314844775,0.9995998342831938,0.19671747514179788,0.5104689200719201,0.1174033067765691,0.2659625524566289,0.20253384893848797,0.5262929130168192,-0.15529525031646105,0.9906070345924022,0.20473471212954764,0.46597230292501934,0.08048038255600709,0.3943702025072918,0.2142333104496912,0.4796268159434912,-0.15834039449691784,0.9812919554256265,0.2052980732350124,0.4486824472745262,0.07585829851173224,0.3850786685943606,0.2174239839826313,0.4633927771023345,-0.18058874883822046,0.9656485148838595,0.20516974301565277,0.44593539550190914,0.06360299885272984,0.3860488434632622,0.2153398515213105,0.4614686909176058,-0.1753705108449574,0.9605880635125303,0.20513138387884428,0.4506765589827586,0.07243778095358899,0.39806839114143766,0.2139022563185012,0.46601993129366953,-0.15662310290194703,0.9433243444987712,0.16829038021110365,0.6789486209551499,0.05729928328877408,0.9985681488400421,0.16751314628691913,0.6790350533667069,-0.05735466611527266,0.9983069811548513,0.16707632939020806,0.7746585806210842,0.07463703056176509,0.22779629414989852,0.16539036021346148,0.7773583673295525,-0.039799730160406686,0.8842516938845323,0.15395406881968193,0.8614222265425189,0.11916666052171171,0.37000223994255094,0.15320153960159857,0.868918799218678,-0.006517625081219848,0.92138007141295,0.14826375033174252,0.8707442312013541,0.12150829285383233,0.49438962482270776,0.1470959981282553,0.8784343912487944,-0.005290881264954809,0.8961559505689719,0.16969603016262974,0.8884733915328986,0.09310611266465421,0.582412841774169,0.17036307922431412,0.899687412239257,-0.04872484150386995,0.9157874612581169
101,1683.3,0.18379296149526336,0.5259337567147758,-0.025708580877454527,0.9993235922995074,0.18103598625887019,0.5211478017625358,-0.02051964639464306,0.9991223868869606,0.1807043218896504,0.521264649572827,-0.020550363896680746,0.9986474797839217,0.18034333416393838,0.5213181121008741,-0.020569668040566515,0.9991352983883456,0.18040578067302715,0.5213546355565393,-0.037849268255134454,0.9994406756900612,0.1796311601286844,0.5216447483925597,-0.03783712984018385,0.9993664792605816,0.17876741786797853,0.5219370325406396,-0.03787142504006627,0.9995265773364483,0.17438697105362316,0.5259041757810687,0.01423046529470456,0.9983281209355316,0.17305401251429614,0.5271481474240625,-0.06999208689445546,0.9994908514476966,0.18321036511943467,0.5330027370225819,-0.011268824261302757,0.9987567180678965,0.18241474032402052,0.5332220594088241,-0.03428052427868051,0.9988150483086002,0.17056025280838932,0.5519904863266722,0.07051373592444835,0.9972111327307571,0.17604030172030144,0.5508299186116177,-0.1132851910023463,0.9995666004362568,0.19558070174285358,0.5034582841963999,0.11940588518267595,0.2639461755752565,0.20148726801077538,0.5128982123874486,-0.17006077652885815,0.9913559783072705,0.20495851905572998,0.45793494724092065,0.07739979064180742,0.42491356247947365,0.2168338277510236,0.46718902814955976,-0.18507381209305368,0.9829492937950868,0.20591232819216607,0.44191601304780903,0.07239687868527009,0.41979449703579885,0.22087135485240408,0.45423103798003456,-0.20938455987544302,0.9686070822534114,0.2059287528196972,0.43886575386637766,0.057460959645963886,0.4214672772657307,0.21941824683121286,0.4522941211859388,-0.20215944803896418,0.9639404926981252,0.2060304660172691,0.44335859730130184,0.06819058138699763,0.43313839747792227,0.2174266548383805,0.4547707083679384,-0.18274579126210452,0.947761427788508,0.1685410376105991,0.67727656023843,0.058460354627597945,0.9985645895912542,0.16790293866679795,0.6771795778047476,-0.05851226193564282,0.9982467974935266,0.16710952988692704,0.7726435405867446,0.0771869797082175,0.2340900245166962,0.16507617632548027,0.7761330519403735,-0.03989736416510176,0.8897401832398921,0.15490952205090305,0.8603121411232727,0.12433542027359926,0.3707877042747682,0.15408846381164742,0.8684671918551133,-0.006979658246217744,0.9260784841719134,0.14915112938199734,0.8696944344611401,0.12688978442123966,0.5046479361397883,0.14821046236015512,0.8780406770252053,-0.005845377011047237,0.9035397001675205,0.1700073232253394,0.8885900605292554,0.09794442603985476,0.580856771696182,0.17073283096154543,0.899856865406037,-0.051296520623422846,0.9195888042449958
102,1700.0,0.1841271803492593,0.5221930685497469,-0.02373780638334299,0.9992764705703379,0.18120410754567115,0.5179589106923062,-0.019550444336519368,0.9990487155460184,0.18082169265974146,0.5182144045829777,-0.019596230549116946,0.9985281229019172,0.18040734600453162,0.5183718772161579,-0.0196380378412349,0.999061306317648,0.18070630445366825,0.5179759689739776,-0.03472008272295909,0.9993974679992319,0.17997894400642045,0.5182587788218548,-0.034716560815771444,0.999303891545251,0.1791658280860811,0.518512986955189,-0.03474665450907892,0.9994753116653086,0.1744670832440968,0.5235930908293955,0.01561475239161935,0.9981568171864471,0.17349423468112957,0.5244083461307347,-0.06561899699625519,0.9994109982535959,0.18352514576344275,0.5298399499484474,-0.010565755423158414,0.9986571243831096,0.18296934948081073,0.5295300483703618,-0.031024303287267706,0.9987172058650433,0.1707082610754741,0.5509347035771328,0.07340864269506368,0.9970873622667229,0.17625734139056445,0.5458914978163587,-0.11172260237591616,0.9995423782439465,0.19467759274301089,0.5025046836762205,0.12605218979574395,0.25800016025702177,0.20018189435913464,0.5026522889023739,-0.17328626343182169,0.9920303509348921,0.20481620516095858,0.455954377140318,0.08133274032956084,0.4429293842542742,0.2172727506785167,0.45608188282875817,-0.18720665432157985,0.9843394841466638,0.2055073969420934,0.4404311818735943,0.07635725360541123,0.4413519246237622,0.22141376634438847,0.44587429790269795,-0.21042105555534377,0.9711161142303837,0.20539185972440824,0.4374610639753799,0.061441489983172684,0.44351307551066116,0.21970679149741235,0.44376104644366704,-0.2030328703778132,0.9667549871263057,0.2057000526360105,0.44192041669573134,0.07202788264978505,0.45550334879330256,0.21787242449465266,0.4454007602873306,-0.18447671617780426,0.9514907740411311,0.16912277539571138,0.6763477751186922,0.059790540841363767,0.9985720373335346,0.16825746922265927,0.6758825693811694,-0.05983080785898939,0.9982427983056937,0.16728209455808016,0.7707864670526419,0.0779637325377692,0.23901837851320012,0.16482363499346245,0.7749549831662865,-0.040657815833886495,0.8956980449812759,0.15584943620931546,0.8590182151113244,0.12531245464370372,0.37179328004519174,0.15487003255458115,0.8680706563450047,-0.008933026631850579,0.9307185865583881,0.15004740655422222,0.8685505901064198,0.12787624909764253,0.5144849675042292,0.14928672285307032,0.8775124493099401,-0.00792997266121564,0.9107296353294743,0.17034910761174712,0.8884633609226779,0.09928685355754133,0.5795224564416073,0.17110570058936175,0.9000738546961836,-0.0526567332091786,0.9234865534873242
103,1716.7,0.18452633420626335,0.5190152355602813,-0.02083995818559614,0.9992272910617654,0.18142676779202066,0.5150646084830879,-0.017613736990218374,0.9989856453168967,0.18099324689024981,0.5154078205426538,-0.017673139149944,0.9984223984536678,0.18052048058736903,0.5156143364452184,-0.0177324284089818,0.9990067481994637,0.18102822417304643,0.5148749408267796,-0.030796764241088025,0.9993551174799609,0.1803151212987447,0.5151013448124844,-0.030802059563852516,0.9992448261805951,0.1795190111512231,0.5152639377684824,-0.030828945072633902,0.9994313603355778,0.17456109963712252,0.5213725368181867,0.018744539868618775,0.998026961372013,0.17386203223750718,0.5216960055487501,-0.06091166766626498,0.9993258487610598,0.18388893064998457,0.5269932150840763,-0.008839908987283714,0.9985806828453435,0.1834458396548318,0.5263207498050875,-0.02710414527072795,0.9986318236305607,0.17109272309712015,0.5509286749930613,0.07788782141038356,0.9968174695968636,0.17615267847265528,0.5427147093273348,-0.10949984015453437,0.9994984382674815,0.19457134675411966,0.5025799501509897,0.13060153595038831,0.24721168833119547,0.19888636044093555,0.49707156277838244,-0.17587971474443176,0.9925697360719961,0.20472164664949705,0.4552087755430316,0.08199339182603933,0.4465676233881999,0.21579589162554075,0.4476640976610641,-0.1914953511385692,0.9854262442815879,0.2049850083532789,0.441911856333415,0.07642600188652679,0.4485599270888741,0.21942069913659792,0.4390430776845844,-0.2142362928106673,0.9731297464597799,0.20468654944783182,0.43909619535718675,0.06208685767792524,0.4511324110485262,0.21768423489161914,0.43641741644768517,-0.20721664102304566,0.9689683062689652,0.20520200402963745,0.4431011137508214,0.07263047319082992,0.46399259567260775,0.21625281231743965,0.4383480790115541,-0.1887690772612891,0.9543328086535143,0.16992907226085674,0.6759816578456339,0.06110384084639099,0.9985482181821558,0.16877179983116344,0.6752823676381797,-0.06113155523226379,0.9982180141267329,0.16748033463954937,0.7693962199347366,0.07642191861357014,0.24000669661022386,0.16485109286648897,0.7740930063383926,-0.04333507908242093,0.9010599283945,0.15665072202682506,0.8579825560251878,0.12137446446078172,0.3692428299358915,0.1556704321077893,0.8679101665814724,-0.01241466901930316,0.9344486849648619,0.1508707893746241,0.8676762836320066,0.12373565811486481,0.5192460474513829,0.15015309694267465,0.8772127174195796,-0.011651897814036133,0.9170473984309612,0.17061774503617072,0.8885414543605993,0.09617851071414502,0.573891313303085,0.17143439395087118,0.9005230693590079,-0.05740065198569075,0.9262061573210223
104,1733.3,0.1847339329265414,0.5176742502621245,-0.016828162706501438,0.9991917070888345,0.18154465868359532,0.513683500744048,-0.013434304318036008,0.9989536801973986,0.18109657792817993,0.5140432715415958,-0.013492697084854765,0.9983650502704445,0.18060088370527552,0.5142490494818919,-0.013549654012812044,0.9989894571758459,0.18113947198504507,0.5133936745779859,-0.026223312752942263,0.9993276681218836,0.18041638107526883,0.5135619044303898,-0.026229691514301885,0.9992057908149,0.17961147640432643,0.5136588215827945,-0.02625163458287718,0.9994059290204738,0.17462100372427997,0.5203102685156327,0.02368315504420373,0.997980679784503,0.1739626058510373,0.5203699043818887,-0.05637836598214654,0.9992562418892277,0.18408896170911349,0.5257093395505636,-0.005145855336671787,0.998534614131565,0.18363538313479663,0.5249766906102502,-0.023103409003288992,0.9985707402229317,0.17140475979873127,0.5517466437248961,0.08103830793074204,0.9964360396067309,0.175949010820616,0.5418441494305932,-0.10657285437697464,0.9994260243007123,0.1943612872135073,0.5028710819426041,0.12946730710211263,0.23534471009458832,0.19788435669172394,0.4956660142966683,-0.17071728692168292,0.9929425063587377,0.20438452916485939,0.45564700450216056,0.07834763434671227,0.441385939007714,0.2135467153219951,0.44419703597114235,-0.18370489137513313,0.986137495154427,0.20432259993893775,0.44332394003868136,0.07223735217537204,0.4466994532517028,0.2163704931735994,0.4353083741097227,-0.20489514370759343,0.9745083848635363,0.20404657579603663,0.4414567791280295,0.05901965605361126,0.4495655823321573,0.21464496850967424,0.43285847277868394,-0.19879850248495753,0.9704127850986669,0.20477359706447254,0.4455190854413172,0.06923873474200572,0.4634591057187038,0.21384828715097354,0.4357860954034899,-0.1811974630469369,0.9560440835498635,0.17061758963834683,0.6758898638543633,0.06141670615900135,0.9984971114567355,0.16929774057297492,0.6748432062921075,-0.06143290709171981,0.9981591077077965,0.16769560107163034,0.7680870890617376,0.07285975948685697,0.23729966935657337,0.16513084655716315,0.772928382669177,-0.04763727918976833,0.9050580575352629,0.15723773553257908,0.8573660708609088,0.11216845434336442,0.3624417171591807,0.15640637065683105,0.8677842077754798,-0.01956883520774899,0.9364195749873213,0.15158710025605715,0.8670236950828922,0.11387517835412714,0.5180797378222152,0.15083563469705139,0.8769090289161325,-0.019298395962410043,0.9219397448358089,0.17080777741613853,0.8888327167147688,0.08730742725588032,0.5626343999590196,0.1716195352020719,0.9008695114226575,-0.0662221324940523,0.9266874449593687
105,1750.0,0.18502230161712296,0.5187396492276877,-0.012394310995226823,0.9991297835395456,0.18180274466673546,0.5142550723893305,-0.007991208428783082,0.9988841017087309,0.18134568844522764,0.5145449439684554,-0.008032522557879848,0.9982481939452041,0.1808338740042279,0.5146828407333015,-0.008066611292417212,0.9989356994628913,0.18137462437152874,0.5139409984861105,-0.02234091104141305,0.9992748782748275,0.18063349950881247,0.5140259265899662,-0.022338028642393308,0.9991369219053365,0.17981672286987319,0.5140457266852974,-0.022355945692175926,0.9993578025272922,0.17480534315109264,0.5205537960642863,0.02871955514308954,0.9978601393245522,0.17422606192884005,0.5205040517307467,-0.054603474658160026,0.9991595603170857,0.1843119419756391,0.5262651216416135,-0.00017813087574073284,0.9984386903899063,0.18381623285157353,0.5257034443673637,-0.020162750789452184,0.9984586891673867,0.17161260474295856,0.552456066721962,0.08221528182427094,0.9959993844940557,0.17572259690080383,0.5425787624858679,-0.10579586135489608,0.9993372332482118,0.19397803502423439,0.5022765880539308,0.1257955566758202,0.22313562035560625,0.19719151797748763,0.4964207354046053,-0.16779833890142906,0.9931997344607406,0.20397650556904942,0.454464571816581,0.07289447599933266,0.4309748624052323,0.21108367045720433,0.4431876384076621,-0.17848708870865063,0.98659915867306,0.20357719063758867,0.4415591884227029,0.06600496208383928,0.44008773139544927,0.21288107974188683,0.43271640652702,-0.19873357599689861,0.9754789443243125,0.20362185225600302,0.4414290785789493,0.05376394891313148,0.44316872954368625,0.2111245819500516,0.4308852865582424,-0.1938771704832714,0.971374378317879,0.20435923196020594,0.4455028204690845,0.06402506679296498,0.45798242517880067,0.21113085108143959,0.4344059626261396,-0.176396029336112,0.957043267431714,0.1711118476731438,0.6760199297042125,0.061273550703412054,0.9984162506603067,0.16968894998232537,0.6747964535440722,-0.061282141400235086,0.998057703177135,0.1678463923079628,0.7677012767110558,0.06942773184606012,0.2313009521790915,0.1654842346906663,0.7724154875392011,-0.05228150139252348,0.9076081741423841,0.15755365221273343,0.8575553695360826,0.10326660921176284,0.3511069871130446,0.15695300130617063,0.8678996704873592,-0.026336599983984535,0.9371453977766497,0.1520347169467382,0.8670184413592026,0.10428881538765779,0.5112030974456245,0.15126241814522529,0.8768564065297451,-0.02646719185369357,0.9255910090037762,0.170916755284582,0.8894251130876093,0.0776653857458206,0.5469880331130259,0.17168109615643834,0.90120412906011,-0.07492834365084064,0.9257486405826757
106,1766.7,0.18549814394542163,0.5198144117991133,-0.008087465628272016,0.9990654275530868,0.1822180712506886,0.514841457207998,-0.00249711289403162,0.998815746534439,0.18174812055769435,0.5150752067565922,-0.0025182480901657133,0.9981301483653848,0.18122069750513362,0.5151770938010447,-0.002525137438039696,0.9988820808274412,0.18177955987907604,0.5145252091544019,-0.018568446992763464,0.999222017469861,0.1810214420159659,0.5145440839585808,-0.018557352989557255,0.9990684276535404,0.18019807196798793,0.5145089626312259,-0.018572855208601285,0.9993113506407972,0.1751404390448617,0.5209293876375475,0.03330282636341597,0.9977473616600043,0.1747108932052341,0.5206524275598076,-0.0526482537388802,0.9990703889301852,0.18468020572548832,0.5268564195860004,0.0049025493984421135,0.998337802432833,0.1841614466337932,0.5264122031983879,-0.017209952475414403,0.9983411573228389,0.1717418290319898,0.553446573870523,0.08344452686253054,0.9955603196507415,0.17556288199765355,0.543123685178303,-0.10453718297538311,0.9992456805138368,0.19339595664115194,0.5029428005218509,0.12644055698599144,0.2103706456366041,0.19681332863512507,0.49650350638798346,-0.16781034143198115,0.9933658611206788,0.20320266130424694,0.45585001508394907,0.07290445942254299,0.4173115860848203,0.20892810608659484,0.44444481957526466,-0.18003282092866457,0.9869232915696651,0.20264824586255226,0.44274490078290335,0.06591393337363294,0.43065413123085416,0.21005708901655123,0.43210356008438866,-0.19995479924338216,0.9762269428798137,0.20294414389701132,0.4421629650252209,0.05351010621303608,0.4338694527035671,0.20852467133885355,0.4307657466048289,-0.19527383574417673,0.9720802250362585,0.20374688293252685,0.4466435937654408,0.06398684850760873,0.4494620958964033,0.2088934495335535,0.434932575339363,-0.17796205197061823,0.9576744068236586,0.1710634224471593,0.676272278740293,0.0611504550491061,0.9983206079119735,0.17012885780561549,0.6746376667703906,-0.06115423604136427,0.9979367000716081,0.16793865107354677,0.7679105684870771,0.06623180352506187,0.22380424113500702,0.16585392611367372,0.7722465935207554,-0.05631324240849136,0.9088754966145476,0.15769040016900937,0.8580359816551215,0.09592540526673915,0.33729224829446725,0.15734096722943453,0.8680855291230345,-0.03389479858534679,0.9367214299383624,0.15227013755412339,0.8676300900323057,0.0964286753109524,0.5010679392587575,0.15148181645643155,0.8771562207312817,-0.03436178368117131,0.9282890160878506,0.17088550045376744,0.8902818134852823,0.06954622197718852,0.5284688061191927,0.17172954905600787,0.9016621425038299,-0.08302411667647822,0.9234863122304287
107,1783.3,0.18593002784819845,0.5207054075740636,-0.004619081238550803,0.9990450995309019,0.18262686686856416,0.515254358450572,0.0016295142870928576,0.9988045976275497,0.18215123457568044,0.515440146128337,0.0016163710249765305,0.9980973289126449,0.18162058648608992,0.5155199198495778,0.00162038991471664,0.9988770513307488,0.18216852347056084,0.5149648530142652,-0.015318716477070546,0.9992086262930014,0.18139081696669274,0.5149395295551848,-0.015302962047003576,0.9990492236046571,0.1805575773829507,0.5148730505080454,-0.015317931505186228,0.9993035623005466,0.1755348145961763,0.5211749956721354,0.03733574315195995,0.9977381853830254,0.17518485089143132,0.5207666101909822,-0.050207907067877935,0.9990437541689199,0.18499381485439495,0.5275395881562011,0.008757435361899086,0.9983032402538125,0.18445545080162243,0.5271579225858056,-0.014391156401307819,0.9982923098972873,0.17183327461992004,0.5548828130676637,0.08601008071785887,0.9951928002493728,0.17543944787411475,0.5436389304342728,-0.1027628502675466,0.9991763290904825,0.19282203912735002,0.5046552958942598,0.12911279073783338,0.19790475921971473,0.19652148371651074,0.49676213661829666,-0.17057226030599515,0.9934441418874839,0.2023690066167288,0.45800999374616747,0.0777709285418193,0.4045949521518892,0.20655495566981197,0.4457750788756783,-0.18803061261063544,0.9871649628593816,0.20200193708851238,0.4449797031425297,0.07131698763086688,0.4220131678240643,0.2074645516418277,0.4322533706823988,-0.20863555513677157,0.9768611533301225,0.2023107693308877,0.4447001232987362,0.058414822710411936,0.42537814236822613,0.2060304198946273,0.431440448477155,-0.20360702560061517,0.9726555205526812,0.20304761543160407,0.44867439639000695,0.06887615578515194,0.4415627661205477,0.2063287163064595,0.43549902808098595,-0.18593483666578942,0.9581478209722616,0.17102058728535985,0.6771386322521032,0.061308088047163874,0.9982515630267922,0.17055891667093562,0.6751103032202952,-0.06131010786408474,0.9978568071410777,0.16798933559939988,0.7687978687740513,0.06644915682928908,0.21770457284791145,0.16603849615369537,0.7729789699826928,-0.05839935335375018,0.9099821164494476,0.15772550730478208,0.8586299447786246,0.09607173254092541,0.3260886427902042,0.1574538605553764,0.8684813493774057,-0.03715868835293114,0.9362196496554791,0.15232220434007201,0.8687658593768172,0.09655347501947772,0.4931970423176179,0.15146044606254225,0.8780095094726206,-0.037606524214858134,0.9306513071060187,0.1708507055328007,0.8910701501937146,0.06907420002278833,0.5129946200620564,0.171812361194974,0.9022733711061031,-0.08730938214631315,0.9213220704169507
108,1800.0,0.18625892769722724,0.5215762768472948,-0.003675681627577262,0.9989546452249807,0.1829255301327934,0.5158110658327743,0.003362436861997207,0.9987181680543089,0.1824464592195694,0.5159601853007365,0.0033547319471836116,0.9979578937803004,0.18191723383608333,0.5160192478270762,0.003365442223314731,0.9988099790754779,0.18245955804983788,0.5155805462882636,-0.014832085220231907,0.9991386021886561,0.1816688541855132,0.5155568491844907,-0.014809647885461658,0.9989602367083238,0.18082850603830258,0.5154888573147005,-0.014822769289215415,0.9992389111291802,0.1758809742473422,0.5215892678215394,0.03886666308556287,0.9976245335170209,0.1755395361355374,0.5211676529475625,-0.050563744845844485,0.9989425908951539,0.18526132688635885,0.5282644374029981,0.01034316036938912,0.9981800033932648,0.1847020792109627,0.5279470568611512,-0.014291901451845973,0.9981385668118802,0.1719172483398802,0.5558084363029121,0.08639799164874219,0.9947573116847455,0.17532326493944453,0.544351731027876,-0.10325150156304957,0.9990681722050628,0.19228000938892378,0.5049861073493961,0.1301788141330084,0.1858331355310623,0.19617549720264632,0.4972812547570187,-0.17380858319146306,0.9934399865922481,0.201555635957491,0.4584417243798577,0.07641417373503963,0.3905201114359359,0.20452910661697404,0.4465635887214119,-0.19151921996048532,0.9870906500589287,0.20141565444923598,0.4444012741247816,0.0695585812486354,0.4117109605244231,0.20536983296984732,0.43238774083909565,-0.2123066108851207,0.9770218162309563,0.20167181037721194,0.44398494135765837,0.05658113743577688,0.4152000801903864,0.20370172035126471,0.4311391668660304,-0.2073019764253073,0.9726633287611469,0.20230533111663107,0.4486606078488489,0.06735577044032874,0.4319109774771194,0.20410407370045086,0.4354733498323534,-0.18943751355012273,0.957811857972827,0.1709318537087669,0.6778963151432225,0.061723473348787895,0.9981868522507812,0.17086208718163637,0.6756041277022594,-0.061724486450354304,0.9977696396055683,0.16802578454925912,0.7696893669310076,0.06771611564216165,0.2120030160461155,0.16618109742800408,0.773498396078746,-0.058577930998234565,0.9113244329180044,0.15763703343414137,0.8589991104035157,0.0993233908499991,0.3156644758724033,0.15738447932969968,0.8686628937721259,-0.036787517368793515,0.9359770814577745,0.15219516981215714,0.869411448637645,0.10004829970144097,0.48586859731447163,0.15136076084205094,0.8784945777484354,-0.03698897867330486,0.9330491962886999,0.17080081928344013,0.8915343085924791,0.07162680512382875,0.4986865236645657,0.17188567490804774,0.9026739739236385,-0.08648251068024415,0.9196158193406611
109,1816.7,0.18647212215832315,0.5220028218768895,-0.0068171517923474355,0.9987212022145597,0.18313011598019385,0.5161349347659523,0.0003674943665308616,0.998460565294539,0.1826507442054296,0.5162810740016759,0.0003592567795532803,0.9975601236025499,0.18212371851716735,0.5163386975015916,0.0003703786004778179,0.998598774274191,0.1826527473472415,0.5159152831350058,-0.01828681455836411,0.9989459230786285,0.1818501140390125,0.5159077843030297,-0.01826253364838306,0.9987181850842074,0.18100186047099898,0.5158393439792455,-0.018275984518584764,0.9990572673933853,0.17612805891604663,0.521875049386706,0.03630691855436283,0.9972395471164165,0.17576184868812572,0.5214772508257915,-0.05390886873716404,0.9986679298537124,0.1854462027549745,0.5286949759437928,0.007608845874312383,0.9978795307023192,0.18485464368547727,0.5283769823255997,-0.017606291964295376,0.9977760910987862,0.1720055242379508,0.5558903217315678,0.08405360082785295,0.9941660534767884,0.17515448161533914,0.5449703137079879,-0.10558605442444491,0.998893320560456,0.19196235069206796,0.504570943968637,0.12901585229805546,0.17403087587583646,0.1956165596133188,0.4978133014270241,-0.17771738058044811,0.993344377903712,0.20099671397890378,0.4571888560340521,0.07176584537540168,0.3740544120470686,0.20282152224154715,0.4463347423644296,-0.19361294451214034,0.986657653536116,0.20114711281799147,0.4430056895528524,0.06390908307262834,0.3983037755602885,0.20398657591570007,0.4325143070448016,-0.21449351239772085,0.9766049555369793,0.2013054007575627,0.4421836364836923,0.05055683638368338,0.40191829914138455,0.202329137495586,0.43074142507144414,-0.20956051988261104,0.9719733624231254,0.2017579554092318,0.4472458589644663,0.06221983262470795,0.4192214480468208,0.2025634014890309,0.4349142469110946,-0.1915623134090788,0.9564400797798527,0.17108501281057098,0.6785418107396086,0.061957154068208925,0.9981056253115344,0.17106843136605776,0.6762696760041378,-0.061957191853296234,0.997642553987958,0.16805049918946777,0.7704799572626755,0.06873301487593428,0.20656746767816103,0.16628457605838787,0.7741418566022606,-0.05787152051925663,0.9121321837107347,0.1575096668232056,0.8593408862749741,0.103172011318661,0.3061522940794629,0.1572571929012027,0.8689791929154175,-0.03179636154146424,0.9356651561600827,0.15203483686560687,0.8698728879292812,0.10431256003323064,0.4785873861539935,0.15118761431603217,0.8790962327094312,-0.0315500693839221,0.935141114961534,0.170607436270941,0.8917550472986137,0.07535835958662493,0.48555581484522176,0.171887856863794,0.9030156135559089,-0.08307537365527387,0.9180065705662689
110,1833.3,0.1864449623085205,0.5222939025788084,-0.009855744983291349,0.9983808596928923,0.18313352408863262,0.5164785668963481,-0.0023856927042028753,0.9980736828985675,0.18266197968096975,0.5166391928990686,-0.002391953522982521,0.9969618036633453,0.18214169002714625,0.5167057826405483,-0.0023761497646947187,0.9982762166431979,0.18263793062596106,0.5162859190078013,-0.0215378830298072,0.9986637206304648,0.1818313662494933,0.516319158531371,-0.021512588840864967,0.9983631258919132,0.18097678607418438,0.516285354182834,-0.02152521322880474,0.9987916974794304,0.17619597344171445,0.5223207445371723,0.033999621513344014,0.9966357066517793,0.17578822303385977,0.5220743985403156,-0.056429249899728,0.9982693621090488,0.1854430266789029,0.5290592483111793,0.004953618261164856,0.9974211965288442,0.1848264499789194,0.5287512171836131,-0.020698460351143578,0.9972416247640344,0.17207973202069612,0.5559888084729516,0.0810252474177452,0.9934624092919493,0.17502732433023918,0.5455714861551925,-0.1073766340102469,0.998672627267384,0.19156536601838625,0.5043276236170817,0.12573033429327474,0.16331317949862717,0.19497289118312666,0.4981998787039805,-0.1750368341093973,0.9932096316700898,0.2004090256634214,0.4552467252526968,0.06541639974429497,0.35727580956050353,0.20165399284589874,0.4458211702959881,-0.18446717588674466,0.9859885119256526,0.20091616539728088,0.44084290379569674,0.05667338076801531,0.38374521476881873,0.20337911304973433,0.4328113070556099,-0.20443687126750051,0.9757792864527028,0.20092619813623896,0.4398106946831661,0.0429592650561106,0.38746936122576425,0.20170146014009216,0.4307881324064167,-0.19992926787762427,0.9708077510197965,0.2011692921320599,0.4454131694067095,0.055474243703342654,0.4053639088358201,0.20175237385999603,0.43492704346066463,-0.18244648547399622,0.9543864130973823,0.1711896218004682,0.678883416312082,0.06189716625071711,0.9980192326364069,0.17129301102388483,0.6766214342344379,-0.061896724182935035,0.9974891429855717,0.16808591073467627,0.7707100538980398,0.06970849633216863,0.20124042530854558,0.16640913628396545,0.7740314347403395,-0.05743618770724255,0.9126328684034808,0.15740151064736513,0.8595673299971087,0.10575545082489657,0.2971233682973047,0.15715572521800097,0.8692018219402864,-0.028223669777313887,0.9350396763710755,0.15189248891103846,0.8701224213554752,0.10706555027337308,0.47151503960291574,0.15104779530139206,0.879370720613571,-0.027646317545856766,0.9367509001777292,0.17041622244176424,0.8918034973598669,0.07778684120802659,0.4728255385444281,0.17183228120917377,0.903062664327168,-0.08041090589194076,0.9161648977370496
111,1850.0,0.18644222475233546,0.5226009686787927,-0.011808627462458051,0.9979813893636076,0.18316275874773674,0.5168306089582901,-0.004165167465717313,0.9976130440121612,0.18269645245302302,0.5170044530005686,-0.004169112948667527,0.9962495480264943,0.18217933958485028,0.5170826202347168,-0.004148645662575121,0.9978902311552146,0.18264008703685955,0.5166475205194386,-0.023753176487627498,0.9983304370017286,0.18182066934449342,0.5167089104652409,-0.023726551660469615,0.9979466483706527,0.18095187275182645,0.516702200685229,-0.023739943369513482,0.9984819434937984,0.17626295132296438,0.5227188893726897,0.032583140901156854,0.9958926723116928,0.175805918517567,0.522563979739235,-0.05864191356868975,0.9978054847036096,0.18547296382132045,0.5293778663589844,0.0032106612897699807,0.9968457988330304,0.18482576452550448,0.5290919485546297,-0.022818789152162434,0.9965902964274096,0.17216171182337275,0.5560677761123298,0.07887559206712819,0.9927266722633732,0.17491331980341968,0.5460359454154973,-0.10883038349094853,0.9984399137042825,0.1913525873706456,0.5038950159436184,0.12379717684927449,0.153320610523224,0.1944632948864075,0.4980605429127106,-0.17312935704276688,0.9930951992670702,0.20012304257778907,0.45389197411991333,0.06198356903734666,0.3404684918267389,0.20103398249262872,0.44440486459505024,-0.1776941716670991,0.985340819472359,0.20105728294168212,0.4401650428771976,0.05282704727280711,0.3687381786959515,0.20332477915854696,0.4329203977471309,-0.1969671618370784,0.9749665118399127,0.2008304744958879,0.4391236830325357,0.03864416728417082,0.3725357325304125,0.20162178079287224,0.43097758151236065,-0.19282155945187537,0.9696869367644907,0.20088680088520067,0.4443640127068477,0.05174076752293681,0.39110562205314664,0.20150611088389456,0.4347216430164522,-0.17567811196758648,0.9524124803997229,0.1713023575998489,0.6790914450372973,0.061889522487209,0.9979137636366352,0.1713280273335322,0.676911714531127,-0.06188682147434785,0.9973053449676157,0.16813488446530853,0.7707295105570844,0.0698403751566297,0.19630497623057608,0.16651387015978508,0.7737662593523666,-0.057224430853412306,0.9129067574228567,0.15732531036649444,0.8597646327245809,0.10649416347344724,0.28844723247346443,0.15706096447649467,0.869385943526314,-0.025924163116585658,0.9342836794399086,0.15177278149695633,0.8702666901406794,0.10785442129487091,0.4645898625964214,0.1509240610258921,0.8795065425691158,-0.02524359799211935,0.9381280257588347,0.17020174293291013,0.8919055348350895,0.07857111202819012,0.46066956434931106,0.17177889957314457,0.9031702280044562,-0.07842754927419487,0.9143822107996267
112,1866.7,0.1864690212976366,0.5226410088084996,-0.01156987342983485,0.9976453071548833,0.18320963496253617,0.5169026738121401,-0.0038789864407763625,0.9972371572539926,0.18275112410386418,0.5170879136948362,-0.0038807661455523786,0.995658599195027,0.1822346349557242,0.517181197802226,-0.003857363876055131,0.9975738922754931,0.18266504648185927,0.5167502647354493,-0.023582287221437424,0.9980568091074633,0.18183635813849325,0.516843452340081,-0.02355624362826349,0.9976006292161494,0.18095405115967717,0.5168681939442956,-0.023571188960756592,0.9982302926835567,0.1763375131856829,0.5228861456825624,0.03286850984607426,0.9952694660141362,0.17585882970264993,0.5227677822113042,-0.05872416691411114,0.9974235438165218,0.18551887855643331,0.5294011802900409,0.0034542959294326277,0.9963443506331678,0.18485193593161459,0.5291545305933275,-0.022650413658647325,0.9960276399339956,0.1722080991381692,0.5563057121776404,0.07827585545324149,0.9921127557754523,0.17484081642968327,0.546198632035937,-0.10861577803180339,0.9982489063626251,0.19115068657057638,0.5039405879520238,0.12341037818363744,0.14441517421177466,0.19415617272967398,0.4977423988637474,-0.16974324271792468,0.9930294780504143,0.19980641986642578,0.45372248547417815,0.06328242999457181,0.3266239804880962,0.20064471236297077,0.44354063414392053,-0.17265164639268615,0.9849564262798861,0.2011609276135764,0.4406046441623146,0.0544727675261952,0.35679091300283183,0.20329261038984586,0.43296617695263484,-0.19146636128425612,0.9745225395475123,0.20070521675405062,0.43983537952105234,0.04016112128183959,0.36067803842680823,0.20164549776486002,0.4311734948839463,-0.18762196387563448,0.9690471036093583,0.20061496396859502,0.4443113108476006,0.05314411382590025,0.3798678105785736,0.20136051873366054,0.43474217681657734,-0.1706722832861402,0.9512107741265077,0.17123932852631535,0.6792019946234571,0.061856873865638505,0.9978245241301407,0.17161100464207799,0.6769706862313412,-0.06185368732327511,0.9971501202810387,0.16816189743223656,0.7707564859163198,0.06935771874019084,0.19147269356818442,0.16664175831136263,0.7734034146581383,-0.05677991360425953,0.9121284286181139,0.15726539350691307,0.8598502477010097,0.10575801063151594,0.28008826431773975,0.1569888364701045,0.8695020476977036,-0.024937628191851448,0.9327104829606562,0.15167219369184415,0.8702963335173477,0.10712691112643205,0.45805716798419077,0.15084648487113783,0.879531729789008,-0.024310910364701652,0.9388965595336194,0.16995567863895794,0.8920802445638754,0.0786213527123134,0.44872990250587497,0.1717116896595275,0.9031908398582829,-0.07650465660151987,0.9118095522835148
113,1883.3,0.18657845329670691,0.5227291896229702,-0.008559931169397073,0.9974411073185155,0.18336250526564474,0.5169506129764379,-0.0009033778305387221,0.9970142784572791,0.1828951920781818,0.5171293644678029,-0.0009032869780813129,0.995298365751903,0.1823737890947434,0.5172272381328404,-0.0008798138400639547,0.9973864441826237,0.18278657822381894,0.5167932340076995,-0.020613603426941816,0.9978926238559548,0.18193069384211596,0.5168742054984687,-0.020588393012682612,0.9973928417478296,0.18102368002846142,0.5168881444703969,-0.020605327251056845,0.9980875594275346,0.17644529257501887,0.5228840453284131,0.035351088536637196,0.9948668167704635,0.17593395639033557,0.5226453315644041,-0.05661793567595032,0.9972017889931096,0.1856063661121188,0.5294270430292406,0.0063328875361808755,0.995985925197602,0.18492094959531524,0.5292125968706044,-0.019810418554005182,0.9956382740111587,0.17218642788273958,0.5564688756352383,0.0804315035541853,0.9917232337452123,0.17480551557881505,0.5459246834119165,-0.10693931934379403,0.9981349082220174,0.191083583093825,0.5035544946080166,0.12381140674863551,0.13660120893092392,0.19403180976708745,0.4970318419592725,-0.1660010027033943,0.9929757118225104,0.1996463381108785,0.45353787569772663,0.06745820563463942,0.3155055627936411,0.20052401721477522,0.44289558700152837,-0.16958207246803114,0.9848101422900253,0.20119833023775205,0.4407808269773214,0.059614327337060694,0.3477804604030793,0.2033145122584844,0.43232866695949046,-0.18819184033643643,0.9744624183291487,0.2006426850954693,0.44015569913954994,0.04605068159954892,0.35172784754208186,0.20167890120120288,0.43088655812399757,-0.18426562987622774,0.968896857329778,0.20049926212855762,0.4442725919541861,0.05796838463062336,0.37149079640706406,0.20132146279017143,0.4344132272970112,-0.1675320239294144,0.9507640685353967,0.17115742535818204,0.6792789129983816,0.061931997715007736,0.9977581075259625,0.17196676064105273,0.676864536035629,-0.06192997949463985,0.99703449862344,0.16816753645737978,0.7708825383867541,0.06953676541646327,0.18610219870294858,0.16675624464239408,0.7731986783799676,-0.05682490712830003,0.9101970479601913,0.15721885789008377,0.8600722721644816,0.1055229774543218,0.2711957622142067,0.15693124986830223,0.8696318524224425,-0.0256438491245111,0.9303265128816884,0.15158625230902728,0.8705978649003171,0.10686060112147111,0.45105425658680176,0.15080570394084578,0.8796881494067971,-0.025026351213455218,0.939357411293757,0.1698167494365148,0.8923508553277885,0.07892491242715297,0.4358744450977874,0.17166522925808328,0.9032068848609931,-0.07574560457751871,0.9083591642833898
114,1900.0,0.18671454489231123,0.5229314026378453,-0.0039109856145279065,0.997359508559818,0.1835344086090725,0.517080610706693,0.003859111174408881,0.9969365426472262,0.18304388154120688,0.5172513098943805,0.003860205608708343,0.995173701218197,0.18250939249992384,0.51735266049703,0.0038834998004382416,0.997327109177908,0.18293526201021115,0.5168988846597221,-0.015769417131585743,0.9978271978242064,0.18205036364850558,0.51695439077559,-0.015745369185294435,0.9973114700544455,0.18111889206227816,0.5169441955430171,-0.0157636877238041,0.9980364867619114,0.1765122740041643,0.5229210711660843,0.0394013036219847,0.9947087424142027,0.1759838163852693,0.5225181068692892,-0.05212332237334483,0.9971252282460539,0.1857039495593027,0.5295921280270535,0.010822687464367074,0.9957885969252821,0.1849997795763471,0.5293836281413127,-0.015277594061834484,0.995429544221788,0.1721273646468209,0.5566159969284425,0.08339582419111621,0.9915662549790889,0.17476128041744243,0.5455866030284341,-0.10374462001380474,0.9980778750919167,0.19104040236700165,0.5027167768705463,0.12459628390414383,0.1302845637713161,0.1940316451447352,0.49642695841335155,-0.15979960702714477,0.9929422054971975,0.19953675993851266,0.45307665069898007,0.0674426803986232,0.30646428749674864,0.20062775484153217,0.4427282086440498,-0.160972616502217,0.9846478189740869,0.20115509274460036,0.44024021284920856,0.0598083761121546,0.3406790225278766,0.20342470279761737,0.43206248538834735,-0.17872397743520296,0.9743823238781527,0.20066630059764512,0.4396302742617474,0.04711256495543892,0.34462843196732684,0.2017540349846796,0.4310404672509151,-0.17492821174008516,0.9687347979772666,0.2005078012035008,0.4438752432664238,0.058429219893046835,0.3648479921477184,0.2013934765543258,0.4347094595432285,-0.15886515095120396,0.9503926237424222,0.17121726700237833,0.6793024284499036,0.06192270098697576,0.9977151269004465,0.17217325454666516,0.6766151133037754,-0.06192209057155114,0.996958343755632,0.1681666700612932,0.7710593030566266,0.06778506207324214,0.1797860520226616,0.1668621088777271,0.7730501776649844,-0.057976280117318785,0.9078681270281481,0.1571761639345261,0.8604071225438805,0.09981379232236323,0.2612593642302924,0.15687043893904923,0.8698059065001358,-0.03014783552359969,0.9271919642175954,0.15152275207496835,0.8711214235850749,0.10068730939002271,0.4424054154327941,0.15077280643440438,0.879936609949385,-0.029766176782903237,0.9394186820302697,0.1697999402171091,0.8927610658463985,0.07310537692336816,0.42196228532564106,0.17164843281110143,0.9032389947346284,-0.07857764583258407,0.90425003142584
115,1916.7,0.18684778185117826,0.5224197506904606,-0.0009532360736990264,0.997344939481645,0.1837032366366615,0.5167688840911506,0.007131828056160543,0.996921292373113,0.18319648504257216,0.5169588440940498,0.0071354177877462205,0.9951520846003585,0.18265692322027127,0.5170800004686632,0.0071578349362382545,0.9973208989415858,0.18307033890769608,0.5165555505525502,-0.012653879510859656,0.9978115161259977,0.18215331293287745,0.5166201903706509,-0.01262960121745156,0.9972976077170606,0.1811941805339996,0.516615226155236,-0.012647333377528767,0.9980325131189263,0.17660065633910055,0.5226901570955915,0.04258212198813759,0.9946820764314568,0.17597374461946047,0.5222041237921946,-0.048883998500449354,0.9971244533856718,0.18583093157836383,0.5291226619765876,0.013937016328175872,0.9957221263930918,0.1850797526893163,0.5288736280940831,-0.012385655726705289,0.9953597556977052,0.1724048157533011,0.5562113977613907,0.086068729204791,0.9915383032390057,0.1746521428937005,0.5452805643989931,-0.10215397356521523,0.9980617903527766,0.19130867861566103,0.5017910372643247,0.12481543563661131,0.1254574365559079,0.19397855230740152,0.4965160985787713,-0.15808231986704338,0.9929534792900092,0.19978823832103199,0.45282952416510847,0.06826885683195935,0.2980850608575914,0.20069408842495523,0.44345994364647673,-0.15873372554779064,0.9845594508307328,0.20137960924988715,0.4400447635423572,0.06081820722846762,0.3333487397148498,0.20348074393613014,0.43224650479498394,-0.17636394997437807,0.9743696763401947,0.20082157211644325,0.4390186383610683,0.04890642439325654,0.33728291023345247,0.2017880479494732,0.43132521708806393,-0.17249402261915675,0.9686558530444198,0.2006475095238006,0.44363392534710144,0.05957301049715001,0.3580402362914315,0.20144226508481178,0.4354621115184969,-0.15660917829899573,0.9501771557898755,0.17169687222866797,0.6793463485581539,0.06176184525802027,0.9977019003459392,0.17216317071801152,0.6764697148686368,-0.061761960032440416,0.9969268157368623,0.16816777345680067,0.7713156228973757,0.06489402375050958,0.17377039009616502,0.16692314971060992,0.7731760683513829,-0.05948805170399807,0.9055481467928211,0.1571339255287535,0.8607509192966286,0.09248855426197966,0.2520599755502884,0.15682860499336618,0.8700270851453151,-0.03516567986281148,0.9238824049631762,0.15149861645130894,0.8716747647240055,0.09286758835826608,0.43388899451210416,0.15079822710582197,0.8802704215049749,-0.03489453292318755,0.9391271557126732,0.1697823632331123,0.8932939342090067,0.06396232279283665,0.4089768046424505,0.17164417533647458,0.9032865109897801,-0.08266017408598043,0.9000692339170553
116,1933.3,0.1869430094957353,0.5218398088500618,-0.0013590741048877446,0.9973726300966179,0.18386266628901177,0.5164639467284797,0.006923229502890973,0.9969397243999306,0.18335434226762692,0.5166672184353787,0.0069292452868207274,0.9951775301070448,0.18283753026099447,0.5167965917360219,0.00695119394194557,0.9973347896621347,0.18318962270305283,0.5162428106580466,-0.01299818121783791,0.997830169541496,0.1822481595334554,0.5163320757093888,-0.012974610020007415,0.9973304981277109,0.18126752759729126,0.5163449900490901,-0.012989500759258166,0.9980609019597378,0.1767547286692121,0.522403316838401,0.04327917365091191,0.9947047517413192,0.1759636061532158,0.5219607778957915,-0.04835816100239757,0.997173590319498,0.1859146697180613,0.528567180747078,0.013817755860232182,0.9957353841690797,0.1851155736616681,0.5282876633462456,-0.012615013335432334,0.9953854367846542,0.17279620113826946,0.5554787431444445,0.08765586430118205,0.9915591932478414,0.17450981622650524,0.5450901672953654,-0.10258557647466666,0.9980732457978392,0.1916124991008215,0.5016112355958852,0.1251183638260479,0.1211397513037637,0.1938848161981221,0.49739934574990086,-0.16290116522993373,0.9930527522450409,0.20014237647964855,0.4528918181146898,0.06901571686778754,0.2908106275967191,0.20075947897774848,0.4444333002680827,-0.16704544779800246,0.9847018718719489,0.2016787890877044,0.4402931602228259,0.0615004348967757,0.3268008473373597,0.20351923434507294,0.4329608494327185,-0.1856098260198322,0.9746814710753311,0.20111983943553213,0.4388374076003123,0.04963838362268043,0.3307416765462787,0.2018278652713414,0.43203578250748803,-0.18141766885916405,0.9689875926290247,0.2008671661218009,0.44371541057314223,0.060261668548697564,0.3520439778055466,0.20150581144151247,0.4363109426839014,-0.16491929902916874,0.950568011828832,0.17229068705013834,0.6792977310362321,0.06172454002357669,0.9976982559476587,0.17205493081183673,0.676367322603862,-0.061725442962987126,0.9969121047428683,0.16817454284145733,0.7714339409555713,0.06325169918792593,0.17058582107226067,0.16697996216160924,0.773162702719371,-0.06064349271002274,0.9049709127062849,0.15709397196769725,0.8608930281230387,0.08973989422832224,0.24618473507109162,0.15682881006172736,0.8701259919575288,-0.03830696828663352,0.9221942595073161,0.15148539273511807,0.872064493951344,0.08997831174305514,0.42879576058614854,0.1508716841538748,0.880454199654716,-0.03793817465858802,0.9393416018713096,0.16977346369198404,0.8937178793407629,0.05887594198187196,0.40074829970087356,0.17167454248382946,0.9033456302824481,-0.08629506507090165,0.897833426793417
117,1950.0,0.18708362749644702,0.5210769630613785,-0.003761850624522641,0.9974370967774171,0.184088048480806,0.5160157027698702,0.004747194376596741,0.996994478361948,0.18361470670927152,0.5162529973756703,0.004756111635028255,0.9952580928802497,0.18309525506837043,0.5163989890189402,0.004778410923401163,0.997374477840606,0.18333192240624213,0.5157553809029719,-0.015491935867993615,0.9978796641031907,0.18235995301178537,0.5158769658633644,-0.01546759397855828,0.9974038771220624,0.18133751338436505,0.5159179511524385,-0.01547970086158742,0.9981159142085492,0.17700596863315232,0.5220148052488058,0.042489401109161856,0.9947894783247092,0.17594273246469966,0.5216394776389717,-0.05012354751427972,0.997261197794052,0.1860964723995755,0.5279094520069307,0.01190813559861411,0.9958174171901891,0.1852025900568282,0.5275684140977409,-0.014881747730431112,0.9954891346749812,0.17344921330610924,0.5548023638271155,0.08864047449259538,0.9916438346817387,0.17431334370658524,0.5448551319894341,-0.10477187378065934,0.9981119348889312,0.19227505368845818,0.5019119977951054,0.1276545226573945,0.11752666107245863,0.19379498845055004,0.49813787426267386,-0.1698397823742459,0.9932323240098507,0.2009127232290451,0.45388140564873136,0.07479265119348259,0.286485647871381,0.2008024326392584,0.4452129119918463,-0.17990567783514672,0.9851496389934001,0.20268382699716675,0.4413370759714221,0.06787308961862615,0.32288015456426733,0.20355901760714407,0.43379544076465454,-0.19970998593739114,0.9754381009510592,0.20188745146706005,0.4395414136704948,0.05548357324940822,0.3268866226786661,0.2018425563971203,0.43289041519165067,-0.1948563193991072,0.9698701444126319,0.2015145172675452,0.4444042827401845,0.06585102847644266,0.3487340807914736,0.20154952506224327,0.4370361538160418,-0.17771258311612279,0.9517762433914918,0.17315312084697554,0.6792127830641616,0.06171543754282456,0.9977086697305959,0.1717730760574342,0.6761722593080435,-0.061716056295803665,0.9969223453885041,0.168187025047484,0.7716312805811569,0.061796583235263866,0.1702550266470229,0.16700189170383284,0.7732132133983436,-0.06150600917282563,0.9056500111307424,0.1571115255355836,0.8612666470663894,0.08838123792693735,0.24354996070975365,0.15684289236863466,0.8702008582296832,-0.03998655488803276,0.921964781624931,0.15159855995859428,0.8724206515720919,0.08859743745554066,0.42730005582173697,0.15094935894012462,0.8805403113365179,-0.03956446867613568,0.9400244355201728,0.16991121215479726,0.894500925427392,0.055754786623375796,0.3970170304888773,0.1716792342208682,0.9035029922212879,-0.08897328483206893,0.8974464734395351
118,1966.7,0.18735853901931232,0.5205239909035823,-0.0055762839121078845,0.997564097245535,0.18447806083020724,0.5156482827095762,0.0028872959276971736,0.9971333429926925,0.18403566593215592,0.5159151099977042,0.002898823880102665,0.9954654318945756,0.18350966487612058,0.5160748163859052,0.002920631493907424,0.9974837104479479,0.1836330755835489,0.5153396697271442,-0.01735702134846223,0.9979878777549387,0.18262523909409856,0.5154766156559902,-0.017332543840720555,0.9975442744436726,0.18155768797511157,0.5155322267895657,-0.01734130093384358,0.9982192658242732,0.17737946978637165,0.521752998942421,0.041313643434218034,0.9950208408491958,0.17601505489576444,0.5213669850712734,-0.05105579076778324,0.9974131896382294,0.1863894036837988,0.5275007543109717,0.010363704170144747,0.9960260703450164,0.1853998239551273,0.527105598222642,-0.016429304455717417,0.9957236846288053,0.17412438350064424,0.5546901055744721,0.08921613402309879,0.9918133162316829,0.17413080732027703,0.5450192008699694,-0.10583238090787622,0.9981847944713782,0.1929723088230407,0.5035388583228706,0.13311753492979786,0.11521797769126446,0.19371640895094205,0.4991834433305835,-0.17508852339926234,0.9935055829229816,0.20204964138212672,0.45582121468725695,0.08690644020125987,0.28839166533379346,0.20082341063590292,0.4459219645886197,-0.19399987941696545,0.9859498512177247,0.20410902727217917,0.44311915692828985,0.08145059467781163,0.3252707563695456,0.2036024580399197,0.4346309772559578,-0.21518186586243782,0.9767047961552944,0.20313361145201198,0.4411619248844332,0.06819840112612366,0.32944538763591247,0.20189010245459432,0.4333641046569464,-0.20939469124589666,0.9713823227655327,0.202667975709552,0.4457286809171952,0.07787076578963376,0.35160615046819077,0.2015973975261054,0.43738830515316585,-0.19169846744764435,0.9539742753619246,0.1739313744363332,0.6792303266979404,0.06150676824507264,0.9977478015990492,0.17163205217747474,0.6760718680563431,-0.061506111529611454,0.9969894375119898,0.16821208809103297,0.7718785717373808,0.06066842253009483,0.17274331265971787,0.1670232280379251,0.7731815150805887,-0.061377792308727946,0.9073413837523694,0.15715348720550548,0.861692979222253,0.08794373947949644,0.24456472552958006,0.15687373635314772,0.8703651655287976,-0.04003460669801352,0.9231011072794602,0.1517589149020968,0.8726145908946089,0.08825431515773144,0.4302560005869187,0.15104970690749953,0.8805231196539749,-0.03972970995874635,0.9411743453570782,0.17017511952491043,0.8952749598593945,0.05523166007229264,0.39823589012736393,0.17170498200825296,0.9036924356505991,-0.0898175090551377,0.8986918443725229
119,1983.3,0.18773020023391374,0.5202107202439085,-0.00567480470497339,0.9977085533596228,0.18497480735892352,0.5153969015393942,0.002568021821345958,0.9972950276874368,0.18454083374568409,0.5156897505124414,0.0025819224538281577,0.9957117977596472,0.1840041464283354,0.5158694244566422,0.0026032520358317685,0.9976146334693552,0.18403526005290816,0.5150203562918167,-0.017514369583555643,0.9981088893754149,0.18297488064993012,0.5151476150467286,-0.01749086344525929,0.9976981367383692,0.18185612062613182,0.5151981086958026,-0.017498128071782148,0.9983315893581942,0.17778420803092787,0.5215627182097666,0.04097940967906093,0.9952858941895628,0.17614998420079564,0.5210233784857254,-0.05051973284710025,0.9975756378400901,0.18675989125456144,0.5273368642443707,0.010334930693109838,0.9962576684497658,0.18569511175155654,0.5268557923180721,-0.01626670923793601,0.9959828371093394,0.1746029208103817,0.5548472943760103,0.09062363171861292,0.9920681658245275,0.17401009230386655,0.54480368750436,-0.10539034754037864,0.9982822111674725,0.1936424282335101,0.505234831855411,0.13956357467742203,0.11440578067586543,0.1936641307104203,0.4993741228466946,-0.1769683971291498,0.9938269285928643,0.20337948345002688,0.4579759367874694,0.099035412427925,0.29554443699972993,0.20083770510696242,0.44600212006341877,-0.20218495598861164,0.986952395666214,0.20572708901904893,0.4450793394020629,0.09511909527438034,0.33285706951504684,0.2036752317632949,0.4348752541201458,-0.22417782459940244,0.9782986073266899,0.2045827068033674,0.4427486558755242,0.08106750427257453,0.33723363564127995,0.2020014105808169,0.4334824099427181,-0.2174122354813986,0.9733022848765063,0.20392652565524705,0.4473052847953073,0.0899528289834659,0.3596440482707253,0.201745601637023,0.43731554916926824,-0.19965411580744258,0.9568179051081346,0.1743243428922836,0.6792538166046147,0.061353739528428985,0.9978002309799201,0.17150569316886732,0.6757659628277738,-0.06135128881959693,0.9970815295264842,0.16822114870661795,0.7721264986764823,0.06032020758305282,0.17600702387946005,0.1670270356393997,0.7731890110742483,-0.061279873053232875,0.9093508067585179,0.15720867188203913,0.8622980174564185,0.08847975127753764,0.2469597721383687,0.15693834849766336,0.8706247834932241,-0.04027828822533293,0.9249787472543268,0.15191900375343514,0.8729815937223895,0.08887706590550293,0.4349805400485087,0.1511305230004448,0.8806202525184275,-0.04014960020070987,0.942761577311017,0.17057711453664884,0.8961590386572345,0.0565731124508949,0.4011639455954237,0.17181665556771425,0.903998460088458,-0.08978819173006791,0.9007999499638881
120,2000.0,0.18814094577516843,0.5202453817640036,-0.002324535747036517,0.9978863540149878,0.18543025212628514,0.5153984654517405,0.005624418216203121,0.9975012853032074,0.18497390335514446,0.5157092185247516,0.00563950820027718,0.9960316646666761,0.18441292998336622,0.5159065922101342,0.005659591703165681,0.9977893517130905,0.18446257000877758,0.5149692155065995,-0.013976837552729117,0.9982552187783384,0.18336937895842975,0.5150774688947772,-0.013955869135402508,0.9978793036370057,0.18222041499047065,0.5151118919962931,-0.01396425556214084,0.9984642040161867,0.1780710305486408,0.521629007089706,0.04320924516235082,0.9956276473544899,0.1763371179501217,0.5208752552668258,-0.04597665706560729,0.9977666281518489,0.18711777244295408,0.527477948438554,0.01345001005878052,0.9965320484978819,0.18605387423719694,0.5269237614813309,-0.012552607593880532,0.9962852824301953,0.17479549419312262,0.5552989187694736,0.0935031665222986,0.9924328185263142,0.17396092556771792,0.5445592460178197,-0.10128964306343177,0.9983994818869099,0.19409981653803887,0.5071095852624805,0.1464959673938298,0.1148360034539587,0.19365082255431598,0.4988942572048736,-0.17277596536136822,0.9941461512020664,0.20492524334362588,0.46032227220989447,0.10959737925302424,0.305846439940589,0.20085031219891153,0.44575811709676505,-0.1977158068191439,0.9879051219849366,0.2077761292457582,0.4470356702804569,0.10681354573794782,0.34332371325719946,0.20374405809811197,0.43468299650010644,-0.21913731594880437,0.9798058101109103,0.20661993750504098,0.44487925228618475,0.0924626587047464,0.34794444697243854,0.20223047690732154,0.43343653281529776,-0.21219444984481461,0.9751213249706093,0.2054848656767892,0.44924811380250146,0.10062997681753982,0.37064929945128333,0.2020022251776288,0.4374464650948845,-0.19505807047798535,0.9595892855099276,0.17446385465917147,0.6792242527008061,0.06111480153742295,0.9978625717617223,0.17150724288963148,0.6753762875284472,-0.06111070868514837,0.9971980906668171,0.16821652579875232,0.7722998403367547,0.0592292380474863,0.17801278332869225,0.16703092909994594,0.7732816026324323,-0.061594944269884246,0.9103811922527502,0.15724863041014908,0.8627176086107895,0.08587520675999784,0.2484969567684902,0.1570005211092178,0.870836448101771,-0.04236217056001939,0.9261677917980019,0.15202519936220998,0.8731008597782686,0.08611396522749044,0.43870454175131696,0.15115928862776085,0.8806108520144514,-0.04257842862889884,0.9438885535512659,0.17069598038991307,0.8964542973609204,0.05554838886573205,0.4031439551285338,0.17174026086216893,0.9042666355768846,-0.09059729533536101,0.9023155513263891
121,2016.7,0.18846876564480025,0.520117248807635,0.002499613644821305,0.9980661159469976,0.18573303662595309,0.5152864967073717,0.010190918470644178,0.9977090500649959,0.18524829120863065,0.5156153724307109,0.01020696695472691,0.9963563481966662,0.1846788483006615,0.5158361423583262,0.010226084689964504,0.9979685942331957,0.18478669864790792,0.5148279638517474,-0.00891156204133517,0.9984012388047725,0.1836789300044379,0.5149310770488924,-0.008892677158915577,0.9980595736276543,0.18252428798448486,0.5149609560058235,-0.008904158514702611,0.9985963049389074,0.17823563587097907,0.5216163623900645,0.0466787662534487,0.9959877360434766,0.17649678885936748,0.5206739533515208,-0.040301143058708765,0.9979593838964198,0.18738417469319857,0.5274067208880474,0.0179050039677393,0.9968131752241233,0.18637352046512434,0.5267908771832788,-0.0074659228890336035,0.9965921895844603,0.17496370914436535,0.5556728896640599,0.09657485570226404,0.9928392540840882,0.1739511127982822,0.5440479403450379,-0.09580527955577495,0.9985210271108725,0.19443594274066756,0.508624959559668,0.15066017778146845,0.1158865058705921,0.1936533947785697,0.49810712678091906,-0.16749233717010148,0.9944381117820748,0.20659165722983241,0.4624261160691583,0.11494281001034246,0.3164704087234681,0.20092922803901506,0.44537736688341445,-0.18909978369871788,0.988762319087983,0.2096488631906965,0.4483983814716342,0.11262961725393938,0.3537273492131917,0.20383273561795567,0.434237272966476,-0.20974465424106248,0.9811485636801954,0.20851775790963867,0.4465313298361645,0.09825670293399273,0.3586307891777586,0.20254389232113262,0.43310693899790476,-0.20291359225908928,0.976738373438518,0.20705452916168043,0.4510289856365752,0.10606790511381066,0.3817200419448674,0.20235213921183645,0.43768100085712647,-0.1863874636945272,0.9620700450170615,0.17442152755601076,0.6791619999068128,0.060687952098392346,0.9979419168971841,0.1715565479937055,0.6749711320513775,-0.06068305351904464,0.9973335720243914,0.1681967427333197,0.7724263469378159,0.057201397560891695,0.17823366607938507,0.16703866776965925,0.7733826325053266,-0.061812207280170395,0.9102908514794856,0.15725718296709526,0.8629213798613782,0.08083961158990866,0.2485248843828839,0.1570634806439991,0.8709958734966465,-0.0445279001834847,0.9262349605560309,0.15205948906285432,0.8730259764762158,0.080797508713745,0.44090296682857366,0.15119028233346496,0.8805601568449117,-0.04497598750250684,0.9443762870061971,0.17058987986473823,0.8963587369237633,0.05120265608032548,0.40320838916869417,0.17155604206380404,0.9044126016753067,-0.09157092443534313,0.9027144880521871
122,2033.3,0.18870648670764212,0.5203222121511191,0.005051716693699186,0.9982209886823389,0.1858438232115338,0.5154030408178061,0.012608316993074766,0.9978886842727668,0.185329882161958,0.5157275710787096,0.012622874374279672,0.9966369100979403,0.18477480752127523,0.5159574264571785,0.012641094824565317,0.9981234754834863,0.1849741297108788,0.5149476982298355,-0.006191817090092675,0.9985271834191829,0.18388022766226828,0.5150350985072911,-0.0061741608328052975,0.998214693296524,0.18274709511370898,0.5150496675854641,-0.006188737051117992,0.9987100192478733,0.17827273692403534,0.5217179173514961,0.04846973965565367,0.9962969649405714,0.17663352759111509,0.5206570994286315,-0.03705099136346865,0.9981242389906028,0.18756144813128894,0.5275703469912215,0.02017994309287697,0.9970542022160129,0.18668225549516237,0.5269350097292949,-0.004798872607006207,0.9968548218409228,0.17496501122202204,0.5559964634123307,0.09791662934280584,0.9932079712549852,0.17396207508586714,0.5437477117493043,-0.09194178879261022,0.9986262889135459,0.19438334589912792,0.5101026097933454,0.1519323771908171,0.11683394582498649,0.19359785318374648,0.49743068360147064,-0.16602026848565976,0.9947109250795281,0.20774308343728398,0.4640494627611981,0.1172671683487439,0.32774367360841683,0.20090538618110493,0.4444105696110502,-0.18944736108893453,0.9895419762248091,0.21114096116452005,0.4503459050541836,0.11517093969242923,0.36475760454223294,0.20382034849552894,0.433335717235293,-0.2100331102098739,0.9823680974188312,0.2103704285053981,0.4481312618369151,0.10069687025887633,0.37004462168330265,0.20282877555915302,0.4322316220828468,-0.20323980209373307,0.9782121692384999,0.2084099352359773,0.453067025968007,0.10839201935700016,0.39342399438222275,0.20264738798141493,0.4369957603159408,-0.18678874061221182,0.9643390150297263,0.17417857618558988,0.679151146184831,0.06012347180928507,0.9980170726776131,0.17164301304590146,0.6748640792710445,-0.06011917530780751,0.99745946271079,0.16818910837173473,0.7724463173321321,0.05641590200719383,0.1803769788571768,0.167039915919304,0.773476640383403,-0.06126454366104948,0.9108484557696758,0.15723266558987764,0.8625117370060519,0.07979858560221542,0.25001491819109256,0.1570965186471032,0.8709203345435013,-0.044993589853956614,0.9264494663193119,0.15202959165686664,0.8725873827934272,0.0797759734448933,0.4435305127075743,0.1512010849657514,0.8803986566407346,-0.045503673631520525,0.9447083302906588,0.1702237633012591,0.8956539829572048,0.050360713508867117,0.405117533036641,0.17134620107355583,0.9044145941734321,-0.09118346834466577,0.9034497085071751
123,2050.0,0.18887320231823707,0.5204310246876311,0.007125547643573517,0.9983629045032327,0.18584259067262937,0.5154649331456143,0.01456249931028912,0.9980549783933736,0.18531803999628352,0.5157882883435208,0.014575313909777583,0.9968963804699134,0.1847463299830756,0.5160249982561387,0.014589864317150354,0.9982667054448816,0.18506508923712245,0.5150000992275423,-0.003974151354105703,0.9986437445595159,0.18400545560178316,0.5150631950015117,-0.003956609793628258,0.998357676324391,0.1828988570542564,0.5150562666711357,-0.003974540336501034,0.9988146906807316,0.17821698742253453,0.5217795201710296,0.049824027965466214,0.9965846935908007,0.17677149389471342,0.5205178743317018,-0.03439586272551902,0.9982760037694666,0.18772054924851383,0.5276810072717216,0.02203598121802014,0.9972738481703265,0.18694405044828155,0.527042144820804,-0.002608057083783762,0.9970940663701019,0.17487294120447988,0.5562430535043993,0.09869123285725011,0.9935459182375961,0.17403645316759758,0.5431262481780283,-0.0883643194323495,0.9987193970453179,0.19438406399318164,0.5105001699356809,0.1545462707678478,0.11890771914096114,0.193517273380643,0.4964916904767358,-0.16644106592450836,0.9948830888384872,0.20885787549473006,0.464914835634686,0.12494565794865299,0.3409232043084647,0.2007477985961098,0.4429370363553368,-0.19360634187857323,0.9902126221429741,0.2129906841686795,0.4529730464730947,0.12381704754772649,0.3773789746420727,0.20372567290351518,0.4318928037370957,-0.21418732191835146,0.9834220806757616,0.21247748037179326,0.4503199529080167,0.10923515756924955,0.38314089604786494,0.20301231316157764,0.430856545766195,-0.2072547851573855,0.97949010417575,0.20992011612369915,0.4551333004520056,0.11622737702869242,0.4067322654383526,0.20281297748997112,0.4357198718048281,-0.19101130394708557,0.966305988175529,0.1741397132476172,0.6791350245475773,0.059284030326775185,0.99809883038203,0.17176644858859846,0.6746929458209451,-0.059286383113690826,0.9975870649019885,0.16820729843207782,0.7722605807440628,0.0559567495116166,0.18404503521465132,0.16706596527780818,0.7732613342148922,-0.06019927862854236,0.9105426101457511,0.1572263212431046,0.8620769154457826,0.07932407976616002,0.25284100146520727,0.15710080166657775,0.8705985177130933,-0.044082282554535675,0.926009586879186,0.1520445886112396,0.8721185723940538,0.07933017611503607,0.4468665364242738,0.15127505503949673,0.8800626226833894,-0.04452517380317056,0.9444207662627817,0.1698350799935206,0.8951694028718138,0.050348065438724734,0.4078967486109055,0.17109428062325444,0.904117887928373,-0.08948320434207015,0.9036229167665761
124,2066.7,0.1890792250633241,0.5206560946646195,0.010942455902252176,0.9985020586422518,0.18593388937768496,0.5155421012923835,0.018283139204695126,0.9982199441818971,0.18538095340842306,0.5158540634881886,0.0182970062430416,0.9971554307710564,0.1847898704665049,0.5160815687406635,0.018306925316296886,0.998409969466074,0.18527521760690793,0.5150763364065265,0.0002928737861414752,0.9987589404696517,0.1842570006847383,0.5151290382657736,0.0003108351624437741,0.998498255298252,0.1831848067896708,0.5151036665553141,0.00029181520498934273,0.9989171255202528,0.17822599340052844,0.5217899424689161,0.05299691093109907,0.9968736256871911,0.1770174304644268,0.5203577251661395,-0.028727877885103247,0.9984244931311842,0.18789155923184908,0.5278644533384418,0.025654340606360227,0.9974913625490105,0.18720704671882463,0.5272006818226409,0.0016808171113509517,0.9973296040580394,0.17469600623562237,0.5563902230489826,0.10130414295764203,0.9939053427605409,0.1741383004756202,0.5422958022072206,-0.08190254760640014,0.9988103083201824,0.1942082366773062,0.5115926691464019,0.16450642829849618,0.1229859274767695,0.19344098724070063,0.4956028092475169,-0.16520038530940112,0.9949940499805277,0.20985545927569996,0.4677776594956719,0.14906080954131634,0.3578549651872547,0.20051185644808284,0.44129296995344647,-0.1984432921523141,0.9908433386257723,0.21448590216182542,0.4584109329041983,0.1509454484496799,0.3933447783901581,0.203605937815848,0.43045392064821186,-0.2189361751079561,0.9844383796056119,0.21432948680151093,0.4555858756814688,0.13606419910987227,0.3995535487220404,0.20311269093127493,0.4295558120523183,-0.21164938736529593,0.9807332186471855,0.2115467176550912,0.4594676991303765,0.14082977069275732,0.42318979757172753,0.2028659277019048,0.4342227691695807,-0.19582928717136397,0.96824160927818,0.1741525594677245,0.678843844504584,0.05805749588069466,0.9981944873219452,0.1718686790693375,0.6742705333800548,-0.058071676996492246,0.9977263268970314,0.1682405798208147,0.7718721145675301,0.05359672985616189,0.19050991960934244,0.16712337235609703,0.7727983111426949,-0.05881894166980475,0.9103254221734554,0.15721670573665994,0.8616946197691424,0.07434630323024027,0.25787841918922627,0.15708235899607353,0.870321622916631,-0.045114026715358135,0.9255076959019621,0.15204354836827244,0.8717590967814134,0.07413758851942567,0.4520560204982761,0.15134558933121828,0.879770735899608,-0.04565848019861043,0.9438519137246275,0.1696031498057503,0.894589713641576,0.04595036707108932,0.41273179366475093,0.17094863241627117,0.9038018782933559,-0.08880811787786944,0.9038041773296543
125,2083.3,0.18919575001512268,0.5210517559732714,0.015106343309439375,0.9986377386819756,0.18597883482774114,0.5157873375075208,0.02238247144435135,0.9983815068290355,0.1853982344979333,0.5161071760313856,0.022399425506591814,0.9974115263848085,0.1847858954043617,0.5163499145280751,0.022406949794718214,0.9985518285206393,0.18542486145382847,0.5152723618916106,0.0050273590410749155,0.9988716471762892,0.1844453641346524,0.515301658993676,0.005045141281914856,0.9986356241362442,0.18340620540437258,0.5152444186664766,0.005026325627806645,0.9990165687742695,0.17822393136365083,0.5219376967066813,0.056726839215982566,0.9971595803896594,0.17723920444647484,0.5201988674345475,-0.02214592766194118,0.9985687846229198,0.18799885681697315,0.5281914500963124,0.029671830435593943,0.9977069298426318,0.18737634519735985,0.527452111244202,0.006502447566682743,0.9975613781384066,0.17446814335527888,0.556599631195977,0.10470585737909598,0.9942847802525482,0.17424599187714726,0.5415036564781556,-0.07501110257137394,0.9989005525906888,0.1940333275567919,0.5131662090619409,0.17310822080998206,0.12995112758307237,0.19338890768232814,0.49479118557203416,-0.16248066368557168,0.995079696178437,0.21054646585668851,0.4723513509546011,0.16919274805557172,0.37811907700129943,0.20021776358286555,0.43989309100877705,-0.20179085291567317,0.991465954553514,0.21545992436863143,0.4657931384586156,0.17360342400414616,0.41162967823800617,0.20348387388955996,0.4294234244596393,-0.22217887143294032,0.9854607922690263,0.2154168883959454,0.4634122905277074,0.15858489984557755,0.41817756351970525,0.2031294831207822,0.4288226876940049,-0.2144287994929724,0.9819892417816896,0.2126054479962305,0.46545483384813613,0.1613976490639506,0.44180252722331487,0.20281800982498002,0.43311767067228074,-0.1991439915838697,0.9702220076606394,0.17415530908675433,0.6783807731810075,0.05674527000103682,0.9983061523664573,0.17185609752223618,0.6735364567665831,-0.056772635806174546,0.9978794029780804,0.16828437788145895,0.7712101737658188,0.049319764155717156,0.19813432083243432,0.16719991536367518,0.7721291184425361,-0.05781017776046485,0.9104313907169167,0.15721138460295553,0.8612665079888849,0.06567441352776124,0.26465401621091955,0.15708252432800485,0.8699967038063782,-0.048428053302424334,0.9253229754311704,0.15203923128900085,0.8715661423546934,0.0650605593054068,0.45905961025328895,0.15141769888855172,0.8794074711345498,-0.0493076284016882,0.9433411274637501,0.16958484763190873,0.8943960978871307,0.037651476849402725,0.41961059400013545,0.1709666770128978,0.903492124307724,-0.09050433727956961,0.9044952364194968
126,2100.0,0.18930841627575118,0.5216806445802964,0.01869323033662071,0.9987650087901532,0.18606883855093106,0.5162336883090795,0.02601316544626442,0.9985330303510037,0.1854592568817594,0.5165691801479888,0.02603365538553115,0.997651826767695,0.18481979128860304,0.516834242003305,0.02603982291406111,0.998685470649175,0.1855935007333757,0.5156274239222213,0.009108352541391345,0.9989774312291834,0.18463883229664407,0.5156148757253378,0.009126023189829935,0.9987640352476218,0.1836194835958028,0.5155116035824734,0.00910753925286589,0.9991095633733847,0.1782419128077372,0.5222029742740453,0.06041479979952181,0.9974260528882353,0.17744434660389324,0.5201828536533177,-0.016517929289312602,0.9987028241157538,0.18808096931094231,0.5287397078105385,0.033261354391773565,0.9979098098618651,0.18748401034446005,0.5278933473995757,0.010674311324865344,0.9977784667696279,0.17426964214869922,0.5567795577503389,0.10809594037986944,0.9946589214461198,0.1743426486140207,0.5410353881972181,-0.06952773566756934,0.9989864513987594,0.19389040768146532,0.5159737950279603,0.17996875657921757,0.13983761767546346,0.19328196559633543,0.4941575470424837,-0.1603182518766041,0.9951767013186508,0.21163270161265435,0.4791501533417478,0.1836285938819251,0.40129137464932063,0.19989698131879186,0.43912089438665514,-0.20379884470076803,0.9920804415430349,0.21674560294264855,0.4746055375962034,0.18972684088207442,0.43183783690134714,0.20336479232424798,0.42894192962419453,-0.22399143094108234,0.986477766718184,0.21680402400947768,0.4725710394836611,0.17472723268327273,0.43867774946349036,0.20313481064069855,0.4286800367491589,-0.2163245876630149,0.9832423357736504,0.21416969455423823,0.47335944289252907,0.17616337608723426,0.4622190878504802,0.20273687796933326,0.432626443249839,-0.2011617251804898,0.9722171823183703,0.17410677316642956,0.6778150456292293,0.05557990517644659,0.9984128673871365,0.17187738986242398,0.6728499418213258,-0.055617463375840906,0.99802657536098,0.168300965002605,0.7703655589194531,0.04568511354071757,0.20633686937036982,0.16727018285365347,0.7715167459987464,-0.05723161782537192,0.9103151247614912,0.15719490249951693,0.86046166079385,0.05923807230733694,0.27195089629718255,0.15708128185499293,0.8695932683490578,-0.05160936890613469,0.9252832787377501,0.15200763373147885,0.8709790280887064,0.058385192106167515,0.46671049225898054,0.15146075189113628,0.8788250684738166,-0.05275464022443412,0.9429069360097255,0.16947915156682344,0.8933211905615677,0.03155530235242278,0.4271087504568557,0.17090590298175823,0.9030262316976282,-0.09281488791817717,0.9053531913530266
127,2116.7,0.18925709241912492,0.5222876298995249,0.02125604486181624,0.9988813343502234,0.1860035700457438,0.5166493625867938,0.028629384225323108,0.9986715770903095,0.18536451813720534,0.5170104844229566,0.028652056519474323,0.9978724831626536,0.18469651398204634,0.5173129354204454,0.028659563511610052,0.9988086195219138,0.18560308430876063,0.5159653481983006,0.012078313800018467,0.9990738601911643,0.18466702884151837,0.5159154505956745,0.012095423393128892,0.99888110728491,0.1836689951873962,0.515774127982912,0.012078064382963246,0.9991943069866732,0.17814314436344886,0.5224436521530156,0.06295742963751161,0.9976701197170084,0.17752433319886537,0.5202736968085884,-0.012562327219971598,0.9988251583916807,0.18798423026289274,0.5292484930583412,0.035747259500480855,0.9980985579036539,0.1874194471609026,0.5283178062666034,0.013640312522294985,0.9979792152132314,0.17416501187142885,0.5569303064119252,0.10981525196915588,0.9950232676097333,0.17439544626644693,0.540899080889566,-0.06561475814807988,0.999067113513039,0.19379337770598287,0.5193870436577573,0.1796183146181562,0.15176273030894155,0.1930794701689767,0.4941052084877381,-0.15531188107672203,0.9953284462292996,0.21273588850384684,0.4868187592143108,0.1829739440055122,0.42488614008540226,0.19967179568040952,0.4393571558452791,-0.20285660667078848,0.9926771947315769,0.21774723558198855,0.4827884293737869,0.18909759038970597,0.4518279490016759,0.2033105897051949,0.4294117419492634,-0.2225393170402165,0.987461740062351,0.2178474061545873,0.4814632222765971,0.1740695784489315,0.4589574308622455,0.20314391383102975,0.429236702975773,-0.21385447113286898,0.9844536667778385,0.2155719647804898,0.48127097884813974,0.1755103319883348,0.4824967057931995,0.2026656078440804,0.4330941126460124,-0.2001541185946693,0.9741674377804717,0.17400764851343076,0.677254336220878,0.05448046486292571,0.9985129293941324,0.17188037577129558,0.6723048090934758,-0.0545207968070394,0.9981635298047754,0.1682886580626171,0.769560249078842,0.04244943282433922,0.21331208589531142,0.16731812556584688,0.7710495477630984,-0.05714187504989765,0.9104297700382421,0.15717775906835293,0.8595296116102316,0.053958481798569394,0.27855699544861223,0.15705845540478125,0.8692136832645967,-0.05398629339677951,0.92508804230463,0.15196936258247934,0.8702506366230199,0.05293204848255434,0.47432068983713815,0.15142696244376058,0.8782286275000806,-0.05533002334691234,0.9425064211799992,0.16945192714532228,0.891735678627378,0.026449744900067667,0.4339238362652918,0.1708692333527975,0.9024127665020176,-0.09505818926152736,0.9059654729706907
128,2133.3,0.18913021257945484,0.5228922991525563,0.02187332643994265,0.9989869424274997,0.18579749266306572,0.5171178806395762,0.02932426901090715,0.9987971271787378,0.18512331446011876,0.5175228856858757,0.029346725504313217,0.9980729846727288,0.18441726551169452,0.5178830254645579,0.029355436031307514,0.9989203924224498,0.1854968234187082,0.516316442262559,0.012963587994731617,0.9991611611275453,0.18458503484725963,0.5162067214647932,0.012979995858456416,0.9989872716722041,0.18361364943640585,0.5160134775297986,0.01296302250453405,0.999270941529956,0.17795455881527505,0.522856590293703,0.06381133021343327,0.9978920334861399,0.1775150774490267,0.5204685926437382,-0.01069568831562287,0.9989361110187719,0.1878453095753989,0.5298070084481016,0.036353198367924944,0.9982721777189354,0.18735990424950932,0.5287737108412247,0.014529961649151085,0.9981626953397486,0.17420010126772392,0.5574303411302116,0.11016506772665759,0.9953771489007139,0.174382344597862,0.5412895565941225,-0.06417543973241538,0.9991418435460053,0.19381295144557967,0.5237654532705038,0.1776633631615413,0.1644538286186401,0.19273180337179288,0.49441964285714324,-0.15241902569929772,0.995514426912581,0.21348863840103166,0.4943522172314784,0.18167827030022954,0.4487472190743404,0.1994410072054183,0.44024826515288606,-0.20659338079747713,0.9932627365702682,0.21839369975385226,0.4901870276246756,0.18801740166686842,0.47133730280967023,0.20322069880508256,0.4302242398262027,-0.22650940077645454,0.9884214628310437,0.2185221094460716,0.4890242304120749,0.17304626249131716,0.4787680010000868,0.2031333283299493,0.42995602602050453,-0.216811076516197,0.9856351727531077,0.21644287166141343,0.4887643073286333,0.1742853011403766,0.5021924078464511,0.20257600290434719,0.43374374083110295,-0.20391020107836966,0.9760834631465737,0.1739408877633868,0.676945635250637,0.05367240114581021,0.9986095825831103,0.17183553179105138,0.6721071884745649,-0.05371213899481868,0.9982925766990306,0.16825347571145932,0.7690302105177023,0.040822127922659865,0.2214231512376242,0.16729406302883526,0.7708488191877099,-0.05694866588427912,0.9115403578394943,0.15716640793141878,0.8585410004570377,0.05213575792454542,0.28612515188398835,0.15701394421713705,0.8688169547489718,-0.054733672667117386,0.9252572655677802,0.15193691140129462,0.8694896839913873,0.05112400863851824,0.4823678533236189,0.1513112002894993,0.8776754367919202,-0.05616149643347381,0.9420839292662491,0.16946161148094008,0.8900713494845806,0.02421290117005509,0.44202343906675096,0.17087049356528702,0.9017574985822049,-0.09583082440353582,0.9069197461718611
129,2150.0,0.18895216179745544,0.5233399612562999,0.023581191897392276,0.9990822928292413,0.18552029026406167,0.5174738339015417,0.031064614653587355,0.9989106016499659,0.18482586741447454,0.5179147762911663,0.031087214659367302,0.9982541331223084,0.1840980819293432,0.5183191427162718,0.03109452341284071,0.9990213853972304,0.18533501986946388,0.5165675027029858,0.014861744495907003,0.999239913054875,0.18447044811078486,0.5164002605846952,0.014878162582005777,0.9990831187793188,0.18354442077023647,0.5161678024700713,0.014859736630959172,0.9993401978697102,0.17776213799204152,0.5232699726309099,0.06566331961325238,0.9980927790914265,0.17750531115702228,0.520594473396029,-0.008092795448776875,0.9990362269537791,0.18770259193011699,0.5302604096276423,0.03809382367346968,0.9984277614525389,0.1872929653951101,0.5291238980633874,0.016472828707524707,0.9983261440481459,0.17417153396776752,0.5582856621061054,0.11224953138402534,0.995685241052083,0.17438101342746198,0.5414824230330334,-0.06168398846473017,0.9992076328822548,0.19373933012996405,0.5284336294446673,0.18192498279469366,0.1725238572273936,0.19235509421144228,0.49466307035514295,-0.14894460567406254,0.9955909252166752,0.213749361889703,0.4998095887047906,0.1914228765027865,0.4659569965941567,0.19929427121366788,0.4409386834927969,-0.20446501352957322,0.9937467575073247,0.2184832330260959,0.49528967695576837,0.19909410817282547,0.484760173729488,0.20316659233399803,0.4306298473051617,-0.2236958188670022,0.9892155059746336,0.21857948069061564,0.49445943534374265,0.18467185859169283,0.4924145042896274,0.20312345772981652,0.4303112860236851,-0.21377613182578778,0.9866108936922896,0.2166094226496561,0.493916383811406,0.18448919696467267,0.5159097420317786,0.20250269451311667,0.4341280439070295,-0.2017669592584883,0.9776489479201189,0.17388796912772325,0.6767183286803111,0.05311113383088794,0.9986969998904642,0.17181809672287546,0.6717773846217568,-0.05315323998885499,0.9984080067702705,0.16820698657206126,0.7687592038086485,0.03996305061238155,0.22975150602204467,0.16725661073412218,0.7706541333879748,-0.056610983131187315,0.9125637454645977,0.15713070865188333,0.8580401497227809,0.05075669075761525,0.29514946682112575,0.15696764524493906,0.8685364765780318,-0.05488527592803753,0.9255536922386721,0.15188154791082661,0.8690993572984428,0.04975241821791447,0.49095929520470777,0.1512047201395035,0.8773329215390347,-0.0563414227217436,0.9414426088333133,0.1694593386990684,0.889134688036783,0.022562944862459425,0.45171030717236677,0.17086541333368852,0.9012149657521932,-0.09610937588981225,0.9078642385346551
130,2166.7,0.1886992954782078,0.5236745348998482,0.025404254373695173,0.9991671357836046,0.18513934101377222,0.5177663394383023,0.03288485189633712,0.999011623007911,0.18443099835089286,0.5182442835399086,0.032907027618161284,0.9984155978475304,0.18368742402110794,0.5186913396630972,0.03291125329477447,0.9991114267281126,0.18508853231157585,0.516756389822279,0.016774617767493647,0.9993098591055192,0.184287547000817,0.51652786561421,0.016791371994518814,0.9991683321339747,0.18342104234865741,0.5162608027458193,0.016770107704879987,0.9994017566953394,0.17752418986388627,0.5237253393445699,0.06757599195199356,0.9982718782765527,0.17746038734912886,0.5207112984997889,-0.005729157959909317,0.9991251868861066,0.1875202389700073,0.5306499515260974,0.03997708750622614,0.9985664018562862,0.18719818655933665,0.5294119971139093,0.018455718777009418,0.9984706214496069,0.17413900792598735,0.559446011270796,0.11485076110277861,0.9959608955042702,0.17437206740890246,0.5417075242315023,-0.0592989873673235,0.9992656154291975,0.19365738119397852,0.5335519739559719,0.18894144679818847,0.17844587458031524,0.1919065383928165,0.4950058013200762,-0.14545984459774847,0.9956139581544062,0.21364685786621918,0.504060779299055,0.2065311414854869,0.4795211149113521,0.1992028387529511,0.44178063316004634,-0.19976440710680832,0.9941635685307643,0.21816703783614302,0.4987869007246838,0.21612884423562465,0.49456549968038305,0.2031307954873358,0.4309689913477217,-0.21792660760028026,0.9898985070841656,0.21817960802997877,0.49828708171844516,0.2025596531374115,0.5024077509130754,0.20310997537204212,0.4305492149932047,-0.2081244694335121,0.9874490542071214,0.2162146781172072,0.49757570879800006,0.20028395312173036,0.5260610644306456,0.20243467496974138,0.43450136056968175,-0.19704613515308933,0.9789884941918517,0.1738494432398252,0.6766161833490647,0.05276955131973541,0.9987769850662783,0.1718076350433487,0.6714750868933547,-0.052814401952283756,0.9985118465764187,0.16814366302319936,0.7687115200928282,0.04020453962896552,0.23839919269084942,0.16719063584293645,0.7705289891787943,-0.056163090680326745,0.9137282371521,0.15708260238170635,0.8577968605927063,0.05099648929068025,0.30524633824825315,0.15691260567733228,0.86830679007939,-0.053862548832382506,0.9259486751897001,0.15181442456586033,0.8688963268484395,0.05006925708481247,0.5000224624361312,0.15107944075550356,0.8771116180079329,-0.05524874106049539,0.9406272002628877,0.16945787944964008,0.8885464455400202,0.022492379083165138,0.46256481962544604,0.1708629237754005,0.9006850123405461,-0.09545725796903888,0.9087981113365722
131,2183.3,0.18837161362171181,0.5238960200832008,0.02734251386885133,0.9992414712905889,0.18465464491219744,0.5179953972498579,0.03478498073915644,0.9991001912525729,0.18393870726937353,0.5185114074321024,0.034806164380695157,0.9985573788483944,0.1831852917869887,0.5189996163050339,0.034805625677108785,0.9991905164150964,0.1847573607450441,0.5168831036204387,0.01870220780949154,0.9993709992794769,0.18403633151735602,0.5165895365533376,0.018719624095995525,0.9992429117361711,0.18324351417166856,0.5162924783570427,0.01869413572629649,0.9994556180068432,0.17724071443080916,0.5242226904346831,0.06954934722965675,0.9984293310415182,0.1773803060253463,0.5208190679550175,-0.003604775849020199,0.9992029908157539,0.18729825069506975,0.5309756341434666,0.04200298986619428,0.9986880989301768,0.18707556774218892,0.5296380079927901,0.020478631857605213,0.9985961275441307,0.1741025231423834,0.5609113886242827,0.11796875688291736,0.9962041122572757,0.1743555065421833,0.5419648601895289,-0.05702043644019537,0.9993157911868327,0.19356710463762292,0.5391204868044172,0.19871275517202572,0.18221988067740494,0.19138613591591544,0.4954478357519427,-0.1419647424703554,0.9955835257257737,0.2131811263305801,0.5071057890142716,0.22700306524833064,0.4894395740259264,0.199166709823268,0.44277411415463425,-0.19249156152918234,0.9945131696405868,0.21744511418399362,0.5006786989314219,0.23912160985526593,0.5007532806623551,0.20311330826509577,0.4312416719538826,-0.20920176697628848,0.9904704661596394,0.21732249146416094,0.5005071695361822,0.226709646128473,0.5087477408704308,0.20309288125662597,0.430669812929063,-0.19985608933936985,0.9881496542976026,0.21525863806406667,0.4997422822884153,0.22166956961154954,0.5326463750430517,0.20237194427422123,0.43486369081905946,-0.18974772876217266,0.9801021019617724,0.17382531009969268,0.6766391992568974,0.05264765361235259,0.9988495381105523,0.17180414675247113,0.6712002952893582,-0.052695624885104986,0.9986040961174745,0.16806350506487347,0.768887159370241,0.04154659497241179,0.24736621124403832,0.1670961383552779,0.7704733865601682,-0.05560498853169736,0.9150338329020005,0.1570220891208877,0.8578111330668138,0.05285515352374039,0.3164157661653704,0.15684882551431667,0.8681278952530463,-0.051665491380152286,0.9264422144208643,0.1517355413663957,0.8688805926413773,0.05207452523921221,0.5095573550178893,0.15093536213749933,0.8770115261986148,-0.05288345144972917,0.9396377035549717,0.169457233732655,0.8883066219942918,0.024001203832172247,0.4745869764259887,0.17086302489042293,0.9001676383472631,-0.09387447064121568,0.9097213645776118
