frame_idx,timestamp_ms,lm_0_x,lm_0_y,lm_0_z,lm_0_vis,lm_1_x,lm_1_y,lm_1_z,lm_1_vis,lm_2_x,lm_2_y,lm_2_z,lm_2_vis,lm_3_x,lm_3_y,lm_3_z,lm_3_vis,lm_4_x,lm_4_y,lm_4_z,lm_4_vis,lm_5_x,lm_5_y,lm_5_z,lm_5_vis,lm_6_x,lm_6_y,lm_6_z,lm_6_vis,lm_7_x,lm_7_y,lm_7_z,lm_7_vis,lm_8_x,lm_8_y,lm_8_z,lm_8_vis,lm_9_x,lm_9_y,lm_9_z,lm_9_vis,lm_10_x,lm_10_y,lm_10_z,lm_10_vis,lm_11_x,lm_11_y,lm_11_z,lm_11_vis,lm_12_x,lm_12_y,lm_12_z,lm_12_vis,lm_13_x,lm_13_y,lm_13_z,lm_13_vis,lm_14_x,lm_14_y,lm_14_z,lm_14_vis,lm_15_x,lm_15_y,lm_15_z,lm_15_vis,lm_16_x,lm_16_y,lm_16_z,lm_16_vis,lm_17_x,lm_17_y,lm_17_z,lm_17_vis,lm_18_x,lm_18_y,lm_18_z,lm_18_vis,lm_19_x,lm_19_y,lm_19_z,lm_19_vis,lm_20_x,lm_20_y,lm_20_z,lm_20_vis,lm_21_x,lm_21_y,lm_21_z,lm_21_vis,lm_22_x,lm_22_y,lm_22_z,lm_22_vis,lm_23_x,lm_23_y,lm_23_z,lm_23_vis,lm_24_x,lm_24_y,lm_24_z,lm_24_vis,lm_25_x,lm_25_y,lm_25_z,lm_25_vis,lm_26_x,lm_26_y,lm_26_z,lm_26_vis,lm_27_x,lm_27_y,lm_27_z,lm_27_vis,lm_28_x,lm_28_y,lm_28_z,lm_28_vis,lm_29_x,lm_29_y,lm_29_z,lm_29_vis,lm_30_x,lm_30_y,lm_30_z,lm_30_vis,lm_31_x,lm_31_y,lm_31_z,lm_31_vis,lm_32_x,lm_32_y,lm_32_z,lm_32_vis
0,0.0,0.13616443425416952,0.5644740121705192,-0.026559304445981948,0.9990307064283465,0.13321915765603387,0.5575818135624838,-0.020281292498111694,0.9992652705737523,0.1328913509136155,0.5576952780996051,-0.020318517550116474,0.9992595314979551,0.1324403016340165,0.5578825275103251,-0.020363114330740176,0.9995606484867277,0.13221230003095807,0.5579096362704322,-0.036017190842401396,0.9994530039174222,0.13119755082187207,0.558285416591735,-0.03604712993616146,0.9993445177872975,0.13002509268976398,0.5587326699779147,-0.03607685908320401,0.9995592648074739,0.12649729351202652,0.5641781120073229,0.008350878870779944,0.9988027967157824,0.12304435297846797,0.5655071039994558,-0.062050393826904714,0.9991228183110558,0.13504265887396674,0.5738192158085961,-0.014544333730425128,0.9988598695823128,0.13377684922445396,0.5740326032752084,-0.03500600602655184,0.9992467420441762,0.11891907045529002,0.6229565115202043,0.05809758630182067,0.9961435085251216,0.11428475610557064,0.6219724615414939,-0.09386009173024268,0.9996759011631923,0.1074456501574744,0.6871622800827027,0.08818810433149342,0.05724664742038364,0.09166099326241588,0.6916054529803143,-0.09403631995831217,0.9618855430966333,0.12830475504909247,0.7228023551759267,0.059421277826740684,0.20026745505276183,0.1234864237762633,0.733932830038525,-0.06265624293259203,0.8945269144716721,0.13536610312405095,0.7337658589794523,0.05996168351599153,0.25384909162918723,0.13122192450932096,0.7456160358020236,-0.0753624396664755,0.8727491824399857,0.1384360140987805,0.7264840943472727,0.04279621983213089,0.28156268348296504,0.13468539253586817,0.7375357576778961,-0.06794737066541394,0.8680158342633935,0.1366921613613765,0.7232348209335693,0.051018799876882966,0.2645650012862115,0.13257448800972532,0.7332446646122709,-0.05922220824729826,0.8079608423369274,0.08170269287767865,0.7233784510975793,0.05305400588327931,0.994528031065351,0.07648868947511632,0.7257739802201589,-0.052931094098658794,0.9975815784363519,0.09495336704310918,0.8240168307508742,0.06922513352973117,0.2976493473563876,0.09577744347708567,0.8285153721060073,-0.035568210030240674,0.9893079428445726,0.08617789635346051,0.9190874355179924,0.11399214714765542,0.5669829561596826,0.08429835559356781,0.9364023350533983,0.0042178524308838315,0.9808356506483894,0.07905044796920958,0.9389978533699396,0.11731675018866852,0.5232241366590771,0.07708129286766054,0.9519204511528923,0.006849534194251288,0.9465346932411198,0.10850079002834506,0.9326428941317974,0.10025694114821293,0.6837584390526728,0.10796972115834556,0.9493251300993425,-0.019865105638191757,0.9655295014381409
1,16.7,0.13608272160802576,0.5652589287076678,-0.03749664300786594,0.9991000763007577,0.1332910124744688,0.5581599984850202,-0.031241724533694115,0.9993100251470294,0.1329675423247474,0.5582698924200876,-0.031273644417524324,0.9993053546973636,0.1325333682554109,0.5584261843136378,-0.031308395788073526,0.9995865055492947,0.13225912196295606,0.5584259118352619,-0.04795380681753157,0.9994835768427174,0.13124444229262225,0.5587529838085175,-0.04797777347266671,0.9993804267474582,0.1300865784287453,0.5591169467994145,-0.04800102700080189,0.9995810602392468,0.12619061980928697,0.5645311347075873,-0.0002646362408995368,0.9988744599478591,0.12304396980575158,0.5655106859547753,-0.07503360935619895,0.9991769918373655,0.13473821537835257,0.5746507814952306,-0.0241805551839726,0.9989365977900373,0.13340525009802418,0.5746228098869326,-0.04589101512517249,0.9993001520633698,0.11681223022086279,0.6207772280488698,0.05388469169182441,0.9964353569916318,0.1129316160721439,0.621294072696141,-0.10599162589226449,0.9996986985206607,0.10402145236730581,0.6855861970356535,0.08276909749422758,0.05615318885871343,0.091158535863672,0.6907779191221513,-0.10898873901792937,0.9638937711715699,0.12496174871921543,0.7205773549420494,0.05172489503664635,0.19492860351290023,0.1229110125984465,0.7314396883760186,-0.07854472393436085,0.896332659891674,0.1316201622997012,0.7309231076921736,0.05087154305406983,0.2473600134253502,0.13096444628068382,0.7442314965384347,-0.0909441384885992,0.8743583815438407,0.13537434382098062,0.7253334990569525,0.035349319822021934,0.27360256122691307,0.13439137488603595,0.7363635386739463,-0.08506226592830243,0.8690101589475365,0.13374510939632148,0.7219331434794837,0.04366746917366986,0.2577981757266181,0.13197056204080587,0.7317431867122655,-0.07536036707460878,0.8093903916222712,0.08243045104401453,0.7256781544004167,0.053854695654341166,0.9948551697390429,0.07864013048154972,0.7291222001825062,-0.05375477352312634,0.9977275090558189,0.09502141017998969,0.8239966034889223,0.08444939926266669,0.30424043536186224,0.09588393675429484,0.8290197380951476,-0.035186635995549824,0.9894526345389232,0.08602218649217062,0.9171868349824636,0.1365461759269237,0.5759504181998117,0.08427040864314353,0.9366484923022135,-0.004896436027982922,0.9815738797187805,0.07889019325375558,0.9366196393966675,0.1401560774871281,0.5320230765002114,0.07712636515498163,0.9526354202202386,-0.0038931371917507278,0.9482618570327762,0.1084056054907186,0.932780597891127,0.122411984950304,0.6957927984850749,0.10839818630899704,0.9513797632285531,-0.03604928683489558,0.9672061247485028
2,33.3,0.13597175798245845,0.565929046698979,-0.04552470373788048,0.9991642108985362,0.13329551901136127,0.5586092897823879,-0.039320033043622964,0.9993519442422051,0.1329765734927995,0.5587121673992702,-0.039348135569265905,0.9993481508323123,0.13255679500954498,0.5588413136345998,-0.0393756404519081,0.999610211168017,0.1322397281016623,0.5588120903287617,-0.056665516857589984,0.9995115697383887,0.1312220511691912,0.5590942672320774,-0.05668513769549981,0.9994134434631892,0.13007254472800667,0.5593919583729337,-0.05670386579419885,0.9996006659099034,0.12588456273078924,0.5647607403142113,-0.0067482077616399724,0.9989399356501448,0.12299432605504998,0.5654866695404055,-0.08434665256312911,0.9992273918219978,0.13443419550146377,0.5753458866051266,-0.03130719730896606,0.9990068503788544,0.13303655279534213,0.575112261942455,-0.05382483825087549,0.999349606888635,0.1150921748152801,0.6190284958907539,0.0505591588360923,0.9967105175767629,0.1118559379662787,0.6206871867179873,-0.11471715250185555,0.9997208373887202,0.10143768680947172,0.6842165248734614,0.07845599896141463,0.05491893525634495,0.0907878689467907,0.6900519643511094,-0.11979136935302193,0.9657047220638822,0.12238475786788128,0.7185718970639368,0.04595045186579232,0.1890722310968808,0.12251793486731402,0.7292551696300514,-0.09044787048229144,0.8978126219340739,0.1287662056939943,0.7283257544040681,0.0441576998148646,0.2403662694352014,0.13082886274371833,0.7427897368158614,-0.1025771376277719,0.875651389360428,0.13298729594264713,0.7240527144500191,0.029891073437673738,0.265136480331421,0.13423428365162446,0.7351337245532449,-0.09786089988691461,0.8697203227451875,0.13142613321542745,0.7204822897911073,0.03814784969602317,0.25047107998813906,0.13156379014253622,0.7303168092455188,-0.08746934229774134,0.810456284454891,0.0830783077648708,0.7274518609046936,0.05449293607047628,0.9951522861208245,0.08040889352560049,0.7316477469035559,-0.05441211589745114,0.9978711817945756,0.09507612617952485,0.8239944790090837,0.0962472212101732,0.30702571145125807,0.09597418137959077,0.8294280426842829,-0.036847096734813296,0.9894967164312093,0.08586589619517329,0.9157212334019801,0.153974924236536,0.5805380770138332,0.08423299289175443,0.9368494451045993,-0.015478155625584933,0.9821196964808875,0.07882226418171612,0.9345100777489801,0.15782584995031357,0.5373418160847255,0.07716149889997075,0.9532818283353531,-0.01587268307620044,0.9496618424143113,0.10832598645772255,0.9328345060348517,0.13976327808839933,0.7043413434709824,0.10888523608446124,0.9530266565935956,-0.05233412222670657,0.9685620197228028
3,50.0,0.13583154337746767,0.5664843661444532,-0.0506434866360256,0.9992231102216819,0.1332326772667114,0.5589296874545874,-0.04451621802789828,0.9993910278592799,0.13291844441777192,0.5590221030371534,-0.044541991005341244,0.9993879199028022,0.13251058189641873,0.5591279154732118,-0.04456484832224396,0.9996317653428948,0.1321541184470768,0.5590681717509319,-0.06215232096257668,0.9995369826044362,0.13113037745157888,0.5593092668624156,-0.062169222604660804,0.9994435679344911,0.12998299158754814,0.5595577046984722,-0.062185375463394935,0.9996180818194442,0.1255791222765333,0.5648669288271952,-0.01109983569144139,0.9989992238226398,0.12289542172636314,0.5654350547563466,-0.0899895234476953,0.9992740182649529,0.1341305992433004,0.5759045311382843,-0.03592426010540556,0.9990706273487643,0.1326707573164078,0.5755009594417758,-0.05880747540366086,0.9993951065199722,0.113758904238542,0.6177103150458567,0.04812098773462435,0.9969689902805154,0.11105772178797503,0.6201518036070328,-0.120036671559016,0.9997423177673711,0.09969435348397217,0.6830532635961265,0.07524880873305462,0.053543886613278205,0.09054899251177204,0.6894275886671889,-0.12644421096358988,0.9673183957735704,0.12057378249509001,0.7167859815415887,0.04209794831417859,0.18269833780470363,0.12230719058286585,0.7273792738006234,-0.09836568257638392,0.8989668005988718,0.12680423330693028,0.725973799115136,0.039820153798375835,0.23286785965874096,0.1308151738984245,0.7412907566343041,-0.11026143708399372,0.8766282058897479,0.1312748704637801,0.7226417405264723,0.0264214806790863,0.256164440796489,0.1342141188326337,0.7338463153157921,-0.10634327254125059,0.8701463256563466,0.12973523281869442,0.7188822598684408,0.03445994144394287,0.24258371407077442,0.13135417231491645,0.7289655322120308,-0.09554913391669598,0.8111585208347871,0.08364626304024747,0.7286995706104102,0.054968727131684665,0.9954193802106955,0.08179497860726861,0.7333506203833086,-0.054903121221633225,0.998012596652622,0.0951175150417147,0.8240104573113582,0.10461859937225076,0.3060051756245752,0.09604817735297347,0.8297402858734136,-0.040549592248031105,0.9894401885214313,0.08570902546246853,0.9146906307765422,0.16627839207649242,0.5807459326017474,0.08418610833940059,0.9370051934605559,-0.027527306361922216,0.9824731009347105,0.07884666075309124,0.9326691684268777,0.17032606757822505,0.5391803554126199,0.07718669410262793,0.9538596754982365,-0.029089103459097862,0.9507346493857254,0.10826193292935696,0.9328046185629715,0.152310820562499,0.7094040740103954,0.10943087048473821,0.9542658101944703,-0.06871961181362474,0.9695971863610411
4,66.7,0.13560659970555997,0.5668176582881386,-0.05166617585789593,0.9992779181117111,0.13303685188293465,0.5589488687969394,-0.04583885502957166,0.9994291038740256,0.13273097432795034,0.559025883674622,-0.0458642301105318,0.9994257461457032,0.13233310338996715,0.559121273812794,-0.04588584495442257,0.9996517754736408,0.13192453696614231,0.5590255601065504,-0.06296006359514741,0.9995609493482687,0.13088148193699983,0.5592355699766254,-0.0629776361442748,0.9994717524165206,0.1297126816851753,0.5594724615414941,-0.06299534280385294,0.999634158043635,0.12519848488626034,0.5646569558552338,-0.013163268787875071,0.9990529673440123,0.12270108965181178,0.5652711050851008,-0.08979017535845446,0.999319479579018,0.13374543757665736,0.5761799982615883,-0.03722710907459262,0.9991301837421607,0.13220912501925525,0.5756851406324481,-0.05944156966039117,0.9994385299228494,0.11263886165051241,0.6166999226524721,0.04623145273043999,0.9972185747964049,0.11070354673124502,0.6196550215993613,-0.12003481104260408,0.9997644651503796,0.09900983245599845,0.6817984751292643,0.07251089633930302,0.05154929842267721,0.09058280643962685,0.6889097633815953,-0.1261955868630183,0.9687221192178279,0.119381117678824,0.7146673741794773,0.04000369601306464,0.17408463216963282,0.12245256914978944,0.7261597769601009,-0.09956009721472159,0.8996353461628874,0.1255579221816291,0.7234139414060688,0.037912123792228275,0.22295568883419054,0.13104447438603367,0.7399838027499976,-0.11108773450056719,0.8770752605937782,0.12975379966554196,0.7207525996934805,0.02495541512256579,0.2445862612554007,0.13448372412295578,0.7328578262102041,-0.10765457508109871,0.8700560047512969,0.12826169530550646,0.7165600487164094,0.03241049924067091,0.23213114766847537,0.13154831244832002,0.7279996928714576,-0.09692665508815228,0.8112830945423677,0.08412327014264612,0.7291943402517416,0.055137593653940054,0.995660495190394,0.08297197520732885,0.7338138790357687,-0.05508299863764222,0.9981579298064829,0.09509565752177018,0.8241369213376732,0.10727279384930936,0.29854775184676785,0.09609960161504298,0.829960065228599,-0.04913927605819138,0.9891191550663547,0.08557274937629705,0.9144306069328678,0.1692359369425548,0.5734761414073767,0.08413113121475498,0.9370565499578211,-0.046371323904687844,0.9824440536044899,0.07905593904710957,0.9312236763182147,0.1732863166502545,0.5355780408495953,0.0771980782349905,0.9544080183619551,-0.049061227972353176,0.9511370346659712,0.10819593639600852,0.9326505717777077,0.15574301069691077,0.7090928582918081,0.11022861301898965,0.9549593130747485,-0.09082978236533353,0.9700869094757814
5,83.3,0.13544050994373513,0.5671770203681223,-0.051479490207774335,0.9993271288417641,0.13286952532473076,0.5590886871020003,-0.04570389095516435,0.9994633708681386,0.1325638975415912,0.5591469009717309,-0.04572968220426926,0.9994608362515774,0.13217108164514824,0.5592205978575211,-0.04575161245607198,0.999670034363157,0.13175737928776524,0.5591012324605673,-0.06262743224700297,0.9995822168531879,0.13071537443569736,0.5592739099547981,-0.06264502626089827,0.9994974051203054,0.1295538679474877,0.5594853900727775,-0.06266338041140924,0.9996480913389304,0.12492772546552486,0.5646033968244284,-0.013327489119200488,0.9991038413274862,0.1225411398779779,0.5651923446428212,-0.08875805955557603,0.9993587675548743,0.13348068013077702,0.5765168780372261,-0.03719874914912953,0.9991823917343511,0.13191103296620516,0.5759026890709291,-0.05914727190420746,0.9994765633628488,0.11211148649454125,0.6162147436823168,0.04556152703506609,0.9974440790358052,0.11036856188660585,0.6192697570437482,-0.11920101692279189,0.9997844355446959,0.0988940114066715,0.6811681191126511,0.07201811813172845,0.05018532276153568,0.09053699352911547,0.6885788327171694,-0.12588969795476834,0.969934611093431,0.11923090652340942,0.713562565190452,0.040813301822968925,0.1676733550571261,0.12254564464092263,0.7251134344509675,-0.10113040960970388,0.9001669088999438,0.1255547184319724,0.7215308433487306,0.039225410315252514,0.2155456159796035,0.1312393042303268,0.738449477014088,-0.11259449947448012,0.8775203824043281,0.12974695648465845,0.7189269009090611,0.026041268237999526,0.23579540919689923,0.13470205451760983,0.7314300764174694,-0.1091688097942444,0.8700332897050047,0.12795961896578478,0.7147941901570279,0.033167969435453436,0.22423194916475403,0.13166986547765286,0.7269938048862281,-0.09853458014272515,0.8113260496230359,0.08450882030384887,0.7294212664876671,0.055379975941919186,0.9958630573181887,0.08347925472827192,0.7340487667492464,-0.05533471472916153,0.9982983611878902,0.09514484164260689,0.8241616090138759,0.11052704531522031,0.29076917540459424,0.09612988290332619,0.8300945191156303,-0.056806650544915925,0.9889906673204338,0.08544317029771356,0.9141216278076179,0.1766233820290794,0.566034214837211,0.08405622591574993,0.9371631429308944,-0.06227151110457882,0.9825240543910442,0.07933706541856136,0.9298167115166079,0.1813190572318578,0.5310845488593695,0.07719773408912482,0.9548697102637524,-0.06578910917354132,0.951737650803158,0.10826498092640022,0.9322739754404347,0.16554130613803875,0.7078030421620329,0.1108393874906359,0.9554447645232798,-0.10874489233607346,0.9705743562607545
6,100.0,0.13526718815167754,0.5674787248883932,-0.05084533989429477,0.9993694481395548,0.13269854017666416,0.5592445248649238,-0.045033520531086724,0.9994914872305741,0.13239917655785888,0.5592894014858069,-0.045060031470798345,0.9994896252950041,0.13201380414622182,0.5593432329949883,-0.04508309758135254,0.9996842741966254,0.13155780945505424,0.5591934578759334,-0.06178011904869765,0.9995990565844951,0.13050392199130295,0.5593366821606958,-0.06179780069561236,0.9995182497160783,0.12933974819523958,0.5595284955842159,-0.06181574541898006,0.9996588457198377,0.12475582566999262,0.5646106033098134,-0.012897866334588764,0.9991438019843336,0.12231871627625973,0.5651879793121706,-0.0880546349854697,0.9993921206111007,0.13329176037084497,0.576814901261103,-0.03666766821628528,0.9992246429125475,0.13167118316604987,0.5761041101955235,-0.05840627636228293,0.99950811408815,0.11222597885699506,0.6164691533361166,0.0456860647315071,0.9976373400006983,0.11010148801973896,0.6190811310495654,-0.11783933568568465,0.9998015818141762,0.09932749186243336,0.6810752181779776,0.07206096713032047,0.04898088194784668,0.0904847511223385,0.6882481518245884,-0.12373779004528418,0.9709642501104453,0.11986217896143604,0.7129881892885486,0.040979568092595994,0.16197165704908836,0.12256676845607313,0.7234158317248032,-0.09947935562758226,0.9004111999557138,0.12623198756149845,0.7203149483317426,0.039449118077755,0.20898987920511353,0.13129860304650817,0.7362360017640255,-0.11083288029545837,0.8776067410196583,0.13041614492734283,0.7174220794723152,0.026556482804673077,0.22804806700774616,0.1347523693527495,0.7293055142675133,-0.1071923609290805,0.8696765133312776,0.12874410904589162,0.7137216755322053,0.033428486791395026,0.21732490970974894,0.13164738175414867,0.7250861213320783,-0.09684169008618318,0.8110412132172363,0.08501761938844415,0.729779047625406,0.05546215708766669,0.9960332172257567,0.08364192077091769,0.7341226623171857,-0.05541982714618959,0.9984146186283664,0.09518768709330339,0.8241120293026885,0.11317948890583863,0.2834196161656155,0.09617124143100927,0.8301673645064951,-0.05828108975575088,0.9888190598714927,0.08524526655673986,0.9138362776665467,0.1766440080744881,0.5587507117362254,0.08397428372076586,0.9372056864556818,-0.06317033671907021,0.9825130473999757,0.0793594285136178,0.9286803347723831,0.18079404603867316,0.5261481148856031,0.0772065740256083,0.9550711966696247,-0.06654075071925214,0.9521602023215529,0.10818811115764444,0.932169139385224,0.1647278943232129,0.7061085360390804,0.11115229910328282,0.9556274669510985,-0.10831938861381447,0.9709247066861114
7,116.7,0.13501560262271345,0.5675838419369292,-0.05031289408604308,0.9994038911092855,0.13246926026684908,0.5593034369604932,-0.04440705212099215,0.9995122069404245,0.13218776810736893,0.5593506041027254,-0.04443355490054406,0.9995106572196605,0.13182083694707789,0.5594019038336622,-0.04445553890296394,0.9996932262466075,0.1312875591573262,0.5592061451503213,-0.06113156392460782,0.9996102792876115,0.13021784949870346,0.5593298730396093,-0.06114894808048298,0.9995330345062989,0.1290385935987746,0.559513858386449,-0.06116704146067306,0.9996655498232168,0.12455423672993986,0.5645860036214196,-0.012368775460691688,0.9991665085156766,0.12199543806768608,0.5651547624951321,-0.08772548891249164,0.9994181650025511,0.13304652841318232,0.5769346072560269,-0.036063791208324,0.9992549163954606,0.13138051260085343,0.5761811562946868,-0.05771311301560633,0.9995330799193616,0.11235701221795316,0.6166173929259895,0.04565213035259931,0.9978017409642543,0.10983905657416307,0.6189625603812086,-0.11703930369445265,0.9998164602688389,0.09978443774439047,0.6810731802667895,0.07206532784870698,0.047944212598460094,0.09045906826144179,0.6880688724063696,-0.12218348894800468,0.9720386578923187,0.12023846130995533,0.7129577909197131,0.040001895810876605,0.15772429676282984,0.12264781019517362,0.7218052233968468,-0.09819727887709942,0.9016292577698124,0.12678680533454542,0.7200558923539666,0.03805451574070116,0.2042943310169948,0.13148945711907895,0.734087418942225,-0.10941600373813093,0.8787924363499603,0.13077166818437133,0.7164346944718138,0.026247712739166776,0.22236309448877986,0.13482137166318447,0.7269655324163896,-0.10590943232888275,0.8706000787871231,0.12919753718943833,0.7136733475185582,0.0328710921818302,0.21228915098167617,0.13167378164473043,0.7228359182675685,-0.09558534941502986,0.8124597583498279,0.08553096474636174,0.7301891815094725,0.05546769552997184,0.9961698821612774,0.08370568461361391,0.7342504489989513,-0.05542782853756636,0.9985114790144428,0.09521961176679256,0.8240942160288499,0.11369218748240252,0.27707435687383036,0.09623904242402039,0.8301973059063872,-0.059575392554203715,0.9886048492931192,0.08503185673838576,0.9137662535622013,0.17385291343643566,0.5525466288839072,0.0839154223601024,0.9372622682934723,-0.06479345226571678,0.9824638224783405,0.079142105011713,0.9283887119520285,0.17737130040214188,0.5213319999831068,0.0772383127893721,0.9552237987518317,-0.06821237043255857,0.9524316418738599,0.10809023962134415,0.932340323925019,0.16050376210893913,0.704688776107062,0.1114385841148241,0.955683813208626,-0.10974628584725524,0.9712431203751344
8,133.3,0.13474946433589582,0.5675169371423271,-0.050517904261748035,0.9994350416319717,0.13223274194058926,0.559283276398977,-0.044581667830546734,0.9995297051611408,0.13197825281392972,0.5593455604144509,-0.04460868434537028,0.9995282604580841,0.13163812245641446,0.5594106884229755,-0.04463242118557297,0.9997000013078969,0.13099195063114177,0.559158841768901,-0.06089767991077337,0.9996200686409367,0.12989562182199396,0.5592804409208756,-0.060917052129904475,0.9995466215269914,0.12868739451680875,0.5594718995548433,-0.060936598550705726,0.9996719530650554,0.12441080666723714,0.5645474564461486,-0.012011011751989532,0.999180475870769,0.12164872955708285,0.5651097581500103,-0.08706439818654747,0.999441047509512,0.13284532796768925,0.5769006865365169,-0.03619828092909997,0.9992789001691916,0.13111534147035517,0.5761463528587709,-0.05753309598990853,0.9995546397708718,0.11261417290994108,0.6167286378996717,0.046993198848906056,0.9979452093442289,0.10966479388021295,0.6189174112819494,-0.11583402575481515,0.9998302147501997,0.10026199193227867,0.6810468009540018,0.07485951979955044,0.047054382661978436,0.09044794383503149,0.6880125346637913,-0.12113743027051299,0.9732634623845425,0.1206524875901995,0.7123853649411888,0.04272523007932166,0.15509729867889777,0.12282831044424158,0.7204207522528516,-0.09927162279685345,0.9041898222196676,0.12779130680220477,0.7191604347456074,0.04074975528887343,0.20172284756387998,0.13185509684539987,0.7321604688962305,-0.11058858143431807,0.8814823201724467,0.13121222314380473,0.7149609923362736,0.029549078749758876,0.21899855562618814,0.1350443803128743,0.7246408689589734,-0.10703679706369135,0.8732039729754136,0.12960430624939157,0.7132556268147066,0.03602710277551699,0.20936324482872387,0.1318179808911824,0.7206028160594764,-0.09663845385823938,0.8160668923741301,0.08610442741995772,0.7306184626760942,0.05545941456442792,0.9962798385393059,0.0838070018660455,0.7344696152777904,-0.05541966837786497,0.998599066620782,0.09527104206028446,0.8240822071120859,0.11382625606798,0.2710082630316418,0.09630883768910461,0.8302028434617186,-0.06041400861882032,0.9884342693147212,0.08493092975446162,0.9137373254412703,0.17198256509644655,0.5463469198771889,0.08388161588282818,0.9373870662280499,-0.06795359491592368,0.9824313067254573,0.07893608829804835,0.9284409710339143,0.175147810862178,0.5164750786054706,0.07729152909346995,0.9555474349430636,-0.07172005641318507,0.9527876235189898,0.10811006455194391,0.9324862616402768,0.157927718900499,0.7030384597324195,0.11170812625260589,0.9559321517036081,-0.11381627867619204,0.9715669552485154
9,150.0,0.13448047566981552,0.5674454200835459,-0.04949797335125154,0.9994605297134044,0.1319953997929892,0.5592325216247926,-0.04348595919353625,0.9995419155983705,0.13176226686863682,0.5593124372618543,-0.043514084957894855,0.9995409874689019,0.13144551714261382,0.5593943312054592,-0.04354027729658856,0.9997040061723625,0.13071372040680487,0.5590649162020006,-0.05951160423102837,0.9996256033579516,0.12960030422324237,0.5591807365417485,-0.05953231028148111,0.9995553607032419,0.12837086050283353,0.5593760978607909,-0.05955395315374651,0.9996745018731986,0.12428090827805666,0.564478368986221,-0.010278412229603252,0.999186277389527,0.12135525792837151,0.5650513314065484,-0.08508040010929113,0.9994569676262999,0.13264761155559912,0.5768637316567562,-0.035135029149907,0.9992953993025286,0.13087023510819398,0.5760839042209448,-0.056261510721274825,0.9995709090005791,0.11275964265777959,0.6168319242341183,0.049602493821155495,0.9980695389565974,0.10957429983786182,0.6188087207930433,-0.11444545785586047,0.9998420505296624,0.10054991749070946,0.6810340824581333,0.07917591574646182,0.046209347212598464,0.09042718367917203,0.6879104602904552,-0.12147690887962077,0.9744370835168028,0.12091728973956344,0.7118342178208492,0.0476871996763207,0.15278868731998274,0.12308207225231907,0.7191479092552554,-0.10291146912745075,0.9072478754179825,0.12879220644632983,0.7185506054333284,0.04622378963090128,0.19962301779361014,0.13234032477651334,0.7303319800467724,-0.11473244109324054,0.8847392173040486,0.13155375421047222,0.713929380689349,0.035171738071810656,0.21619897867952093,0.1353649426074256,0.7224457122030717,-0.11097782530954914,0.8764042825925925,0.12983667566662752,0.7128038974035359,0.041045369491690714,0.20697077115376805,0.13203123921439772,0.7185326445670359,-0.10023546644619541,0.8202235074270345,0.08644383187804909,0.730958243211111,0.05559852666088517,0.9963671167691556,0.08397373166822258,0.7346963087717697,-0.05555996937411176,0.9986686763309304,0.09530186191910797,0.8240732749303188,0.1113787871741114,0.26520999698411873,0.09642157455285397,0.8303134611674723,-0.06448495476728398,0.9882438920793086,0.08474894542069668,0.9139035940170295,0.16830632587273928,0.5409876732599171,0.0838799348899297,0.93759705622991,-0.07408482581377035,0.9824737452325374,0.07864334008523402,0.9285800400234411,0.1714573545115336,0.5129222784723557,0.07734872329802744,0.9559587893031899,-0.07791476058108472,0.9533857192311974,0.10795391670295179,0.93269260440554,0.15430667499701192,0.7017907244818555,0.11199883371591576,0.9563044905662543,-0.11970254814340964,0.9719705014001763
10,166.7,0.13424909824416761,0.5672675967216496,-0.04820557045085093,0.9994798955463235,0.1317558203424727,0.5590986524309435,-0.04210624524525237,0.999549295221057,0.13153217803864262,0.5592017372449243,-0.0421358073751132,0.9995491504669197,0.13122629622618365,0.5593060396966485,-0.042164591628880754,0.9997054395221535,0.13046168074721393,0.5588861420041042,-0.05812782350750201,0.9996266620499754,0.12934212883313506,0.5589970407031835,-0.05814890439311667,0.9995587042399823,0.12810350103037707,0.5591898560523991,-0.058171803220396986,0.9996727137338555,0.12412095921380188,0.5643389622370406,-0.00840111575754626,0.9991868393761778,0.12114629504226512,0.5649273196856185,-0.08367429035050535,0.9994673303195415,0.13248242012092054,0.5767565483138679,-0.033856689929962186,0.9993066276822778,0.1306769351164501,0.5759318527721228,-0.05508080550602508,0.9995825688044238,0.11286803725219917,0.6168747288840162,0.052677147622619394,0.9981784650257663,0.10957150232224246,0.6187011514391223,-0.11380123311565044,0.9998519420623786,0.10072483157827747,0.680952804429191,0.08336524239608226,0.04534754848905975,0.09046809871991482,0.6877297503607619,-0.12209899723529825,0.9753741394905825,0.12105919562634976,0.7115328680901305,0.05279444158077244,0.14986462891101848,0.1233560222954978,0.7181069481940502,-0.10461611620017468,0.9095863472847718,0.12959556778272002,0.7185227445193705,0.051935081148431456,0.1966832968450729,0.13278949544543323,0.7289094811394107,-0.1169520719420343,0.8872295816739406,0.13184344129902986,0.7136216277167915,0.04048731852145425,0.21256637998989664,0.13566844520114726,0.7209190187000099,-0.1127991321541015,0.8787589839526592,0.12998976310094207,0.7125460732550853,0.046043359452769904,0.20387115648814624,0.1322332052957445,0.7171043554941818,-0.10187505540393654,0.823261045274281,0.08656425490265807,0.7310324055807937,0.055783000020753815,0.9964501772608083,0.08414352259465632,0.7347883241517208,-0.05574229288668864,0.9987223034813298,0.09536495804786689,0.8240907447678708,0.1075101423831214,0.26041266180220124,0.09654601308561514,0.830461882409596,-0.06666860658498042,0.9880106449127204,0.08460979944183719,0.9141799665632708,0.16395675639311486,0.5369211094720027,0.0838955435014907,0.9378305531683429,-0.07304493195953829,0.9825011435009192,0.07847872270005096,0.9288698491596048,0.16717030533722482,0.5112178183737259,0.07739064026446575,0.9563060516402841,-0.0763069079035805,0.9539628284318112,0.1077773095596405,0.9330137968063361,0.14996436593078444,0.7012046972910568,0.11218546685718363,0.9566553291820351,-0.11693985582817176,0.9723251206534257
11,183.3,0.13405963281790426,0.5670633599871685,-0.048464331598508964,0.9994966103917085,0.13155698421455575,0.5589416736648201,-0.04240579601554646,0.9995559709412718,0.1313340004001346,0.5590630088533678,-0.04243554653865954,0.9995564222335822,0.13102994646344873,0.5591846023287096,-0.0424655778777032,0.999706861518679,0.1302679479122163,0.5586957761219573,-0.05839639352191066,0.999627209845044,0.12915232138974336,0.5588023463884993,-0.05841767415404324,0.9995609209651046,0.12792071274348676,0.5589879126775836,-0.05844011814111759,0.9996706190563391,0.12395458491075616,0.5641733975637531,-0.00840603254203286,0.9991914175805598,0.12101880212624877,0.5647784954025636,-0.08319980757577085,0.9994774091811415,0.13232481550602695,0.5766235589981084,-0.03411819093993734,0.9993191730408448,0.13051867626962216,0.5757465504464653,-0.05530240688295595,0.9995935360590624,0.11270703375339516,0.6168210336140229,0.053863424985181756,0.9982799433526546,0.10955321540435164,0.618613149438586,-0.11393367534592047,0.9998604853947964,0.1006909662059376,0.6807899389948169,0.08486914705662507,0.044580779437507934,0.09055458718822124,0.6875980240958083,-0.12255884742452994,0.9760139016878044,0.12107657463777642,0.7112185330618,0.055158929101058456,0.14706906179587056,0.12366018976484035,0.7173893111092708,-0.10329771254743857,0.9106404014996127,0.1302179020075572,0.7179323775427687,0.05468567744607021,0.19382191981588104,0.13319156709171487,0.7276632246517005,-0.11569111936149151,0.8883046195620589,0.13188759273006812,0.7131106001990187,0.042637433324541396,0.2090716177508946,0.13596423041252872,0.7196844731058398,-0.11127964797474098,0.8796055600756698,0.1300238101255327,0.7121508263406304,0.048236093173424435,0.20087992648283653,0.13244745419138965,0.7162000395002824,-0.10051152890636814,0.8244269830839981,0.08655841967889247,0.7310115326018566,0.0558418968603725,0.996510565280915,0.08436439895913721,0.7348462740580246,-0.05580241144413044,0.9987607683454248,0.09544343678724204,0.824087316081638,0.10366258344479978,0.2569552887053719,0.09666599439723159,0.8306576467695697,-0.06620118979896822,0.987717651185536,0.08458276483274647,0.9143203667231975,0.16095998031752462,0.5337408724285311,0.08389671111390709,0.9380521518843521,-0.06831722458203637,0.9824082028298158,0.07854295096227107,0.9289899156207136,0.16452338581993478,0.5099699866204038,0.0773832091972942,0.956545171283541,-0.07105656322978797,0.9542265619550439,0.10767961009627305,0.9331698190598268,0.14793518256573462,0.7010260933921456,0.11219467612959098,0.9568374951680508,-0.1105672518412273,0.9724513945125405
12,200.0,0.13389366865158092,0.566893387408484,-0.04753112526876589,0.9995088861102157,0.1313923512186324,0.5588421821594243,-0.04149898283538367,0.9995596125012359,0.13116005985509793,0.5589784923053926,-0.041528036197026594,0.9995607620193852,0.13084459659599132,0.5591115440641135,-0.04155636614277253,0.9997067536626552,0.13011564527239128,0.5585683924811231,-0.057846782285542755,0.9996249193236949,0.1290075679620108,0.5586695500782561,-0.057866062614179835,0.9995599814823702,0.1277872614917302,0.5588400051707317,-0.0578877503673236,0.9996663417134974,0.12375909835100182,0.5640528741337008,-0.007808188486489518,0.9991957147916166,0.12091280058735902,0.5646435533251085,-0.08309369569733036,0.9994862278302519,0.13214763005574554,0.5765117860975724,-0.033203579928903375,0.9993291497230536,0.1303528483424869,0.5755884846051538,-0.05471909170349443,0.9996014521235519,0.11245608542646687,0.6167639352026444,0.05489514768123631,0.9983628903116506,0.10956148306528735,0.6185699559393387,-0.11378586647056407,0.999866777942295,0.10047161827484774,0.6808638033412757,0.0851926058530808,0.04385175289852282,0.09066724386953179,0.6874987454641438,-0.1217345872095654,0.9764750202496854,0.12118948038135265,0.7109552366392958,0.05637382503066748,0.1433695512158531,0.12390333981741052,0.71661331823894,-0.10018139155138114,0.9107590147427158,0.13034933024928694,0.7174378661882315,0.056198992367301706,0.18976080843380533,0.1334084201426734,0.7264679443268554,-0.11244052684023276,0.8882564334642326,0.13195524187315089,0.7129010671661018,0.04363976010964033,0.20435732177325672,0.13620711153461829,0.7186529920214704,-0.1077350392228082,0.8792199095090236,0.12993487999552783,0.7119990189870204,0.049265740350598414,0.19680216624623267,0.13265452001776024,0.715470657462166,-0.09732746936026081,0.8241089270228437,0.08641620157730018,0.7309415908086874,0.05580218792671253,0.9965542327790041,0.08466266627822609,0.7348480423291529,-0.05576290686925257,0.9987719825335919,0.09547671959513718,0.8240684639839906,0.09964091508161461,0.25480272372563695,0.09682495998484755,0.8307934062821531,-0.061814860573836776,0.9873412904285257,0.08451176895981749,0.9146067698796597,0.1502447717246556,0.5324870007378718,0.08391427106800539,0.9381485325949539,-0.05659380466455509,0.9822329566592269,0.07851936455283852,0.9292327648117436,0.15292556512923478,0.5108998503003805,0.07739300174372543,0.9564897389638999,-0.058569370813313024,0.9543113169215982,0.1074676793955622,0.9332465075311214,0.13512570836714344,0.701829280172076,0.11209668502921159,0.9568072131701885,-0.09675275818223053,0.9724476450965525
13,216.7,0.13376634887286604,0.5667423038255605,-0.04649178364447189,0.9995170065334872,0.13124691446622222,0.5587599930309118,-0.040423237496898315,0.9995602085476837,0.13100272133236848,0.5589018322172623,-0.04045035867463978,0.9995622521355045,0.1306715699888412,0.5590363542238875,-0.04047354328490442,0.9997052238101058,0.12998939270064955,0.5584674733025692,-0.05726287549450288,0.9996203553108949,0.12889109622864506,0.5585580439794635,-0.057278893710601936,0.9995562604495465,0.12768047906103597,0.5587117331368586,-0.05730007429208078,0.9996602109500347,0.12354802517663874,0.5639653518086393,-0.007141039861987039,0.9991973099254433,0.12081241926976621,0.5645400569552471,-0.0830112238015448,0.9994920265106935,0.13200918265751438,0.5763992184684394,-0.032047572057871614,0.999334965433394,0.13022452805723472,0.5754505395889287,-0.053941268296468864,0.9996064958118265,0.11215319165161686,0.6166498036611652,0.054699211603119295,0.9984345805077333,0.10957826603026626,0.6185357570648198,-0.11381488009577714,0.9998716428166351,0.100218547596818,0.6810930938947773,0.08439587588821144,0.04331375605293686,0.09081600322609862,0.6874542803991414,-0.12134023223604484,0.9768615450177881,0.1218305957459269,0.7106905636333289,0.05606835370972047,0.1406840483347576,0.12429089099168787,0.7159773934455149,-0.09856486462411435,0.9109054009119676,0.1307184242066884,0.7171450115385515,0.05587243838679227,0.18689555213564932,0.13386471001874845,0.7258887745085221,-0.11074214606058037,0.8882813283375337,0.13298285858971742,0.7121311823527023,0.04310847073793414,0.20096734733808624,0.1367427415791013,0.7179772342954368,-0.10594843682788674,0.878927926222484,0.130384623294785,0.711089704717909,0.04887754647504719,0.19395854856286743,0.13311819093567995,0.714734642278581,-0.09567978516930632,0.8238684676942377,0.08629628909485687,0.7309151518912548,0.05569630045266383,0.9965899359612245,0.08493656877960484,0.7348972530592062,-0.05565590216290387,0.9987743496894844,0.09547217970802677,0.8240401319095072,0.0968633074136008,0.2524439358995076,0.09700719728356323,0.830918831484659,-0.058659115894919386,0.9869419648533783,0.08447065843003143,0.914943436781566,0.14392950776077462,0.5308119597889133,0.08394662042458859,0.9382671316464749,-0.05020934502993315,0.9819949354444238,0.07849334393228809,0.9296598491214577,0.1462101418347587,0.5112972429820473,0.07744470841827852,0.9565847998573673,-0.051982168640409235,0.9542563954989123,0.1073628600154605,0.9334039319129224,0.1275419777347929,0.7019631039528624,0.11205999837035233,0.9567543807483863,-0.09011544393641614,0.9723266476676585
14,233.3,0.13366333217847925,0.5665869599296938,-0.04514958744957337,0.9995240994862155,0.1310796865395138,0.5586985803785782,-0.039116367875110566,0.9995599190394091,0.13081753112020955,0.5588331818580632,-0.03914293274283412,0.9995637422516239,0.1304656153633482,0.5589548973810109,-0.03916391340040028,0.9997040601003746,0.12986473668189286,0.558413732619513,-0.05622498070200288,0.9996154421851756,0.12878336792900458,0.5584930096353807,-0.05623874813318257,0.9995522442318152,0.1275897579533714,0.5586244861284896,-0.05625983026056067,0.9996533706074676,0.12333447379725329,0.5638726949691777,-0.0059970641519785685,0.9992017604055866,0.12075507782754452,0.5644615661530272,-0.08249225609359292,0.9994950890541084,0.13193005465325863,0.5762546204385308,-0.03067029906170711,0.9993391661416924,0.13017271033355177,0.5752946081615634,-0.05288289398664524,0.9996098705700474,0.11193646064826429,0.6165410478909814,0.05529514238947918,0.9984986015728549,0.1096342195357596,0.6184823456264682,-0.11342278513170433,0.9998758832613635,0.10003882965871273,0.6813373253459027,0.0850296421420007,0.04307962138028375,0.09104883954638535,0.6873751481374111,-0.12083913492304947,0.9772352718171626,0.12305924154463277,0.710153358323234,0.05781313776969914,0.13892533239864177,0.12493174239283526,0.7150976061820989,-0.09836749271267943,0.9117861759094972,0.13162732904865637,0.7157127885591421,0.05788492180761841,0.18497307669548774,0.13449280034928104,0.7248895707584568,-0.11065048653455016,0.8893055887449361,0.13474918689046594,0.7110177363668175,0.044484385954482245,0.1986371640648162,0.13744232342356738,0.7168233366239644,-0.1056674193768275,0.8797220729646235,0.13150105944701612,0.7097908797718234,0.050438078563837814,0.19216208940460583,0.13379004242874337,0.7135261382375451,-0.09543624839612422,0.8248369636989781,0.08622811770155323,0.7308483435994109,0.05565476736852105,0.9966444429897134,0.08513258397579199,0.7348708056268243,-0.05561337779675215,0.9987852204413649,0.09550413170031147,0.8239885341553468,0.09584741187947143,0.24976175668693743,0.09716337174177178,0.8309431927544737,-0.056373684001820475,0.9866922554515664,0.08450996946720855,0.9150613745053615,0.14282500105244783,0.5288013532048184,0.0839945574601492,0.9383558943158111,-0.04741066037898975,0.9818748604683656,0.07850882198129387,0.9300501942634589,0.14519602273191734,0.5117987167267576,0.07751096217405234,0.9567137843086613,-0.04938132741621566,0.9544469401949934,0.10736036087785455,0.9336307843526211,0.126126347907952,0.701686580975851,0.11208482157616396,0.9566708718027394,-0.0884277433866547,0.9723128619648168
15,250.0,0.13358046824023848,0.5664025062606453,-0.043555157347804054,0.9995334659303945,0.13087482821373722,0.5586175521214807,-0.03750139474868777,0.9995621102196837,0.13058606925464822,0.558741498561133,-0.03752777689979193,0.9995685446830029,0.13020897053536923,0.5588486279760092,-0.037546506062859614,0.999705734707061,0.12972675405797512,0.558354945409866,-0.05511825549460597,0.9996139407157905,0.12867098124254328,0.5584279128483368,-0.055128797179176736,0.9995520710945136,0.12750097683497846,0.5585433131172548,-0.0551495326771623,0.9996491188094736,0.12310819718099784,0.563785328751519,-0.004228785365176878,0.9992145839191626,0.12068907029571997,0.5644143564360486,-0.08238360356716888,0.9994985716683531,0.1319146475621633,0.5760831350371955,-0.028910535077254,0.9993462505794715,0.13020214367480515,0.5751193477993923,-0.051728228727976514,0.9996142784754442,0.11186132296210252,0.6165477065812979,0.0566399627853008,0.9985597247169138,0.1096680973257338,0.6184397027606061,-0.1135986443786395,0.9998798569043486,0.10004229914574403,0.6815861321630936,0.0877576037531808,0.043291659759623694,0.09130063723950166,0.6873159153120862,-0.1217524143201965,0.9775589562597735,0.12499171672832407,0.7092315895216811,0.061480703098433405,0.13895227795555487,0.12583524804739735,0.7138457780792604,-0.10192720166274488,0.9132522372972405,0.1336308880930856,0.7140375262215028,0.061818884242148674,0.18511485272929795,0.13558184887681698,0.7235118775140676,-0.11471096781038112,0.8912303220658082,0.13732110531557185,0.7093047584806175,0.04776416328691305,0.19859782641842266,0.13858167898087287,0.7150937432334541,-0.10951347436223718,0.8815139787537717,0.13368695335728792,0.7079203355880016,0.0538783960399174,0.19258729191053497,0.13488546510537475,0.7117769973618648,-0.09896141539017367,0.8268608791487564,0.08622646863971443,0.7308370243935364,0.05573780391187899,0.996706820669629,0.08528723851555875,0.7348688131286989,-0.055694096145175793,0.9988084492229288,0.0955412373656319,0.8239163472538908,0.09632776109945212,0.24624366987319238,0.09730103150719696,0.8309420971643363,-0.0570142253168992,0.9866011398179197,0.08452863388118295,0.9153896428289874,0.14674107304641187,0.5265120353017538,0.08406924988542291,0.9385004526092899,-0.05090492005859106,0.9819128853934159,0.07853018279586525,0.9304796741122299,0.14977314997287033,0.5122947863170082,0.07761771799553013,0.9569050102006829,-0.05316431926829478,0.9549396889550352,0.1073664029439291,0.9340068328948254,0.13143633164110646,0.7010927767980671,0.11223962832064863,0.956871117864337,-0.09262020637591686,0.9724212146940693
16,266.7,0.13352552269186302,0.566217802819752,-0.040806071389289156,0.999542205106645,0.1306679184947696,0.5585398844310219,-0.0347127886045547,0.9995636230423344,0.13035075721286601,0.5586511066981729,-0.034740817511365554,0.9995727397146686,0.12994832013334556,0.558739977223533,-0.0347599317097948,0.9997079372406014,0.1295969472044991,0.5583011564754308,-0.052921794887099985,0.9996124733062024,0.12857032106036242,0.5583662078494122,-0.05292941150920735,0.9995514949162809,0.1274252278464182,0.558465645426796,-0.05295068894823396,0.9996447932152528,0.12288974935100201,0.563687744594756,-0.001519750648488602,0.9992290054048818,0.12062588050251924,0.5643787639481684,-0.08236421502771837,0.9995009019261322,0.13193818855853318,0.5759078008787977,-0.0261365224030756,0.9993531902631131,0.13027109773386103,0.5749420097896035,-0.04968995476762457,0.9996180307297486,0.11188856122039621,0.6165224370502295,0.05912067120273912,0.9986173255102982,0.1097159587911198,0.6184066448892871,-0.1135271478976523,0.9998833082971126,0.1002141712676912,0.6817014416058862,0.09243676917893552,0.043582733188356704,0.09163926541805273,0.6872390820866544,-0.12284933030605324,0.9779105186462409,0.1269957614796503,0.7078362050510594,0.06756962037512239,0.13956388973054443,0.12690340408257084,0.7127003783271431,-0.10609246825888051,0.9154432188896913,0.13577644881748027,0.7118409588223418,0.06838477952849302,0.1859427555685953,0.13694026711441232,0.7221392847242815,-0.1196309814140911,0.8940780815624062,0.13980841920489367,0.706862160137722,0.05347954056092675,0.19932176598480783,0.13988466277008976,0.713342169920604,-0.11393542374883388,0.884307313533057,0.1362206715913047,0.7055919851575584,0.059710972188484146,0.19378079332056514,0.13617818199452908,0.7101535967418131,-0.10303509696608505,0.8301434772355222,0.08619421826941633,0.7308743823142284,0.05591761782055813,0.9967771768569954,0.08547020739033115,0.7349509029161367,-0.055868829999651266,0.9988296542848867,0.09557051105158676,0.8240175729706181,0.09847499572095425,0.24231914537293586,0.09738194552205864,0.831210911273957,-0.05640405043959621,0.9865427386193055,0.08450026597295494,0.915905660107023,0.1529000947872799,0.5231704087484454,0.0841751559859231,0.9386692558016103,-0.049943822657778185,0.9819978986467641,0.07851266293298637,0.9310131413596024,0.1564393611181351,0.512943370001657,0.07776932382867456,0.9571753144264228,-0.052022040599868445,0.9556541244188951,0.10734817775942038,0.9345071145466401,0.1383016382654509,0.6994156837463383,0.11242844022455677,0.9572055765560703,-0.09170502353282209,0.972543262300038
17,283.3,0.13345225368227287,0.5660228956313365,-0.0399698333016464,0.999545091674442,0.13051331681864614,0.5584051921254116,-0.03387941774867832,0.9995586162521732,0.13018498037542625,0.5585056628499716,-0.03390866730894364,0.9995685390063702,0.12977498202096857,0.558579924560729,-0.03393039497591203,0.999704559644064,0.12947167810939617,0.5581958151998978,-0.05222975054667113,0.9996060218129847,0.12845343564237877,0.5582580679938911,-0.05223628754417105,0.9995446971484601,0.12731401409421658,0.5583427292960035,-0.05225823837376781,0.9996368317377007,0.1227387079880352,0.5635239567075461,-0.0004109795693130723,0.9992278615633654,0.12051260435865048,0.5642953089305336,-0.08251222826185686,0.9994987504822874,0.13192128354594831,0.5756829891886035,-0.02514370956591199,0.999352191175734,0.13027196412994757,0.5747502701623104,-0.04889117536090673,0.9996170628638502,0.11185769027187718,0.616387852600643,0.06043502493273648,0.9986633062362678,0.10974210323322395,0.6183582714625772,-0.1134346109770594,0.9998854256811603,0.10041600643169321,0.6815543685640613,0.09532067357074653,0.04383930688103044,0.09199210078943351,0.6872533304350721,-0.12347859286126645,0.97823053598404,0.12859117133276812,0.7061024932634268,0.07103992661549936,0.14155637792178571,0.12793481420902988,0.711440415609451,-0.10767305748803283,0.9178652224086585,0.13756887047063748,0.7090840765408113,0.07201856445698515,0.18851462503274297,0.138318636587688,0.7204775952157525,-0.12143259034270341,0.8970996964545483,0.1415144879193534,0.7039029882067731,0.05683874693654837,0.201912134176209,0.14109406300953464,0.7109990119934086,-0.11551179665894744,0.8873380905105961,0.13851836252780197,0.7030826097442995,0.06309437645333157,0.19664377541769135,0.1374158752816065,0.7081923059054789,-0.1045627707526798,0.8338837992577333,0.08633444422767282,0.7309211975052248,0.05599106120921321,0.9968041919526607,0.08564473227376035,0.735031059810094,-0.05594074637407352,0.9988155194691256,0.09563490074305314,0.8242071781839649,0.09759409477313366,0.23807536562283854,0.09740082813160766,0.8315517590159468,-0.053983852976844465,0.9860916790508096,0.0845566257124856,0.9167245030403144,0.15168321558407385,0.5179283249945872,0.08430702665022448,0.9388659880274824,-0.044553361212213864,0.9817025973683319,0.0785640595214708,0.9317016175815044,0.15517201522986104,0.5119596152078542,0.0779179182080996,0.9575237007368186,-0.046214838645287956,0.9557907780011501,0.107371363966238,0.9350919184230629,0.13659230087484642,0.6959770804359804,0.11259500221127564,0.957507735206968,-0.08569407001847318,0.9721748403140483
18,300.0,0.13340294432072422,0.5658394580795656,-0.038830134485449135,0.9995425769260958,0.13040266647225346,0.5582342573574615,-0.03269078139038315,0.9995484011513853,0.13006395598252624,0.5583284610793708,-0.03272084678922384,0.9995591668855582,0.12964338135151646,0.5583954084487193,-0.03274424489410153,0.9996971033868343,0.1293775403783436,0.5580480751537145,-0.05125148718555772,0.9995946430024655,0.12836064611162468,0.5581090677352183,-0.051257025095678546,0.9995329720633378,0.12721887372788937,0.5581816009112771,-0.05128096150500437,0.9996247149649128,0.12260542029426222,0.5633663989248734,0.0012461987457105103,0.9992183872631625,0.12039944529533396,0.5641780609176277,-0.08186279024396628,0.9994932242802219,0.13189781847454263,0.575472508158003,-0.023763921466611698,0.9993443063327252,0.13025603620778956,0.5745887898263482,-0.047773743137007704,0.9996114798954562,0.11192114331892566,0.6163866832142789,0.06246143047298708,0.9986939714068466,0.10975962203173419,0.6182744985535036,-0.11315286727178672,0.9998864616666528,0.10054950309651245,0.6817135981151041,0.09800981339954201,0.0439842630709921,0.09240912717013139,0.687067466122764,-0.12380397887456995,0.9785136835915709,0.12949455423014514,0.7046385861578447,0.07437484356619067,0.14262984409218754,0.1286805130186536,0.7099233071009323,-0.1089275546726727,0.9202913925761275,0.13834706658408766,0.7076212593487337,0.07558388333945051,0.18991285775389005,0.13925126762617213,0.7185720403989162,-0.12295807152986536,0.9000838569232402,0.14232175548871367,0.701836160251073,0.06025481827202302,0.20325448399498364,0.14195612711565844,0.7084736426671352,-0.11680165465388986,0.890345902669998,0.13973677371229454,0.7012071041833792,0.0663944424263069,0.19826830994515207,0.13841686646143606,0.7061745666322259,-0.10577700464498437,0.8376128276189174,0.08655816635915217,0.7310184751238147,0.056113842342581106,0.9968102091834665,0.08579468798069734,0.7350413912818551,-0.05606101612959593,0.998782586483729,0.09576689877680378,0.8244793528602243,0.09501745055119204,0.23643166607334515,0.09739308484963016,0.8320193092028306,-0.051394638915856716,0.9856144246600931,0.08479180293423795,0.9178143200420205,0.14696898417813448,0.5161970598357069,0.08442797050589612,0.9391994249253053,-0.039628089716037145,0.9814776437623167,0.07881754991554084,0.932481039138068,0.15015970312413726,0.5139028174536573,0.07804666140249802,0.957768863155729,-0.04102405054228649,0.9559400478998826,0.10752443508023315,0.9355162467275354,0.13041411765984137,0.6949338856197544,0.11259254422925774,0.9577892621358243,-0.08116493267672409,0.9719343809854423
19,316.7,0.13334237819626227,0.5656469975199022,-0.038439758476756895,0.999536437647684,0.13029710096972338,0.5580676254772009,-0.032240879854985666,0.9995351149922334,0.12995543011597233,0.5581556955973311,-0.03227125569468455,0.9995467861493436,0.12953044261251187,0.5582157430194677,-0.032296160502093205,0.9996874644642793,0.1292680466458912,0.5579034373873759,-0.05072857741089098,0.999580715383803,0.12824617681049175,0.5579626673743843,-0.05073490579213419,0.9995185562542515,0.12709822683107294,0.5580267196609865,-0.05076111480593685,0.9996106596220116,0.12248248677878162,0.5632448934373406,0.0021033560347166816,0.9992029297919508,0.1202566765603566,0.5640956759452824,-0.0810618556681134,0.9994850101925085,0.1318755752983548,0.575250279335749,-0.023214399193724013,0.9993316900162477,0.13023186297643763,0.5744366901261471,-0.04713179809706555,0.9996029308864056,0.11197448734726234,0.6164383576029828,0.06362447071643107,0.9987165331840522,0.10976251782405952,0.6181905752136598,-0.11317248323134022,0.9998871229943782,0.10063225704999204,0.68203254824593,0.09912849714358654,0.043978007066817544,0.09286571294069296,0.6868331687791012,-0.12413044486727043,0.9786748744192585,0.13003321985403707,0.7037232688495096,0.07563087628001264,0.1429984299909502,0.12930358946323406,0.7083891317957929,-0.11069416183800931,0.9223316368602578,0.13852933120159885,0.706207672754924,0.07686411128157666,0.19049177070458745,0.13994379554476066,0.7166417610077637,-0.12487642467021952,0.9026395962351852,0.14279534206503924,0.7003189524014796,0.06154169940522743,0.2037230694577809,0.1425481452828363,0.7059812318711058,-0.11834598687433069,0.8929148685364503,0.14030517353898014,0.6998112031391693,0.06766781210899359,0.19906740387280797,0.1391618720122747,0.7040021873655778,-0.10744096799975358,0.8407769884381981,0.08681014570451925,0.731177117143359,0.056254566957553265,0.9967821382340938,0.08589127908150361,0.735074576877413,-0.05619908372561141,0.9987438548178907,0.0959051552982558,0.8247474999654867,0.09446805538166143,0.23503728778589356,0.09737764476310647,0.8324913183848068,-0.04948584008074946,0.9851146908033469,0.08510757627941319,0.9187818794023429,0.14650227980954317,0.5140332011949451,0.08450838142917276,0.9395884843099691,-0.03728049878208413,0.9811337703750255,0.07915611281281432,0.9331787427266445,0.14968386434373412,0.5147716857138138,0.07815451494285044,0.9579734177816489,-0.03861600196077713,0.9557966135797052,0.10774098904359916,0.9359673403558283,0.12954339810780127,0.6933441956837977,0.11256474966094615,0.9585024345488782,-0.0793534914652507,0.9715098539988207
20,333.3,0.13324870807783953,0.5653957355590098,-0.03824611327477867,0.9995330288296661,0.13016875868751898,0.5578809919811434,-0.03205554426780771,0.9995257513863707,0.12982528124536796,0.5579658746719365,-0.03208627392138756,0.9995387111391347,0.1293964400177911,0.5580231093225029,-0.032111767324663365,0.9996806411516106,0.12913977390243903,0.5577395416441422,-0.05035854787344028,0.9995701369785134,0.12811666585150228,0.5577995777130131,-0.050366127242644665,0.9995080544835052,0.12697352468967446,0.5578571785063975,-0.05039378574916298,0.9995999137560534,0.1223526181919235,0.563124537467957,0.002234584662974592,0.9991943836212165,0.12015050259374446,0.5640051535197671,-0.08019410605941506,0.9994797706604011,0.1318326216368449,0.5749891258421402,-0.023062652243035196,0.9993237171854299,0.13019839213007983,0.5742393618538271,-0.04673439441692265,0.9995972315470385,0.11199470432031731,0.6165062529700147,0.06358714969385243,0.9987388537043624,0.10977395233653849,0.6181033792949863,-0.11324893860589899,0.9998883150872737,0.1007001439020748,0.6823633228029529,0.09834619434106925,0.0438456794335729,0.09323097871882582,0.6866352841967633,-0.12308563575858171,0.9786284509159277,0.13039186596870433,0.7024581772940504,0.07491341091337664,0.14226084025133234,0.12988573028927766,0.7065596807570689,-0.1089902158294406,0.923630799565997,0.13807217351027906,0.7038466164043977,0.07588538882278266,0.18975285050414872,0.1402612328529359,0.7141791553724385,-0.12300367972680509,0.9044362760725482,0.1428578687565668,0.6988805759520762,0.06079812312409996,0.20278821317922519,0.14274877522672935,0.7033839424451198,-0.11643970651285997,0.8947005385444284,0.1401658384572893,0.6982562031064721,0.06703375741129834,0.19854199673448303,0.13951406450498682,0.7016654639017019,-0.10571165418341054,0.8430057707287022,0.08696493967658003,0.7312940756479904,0.05633225487101649,0.9967607827413657,0.08595880227429532,0.7351264527865824,-0.05627457336300899,0.9987252070790252,0.09602773721729013,0.8249100077719922,0.09648202749944876,0.23450059763022849,0.09736369159959618,0.8328938030061274,-0.048251690963904095,0.9847980084873388,0.08541274922234678,0.9192025292487378,0.15115347717489525,0.512779479935056,0.0845530767525946,0.9399575818152661,-0.03630987838620234,0.9808405183610469,0.07948031453859244,0.9334923426310228,0.154666882185709,0.5157876553989595,0.07818580347867245,0.9581171586399995,-0.03768467920876687,0.9556147995449256,0.10792555056867154,0.9360642149334868,0.13516814722901307,0.6925603633835207,0.11243983571018498,0.959168039617085,-0.07844530010507225,0.9711536339351117
21,350.0,0.13307092658111036,0.5650878293173658,-0.037532149148838886,0.9995378397759944,0.12997291485468557,0.5576761960983281,-0.03134239420649554,0.9995249594960901,0.1296342554546539,0.557766797996703,-0.03137295276281382,0.9995393809818094,0.1292093424569994,0.5578323943274366,-0.031397629263145606,0.9996797555968882,0.12892265050184168,0.5575558968952727,-0.049471492568651874,0.9995683091027403,0.1278933904000692,0.5576250013850987,-0.04948072295103758,0.999508216267541,0.12675023078918468,0.5576875720705309,-0.04950886113303052,0.9995979950541549,0.12220507257041485,0.5630338191986088,0.0028573553537994288,0.9991961462157121,0.11995604066621698,0.5639416830880306,-0.07867862532536193,0.9994822768937981,0.13172493378321337,0.5747270953087584,-0.02250025421380998,0.9993251760800687,0.13009582459926616,0.5740260112853282,-0.045935220484222716,0.9995981681914563,0.1120340082617034,0.6166316583043058,0.06407739647797181,0.9987685112726128,0.1097543044459253,0.6180485685666406,-0.11280002338545671,0.9998911732719066,0.10108563091073725,0.682606282688323,0.09908022979895281,0.04409474258621537,0.09380213526033226,0.6864905953407292,-0.12195817523059399,0.9787254645710907,0.131015759138834,0.7010038551830116,0.0754397529221717,0.14325466397262765,0.13044980877921705,0.704541751316616,-0.10890969882408785,0.925436124915169,0.13860484177158003,0.7021773003396539,0.07617183278004333,0.1910969884622666,0.1406547590380624,0.7116311022213533,-0.12292606915746425,0.9069027900695807,0.14316458219573622,0.6976742829595298,0.06122629096110666,0.20409266721634653,0.14302162542229618,0.7011343382653741,-0.1166645036566826,0.897293837297531,0.1403356669914156,0.6968088206790748,0.06760331775460929,0.20012122534570254,0.13986639678478252,0.6994496214957469,-0.10573455620379682,0.8463814428874431,0.08712816167445417,0.73141983861015,0.05641391625006998,0.9967517937932704,0.08596783202318925,0.7351791404542474,-0.05635401269509683,0.9987344685054967,0.09614688583782749,0.8249362111091619,0.09916415349358612,0.23409900707857967,0.09736570041804093,0.8330706585021252,-0.05065951052875749,0.9847839417911719,0.08564591336817974,0.9193500677744554,0.15627074170680283,0.5122610444114325,0.08458513127905988,0.9402896364529935,-0.044503849798015215,0.9806973707108277,0.07970557468278072,0.9335843892324545,0.16004980036190591,0.5167739249411087,0.07819556870630814,0.9581981499989835,-0.04653089067765648,0.955580339545296,0.10811387605610356,0.936322138423012,0.14132317616826023,0.6924782764343993,0.11237433162473506,0.9599785151935765,-0.08776238738071357,0.9709918215161285
22,366.7,0.132889177118029,0.564859577587673,-0.036296358420735336,0.9995471579687943,0.12978345581463413,0.5575297134263179,-0.030103107825631206,0.9995296058200662,0.1294505979333606,0.5576276552109496,-0.030134230053850602,0.9995450235548481,0.12903151838552393,0.5577039576712113,-0.030158204603053296,0.9996829118047449,0.1287102195478622,0.5574294016474773,-0.048244116029569115,0.9995719903991344,0.12767606476942708,0.5575106881913688,-0.048254251657497346,0.9995142505282455,0.1265315505720321,0.557585091817947,-0.04828276414246789,0.9996014265787041,0.12207632866643732,0.5629891923495706,0.0036569858535325976,0.9992060235568463,0.11977031010957,0.5639247269857501,-0.0776113438464347,0.9994901901199711,0.13159669864745377,0.5745571227300739,-0.02138863787764596,0.9993329729352686,0.12997170360315424,0.5738903198923387,-0.0448174160860834,0.9996034247534623,0.11217318936472856,0.6167275110880539,0.06437587489684428,0.9988004934220094,0.10972333380154209,0.6180490312122168,-0.11234369803042649,0.9998937249183661,0.10188111804780513,0.6826982583318443,0.10054327583029163,0.044518116506792285,0.09441198550519496,0.6864803007670817,-0.12094557817493175,0.9789198665391838,0.13197853309767596,0.6992759903271997,0.07732171600773227,0.1459456646726246,0.13093368851003204,0.7028751316524693,-0.10803282296373738,0.9277108850933263,0.13999541813418986,0.7002295227277852,0.07795101120358428,0.194657257625035,0.14109831267879133,0.7095650037129725,-0.12201086928447095,0.9099419911702481,0.14397533592723674,0.6958375289326628,0.0629691492233958,0.20780123983110715,0.1432922525065287,0.6991617651212788,-0.11615042140086501,0.900554035391127,0.14085705010663907,0.6946223094349822,0.06945054162116282,0.20395850425674816,0.14016854621115193,0.6973536667369665,-0.10499100812843876,0.8507660201617655,0.08722182718061272,0.7316539543015621,0.056424859911203426,0.9967442069734853,0.08599839714311425,0.7352850692612789,-0.05636299241866388,0.9987344230924342,0.09626301590885442,0.8250707501456856,0.09976840906199962,0.23445378527754845,0.09735419494765152,0.8332980814434239,-0.05091250918450814,0.984809265250252,0.08569226165612545,0.9194547562372123,0.15599062471162717,0.5129390444074362,0.08461259660266701,0.9404950737953193,-0.045705761405683734,0.980616680213384,0.07970776692742398,0.933668684391749,0.15963818487666914,0.5189893359229683,0.07820977483476917,0.9582319004195083,-0.04775573047144076,0.9557304921604346,0.10822409001134699,0.9367772596223021,0.14087887179283878,0.6932211092540201,0.11234399286054439,0.9605418358530324,-0.08847447307336904,0.970922197614398
23,383.3,0.1327267906495504,0.5646645341600695,-0.035640288676534404,0.9995570977528897,0.12965786598977597,0.5573752834683376,-0.029424318422873835,0.999535072417487,0.12933906487056196,0.5574845189139961,-0.029455195580210026,0.9995498941058212,0.12893471618493407,0.5575760801633203,-0.02947803941510975,0.9996853073438016,0.12854335492565527,0.5572929722922193,-0.04743402362579395,0.999577550660997,0.12749802995295761,0.5573914136205405,-0.04744607511730425,0.9995220133236484,0.1263441081557956,0.5574791885557633,-0.04747494434316957,0.9996072082292473,0.1220336595461483,0.5629146553221207,0.004417374874243428,0.9992082033838552,0.11961588263511666,0.5638740914208553,-0.07602302659125561,0.9994998148509442,0.13146197653952107,0.574398415429252,-0.02064781059466659,0.999340460413979,0.12982643360183363,0.5737655134428119,-0.043928619119383075,0.9996098194803518,0.11257835193758928,0.616821115925199,0.06509061228661314,0.9988305341629762,0.10968885819117236,0.6180635378474285,-0.11101165059066961,0.9998963361694706,0.10294773287716373,0.6825600663820908,0.10176264813968121,0.045020387818416,0.09499591766368783,0.6866158417293009,-0.11948155398879741,0.9792368639083142,0.1331368386745454,0.6976889797619417,0.0769418637667384,0.15154691182431734,0.13116181251548595,0.7015246294793633,-0.10478258842513682,0.9305536406380797,0.1415593737647648,0.6986402017729628,0.07710015241588872,0.20186339531626035,0.14132861012504225,0.7083583048411783,-0.11841630900189999,0.9135763531639469,0.1451510808297567,0.6938429588363288,0.06220379950744769,0.21542896685146165,0.1433642123426711,0.6977909008661911,-0.11334207228251875,0.9045216185706009,0.14191656949974252,0.6924119080816,0.06902037028755464,0.21130112452166439,0.14023829854670036,0.6956178858166654,-0.10195616668178928,0.8562127380144035,0.08757189448390695,0.7319586362157554,0.056413747547637894,0.9967041044008171,0.0859919204598382,0.735349765845708,-0.05635134591942746,0.9987232344491148,0.09640154810178855,0.8252240532920481,0.0996084181325777,0.23461721269857333,0.09732847483385185,0.8333423080898472,-0.055088337688219025,0.9847335559981217,0.0857670317803111,0.9196840836888275,0.15422115581376222,0.513076986585345,0.08464520034335915,0.9405749411810018,-0.05329379350656559,0.9804397026697802,0.07970920879216427,0.9338590900103259,0.15760701965718055,0.5205286173593434,0.07822056895210636,0.9583315593855728,-0.05564975685306962,0.9556582882290802,0.10834135150625601,0.9373672491028202,0.13861097253504262,0.6933710262888959,0.11234154232910709,0.9607530747141163,-0.09648504746811737,0.9707705066317611
24,400.0,0.13262957689307994,0.564548404443832,-0.034870347983780386,0.9995682154382984,0.1295640461501622,0.5572461429096407,-0.028589549341372103,0.9995427387101317,0.12924992044766753,0.557357734157926,-0.028620185064417998,0.9995569586753852,0.1288501535143172,0.5574544214067009,-0.028641821195681913,0.9996889687719805,0.1284336383853641,0.55718321459634,-0.046468608436130376,0.9995850608462387,0.12738427165008737,0.5572910791351686,-0.04648207234484812,0.9995320410955526,0.12622594123794928,0.5573862649145584,-0.04651147393243657,0.9996144771575936,0.1220026264588039,0.5628486332439245,0.005376629287465701,0.9992143284706849,0.11951546796730596,0.5638460233097988,-0.07428150978826346,0.9995111283801857,0.13136520910830735,0.5743137796719873,-0.019790708397825575,0.9993498467263728,0.12972975415842886,0.5737076940990633,-0.04293594793194819,0.9996176560719815,0.11306960632403701,0.6170019876389281,0.06615275889635092,0.9988612901596804,0.1096579340242205,0.6180685872123359,-0.1096911100404604,0.9998989502588915,0.10384929747808555,0.6825816517784487,0.10334701694193348,0.045670488051005806,0.09552425252539778,0.6866197330611098,-0.12001519224473417,0.97960665963945,0.13388422628243773,0.6966753176280436,0.07830955265533363,0.15924036502838146,0.13124199637344916,0.7003758010410133,-0.10793598776771916,0.9337876609393535,0.14273179854665496,0.6977143741789322,0.07838902090276996,0.21169725486210428,0.14156016991252002,0.7072446261133472,-0.12197226676202964,0.9176829883030491,0.14622120630173466,0.6920758343878252,0.06334631109521507,0.2258156020016899,0.14353080022902726,0.6965428420475557,-0.11726933433896028,0.909020920594534,0.1429023685909454,0.6905487179756169,0.07035322451875328,0.22106025758243755,0.14039326920395817,0.6940730895314903,-0.10530608076424833,0.8623740304084058,0.08792151475236536,0.7323669989903774,0.05648073429862663,0.9966631333033251,0.08596185701234006,0.7355294426282253,-0.056416877323672926,0.9987141546748941,0.09652851202658251,0.8253713193393895,0.09967981136980517,0.23563086560794302,0.09733049571514138,0.8334192434946701,-0.06005026612962999,0.9847373196056919,0.08591734405074807,0.9199369209153319,0.15411528235390085,0.5142030857858207,0.08467507823592146,0.9406434155645832,-0.060889103050742875,0.9803794650804436,0.07981661707162863,0.9341067331177855,0.15743398808297668,0.523100730918703,0.0782312243467286,0.9583980469476616,-0.06349761517984531,0.9557476895196104,0.10851784085943593,0.9378145422254297,0.13835553257238306,0.6941315588496986,0.11230382642575681,0.9607020332699737,-0.10480382187025895,0.9707598856517253
25,416.7,0.13258925222215207,0.5646789840289529,-0.03475325572348779,0.9995787910052715,0.12952396770318358,0.5573156447637653,-0.02841040917805265,0.9995509840193256,0.12921344737211873,0.5574209150813878,-0.02844097420928026,0.9995644603456777,0.12881716447217134,0.5575150478453867,-0.02846218565745015,0.999692686966488,0.1283889945064273,0.5572577232406257,-0.04598831385374073,0.9995925625165312,0.12733756076721928,0.5573622385660811,-0.04600315895818532,0.9995421313104182,0.12617284201440365,0.5574552956081575,-0.04603272303938869,0.9996216609364472,0.12200950192553664,0.5628689243679958,0.005848348983341743,0.9992190599441535,0.11945905039707827,0.5638817350069686,-0.07222611208756771,0.9995216897555768,0.1313094227086931,0.5744367071560454,-0.01958829501555081,0.999358949207125,0.12967667906057276,0.5738438793591094,-0.042357893217177645,0.9996252372151336,0.11361578922896166,0.6172107287815644,0.06689991801977163,0.9988945410365156,0.10963793205363417,0.6180740850312374,-0.10792796952383867,0.9999017715454108,0.1046556472068742,0.6826625437963582,0.10418925185998289,0.046636959626561156,0.09592669315281376,0.6866136448723934,-0.12213639631157838,0.9799836618559709,0.134585032150859,0.6961806558427361,0.07875576118628189,0.1693504537854877,0.13137382552737292,0.6991632751056132,-0.1139258231435504,0.937140169597808,0.14354514366104498,0.6968265431267879,0.07872156231176292,0.22438687440894914,0.14184356374400015,0.7058046743983319,-0.12831982650927143,0.9219405509176716,0.14704387812387387,0.6912758918035602,0.06360019548308286,0.23918642387503686,0.14373934907572622,0.694827814896902,-0.12363109347366161,0.9137108922004706,0.14371017331168776,0.6897857104028979,0.07081811697710133,0.23342844772906549,0.14057786407924844,0.6922625899314885,-0.11138921621299933,0.8688485650789176,0.08825787121341348,0.7328781797772368,0.05653936948095053,0.9966035343351825,0.08589765394017816,0.7357931250617624,-0.056475117447830424,0.9987104137738553,0.09667490280809862,0.8255231692677458,0.10040421961318885,0.2362302861043387,0.09741537769635525,0.8334271595591597,-0.06563142296813788,0.984705757527125,0.08607340391193123,0.9202086811973942,0.1553994268178941,0.5141876368295583,0.08468662628105715,0.940731326738994,-0.07002102423991481,0.9802889852296746,0.07994847531829567,0.9343384277252931,0.15868200219812859,0.524250115667071,0.07823751370112106,0.9583450073287607,-0.07301293703771779,0.9557314486730673,0.10867255855174299,0.938149239335742,0.1395180424054465,0.693750747612545,0.11225796632823498,0.9608683898335418,-0.11501734136115944,0.9706881188210994
26,433.3,0.1325952566805341,0.5650184722173786,-0.033648165120255404,0.999594722475325,0.12950903532050914,0.5575275307609926,-0.02730728934208554,0.9995666231427881,0.12919353587286822,0.5576182092939108,-0.02733769542759375,0.9995793274470746,0.12879112717651195,0.557701136384692,-0.02735816509950731,0.9997018859499984,0.12839093591485715,0.5574732791809813,-0.044655389019421204,0.9996062602315637,0.1273418210801625,0.5575680136680607,-0.04467137069219638,0.9995587042399822,0.12617841150079465,0.5576520448639284,-0.044700225016900505,0.9996344560668589,0.12199114724284135,0.5629692673683171,0.007060827643034009,0.9992383207593653,0.11946981932435725,0.5639631010237198,-0.06994788029364182,0.9995387565521974,0.13128927704833812,0.5747267263276241,-0.01854619747471243,0.9993785477819904,0.12967772072269812,0.5741344775472372,-0.0410265165070693,0.999638546080817,0.114052033850125,0.6175918664251059,0.06838340737989976,0.9989348309380675,0.10965298293601906,0.6180321176846826,-0.10586626685801015,0.9999056940987004,0.10509998315856578,0.6828544310161051,0.10511185725529995,0.047617149494943195,0.09610047333297282,0.6866139258657189,-0.12273533642292031,0.9803187393006831,0.1352103246109827,0.6952903412637261,0.07900316835868931,0.17945511497202388,0.13153292522543963,0.6979687128748218,-0.11707311159088507,0.9402310677937106,0.14367009699344646,0.695580280962445,0.0787254575462569,0.2369537694113597,0.1419686824083329,0.704552380811601,-0.13171051761933744,0.925899641854423,0.14743342711811985,0.6900477636428111,0.06364698353267856,0.2523130739019033,0.1438323614143191,0.6934158603350327,-0.12717449700548544,0.9180681024278919,0.1440440785317195,0.6886526630038312,0.07109493833212631,0.24552252959637433,0.14063688119252532,0.6907349512690595,-0.11461661188375391,0.8749359732582462,0.08842342311427713,0.7334327073324299,0.05665557476736255,0.9965762212162934,0.08588514370577682,0.7361810519581755,-0.05658982960241186,0.9987336141722549,0.09675997850440804,0.8257709003630145,0.10291527885766263,0.23667544197468546,0.09758115666253234,0.8336955564362667,-0.06891243177510448,0.9848914487021316,0.08616769242854352,0.920681916532063,0.16050780103320178,0.5143509109814965,0.08469912800050922,0.9411663044066663,-0.07641581445932394,0.980477398350126,0.0800369140647707,0.9348525348163792,0.16405020370369877,0.5258485447792783,0.07824246833721803,0.9585782488187161,-0.07974807013358395,0.9562248247010374,0.10872445468391698,0.9384758614358455,0.14537066646984656,0.6936476457686656,0.11220695965346844,0.9614483997935347,-0.12214163406973802,0.970929784434183
27,450.0,0.13255943499860318,0.565486590067546,-0.032261875413713025,0.9996105858257847,0.12945266351813373,0.5578848861512689,-0.025952768999905833,0.9995817428543461,0.1291348948365167,0.5579533009302052,-0.025982813022675987,0.9995938142140713,0.12872904255276643,0.5580141118594583,-0.02600302041641305,0.9997110082989654,0.1283379289365951,0.5578253382728218,-0.04312043087113474,0.9996192540441247,0.12728565647488557,0.5578951353118538,-0.043136867029326335,0.9995745278540119,0.12611852160521925,0.5579576151711605,-0.04316416134436929,0.9996467034022021,0.12194032399427332,0.5631859047072278,0.00846273822355129,0.9992571047374187,0.11939884048132678,0.5641864793641231,-0.06777852347918924,0.9995545148849494,0.1312486713840849,0.575154182456789,-0.01734242614890849,0.9993989041873395,0.12965404206798198,0.574551207678659,-0.03958542556280184,0.9996519997006378,0.11437537201813297,0.6182191570599878,0.06995822773093274,0.998975458599273,0.10964879748367135,0.618076046307882,-0.10382068405548739,0.9999098664238346,0.10556081930796313,0.6831172506014511,0.10601334415730984,0.04916793214423319,0.09643099811815087,0.6865772917157134,-0.12205045918623615,0.9807602110363196,0.13581243796007983,0.6942886028970996,0.07954567245074687,0.18951779533000232,0.1317228703271776,0.6970393118404212,-0.11781813204288491,0.9432398648489096,0.14363067348798125,0.694921888056256,0.07908365130424505,0.24869008220377442,0.1420862830820539,0.7036319176356003,-0.13250928159270978,0.9296649495760607,0.14750632856573387,0.6892007305508574,0.06418883073188014,0.26449774631432144,0.14388889500073032,0.6926456264087137,-0.12816837288084493,0.9222090670040682,0.14427774505955843,0.6880604965346205,0.07170160221202038,0.2567623342786518,0.14067548939159946,0.689826579320999,-0.11543705598229462,0.8807543062028437,0.08860405428068985,0.7340785577183684,0.05669771702516651,0.9965664715993979,0.08588049596264255,0.7365466725258605,-0.05662946243371286,0.9987627381370188,0.09699782764627828,0.8261495857011709,0.10254237339610153,0.23705485746974053,0.09779726607458938,0.8340498946961908,-0.07222999774274377,0.9850151396933065,0.08623858860560832,0.9214182070323407,0.1598498842545919,0.5134072019940334,0.08470923382611509,0.9417801896731065,-0.08197223217714406,0.9805056878498629,0.08009080801691335,0.9356415498824353,0.16329016855784836,0.5261543449901402,0.07824241192567921,0.9589437303088967,-0.08554886955590481,0.9564191699028022,0.10880571958564585,0.9390922359057842,0.1441920811221714,0.6925082547324048,0.11216462900241224,0.9622279717808685,-0.12844551177251917,0.9710467486154473
28,466.7,0.13251426319281268,0.5660323018119453,-0.03148889036050867,0.9996244282949545,0.12941218486854017,0.5583439469337468,-0.025228866331634084,0.999595210665749,0.1290934348390217,0.5583935720579969,-0.02525859964745387,0.9996062233334504,0.128684672571364,0.5584345459938054,-0.0252791742483775,0.9997190151895803,0.128288487593333,0.558256322429294,-0.042430286960942434,0.9996305959565306,0.1272275000810624,0.5582958857218429,-0.04244677970806761,0.9995880921681728,0.12605142522425888,0.5583395674115139,-0.04247280245735535,0.999657454944793,0.12189179162184406,0.5634779532750451,0.009001753647767369,0.9992729368663976,0.11931571293444869,0.5644699420247763,-0.06699409938993914,0.9995693337349671,0.13118572391214833,0.5756394437381204,-0.016659963609916836,0.9994179436138706,0.1295900848649798,0.5750230238551189,-0.03888401726172087,0.9996643435387391,0.1145564800217039,0.6188124673707149,0.0704249242941539,0.999009501366389,0.10964688765151169,0.6182338368325011,-0.10289698732750763,0.9999130765597032,0.1060433724806423,0.6833204002607441,0.10617561602876308,0.05058186252911889,0.09669169144971038,0.6866374753770379,-0.12023072051150466,0.9811157130059749,0.13637573520342516,0.6931977555865338,0.07998649775981909,0.1982303176607406,0.13185582842145657,0.6966047599202115,-0.11403057901632226,0.9458669026692715,0.14397320931866064,0.6943643831071404,0.07944244110868096,0.2587989398411344,0.14209218252272843,0.7032221754391994,-0.12832790790569223,0.9329215316545402,0.1475179223787218,0.6881756981213892,0.06474045344761445,0.2749912554309484,0.14381605812481482,0.6920900940895085,-0.12425216961474655,0.9258006129946034,0.14432588787305933,0.6872102249236338,0.07218124362684436,0.26657622697807515,0.1406122992436092,0.6891234630630134,-0.11167353746436898,0.8858721029190797,0.08868844133047837,0.7348036652519594,0.05673299375034518,0.9965747566450216,0.08588968997909915,0.7370656359763377,-0.056662440654777387,0.9987759561765769,0.09721778475102931,0.8267127190317434,0.0989327114962397,0.23767045353140165,0.09809126811368132,0.8344849745432541,-0.07105229262794772,0.9849382951146087,0.08619095633427308,0.9223509544417978,0.15302166697524855,0.5130412578582768,0.08473035977000287,0.9423993485314512,-0.0776559220893043,0.9803867879368018,0.08002785983539767,0.9366981869652165,0.15607224475769782,0.5268218744368784,0.07825273346333282,0.9593463284628738,-0.08088326525120515,0.9564374117624199,0.10883694461413801,0.9398201505343126,0.13606981649285282,0.6917826760382885,0.11215021000021988,0.962885669299535,-0.12321876344226665,0.9710363632156742
29,483.3,0.1324549054815657,0.5665333753540407,-0.030875475988501617,0.9996338798886262,0.12936857697509593,0.5587504165513179,-0.024642410288964016,0.9996034588132593,0.12905345786185501,0.5587923328081771,-0.02467208657236328,0.9996137817700712,0.12864584936982118,0.5588277606737051,-0.024692506396344748,0.9997229774792996,0.1282205588760831,0.5586405055863521,-0.04177329121601017,0.9996375867298679,0.12714480005559475,0.5586709493682502,-0.04179015897569205,0.9995972656068355,0.1259559229725884,0.5587207958811808,-0.04181644923630218,0.9996643634069541,0.1218504820551192,0.5638196099372141,0.009675084679786655,0.9992782047816693,0.11921623278231856,0.5647935810543245,-0.06641970716771631,0.9995785894848059,0.13111470001084474,0.5760982462338042,-0.016068735470374438,0.9994291918618345,0.1295086805309569,0.5754631814502538,-0.038295261916660155,0.9996728244281957,0.11487427744127462,0.6196519136428837,0.07105491274879097,0.9990304822013498,0.10967473934094119,0.618506028538659,-0.10192297647396731,0.9999159517742345,0.10658933328730727,0.6836337560699105,0.106369449269204,0.05180849578408972,0.09700360432976776,0.6867436142194845,-0.1177054913271042,0.9814221121016009,0.13707917148158671,0.6926188355400453,0.0794865073902267,0.2052165106648492,0.13192614771070943,0.6965211487951737,-0.11066319154841567,0.9482143492925742,0.14445518241042193,0.6943560640017197,0.07868650591089618,0.26678271946452936,0.14194320000353322,0.7033316663333353,-0.12464711850597754,0.9358099046207616,0.1477527433917637,0.6878010431925461,0.06428023143893202,0.28332611066954494,0.14355561350073143,0.6919527224131998,-0.12088507413864144,0.9289946101960688,0.14482505974315474,0.6869924153600426,0.07174488689218253,0.2743383049964907,0.14039113620917013,0.6888989834558401,-0.10840365468036568,0.8904047466459735,0.08893935453324098,0.7356365692047852,0.05658995466572901,0.9965523538135355,0.08588183458362313,0.7375621824037466,-0.05651672840827991,0.9987913455281946,0.09783470275856207,0.8272714927082976,0.09680322131940303,0.23779857371534635,0.09838683654864636,0.8349256487119772,-0.07374146048511782,0.9848466714223234,0.08629612305334643,0.9230547774405714,0.149494244229226,0.5115374298322772,0.0847465200793176,0.9428466813904905,-0.0833611130004838,0.9801936887559444,0.08008189747730896,0.9375425860995344,0.15237347710700272,0.525552128042494,0.0782636368558521,0.9597109272366485,-0.08693534384171174,0.9561647744405845,0.10893382380406069,0.9404080538522636,0.13190777457895742,0.6900291073889965,0.11212231928393962,0.963343555019016,-0.12999028322242565,0.970976216452463
30,500.0,0.13238409942104712,0.5670275489489242,-0.03055008367768358,0.9996438991455812,0.1292960374128252,0.5591567925044473,-0.02438887137742271,0.9996123171987996,0.12898704764388863,0.5591914369946438,-0.024418542250281304,0.9996221548035038,0.12858338015420107,0.5592207000369122,-0.024438898744327697,0.9997277799106786,0.12811631248110827,0.5590493338448665,-0.041222142321722874,0.9996454545429783,0.12702598742076338,0.5590880569957556,-0.04123846672120551,0.9996071826843995,0.12583101931072427,0.5591611408051994,-0.04126462269397012,0.999671833855766,0.12179501532089151,0.5642130687123257,0.009758738678924392,0.9992876790818721,0.11910613590762736,0.565249689987728,-0.06659551319621862,0.9995879729588834,0.13104290976410832,0.5766003500847594,-0.015856450246203524,0.9994406473068971,0.12942881882190713,0.5759737888971969,-0.03787273239521756,0.9996811066355031,0.11511944660118656,0.6204650912966051,0.07068753881113875,0.9990491043953675,0.10965719393321453,0.6189839556103665,-0.10167047204006294,0.9999183870497211,0.10686175879978006,0.6838581420126421,0.1063519435979072,0.053024879701080815,0.09729433449960898,0.6868860522905991,-0.11612328070969817,0.9816363368715566,0.13712421982061307,0.6925569829486671,0.07952943799041573,0.21181242096991781,0.13197392651012976,0.6967820042655587,-0.1110974128047626,0.9502674852098745,0.14476749088083007,0.6943897037279043,0.07869754660697216,0.2743654478163948,0.1419342231182826,0.7033008393787208,-0.125179623918874,0.938388972055345,0.14794673096565986,0.6876575038546613,0.06442766175383619,0.2912484932513466,0.14342353954201664,0.6916474302609766,-0.12125397438094739,0.9318561099824458,0.14518597863969357,0.6872694236891614,0.07180554632629672,0.28182120550246487,0.14029399908724294,0.6888682643572495,-0.10883638546580368,0.8944830866087058,0.08918727153823497,0.7364328815823515,0.05628909773769837,0.9965270190011895,0.08587018542346506,0.7381939831234166,-0.05621423607780825,0.9988051652908332,0.09853757492133555,0.8278057859057477,0.09626697890815289,0.23802440365155556,0.09873954667931518,0.8354247098877322,-0.07357256256398706,0.9848197045780371,0.08648582547903066,0.9233497437976663,0.1490992783080965,0.5095073325293409,0.08478308504536045,0.9429809224037904,-0.08267858447063542,0.9799336507206878,0.08018177038147342,0.9379952691850215,0.1520899690332868,0.5235820384252643,0.07827857101247429,0.9599417306128009,-0.08619054442360294,0.9557275686945241,0.10908321433124096,0.940557153452011,0.13225962292580387,0.6877106201081054,0.11210406252316074,0.9634671409924832,-0.1288258000498727,0.9707201719284064
31,516.7,0.13232920070489257,0.5675613936923803,-0.033413143207629545,0.9996483098892945,0.12924602840627952,0.559639950593313,-0.027294139865608462,0.9996132793880651,0.12894919301782345,0.5596628756750202,-0.027323688868255862,0.9996232106572112,0.12855710231122525,0.5596850230580288,-0.0273449177898112,0.9997268290746787,0.12802556795733325,0.5595348448980426,-0.043645298019761164,0.9996466125760767,0.1269190183707647,0.5595708659717019,-0.043661818263076635,0.9996105574426204,0.12571231595107496,0.5596501884006323,-0.04368728346058304,0.9996734772409719,0.12178242774236779,0.5646228137470432,0.0072617824688287775,0.9992854992548632,0.11899429914497203,0.565741286391304,-0.06807994807050347,0.9995889266331998,0.13099314414319546,0.5771471687725616,-0.01860478138994604,0.9994428072656911,0.12935926091103336,0.5765231053034469,-0.040103024670055956,0.9996839960416165,0.11544523352668407,0.6213312063898364,0.06807964738635794,0.9990614737783167,0.10959050165755417,0.6196296016375229,-0.10208310719047281,0.9999197068668554,0.1077545533577602,0.6843695782479791,0.1051358314497131,0.055354048098836664,0.09754485707907457,0.6873340152558831,-0.11793773443925956,0.9818487110592078,0.1377941064891362,0.6929533538364234,0.0792284196331388,0.22024368175438488,0.13200752933820098,0.697130714144026,-0.11666946503378103,0.9523140362330852,0.14563974241415673,0.6951633918853037,0.07861769021976568,0.2835146486759188,0.14191082474731276,0.7027710278828945,-0.1310373537597203,0.9409282633236482,0.14862673907052915,0.6885003390766331,0.06419528417644052,0.3008296943846205,0.1433030842315584,0.6907417859349936,-0.1267747233311336,0.934692025184632,0.14571693752493187,0.6882325382459737,0.07162448302620938,0.29078000074341204,0.14021420904568274,0.6886024560247154,-0.11442050692581004,0.8985220875058862,0.08964140642256971,0.7371983755202525,0.05571660204302701,0.9964871406555182,0.0858368813281968,0.7387523793038873,-0.05564359557770551,0.9988094596635735,0.0994098903167816,0.8282274688993188,0.09360092417115264,0.23859312136967992,0.09924068337395085,0.8357784265563607,-0.07487172101225177,0.9845670348122013,0.08667208112421496,0.9233543929599587,0.14494341328030552,0.5074916567121237,0.08485109252589096,0.9429124423435763,-0.08311758438746139,0.9795440520559046,0.08027781439679016,0.9381238477570677,0.14777709756578727,0.5206637212208343,0.07830191474585312,0.9599234206335892,-0.08655271324373434,0.9550760672205977,0.10914373433306113,0.9405549878165842,0.12769807484887905,0.6850677160989675,0.11206100597268068,0.9632397123745516,-0.1291415946824211,0.9703328297251754
32,533.3,0.1322596903358188,0.5681824513844085,-0.03645024927599092,0.9996551190103811,0.12916529533408946,0.5602400246120639,-0.03038921907898928,0.999616551966895,0.12887984514236459,0.560253515129998,-0.03041888037252996,0.9996269742647814,0.12849827039809464,0.5602689328647799,-0.03044092850316141,0.9997278735751204,0.1279127761012033,0.5601547644251873,-0.04644139927057996,0.9996504215967095,0.1267977917478199,0.5601912935574853,-0.04645844832772304,0.99961676200231,0.1255879792429153,0.5602681750342964,-0.046482867960419005,0.9996774054708942,0.12175388740641739,0.5651991282190599,0.004488894560684764,0.9992901455788392,0.11888097829761968,0.5663929468109499,-0.06990026221388868,0.9995920260747281,0.130946403458005,0.5777849526632404,-0.021530630421780418,0.9994483987490344,0.1293036604211445,0.5771441942169557,-0.04266970462742309,0.9996888864608044,0.11575858791669219,0.6223258461271017,0.0655157759430863,0.9990769000280478,0.10954563568035769,0.6204049871081402,-0.10279282501765669,0.9999213332221628,0.10898791608356302,0.6851722796758021,0.10394326632931128,0.057911942402521815,0.09771020355678747,0.688515824931009,-0.1182510916675841,0.9819849417323165,0.13865557383923313,0.6935057583309361,0.0783807067644029,0.22965744847343098,0.13202289101623363,0.6975288958776571,-0.11657755325237917,0.9540890001115352,0.14695586547965106,0.6957128502073747,0.07774435906183158,0.2933388593651002,0.1418570918696268,0.7025436304864434,-0.13069598696061552,0.9430886109670009,0.1494180467866717,0.6889506408146455,0.06330186997850741,0.3111111990043097,0.14320802617640732,0.6902108220827017,-0.12709487903685807,0.9371087182135815,0.1463808019955954,0.6888353200185872,0.07096683553286967,0.3004511211599624,0.14016124038469235,0.6886280548004882,-0.11454590871220552,0.9019034221058807,0.09014169517017552,0.7378644914854147,0.05523226356932099,0.9964707749230528,0.08579970328580772,0.7393337630090264,-0.055161170838844246,0.998829344908397,0.10038669904073086,0.8285301100640077,0.09479858797220964,0.23993549744288145,0.09984878450632104,0.8362243941852031,-0.07638545866523476,0.9845072400002259,0.08692851769072675,0.9232507830574406,0.14931850064368485,0.5074620388803032,0.08491961906353639,0.9430937994094128,-0.08591999468349282,0.9794457214219237,0.08043863837208073,0.9378559532619664,0.1525636286962601,0.5190335682460243,0.078321774445829,0.9600209849221373,-0.08953026788575315,0.954737998190381,0.10918651805037552,0.9405747396605362,0.13321646906080709,0.684324565387908,0.1119987755304292,0.963386944362096,-0.13264465828736632,0.9702676052138925
33,550.0,0.13209240919067755,0.5691840506735306,-0.040178570186808024,0.9996640795753122,0.1289774016255425,0.5612458615075978,-0.034085335653452675,0.9996222825277427,0.12871062968458458,0.5612373210134964,-0.03411468544176649,0.9996331759861545,0.12834905087947854,0.5612300180253532,-0.0341383464457024,0.9997308197475623,0.12769220485573735,0.5611950925418313,-0.04987714368672602,0.999656660216196,0.12656656901041674,0.5612156447910132,-0.04989435896277431,0.9996252287001844,0.12535109867652267,0.5612784709249228,-0.04991700677644642,0.9996832325345001,0.1216480309764545,0.566227237383525,0.0013478530759346635,0.9993008006186719,0.11860621543157676,0.5675519789968222,-0.07181750770126075,0.9995971889722922,0.13083191996528998,0.5787701067470372,-0.02503652542474726,0.9994582079705745,0.12919391194979357,0.5781200613294333,-0.04577456361481125,0.9996961241676701,0.11603011048975453,0.6236422771499275,0.06265009655838925,0.999100537527176,0.10931851218144108,0.6213602764265882,-0.10336744998182577,0.9999231923194165,0.11059596708842695,0.6862941043717525,0.10181537022193281,0.06304337474561877,0.09788469331605101,0.689963090987433,-0.12034405306691223,0.9821972023873109,0.13978925276370285,0.694007896241688,0.07706176170281007,0.24558251173723328,0.13199839279765185,0.6979597409566249,-0.12317259787094034,0.955957384336563,0.14837234573704866,0.6958423767771045,0.0762993338562194,0.30848885859761943,0.14180116639250812,0.7023858711833051,-0.13742876123814365,0.9452579248519177,0.15035705268383037,0.6891743427231203,0.06191131543545501,0.3266244573252544,0.14312626279535756,0.6901487026895801,-0.1343024621407192,0.9395308948698504,0.14716968153204246,0.6891705393791203,0.06984670495703113,0.31487631088211443,0.14011087375027803,0.6889657520112542,-0.12138591422921145,0.9052726626396187,0.09070931729816262,0.7386196880113516,0.05468480164806051,0.9964613204910648,0.08575959964877089,0.7399440890266786,-0.054616803924242695,0.9988549663907013,0.10151771420524242,0.8286307170277556,0.09331193424406513,0.24167515905130493,0.10061004048302068,0.836502821672531,-0.08230356730165941,0.9841813927605045,0.08717881959109086,0.9232668592816314,0.14843367749736433,0.5058014307703294,0.08497414489587155,0.9433318121092668,-0.09465752683934717,0.9790786902109789,0.08061631768941885,0.9375778152829132,0.1517141851640884,0.5147511817160111,0.07833644712255121,0.9600801524661843,-0.0985662724290576,0.9539038538932807,0.10930988121600385,0.9406938382557467,0.13247192047891174,0.6818916144825169,0.11195366368407303,0.9636196976616276,-0.14262932538986217,0.9700069342340749
34,566.7,0.13185553820360285,0.5705095529556279,-0.04325704524914427,0.9996742010116585,0.128760997028578,0.5626192036129184,-0.03710309611189935,0.9996301673707515,0.128517447482972,0.5626072997138618,-0.03713190759576505,0.9996409983862021,0.12818147880690448,0.5625975245521186,-0.0371576361358166,0.9997354717481711,0.1274357863834927,0.5625708159946263,-0.05282673328405339,0.9996646898133422,0.1262939224640529,0.5625712190355577,-0.0528433007143793,0.9996349811553962,0.1250557849804561,0.562618127890996,-0.05286433051029845,0.9996903850918731,0.12153690379290362,0.5676299645787197,-0.0012932772903392722,0.9993166668074479,0.11823335964055297,0.569027872312637,-0.07313882985285355,0.9996051731563758,0.13064456695602064,0.5800346902438576,-0.027933589493234972,0.9994720248948967,0.12899109082562593,0.5793667549178718,-0.048399113473438116,0.9997052408400043,0.11613735237291889,0.6247679420879914,0.06017165843929567,0.9991275639761069,0.10900918749116724,0.6222948119753887,-0.10370238054366346,0.9999241261255181,0.11235266781988607,0.6874327829905924,0.09934123499052872,0.06989599746607604,0.09803216088385816,0.6915574329239986,-0.12277077706087212,0.9823386811074764,0.14078750283945185,0.6943789947600597,0.0762198102616129,0.2662671435446968,0.1319756997483118,0.6984262324514849,-0.12838646272818258,0.9577048988569357,0.1495712520111176,0.69574762242181,0.07542056271008088,0.32776456361725237,0.14172379601569413,0.7025653379304073,-0.14284389714399984,0.9472425920622696,0.1511299383072627,0.6892861326535548,0.06109264226896426,0.3461001898561208,0.1430492401123048,0.6906986690702898,-0.13963761428991964,0.941737578028725,0.1477678914864859,0.689317058949244,0.06921174590076724,0.33299309582937353,0.1400430379878908,0.689606558708918,-0.12651246821596518,0.9083564707211093,0.09108554962135504,0.7394230195454194,0.054206146193402194,0.9964555473554708,0.08573214213053391,0.7407128129686633,-0.05414287036373505,0.99886136963254,0.10240856770958226,0.8287701095853539,0.08847879973195855,0.24333902341978908,0.10146367762769978,0.8366379283723383,-0.08591961186556596,0.9833904873757142,0.08730118047623414,0.923423159690131,0.14058889803432295,0.5030101111957008,0.08502571426686792,0.943554776055473,-0.09797274853502008,0.9782769169126245,0.08072272191445039,0.9373409038498295,0.143497580928462,0.5095173702353526,0.0783471869570869,0.9601016441981004,-0.10183716813723254,0.952452032339006,0.10949239808888671,0.940902661709559,0.12396170873017547,0.6779163933935625,0.11188830186923354,0.9638435471625562,-0.14612683476436716,0.9692750033878151
35,583.3,0.13160289327303576,0.5720180216289705,-0.04535169438237239,0.9996849951289957,0.1285349244163151,0.5641754070917769,-0.039138359505505815,0.9996399056343813,0.12830613979271488,0.5641667246818547,-0.03916632153448607,0.9996502711659393,0.1279887535742352,0.5641623338063562,-0.03919302654408276,0.9997414180210666,0.12718913384846287,0.5641159699076701,-0.05490824331839884,0.9996742152032405,0.12603414768264415,0.5640955482210436,-0.05492486857942176,0.9996459654399334,0.1247741849649521,0.564129749933879,-0.05494521274453122,0.9996986871673954,0.12138372056540997,0.5692619709741505,-0.0031093517262932116,0.9993366400400805,0.11783624866179065,0.5707179733685088,-0.07434934838896712,0.9996149681863338,0.13041219257173092,0.5815153292247232,-0.02994733365873498,0.9994874852044249,0.1287482160897483,0.5808443228403731,-0.05039328567328911,0.9997150954746072,0.11620883608148219,0.6259791538828899,0.058348130079962,0.9991518656412768,0.10877984371923272,0.6236147710255218,-0.10423148813701819,0.9999242027600614,0.11385619995139902,0.688243658769699,0.0976655188770522,0.07763125357173745,0.09823911175841385,0.69343741450991,-0.12497311759562729,0.9824560199465078,0.1418949443669547,0.6947212730135242,0.07707096920126966,0.28902619793301554,0.13208280148960305,0.6987106629780366,-0.1332594993568603,0.9593766870952795,0.15056635581311736,0.6952343043826881,0.0763294146884056,0.34879797413235647,0.14172954573517765,0.7028066771371029,-0.14740199631168738,0.9490987147603723,0.15188371425583258,0.6891076422873003,0.06186829418653538,0.36725515836761136,0.14298797008537123,0.6912675726981394,-0.14509913041478123,0.9438047295524967,0.1486230315197083,0.6890694697697963,0.07013543766169325,0.35282362358910724,0.13997693288893936,0.6901976040431437,-0.13197653492291778,0.9112780292828885,0.09133876221520568,0.7405119878905166,0.05378298124387154,0.9964505377269934,0.0857146744217192,0.741933561506726,-0.053723717019671526,0.9988584291367312,0.10351258232480012,0.8289195270765402,0.08455688328970053,0.2444317837556205,0.10259763719070533,0.8368306784402763,-0.08791919975053702,0.9822351336479194,0.08746561656395602,0.9235409271149414,0.13407799956344432,0.49807602592877015,0.0850904516520955,0.9437566115742646,-0.09992334317593354,0.9769851451828373,0.08083986171654298,0.9376554602668405,0.13670427671500623,0.502068719693593,0.07836495233433592,0.9600921074549364,-0.10374489994276145,0.9501906434694932,0.10973806466375086,0.9412173004377463,0.11701970476479766,0.672099976312547,0.11181337386369714,0.9641072863624217,-0.14781863774572113,0.9680674643743612
36,600.0,0.1312961855104992,0.5735140499614538,-0.045693169569685374,0.9997010174251746,0.1282571447747095,0.565672250021072,-0.03943705487818948,0.9996572080112646,0.12805218072164637,0.5656772454579675,-0.039462995138906325,0.999666421186357,0.12776122348649172,0.5656914625849047,-0.03948907004225825,0.9997529444240396,0.12685463825861623,0.5656274188132517,-0.055104213456312855,0.9996900842303329,0.12567213284117845,0.5656282192184816,-0.05512019158119251,0.9996630833262496,0.1243780588819868,0.5656905912217643,-0.0551397325027557,0.9997126176243745,0.1211907054696765,0.5708366121564596,-0.0034356356398867736,0.9993700782457994,0.11736742052293968,0.5723608874139335,-0.0744265591104826,0.9996327190172112,0.13014849594661176,0.5830679904846923,-0.030285074597313312,0.9995119486536306,0.12844536843754006,0.5824306578863239,-0.05067689149152668,0.999729446002416,0.116216526854606,0.6271318282399864,0.05768046670016792,0.999181134360178,0.10846472744430823,0.6249285822822939,-0.10391295878660119,0.9999243106160853,0.11441404407932652,0.6891628305117294,0.09567549292530339,0.08485310985928496,0.0984096410019058,0.6952466851189028,-0.1268468921383223,0.9826220387504221,0.14219180742899587,0.6951320909318475,0.07429831900766923,0.3123187862691428,0.1322153466088432,0.6988680277551929,-0.13714000547216063,0.9610622525215156,0.15089075834978205,0.6948017222540724,0.07325356081128126,0.3707159232525601,0.1418061192546573,0.7031108396393917,-0.15113764575549543,0.9509850456601104,0.15221881227833894,0.6889096044358758,0.05940149529349241,0.3891488029843288,0.1429462227083389,0.69174645628248,-0.1490935300077712,0.9459034970828472,0.14911252756913512,0.6889037858872191,0.06745310163214098,0.37329023366882713,0.13994293766362337,0.6906355874879024,-0.13620864848295858,0.914371155557179,0.09151723945424677,0.7417010551407229,0.05342271498271401,0.996469003813608,0.08570923833619987,0.7433186485653838,-0.053366345663865444,0.9988526077497581,0.10456053664286939,0.8293276627858486,0.08025013974734721,0.2467109993809747,0.10380157047793986,0.8370662984393897,-0.08706424633661912,0.9811634052367444,0.08758471551395605,0.9238821353231165,0.12585913851147615,0.49395443286214596,0.08518581979331522,0.9438705046971645,-0.09689386721168253,0.9756477021035701,0.08088937650124237,0.9383986194928493,0.12806143150443133,0.4954531859783903,0.07837556089673729,0.9601925384430665,-0.10041298575344548,0.9479012688001004,0.11002073153143846,0.9416090959594371,0.10814189485141217,0.66649817001252,0.11179069323199145,0.9642745057741808,-0.1433176121541433,0.966745955603464
37,616.7,0.1310288253284637,0.5749978962398714,-0.0469839940113681,0.9997163812319444,0.12802198174453927,0.5671338921501528,-0.0406522910509791,0.9996738036473599,0.12784209634576535,0.5671479049183077,-0.04067836276122505,0.9996819382622135,0.12757839688232975,0.5671725017683851,-0.040705012601046364,0.9997640791393468,0.12654565842378718,0.5670739752905714,-0.05635749690589455,0.9997052976063326,0.12533001424301246,0.5670823823838012,-0.05637366803629062,0.9996796704473957,0.123991588041896,0.567151282514845,-0.05639131615559265,0.999726369267419,0.12101705833559953,0.5723085488591879,-0.004453097503366218,0.999402460597811,0.11692669881241671,0.5738600464094257,-0.0746692394216856,0.999650160471599,0.12992373605569213,0.5846095596041002,-0.03156194285977457,0.9995355662845437,0.12815086472602127,0.583975249812717,-0.05182463179032012,0.9997431891305113,0.11627709014075151,0.6283087872323541,0.05660022369452889,0.9992087199574433,0.10813574954157792,0.6263255817549573,-0.10339809102671493,0.9999243787356793,0.11474849780400603,0.6900991740680882,0.09326919913291938,0.09194061798708786,0.09859833014862886,0.6972561677296961,-0.12628931942440225,0.9829733598799939,0.142455510440327,0.69472276596796,0.07077149124372578,0.33508489387375995,0.132357309971537,0.6990338563919072,-0.13400202847662435,0.9629248749642152,0.15107309534436192,0.6940947033110123,0.06963216584353224,0.39213172027042964,0.1418918293146861,0.7033613835062305,-0.14727711819467104,0.9530428307397032,0.15240129828453075,0.6883737416494465,0.056638919881412,0.41039355453990783,0.14289500032152458,0.6919674390838265,-0.14563193988232395,0.948193706217267,0.14934525177592334,0.6883091046696622,0.06416188198186107,0.3931409361816591,0.13989192105474935,0.6908860802650456,-0.13323759642385313,0.917830856073471,0.09178592264652259,0.7428793311119084,0.053084778289000226,0.9965234966505149,0.08568848314739416,0.7446331807545259,-0.05303136401233223,0.9988505471320387,0.10562103170724149,0.8298232243174604,0.07493210300093611,0.25025204746496127,0.10480834933973501,0.8372032784280329,-0.08702491223812109,0.9801165177708588,0.08760035995926183,0.9243197668166394,0.11583718089830315,0.4916571818646934,0.08529787900901982,0.9438784576597675,-0.09568773955106742,0.9745015246527542,0.08085607347034279,0.9392727017402656,0.11753777201686594,0.4901003042856856,0.07838716925609684,0.9603045923369279,-0.09902404887335647,0.9460033604076938,0.11016039550304421,0.9420469545182735,0.09707648910227283,0.6627424075489957,0.11178576591469001,0.964233387084235,-0.14090065445218777,0.9657429116112852
38,633.3,0.13078931541669947,0.5764954742931189,-0.047485597963844065,0.9997342910085413,0.12780990132263736,0.5685814619064335,-0.04118939826176283,0.999694140184494,0.1276469024873916,0.5685928463935856,-0.04121560763035505,0.9997012842269178,0.1274016315028782,0.5686109548523317,-0.04124171073947637,0.9997781798953109,0.12628483772277843,0.5684824727830438,-0.05695596461494768,0.9997238318125413,0.12505201214835768,0.5684760070982438,-0.056972758933192244,0.9996996777398253,0.12368812447502509,0.5685221183867686,-0.05698710768705327,0.9997433111781172,0.1208527705499105,0.5736395858583,-0.005087205779827426,0.9994390067600076,0.11661123165062504,0.5751639462652665,-0.0743199005013421,0.9996716663950973,0.12969577596301135,0.58610612154007,-0.03217113905009772,0.9995624706858688,0.12786568772225163,0.5854432838303706,-0.05223223531530021,0.9997589275950485,0.11627724660294406,0.6293477217356369,0.056054435670375866,0.9992400975454427,0.1079204948175522,0.6278751066752848,-0.10255292519217453,0.9999256730079658,0.11460808309770774,0.6907839462870649,0.0910883159154938,0.09718493017412375,0.09885356433334812,0.6996488599550161,-0.11989285513049089,0.9834003845850634,0.14221760701565525,0.6940199846313118,0.06386147670093041,0.3540161010764896,0.13268105685710915,0.6991288860638941,-0.11608754878952399,0.9645925334521709,0.1511765406245278,0.6932239787919185,0.061787731413330396,0.41039860674313167,0.14215364626475754,0.7036652025722326,-0.1271557928550812,0.9548228865578068,0.15223286478292386,0.6874786700521202,0.05042375677398277,0.42846375561895855,0.1429885072367533,0.6923294237681803,-0.12686985234419515,0.9501937571026037,0.14939853052298238,0.6873191140946893,0.057561492103905945,0.4101431497505736,0.13996844561327082,0.69117854322706,-0.11537514839853566,0.9209435553777792,0.09198522035564702,0.7437583832513723,0.05296795992624196,0.9966241234824779,0.08571352348441175,0.745891480218797,-0.052914652086439626,0.9988686953272146,0.10665368891897664,0.8302696631068281,0.07457612703243896,0.2567104718514853,0.10605483466670634,0.8374131747654512,-0.0866097555983635,0.9796728349867329,0.08765557337374921,0.9249459788912825,0.11564579783450998,0.4948640735376452,0.08542502245732722,0.9440619661694488,-0.09593529608987633,0.974061086064294,0.08088316378139321,0.9400044708024894,0.11738324626570663,0.48904375944818806,0.07840001334746685,0.9605792562166857,-0.09930969987596791,0.9450117179325656,0.11025648918889826,0.9425069519451693,0.09736524025599169,0.6639790251141509,0.11179953990947641,0.9643416120892486,-0.14070274361542304,0.9655506639253533
39,650.0,0.13055259131249936,0.5779091914494836,-0.045857917872213216,0.9997551214127322,0.1275609866494225,0.5699461953980586,-0.03960379417098707,0.9997184815860937,0.12739897129081554,0.5699383162316827,-0.039626560484369626,0.9997248110317056,0.12715630659035282,0.5699331476574856,-0.039649952469127545,0.9997954141526002,0.12602933318842036,0.5698000022343231,-0.05546752753711886,0.9997458486329949,0.12479227568422055,0.5697560281980609,-0.055484593624160444,0.9997235082444698,0.1234194136091642,0.5697722236315413,-0.05549576328623866,0.9997636023021886,0.1205829321628526,0.574961452257066,-0.0034040816106079615,0.9994821293013443,0.11632947446334937,0.5764070039703737,-0.07259595677966169,0.999697529134297,0.12944316083476665,0.5875039526394439,-0.030539658541480722,0.9995943847156713,0.1275907087893714,0.5868053436279301,-0.05054201948500818,0.9997772489275258,0.11614948759476353,0.6303726008960184,0.05807143112733255,0.9992784829366782,0.10771772407350094,0.6294449085281013,-0.10122061804646545,0.9999286305336732,0.11394413950897406,0.6913862285159887,0.09125066264754256,0.10193898138545815,0.099326534995011,0.7017516891161606,-0.11420581064053952,0.9839917336191457,0.14152419425192342,0.6929274229776297,0.06294595311573223,0.3726932605107628,0.13319175796849397,0.6993548501105541,-0.10122771206356238,0.9663882425853192,0.1510920851003557,0.6920038546834679,0.06072153168774791,0.4286811209860305,0.14265604884851557,0.7039169498852327,-0.11184698946419225,0.9567750578834904,0.15191996807143815,0.6862840907914303,0.04938078467689813,0.44643860913458355,0.1432491760878337,0.6927110637937279,-0.11161865258500699,0.9523739956674129,0.14927159178824662,0.6860784235454747,0.056500353939121714,0.4270915899957932,0.1402252990575065,0.691538552443187,-0.1002556944177265,0.9243715575763164,0.09208219569353837,0.7447176149913248,0.052998738452082625,0.9967598063605181,0.08585091502893545,0.7473795896484744,-0.05294448971038777,0.998908147925423,0.1074240296369508,0.8310806524185914,0.07504470007760189,0.266319194010326,0.10765829292081659,0.8376960669245044,-0.08824468865281065,0.9797496171224692,0.08763222786642264,0.9259970301673532,0.11584137238207326,0.5027071109839851,0.08553923347166612,0.9443557177271168,-0.09917978942394265,0.9743099695160282,0.08082235746440439,0.9408452709515895,0.11753889669974654,0.492404557409741,0.07839491963386541,0.9609559093202871,-0.10261032233635592,0.9452328256198346,0.11024408113388796,0.9432043887320025,0.09806299954652793,0.669013088657743,0.11184599818218331,0.9646418804214121,-0.14332276795591636,0.9661504910105757
40,666.7,0.1302713638260252,0.5793476842698602,-0.04122121392616207,0.9997756850151797,0.12729370310193025,0.5714017209552588,-0.03506702246765298,0.9997425050962546,0.1271249091341383,0.5714012100583035,-0.03508606748211954,0.9997480511665351,0.12687613921506075,0.5713996489842736,-0.035105562014948785,0.999812515009018,0.12576936682065337,0.5711942031269986,-0.05085969396999908,0.9997675418853766,0.12452979527768644,0.5711313798314053,-0.05087618228225484,0.9997470407258904,0.12313258754355576,0.5711364973159068,-0.05088549781413309,0.9997836606843138,0.12027448167403548,0.5764414355868389,0.0007512005478409788,0.9995249935558872,0.11604088828677231,0.5777736703554793,-0.06803170964121823,0.9997234514781415,0.12911686939852587,0.5889080166816716,-0.026088506205096153,0.9996268550554919,0.12724382891541444,0.5881842687016445,-0.04593195411421007,0.999795595804851,0.1159986498809997,0.6314311282975338,0.061699493477741923,0.999315071673621,0.1075323823662032,0.6308523331369678,-0.09782587240139651,0.9999317470051,0.11415219626256407,0.692376403581529,0.08776372706606281,0.10517190609659476,0.0999587419487182,0.7035631878035414,-0.108521512576512,0.9845522613752463,0.14163534272284745,0.6922712751797273,0.05179351589842038,0.388033279350826,0.1336359211376736,0.6995072024209164,-0.08810181419054673,0.9680353261175617,0.15142336842559645,0.69120904093697,0.048402464726851134,0.44409687888054655,0.14311511601720547,0.7035732836950398,-0.09905518094698595,0.9585609123820357,0.1521010065362568,0.6851693448566261,0.037772728174570086,0.4613975059418455,0.14354507057439725,0.6925002960931692,-0.09771159184830536,0.9543468185833529,0.1495753987914041,0.6852269995780224,0.04534149983720414,0.4412438145705635,0.14054539586816528,0.6914229024024241,-0.08638861739919305,0.9275390988304508,0.09210975858427237,0.7457466522852585,0.05303098438751133,0.9969077677953818,0.08605953093085977,0.7487767338752752,-0.052977371606088855,0.9989465730530883,0.10807477540913091,0.8322027581078673,0.07421907214891349,0.2764829212710973,0.1093739785608792,0.838125021684738,-0.08741197380281636,0.9801336952618197,0.08752672090416869,0.9273193790799102,0.11233215034008034,0.5127706513518382,0.08563461474009929,0.9447218293235422,-0.09826501423404337,0.9748970809436988,0.08065104023331693,0.9417175735746117,0.11372169249114544,0.4988724759646828,0.07836377798091804,0.9614073236783353,-0.10157994996933717,0.94606820174626,0.11019057319277817,0.9441979896454591,0.09469661826179149,0.6756723665055779,0.11186711028927857,0.9650215478170492,-0.14125324147088197,0.9670411688940872
41,683.3,0.13000541215851202,0.5806581094151455,-0.037106323277666484,0.9997956554094958,0.1270103802283606,0.5728387094679337,-0.03093449966538522,0.9997658019974125,0.1268234983796166,0.5728413093657725,-0.030950688180469352,0.9997706725483857,0.12655872958047057,0.5728362543242322,-0.030966381764128116,0.9998293348721102,0.12552297363678624,0.5726054708162948,-0.04669260960959257,0.9997886504445764,0.12428352059352975,0.572533834548224,-0.046708581525655046,0.9997699487776991,0.12286973106009628,0.5725411517279493,-0.04671688661688853,0.9998032138461166,0.11994128461395,0.5779473980267846,0.004912468904097168,0.9995672390574508,0.11576096713542947,0.5793177315167022,-0.06394356205349881,0.9997485592251739,0.12879243634995968,0.5901895534424559,-0.02204060545634657,0.9996591721262258,0.12692131882622137,0.5895344501449953,-0.04193353635214627,0.999813548156194,0.11594574685607646,0.6325780777704153,0.06475042232445313,0.9993539793150773,0.10734488886027117,0.6323500672976181,-0.09489132783242642,0.9999349174045389,0.1161863619372959,0.6931769705954056,0.08154840660946716,0.11401285018239711,0.10090050065801265,0.705126217433385,-0.10783129398311894,0.9850982030232756,0.143274092248508,0.6913791781380068,0.036249495189016094,0.40751109378678485,0.13422917822996785,0.6994701482000809,-0.0894532427191735,0.969607767604647,0.15313540611948298,0.6899408698081976,0.031385909588564034,0.46255330244700144,0.14364144915626173,0.7022596342223036,-0.10079874204737807,0.9602914452552802,0.15316433707873037,0.6832716578528999,0.021597528031894155,0.47924396111851675,0.14381371296587453,0.6914221417336242,-0.09965836717968903,0.9562464498338252,0.15067146860417877,0.6835262974103296,0.029922169943650587,0.45855419550623244,0.1408581173136122,0.6906914313634243,-0.0878786898794629,0.9305553890409931,0.09231118396634154,0.7469773547989986,0.053158042154141875,0.9970835589227229,0.08627893811180484,0.7502960704621819,-0.05310558172918505,0.9989947705041802,0.1087706855365209,0.8333128662336446,0.07587789531264992,0.28756948028291995,0.11115404289393206,0.8387730064846226,-0.0862775657858168,0.9807177299544932,0.08750424959829882,0.9283118787265966,0.11460397463469287,0.5231557658740456,0.08572357467242656,0.9452186425526944,-0.09674259771903362,0.9756173491477973,0.08059523077238179,0.9425464357648584,0.11609196556465975,0.5060235815388819,0.0783304774335453,0.9620214700698859,-0.09978612973576508,0.9470126401810426,0.11007827201059894,0.9454124144145428,0.09754845180681782,0.6829469232332144,0.11187503770703369,0.9655340228761953,-0.13929921033836556,0.968072902588618
42,700.0,0.12957878836563663,0.5815137624740605,-0.03148374812943597,0.9998142179988687,0.12652960135823216,0.5738592488425123,-0.025169385552761117,0.9997874015853525,0.12633719046910613,0.5738773204031449,-0.02518335344003781,0.9997917158263077,0.12606397625945873,0.5738862242017477,-0.025196093578069005,0.9998450250852683,0.12504682547989354,0.5736767167136787,-0.040805488558752226,0.9998081298101523,0.12380897289230719,0.5736609243211297,-0.04081982932984832,0.9997911027499615,0.12239133211828422,0.573739471889678,-0.040827451983378074,0.9998212456703194,0.11949310664619728,0.5792255543527154,0.010532080678136229,0.9996071088881726,0.11535700694436128,0.580706275644757,-0.05842375152167824,0.9997716687974483,0.12841986616452544,0.5911091594468985,-0.01654768278378817,0.9996899905658911,0.12654557753176926,0.590567378770738,-0.03653000179855599,0.9998303708576028,0.11604269771348871,0.633830206734794,0.06822429934427857,0.9993936050505872,0.10689006426504688,0.6335156645093649,-0.09055769975696298,0.9999378096489686,0.11841329222633733,0.6944814097313659,0.0733737702525798,0.1258982451898712,0.10177161189771841,0.7063865491322114,-0.106344117649964,0.985605770633335,0.14519216475032634,0.6906505425771082,0.0158462778698387,0.4286520097936906,0.13453963966596705,0.6992516091891703,-0.09065870399631212,0.9710475972720563,0.15501501375720628,0.6882122953732813,0.008825909435039482,0.4818838820570994,0.14391828718639565,0.6995772918065394,-0.10184934611121821,0.961856907322294,0.15441456933816283,0.6808652366910667,0.0009790530783079926,0.49771262492452384,0.14390718936920177,0.6892967735018054,-0.10072153469636334,0.9579369312240971,0.15200417098544905,0.6815130795751304,0.009944839380858918,0.4765162070592248,0.14096995975290036,0.6892071508225945,-0.08908062135534633,0.9332628704252703,0.09272437542676933,0.7483712661833996,0.05325160725485714,0.9972686057999028,0.08639338754472284,0.7515421736808057,-0.05320126208521075,0.9990459936005736,0.10963650721879241,0.8346259849412107,0.07516702903168548,0.29897777949060733,0.11284764004605165,0.8396189553397049,-0.08724694805485868,0.9814965639795583,0.08755704334803996,0.9291609440531056,0.11176218411752163,0.5331232632909506,0.08576622640802753,0.9456522464752204,-0.09876970059814914,0.976394000507537,0.08063326776027685,0.9436503393309464,0.11301173518101383,0.512970654737382,0.07827350639161615,0.9627296697525758,-0.10217187269812547,0.9478908635321125,0.1100535744002888,0.9471913746425091,0.09432593697593332,0.6897690721920564,0.11184956026928773,0.9662004226729991,-0.14023781674248842,0.9691172554379425
43,716.7,0.12900754383632124,0.58221257300604,-0.02616760702360246,0.9998313898131969,0.12589997478893833,0.5746495297976907,-0.019837326547574443,0.9998073776563016,0.12570554585683924,0.5746858801160544,-0.01985319056326436,0.9998111951918836,0.12542522663161876,0.57471148456846,-0.01986656949988435,0.9998595742952263,0.12442277620236089,0.5745238718532385,-0.03555547321836156,0.9998261048680267,0.12319163729747144,0.5745657398587186,-0.035569396934339,0.9998106161753344,0.12178866565227518,0.5747185775211884,-0.035578114024940016,0.9998379037493759,0.11895481035822922,0.5802965930530007,0.014803840080276142,0.9996441375641604,0.11489602887914302,0.5818895953042171,-0.05275478604294009,0.9997929845537465,0.12794825647558494,0.5919199188550317,-0.011753054535282519,0.9997187966392161,0.1260909814210166,0.5915037308420459,-0.031639437412931834,0.9998459645680026,0.11608237844137927,0.6348431252297906,0.07058404457001465,0.9994322033155538,0.10641081560225721,0.6344180163883032,-0.08547773460547135,0.9999405770074761,0.12018455706891568,0.6950728382383079,0.06507089467985294,0.1379161285502571,0.1032150579350336,0.7074280750183837,-0.0979426964407876,0.9861714101973041,0.14642994318689628,0.6891287480081836,-0.0029834661122766304,0.4470717807610833,0.13524940397058224,0.6979149494852344,-0.07624693210458477,0.9722478049142027,0.15602242449919396,0.6849332451820378,-0.01196383489739328,0.49826581137520964,0.14427995752720615,0.6953908744312474,-0.08533526974774548,0.9630205716405603,0.15541892108463118,0.6772102514902756,-0.017575552775746316,0.5130127271016443,0.14392068272545233,0.6857398209117713,-0.08494652036045286,0.9591781951132281,0.15253560174079178,0.6785740682056977,-0.008327982787575046,0.49155142903327975,0.14098188777764648,0.6863037035578778,-0.07461290456177229,0.9354058986618412,0.09299731290056598,0.7495869142668593,0.05324045905754683,0.9974618837946945,0.08667102136782243,0.7527579069137578,-0.053191085656484005,0.9991012896810266,0.11051822063468761,0.8355642301695694,0.07380846071810956,0.311294693322409,0.11433324501627977,0.8404369552930202,-0.08642265378009711,0.9823889107931235,0.08768960053012492,0.929260969161988,0.10778069992860165,0.5435069629124236,0.08582236511366714,0.945869147777558,-0.09801359687532704,0.9773092411813289,0.08076432418255586,0.9442323900404438,0.10879692186911909,0.5199136365027659,0.0782282771099182,0.9630722488675806,-0.10149342495770688,0.9488314248266682,0.11023019928307769,0.9486978820392071,0.0908121388582957,0.6974264979362492,0.11193364432879864,0.966815114021302,-0.13559299423581087,0.9703412850697843
44,733.3,0.12839874128500628,0.5829326765877865,-0.023963972216560745,0.99984702042171,0.12528855885778162,0.5753501994269239,-0.01775297961596933,0.9998255513963253,0.12510590326218388,0.5753955784298129,-0.017768148643275115,0.9998289091246476,0.1248324807910693,0.5754289712224692,-0.01777753761659067,0.999872755436671,0.12379514887219392,0.5752529445148653,-0.032606647394242766,0.9998423996425818,0.12257145948353276,0.5753221596990317,-0.0326132154358285,0.9998282875333522,0.12118338651600347,0.57551064661571,-0.03260815187933901,0.9998530121076682,0.11851481951418386,0.5810849666595463,0.01695326538313004,0.9996776524044226,0.11442569643259057,0.5828092921347849,-0.049676392936990416,0.9998123816081463,0.12746337623823267,0.592780050777254,-0.009612717355291055,0.9997450567427143,0.12559430478584208,0.5924405654271447,-0.028625853182304494,0.9998600908688144,0.11616312535036186,0.6354234019915268,0.0710283932941301,0.9994700579416191,0.10574870379198173,0.6349914726756873,-0.08232617591108601,0.9999432705697566,0.12208744244916107,0.6948071065403172,0.05459997288527947,0.1491154833208948,0.10487121130738947,0.7080628105572296,-0.08677165565036599,0.986825781209129,0.1470554109130588,0.6841369015829909,-0.027236468252903316,0.46032983206567346,0.13634181448391514,0.6952052286693033,-0.051287493491101864,0.9732326723280413,0.15660487754004354,0.6788994187400459,-0.0388945466173547,0.5095998133931845,0.14484559354327983,0.6897570973350893,-0.056720083579421085,0.9637470444043484,0.15583399080094848,0.6713322230747774,-0.041634666112562044,0.5230494482176649,0.14397493856293825,0.6809023278100155,-0.05754461423272182,0.9599460647219711,0.1524290279263543,0.6728896072932657,-0.0319817204782296,0.5018325944741571,0.1410330491406578,0.6821473127319704,-0.04944026381486942,0.9369867216973085,0.09347383536043628,0.7507558351471316,0.053109549163352913,0.9976433941296176,0.08704880873362231,0.7539459211485733,-0.053060781210660976,0.9991472022874022,0.11110058923562376,0.8365312019983933,0.07077748736455332,0.3230637482234412,0.1159004515835218,0.8412557301067176,-0.08239047725995388,0.9833500754265566,0.08785007503770653,0.929532862844922,0.10146024752230878,0.5533133291062858,0.08590409514449898,0.9458738991192417,-0.08993240516810197,0.9780722601073136,0.08095882052466988,0.944855655942645,0.10214561507815414,0.526247600714366,0.07820296997115732,0.962844596022652,-0.09281326936823989,0.9493577338400349,0.11067204070942749,0.9497191111246752,0.08470362495808381,0.7048490019071675,0.11212978015343356,0.9672117148126881,-0.12169913699229568,0.97138113634927
45,750.0,0.127885707077526,0.583464968772162,-0.024514843221931246,0.9998612063271667,0.12477488212642224,0.5758231736364823,-0.018462977726899456,0.9998420448530295,0.12460170615287064,0.5758751545633592,-0.018474406074909952,0.9998449910254713,0.12433596700429925,0.5759143290065587,-0.018477261421226333,0.9998846650123604,0.12326177883715865,0.5757032632827763,-0.0325445052058924,0.9998571929477517,0.12204089299553925,0.575764948413486,-0.03254415219028793,0.9998443410510115,0.12066237486544118,0.5759539462271195,-0.03252482494073257,0.999866704146068,0.11814089580660783,0.5816187092236114,0.01702951573367631,0.9997081813358132,0.11397424872432445,0.5833725645428616,-0.0502051769622735,0.9998301466306058,0.12707862825620753,0.5935176696096152,-0.009823513771629058,0.9997689099538901,0.1251779028347561,0.5931550945554465,-0.028374445136813913,0.9998728320712142,0.1162499678986414,0.6354776649248036,0.07098894211507983,0.9995070752643411,0.10512694255227142,0.6353705071267632,-0.08251691077436726,0.9999453567323238,0.12457722709292465,0.6926521460215256,0.047176382016567986,0.1635471596604303,0.10693769937469855,0.7084135413169865,-0.07886496612003877,0.9875562105860035,0.14712051550547292,0.6759325720015031,-0.04068992128373969,0.47123382914634016,0.137698076310612,0.6912990212440495,-0.02759225103294568,0.9741514722506213,0.15642655179614123,0.6701902520088927,-0.05367549349154749,0.5176056027412418,0.14566294352213552,0.6841714978218083,-0.03096469163539866,0.9642839545295359,0.15554709874448333,0.6631184021631882,-0.055018088469902714,0.5295620560646062,0.14404974310171048,0.6759834942363563,-0.032624981321749257,0.960517102763767,0.15169898456051248,0.6649167225474407,-0.0450866609102204,0.5090734476134894,0.14114543511754002,0.6777419305983048,-0.02565582145360256,0.9383144179979966,0.09419031228337976,0.7520568768183395,0.05302131122776444,0.9978133894148334,0.0875240617564747,0.7553535614694873,-0.05297329613850234,0.9991810662405838,0.1114907683361145,0.8378229850814463,0.0672606987257799,0.3333471389043901,0.1172991735594614,0.8420185758954009,-0.0770531616040639,0.9840428289913002,0.08790862631230134,0.9303631441933775,0.0960749370001612,0.5607177331334072,0.08597547596409214,0.9457239622161508,-0.07941761541934246,0.9780850240162448,0.08102712780237203,0.945691264811017,0.09658365554752811,0.5313774971734915,0.07815210805052808,0.9621203030858727,-0.08140037847416748,0.9485814230782652,0.11109236308506565,0.9507335481189553,0.07935667463711335,0.710536434536889,0.1121680534311704,0.9675091136069531,-0.10613787529014414,0.9716873254094812
46,766.7,0.12741724933896756,0.5841295236632942,-0.024649094524128112,0.9998735161054709,0.12431181222200402,0.5763589427584698,-0.018847303021521808,0.9998564379555845,0.12414168530986432,0.5764267558143257,-0.018857754678243695,0.9998589867637279,0.12388062193280183,0.5764836271603906,-0.01885844580829145,0.9998950106757034,0.1227793086852347,0.5762029545647762,-0.03211863046245918,0.999869971048265,0.12154575508265278,0.5762622640246441,-0.032112349002134256,0.9998582402865099,0.12015119798126683,0.5764632026354476,-0.032084609869690195,0.9998785172189992,0.11775028528202157,0.5822282745724637,0.016965408587739594,0.9997350999287204,0.11351313938697188,0.5839532102857321,-0.04898937223922642,0.9998456495148802,0.1266948062749137,0.5943506388437185,-0.009739000971118617,0.9997896580469048,0.12477362510703868,0.5939715135665171,-0.02758554182946684,0.9998835836138051,0.11630409849541537,0.6354794786089948,0.07085475361063372,0.9995356060209736,0.10464959910937725,0.635650685855321,-0.08061892539262777,0.9999456235340671,0.12651423258440844,0.6907058273042956,0.04122422671034226,0.1784301442759379,0.10936300492002858,0.7084626186461681,-0.07439027584734423,0.9882098237673449,0.14737598243213845,0.6684006197111951,-0.05082505462425099,0.4796821091856279,0.13899844317209165,0.6856961874734793,-0.01646174468277467,0.974897966498421,0.15624695164816732,0.6615710428782877,-0.06458600876586783,0.5223727453322642,0.1464907562448866,0.6772139100801382,-0.019049613071339483,0.9644789780889245,0.15489573067142862,0.6550531075114301,-0.06408301279658368,0.5326367048990163,0.14414751955441077,0.6697261901128865,-0.02031442558481581,0.9606884292193828,0.15092692488715773,0.6575918367930825,-0.054640017006368904,0.512739031087785,0.14128573380765472,0.6720835225922726,-0.014305777936464275,0.9390766819318142,0.09493321606091097,0.7533635355177386,0.052760552792322106,0.9979548936798466,0.08805184633958915,0.7565881496384036,-0.052713559496970444,0.9991918234598076,0.1121341288089753,0.8389914035797126,0.059754560923292566,0.3398886706147878,0.11818116087289092,0.8426911802518942,-0.07176738019500466,0.9843587052254458,0.08795394287222913,0.9317435253234143,0.08341865383443384,0.5635489282153906,0.08602712303400045,0.9456075656981703,-0.06990954102504826,0.9772834437234068,0.08099668153694703,0.9468119513420838,0.08344442290919174,0.5337358940215342,0.07809374942666014,0.961242922714779,-0.07127205140533907,0.9465748951548629,0.11152792651028869,0.9520313569477634,0.06581162803229836,0.712885371276311,0.11206273344301049,0.9677215587525148,-0.09490725256147844,0.9711597079322458
47,783.3,0.12702950480438424,0.5847014075233827,-0.02463964587964474,0.9998840207145335,0.12386553060440798,0.5768648414384755,-0.018875814996482373,0.999868844236647,0.12368264510518037,0.5769338891619732,-0.018887309490570013,0.999871024063656,0.12341119313523893,0.5769941778410053,-0.018888748960480817,0.9999039400191542,0.12234080050672812,0.5767087510653909,-0.03197869738297805,0.9998808900515245,0.12109499353738067,0.5767696386291872,-0.03196955764932294,0.9998701328323009,0.11969268499385752,0.5769783627419249,-0.031941469137867315,0.9998885705357514,0.11731390690519704,0.5827576773507259,0.017186628787645285,0.9997588027091261,0.11308887671856661,0.5845341256686624,-0.04790034624082705,0.9998590293384741,0.12636085422266105,0.5949839069729764,-0.009621528542733626,0.9998075479552866,0.12446546802918125,0.5946741558256607,-0.02727832707266015,0.9998923823947006,0.11639444778362919,0.6354367420786908,0.0709887767831485,0.9995571289743703,0.10436059534549721,0.6359195141565237,-0.0794995349077952,0.9999440085320253,0.12858884497767414,0.688209508146559,0.038674577183666715,0.1974768432832901,0.11219389559257606,0.7080499756903881,-0.0747016191127755,0.9888321416718626,0.1480240353516171,0.661814431349437,-0.054428262015183804,0.49160460772968506,0.14011588266917646,0.6793961752028697,-0.016447279380545743,0.9756686063039877,0.15663684549785806,0.6535244555700398,-0.06816533881993526,0.5292221364520848,0.14722298582394927,0.6698473890622462,-0.018963687210565537,0.9646636957213999,0.15426404348441544,0.6473380298841571,-0.06609796714924634,0.5376928420293903,0.14423819241069621,0.6628709520612449,-0.020424871927215954,0.9608345627784736,0.15021758065337237,0.6508049454007834,-0.05760657485751883,0.5181663235028588,0.14141158830551884,0.6659588388034281,-0.014414655000326189,0.9397593396050596,0.09564117697023217,0.7545925293649951,0.05246038096291682,0.9980817777769914,0.08851753104300733,0.7575572473662247,-0.052414209360168135,0.9991907903126315,0.11291536121141352,0.8396885877563847,0.05357737786003525,0.3435040286609107,0.11871220277888443,0.8431516914140617,-0.0688856769175757,0.9843546833310817,0.08805513417436969,0.93300120319639,0.07391578420287093,0.5632279713948571,0.08605702256872547,0.9453941328184952,-0.06528811298665552,0.9760439906801504,0.08100877276488719,0.9474991134234845,0.07367305564028881,0.5341635488328483,0.07802837661334452,0.9605251834506088,-0.0661292739567303,0.9439149754387999,0.11182516281093877,0.9531242137863529,0.05560489939082241,0.7134539314678743,0.11184472342332212,0.9678354518754149,-0.09052793397789916,0.9702010041191471
48,800.0,0.1267247043904805,0.5848955426897325,-0.020038073183968677,0.99989292167482,0.12347798226844706,0.5770389693123957,-0.014190922535601128,0.999879561719441,0.12326949480034065,0.5770972257568727,-0.014203161367082181,0.9998813952718469,0.12296848992506673,0.5771537565049675,-0.014206024053107426,0.9999116772697092,0.1219943378652846,0.5769454865228566,-0.027954035793386775,0.9998902877171841,0.12075973160210118,0.5770388160433092,-0.027948458545974345,0.9998804217293157,0.11937931676705688,0.5772849264599033,-0.027928748611538205,0.9998972614606229,0.11685096827291316,0.5830030469667348,0.020888052348579694,0.9997796501432153,0.11279792693399257,0.5848566350482763,-0.04434228156294145,0.9998707232021158,0.12608341801734207,0.5951496334302997,-0.005465339337076464,0.9998228294508804,0.12426644634632847,0.594969695522672,-0.023605164439816577,0.9998995519819721,0.1164480877064524,0.6354213640803388,0.07413078099489218,0.9995652862957553,0.10421700243439,0.6363105915841607,-0.07753676034155352,0.9999413121314283,0.12954080743449084,0.6856868408975152,0.04182666007961549,0.21342084947086531,0.11490268934340712,0.7079273660977686,-0.07096017134331527,0.9893206045741134,0.14817958147752863,0.6573083145277845,-0.04880810555602827,0.49884435818308914,0.14078102793012356,0.6729841090383988,-0.006339020627949925,0.9760571349234815,0.15657177496524094,0.645806851841155,-0.061715099605776064,0.5315735794249039,0.14753796444052752,0.6625570087205801,-0.007641571795656573,0.9643098655201147,0.1533091479823704,0.6400907919520429,-0.05829458169284325,0.5382927741323202,0.14423110158670527,0.6563329015459338,-0.009510707642350884,0.9603692435082942,0.14936200919605447,0.6444825558435354,-0.05139771547345892,0.5191553930441543,0.14139151502223252,0.6600094522748678,-0.004310262256434989,0.9397067938532155,0.09597527555056988,0.7555832210041233,0.052277312392280256,0.9981978024755213,0.08884155643837799,0.7581514659382054,-0.052231472872552455,0.9991906682650256,0.11381342794213985,0.840134189242409,0.05109174177050595,0.34434148385411245,0.11934243710268119,0.8435762325922654,-0.06892436742782598,0.984198729197185,0.08816556171292357,0.9338459117071977,0.06954661189090643,0.5618854165077214,0.08606523239896416,0.9451595260983429,-0.06737090292431064,0.9748867693401526,0.08098982700279786,0.9480896790822354,0.06917565209524977,0.5340528658458169,0.07795997957388565,0.9601921325638189,-0.06857448887257353,0.9415332731746499,0.1119325639946121,0.9540552440143775,0.05138258050595014,0.7138575741222932,0.11155657115436744,0.9680323572385886,-0.09360483643554512,0.9693165733700714
49,816.7,0.12639419166814722,0.5847460059892567,-0.010757941131790487,0.9999006958234885,0.12304449010462998,0.5768828051430842,-0.004971754404583152,0.9998889423552021,0.12279459159998676,0.5769250080699017,-0.004983852883534775,0.9998905005909156,0.1224474154767537,0.5769713748069041,-0.004988413304090503,0.9999185119356435,0.1216654571748916,0.5768646086965292,-0.01988437188611855,0.9998985585712259,0.12046767806723013,0.5769949356714889,-0.01988604491842646,0.9998895412399662,0.1191338212007569,0.5772872992924285,-0.019882461100461952,0.9999049958728616,0.11623765812033707,0.5828532860392621,0.02739431837662347,0.9997981048765644,0.1125756406358311,0.5847821888469518,-0.03757440139140404,0.999881151176635,0.12573975182714925,0.5949031682241535,0.00270956895491552,0.9998360134306415,0.12406564965134584,0.5948911706606552,-0.0161734460575861,0.999905501093184,0.11629800143696022,0.6352407137552902,0.07974497690087279,0.9995612587247584,0.10433231294155129,0.636555345285507,-0.07305113332612179,0.9999388598260432,0.12889619100661515,0.6836138679867705,0.0487898494161311,0.2211418116376515,0.1175862249164355,0.7074073695001153,-0.06083191416802865,0.9897140605109086,0.1474566331931524,0.6553712345304947,-0.03564072524507843,0.4964922425292791,0.1416870156923931,0.666391219411578,0.014496443260993287,0.9760032580012373,0.15579761280899967,0.6400013821465633,-0.047004885616756656,0.5257966688701089,0.14784581817331777,0.6555438325518658,0.015247183807549034,0.9634129887535465,0.1521332881280355,0.6349168221155808,-0.0430191080307677,0.5309781119936993,0.1442907573211762,0.6503764986991887,0.012866418542606499,0.9592882763771791,0.1479549819514866,0.6405927624021261,-0.03783078988393151,0.512316845712208,0.14139756276493992,0.6544492471785777,0.016597228036040364,0.9389390264238636,0.09570326265834633,0.7559538597152352,0.05210052537066599,0.9983110626538603,0.08926909736224589,0.7584041981470022,-0.05205292414341658,0.9992026885350552,0.11443463535535911,0.8400593825748994,0.051188954107818194,0.3447219076610749,0.11994121542998731,0.8437759847868063,-0.06785210718711221,0.9842853404226763,0.08830203931956071,0.9338284560612276,0.06733059049362233,0.5646556587446308,0.08612907997199473,0.9449005609466923,-0.0685324601474263,0.9745208592641927,0.08100870819318867,0.9480257062684929,0.06682486282218075,0.5374487241109216,0.07793708323013221,0.959992789086842,-0.06983404713017605,0.9404168299266278,0.11200163052195602,0.954181285131546,0.05012078299408871,0.7180598605246775,0.11142874438138244,0.9681549441246766,-0.09354276990606677,0.9692076529775353
50,833.3,0.1261170499381566,0.5845203342891878,-0.0022185183507168593,0.9999076241538646,0.12270885457595199,0.5766194207327711,0.00360383913807926,0.9998973636400139,0.12243140914610462,0.5766553623335706,0.003594841619598726,0.9998986919720975,0.12205058123384213,0.5766983798572,0.0035932450887880183,0.9999246398607897,0.12141309323764991,0.5766255344663351,-0.011847016689855435,0.9999060687564676,0.120257273671173,0.576778888702393,-0.01185059720384224,0.9998979540098288,0.11896108516625004,0.5770987442561563,-0.01185175882918495,0.9999121455919181,0.11574553095159085,0.5825262041318988,0.034617602470375264,0.999814669291179,0.11240698326201673,0.5845164429573789,-0.031880936541018055,0.9998908951168975,0.12544350042229616,0.5946237416494464,0.010638740445886346,0.9998476533662712,0.12386891813505273,0.5946662596293862,-0.008699840500152543,0.9999105873562047,0.11619173274153763,0.6350560074760805,0.08602414954276319,0.9995513984135227,0.10437538829587761,0.6365736950011485,-0.06990176368327373,0.9999377131462104,0.12864592387562718,0.6825245022773747,0.053671805808941556,0.22118936266217928,0.11995546945503789,0.7063305605025524,-0.05059776650298213,0.9900473469779613,0.14669272445497067,0.6526915885153275,-0.030701951611609705,0.4839348367282326,0.14238336753277564,0.6606381790978573,0.0382471038472085,0.9757365953354615,0.15539479681423743,0.6352092112813682,-0.041472726634570564,0.5111295282840732,0.1479220879929407,0.649932912417821,0.04126344931622349,0.9622944054149454,0.1505562485683533,0.6307908268201923,-0.036333663832573686,0.5149996167137514,0.1442587517556691,0.6449565859068012,0.03779225157839914,0.9579653370948071,0.14628420699210404,0.6373912124406729,-0.032494459744720254,0.4973552184445521,0.1413813197896595,0.6494219785644899,0.040342261837351914,0.9379538695017504,0.09548013160626101,0.7560149232546494,0.05207798612259687,0.9984277061053692,0.08972487279347016,0.7582191768146702,-0.05202985483975642,0.9992283497537893,0.11454011428923841,0.8402033107621336,0.05185861246926448,0.34249542866434396,0.1202666890763102,0.843972373576392,-0.06633533466429942,0.9843210379282641,0.08840715601330718,0.9335944908005858,0.06537262226144477,0.5675773677371801,0.08620219606728788,0.9446310684794479,-0.06790205907253996,0.9741565840584898,0.08105838334276569,0.9479098972820108,0.0646831162628674,0.5411252407800587,0.07792091795376374,0.9598102370897936,-0.0690325640496754,0.939337571461996,0.11207448797566558,0.9537578196752646,0.04882949431027689,0.7230085844085336,0.11148872013602945,0.9680998126665759,-0.09087145470437556,0.9691347877184557
51,850.0,0.12593648547217967,0.584101483935402,0.0028885306036543303,0.9999140103658047,0.12248449701638459,0.5762470052355816,0.008729503246112956,0.9999050072261272,0.12218394236905243,0.5762794017791752,0.008722987912950068,0.9999061311994288,0.12177337706089028,0.5763159933544344,0.008724716536345942,0.9999301859310702,0.12127719642150979,0.5762720533779694,-0.007093609421558327,0.9999129828952615,0.12017199255171285,0.5764337778091435,-0.007099302929072159,0.9999057991164078,0.1189142142732939,0.5767441250029068,-0.00710305562686353,0.9999188298270822,0.1153998974533309,0.5820396400633316,0.03912470037383696,0.9998297691345222,0.1123415607781638,0.5840426513126922,-0.029256908843914686,0.9999000742321931,0.1252402996733076,0.5941829142116368,0.015490892509530708,0.999858376525698,0.12375543337492724,0.5941947783742636,-0.00437861469773842,0.9999153216679898,0.11614801947559636,0.634954432646434,0.09025228591192343,0.9995401984169376,0.10440862427155184,0.63632915701185,-0.06837235674971631,0.9999375002724791,0.12946496336233057,0.681688751493182,0.057076907583645455,0.22053689403193355,0.12222609136785789,0.7033134074438191,-0.04364889257010963,0.9903320130847756,0.1462925672531129,0.6493656833966578,-0.026832636002273806,0.467068338677997,0.14300484032857996,0.6546904813675658,0.05245676237557619,0.9754612332298649,0.15494870429947274,0.6314134172030863,-0.03729281432571868,0.4919946378185639,0.14796944459279388,0.6443481445312504,0.05653788912154383,0.9613091888881872,0.14891416614963904,0.627315467312223,-0.03114085076820285,0.49472387205986784,0.1441404727243243,0.6394679404440384,0.05199890840976015,0.9568073210262124,0.14478675240562086,0.6341342784109574,-0.02821463186826027,0.47838691586539894,0.14131949771018265,0.6443252251261761,0.054323419839853365,0.9371939982686731,0.09566654655195425,0.755704820156098,0.05197902733371375,0.9985439692224782,0.0902045443654061,0.7578801881699341,-0.05193124268026583,0.9992612259728575,0.1144313464562099,0.8404304782549546,0.050019154413825026,0.33892069118363544,0.12017305656558,0.8440811520531071,-0.0650271723667781,0.984215750580743,0.08842711398998902,0.9336797651790444,0.06036372713389855,0.5696019246464687,0.08624251293284559,0.9444670393353424,-0.06785461625882563,0.9733856916427619,0.08107155987194611,0.948032078288851,0.05943118372843383,0.5444025766281858,0.07788681522721341,0.9596192723228825,-0.0688158280792691,0.9376291717801782,0.11209054646037883,0.9536180496215827,0.04335910693875384,0.727567252658663,0.111515821445556,0.9680385419300632,-0.09001526875155319,0.9687030116717028
52,866.7,0.12571093901282274,0.5835404793421431,0.005305504923550572,0.9999202575002405,0.12227757558936173,0.5757672133899875,0.011117969595250639,0.9999122165498286,0.12196248911675961,0.5757856823149186,0.011111381984803657,0.9999131617091959,0.12153514048882902,0.575809050173987,0.011112410142751685,0.9999354510080254,0.12114988054548,0.5758616129557296,-0.004691319584491711,0.999919547921136,0.1200795123974483,0.5760500289144974,-0.004696924904627463,0.9999132298287898,0.11884018140179778,0.5763889664695381,-0.004702693317085508,0.9999251337278464,0.11512890103317451,0.5815412913049974,0.04142389517454877,0.9998440345128384,0.11227795304287055,0.5836072337059752,-0.027036203781054154,0.9999086516244079,0.12500030015196129,0.5935901431810293,0.017908808753071808,0.9998688697814948,0.12358394158738009,0.5936352042924795,-0.0019826721732637727,0.9999202915600375,0.11605365503401992,0.6345073495592395,0.09226996699968981,0.9995340988749557,0.10442786379939041,0.6357853384245014,-0.06622431533677242,0.9999379288582582,0.1296770004999071,0.6817239409401308,0.05978988341632348,0.2221572576534182,0.1244940087199212,0.6975661345890596,-0.04164066147946179,0.9906297297704795,0.14609340897628248,0.6455564186686565,-0.02352949426997277,0.45345941185951266,0.14362251048996344,0.6482577437446235,0.052075299478712575,0.9755137591134941,0.15455669093699692,0.6280264882814321,-0.0340037707771574,0.47528322821571745,0.14813231641337996,0.6377143746330629,0.05594535650951526,0.9609164113090158,0.14743620441073474,0.6241485760325481,-0.02698750882631258,0.4769816327662698,0.1440517810128985,0.6331295541354593,0.05103639690648945,0.9563124804269707,0.14372024436791747,0.6309889725276406,-0.024545720556662213,0.4616515281654543,0.14131743070625136,0.6378932027589712,0.05368839789714136,0.9371857785043269,0.0962252386269116,0.7553011689867297,0.05185195661726456,0.9986482205845069,0.09076966522704993,0.7574295543489007,-0.05180418952589946,0.9992898532322482,0.11430885713724871,0.8406365684100565,0.04537518091854598,0.3349098761876427,0.11965954055388776,0.8441368965875541,-0.06378961141620368,0.9838213324546821,0.08845865016891849,0.9340339530081982,0.052077617496252095,0.5687455847149807,0.08624343857878736,0.9444585641225187,-0.06725586312157772,0.9720476042656678,0.08108051334108632,0.9483998048873181,0.050869578406924326,0.5461599060467315,0.07784986673366462,0.9593940263702763,-0.06835989441190451,0.9352997257595977,0.1121158372788203,0.9539672562054232,0.034132970053525225,0.730345107260205,0.11149059484402346,0.9679808361189712,-0.08956289433297662,0.9677776325316663
53,883.3,0.12540217701877876,0.5824106676237928,0.0031544681154454836,0.9999234278996793,0.12192161806992131,0.5749199475560873,0.009225255477109132,0.9999169111251838,0.12159414979673577,0.5749273697535201,0.009214698337018497,0.9999175213632137,0.12115189539534714,0.5749505587986541,0.00921414094045759,0.999938695203691,0.12082392403057653,0.5752273258708775,-0.006441173298905298,0.999923595360348,0.11975945319448209,0.5755353456451784,-0.006446945569699724,0.9999181230862942,0.11854004398697908,0.5759785090173998,-0.006455954607753531,0.999929382687524,0.1148436271718571,0.5808224223908928,0.04080527949900857,0.999854417074295,0.11212294442313066,0.5830991012709485,-0.026904517607319944,0.9999150264830824,0.12477238831065958,0.5923375260262267,0.016237268712194206,0.9998754206157874,0.12338822512399591,0.5925002211616157,-0.0034583494056104926,0.9999219803583063,0.11639308290822173,0.6331327813012264,0.09085733585414439,0.9995104812440426,0.10439341515302666,0.6346018569810055,-0.0657259875110218,0.9999362996646344,0.13095621126038698,0.6793567992392046,0.05657337304382101,0.22742796440919258,0.12677938029879623,0.6895446635427934,-0.045745674165941455,0.9909822288013648,0.14619024239835293,0.6385777904873807,-0.02905711771122049,0.4448066084157856,0.14400285127617074,0.6405976528213142,0.042334288269991,0.9760118978364134,0.15418013362657468,0.6227232075872879,-0.04079184060295426,0.4626463523932869,0.1482882414545333,0.6295593068713239,0.04509302858440653,0.9611700006893711,0.14642155950977698,0.6190887207076667,-0.03371923434592431,0.46323045378639616,0.14402695000171672,0.6247996545973282,0.04008836893453487,0.9565414474124008,0.1431351736897515,0.6251656725293118,-0.03036758179465932,0.4488260235105245,0.14138960128738776,0.6294844519524352,0.0436981200639691,0.9379295678365804,0.09765192263183146,0.7551326382727855,0.051421601147878776,0.9987348460015804,0.09134749536003392,0.7566104786736629,-0.05137692941796215,0.9993135503360211,0.11410403641916465,0.8406478961308803,0.042407449512254655,0.32917212446530686,0.11886456679730198,0.8441513067200077,-0.0664091390513239,0.9829829136530566,0.08845676055976329,0.9343576601573406,0.049599285104445084,0.5620919778233486,0.08622321947699507,0.9444206101553788,-0.07475948936882479,0.9700493670645222,0.08105217984744487,0.9489131626628702,0.04846879396410219,0.5428942498706639,0.07780828220503676,0.959368254457202,-0.07656137219497142,0.93190789506549,0.11211084042276663,0.9543645977973945,0.030615434848836512,0.7292594710985825,0.11156368823278526,0.9678812793322978,-0.10056554064864212,0.9664349243754439
54,900.0,0.12491428639207576,0.580425083637238,0.002799240810937982,0.9999246937888017,0.12137279659509669,0.5733304137275337,0.009112448387202769,0.9999201496442166,0.12104599213316336,0.5733444719087514,0.009099036676897897,0.9999202943983538,0.1206056951057344,0.5733904838562016,0.0090972324389787,0.9999407529830939,0.1202681486805281,0.5739192338216876,-0.006448918909189251,0.9999262577011478,0.11921291337126785,0.5744079550107324,-0.006457925530239235,0.9999215347426287,0.11803331332547332,0.5750169754028325,-0.006473236162925056,0.9999324792907359,0.11449313802378527,0.5795492018972128,0.04153259577495714,0.999862125941686,0.11184277704783856,0.5820896682285132,-0.025581107208771384,0.9999199708302823,0.12444858430396952,0.5902095380283542,0.016200997999736254,0.9998793431690769,0.1230170474875542,0.5905173051924937,-0.0033530762663022415,0.9999217163948793,0.11684369260356549,0.6308186167762397,0.09053706945407963,0.999470321905046,0.1043204455858186,0.6326612489564083,-0.06432074876058674,0.9999336458387836,0.132818836541403,0.6748833230563578,0.05374186716618996,0.2354465950103035,0.12876572211583465,0.6808865921837948,-0.04656931704708511,0.9912282710983646,0.14639378658362806,0.6305919289588933,-0.03732765332928728,0.4417557588645393,0.14410209300972177,0.6328547000885014,0.039820426986331064,0.9765946552866989,0.15370880564053863,0.6163088367098858,-0.0488901512608642,0.4549961345536372,0.1482944055682138,0.6216742708569485,0.042605686400617904,0.96156980026336,0.14587626074041649,0.6124599320547925,-0.03806660510599616,0.4544661414055601,0.143811705566588,0.6165077601160327,0.03705300142367684,0.9569513173330404,0.1429214406581153,0.6177324539139162,-0.036623575059430966,0.44070336080732836,0.14135983941100905,0.6210428277651473,0.04094898753932547,0.9388196212904801,0.09935460558959422,0.7545163603056051,0.050879957952669724,0.9988026590574363,0.09212895021552137,0.754839576426007,-0.05084343272305673,0.9993390895071491,0.11393032152028319,0.8405345422880997,0.04379478363054143,0.3228240594977426,0.11810527138766796,0.8440103417351139,-0.071372430239405,0.9811429494903208,0.08850098011039559,0.9344806217011958,0.055401110045966685,0.5500714211236867,0.0862154453283265,0.9444508666083934,-0.08653132404599878,0.9667725165685025,0.08105633053041646,0.948814321131934,0.05469029857998807,0.5340157917567665,0.07780061449323387,0.9596432135218672,-0.0893265306949616,0.926692011810485,0.1121180419410979,0.9542557767459331,0.03656532136457309,0.7243490758396336,0.1118170360014553,0.9677717941147947,-0.11706460160868516,0.9643368579092486
55,916.7,0.12426944077014933,0.5774311054320567,0.005210951919122769,0.9999261555217568,0.12066490486973817,0.5707373079799474,0.011754735217740146,0.9999235953603479,0.12035607120820463,0.5707778249468126,0.011740635526144797,0.9999235357557031,0.11994028623615001,0.5708611011505131,0.011736879258283555,0.9999430435044432,0.11952023988678351,0.5715294224875318,-0.003620586579754242,0.9999291215624135,0.1184515860818682,0.572172465778533,-0.0036319636163257446,0.9999250258718225,0.11728608253456306,0.5729430005663921,-0.003651564719066736,0.9999355900855298,0.11401634485948663,0.5772471768515455,0.044595208728597305,0.9998701044491366,0.11133562454155521,0.5799249552545097,-0.021715249201016782,0.999924702303751,0.12402350668396278,0.5871346564519977,0.018732578316259966,0.9998836205119186,0.12247168414649517,0.587509467488244,-0.0006123214206170476,0.9999222386451002,0.11728967513356899,0.6279388609386631,0.0919521365846907,0.9994344086874106,0.10424275412445984,0.6300071988786975,-0.06064626201987271,0.9999313042277388,0.1348308651220232,0.6693466958545509,0.05229522110450839,0.24708463038717016,0.13060033037548985,0.6720776472772876,-0.04422376304864887,0.9914138146809177,0.1467417067005522,0.6225877063614986,-0.04178285288314028,0.44423105035509414,0.14416356242838368,0.6244966785113022,0.04115166736855396,0.9772620995839443,0.15345164352939256,0.6092355818975543,-0.05158050393774399,0.4521358736923766,0.14825861368860527,0.6128111992563524,0.04408996153090684,0.9621262124606548,0.14583152816409167,0.6055146682830088,-0.03935401851222632,0.45050943181628306,0.14359656969706228,0.6081314086914067,0.038029939911904814,0.9575440117291049,0.14299838599704573,0.6098121943927951,-0.040199763806802916,0.4373202778044204,0.14129974657580976,0.6126798731940137,0.04205373151316532,0.9398929675420132,0.10105580020518537,0.7530579368273422,0.05030991651472595,0.9988554630960744,0.09312384930394951,0.751859551384336,-0.05028351414061731,0.9993665417035428,0.11390122664826265,0.8403065261386696,0.04725619015239538,0.3153803731713979,0.11712086590982626,0.8437169080688847,-0.07430041865223935,0.9783609991981876,0.08841492980718618,0.9343756863049104,0.0635649476732527,0.5344354992821106,0.08618586829730449,0.9445212511789238,-0.09586324329887125,0.962381303310395,0.08099930839879178,0.9483907080831989,0.06329750447046194,0.521056128399713,0.07781620855842324,0.9601438215800701,-0.09965494133177265,0.9200364918935873,0.11195942511161178,0.9538068430764342,0.045484690705225615,0.7161412863504324,0.11216888150998532,0.9676794097537093,-0.13171150677260907,0.9613480312483658
56,933.3,0.12361670356421253,0.5738709625743689,0.009932905174667089,0.9999260760488972,0.11996428242751539,0.5673785976001199,0.016801059379109327,0.9999253636314763,0.11968251175823674,0.5674589191164293,0.016787512760077217,0.9999241772152136,0.11931108967179352,0.5675826668739323,0.016780957535264047,0.9999438240414581,0.11876642526615241,0.5681866066796444,0.0014193125202187483,0.9999305293673567,0.11767536543664486,0.5688839157422387,0.001405076212471441,0.9999268140111657,0.11651094825494866,0.5697117788451063,0.0013807808891648347,0.9999377500443238,0.11349930011090788,0.5740936370123004,0.05021862153496065,0.9998737346558352,0.110702469944954,0.5766378215381082,-0.016247616947761615,0.9999279237928852,0.1235817511166846,0.5835158143724718,0.023641527319947897,0.9998852099691126,0.12189828214191263,0.5838056774366474,0.004246803532753675,0.9999205640384136,0.11768351175955373,0.6248760393687661,0.09600466667186652,0.9993501220430654,0.1042016145019305,0.6262960774557935,-0.05656343503367338,0.9999271517708195,0.13683347545918972,0.6629860457919898,0.05374037545351759,0.25708207559017926,0.13224316778637124,0.664280670029777,-0.04280438327363562,0.9913143629119517,0.14706507396130347,0.6147152157056903,-0.041411984002306376,0.44492162125451257,0.14395088737919226,0.6159081771260221,0.042325909559925434,0.9776191966874266,0.15326962229751417,0.6011551192828591,-0.049872195957938154,0.4477402709779289,0.14789208415008737,0.6040398932638626,0.045364695202027086,0.9622239158267074,0.14577133598781777,0.5979252656300866,-0.03596115444919895,0.4451125193209879,0.14308880482401176,0.5997172650836766,0.0387715678662062,0.9576145580836711,0.14300989040306647,0.6026534125918439,-0.039077934276844806,0.43286226476941825,0.14109544668878837,0.6041021801176529,0.042979385792499526,0.9403246527626408,0.10234460234642037,0.7504507019406279,0.049935755452939476,0.9988665268534713,0.09441571079549342,0.747765577974774,-0.049916271120309864,0.9993766347567247,0.11330696053448186,0.8402793918337147,0.051900047454096064,0.3051680269695466,0.11557600576253173,0.843389116582417,-0.07443847347583095,0.9739436195010238,0.08806675424178448,0.934068830240341,0.07228904075565798,0.5135114136196322,0.0861401565018155,0.9446396089735493,-0.0993500749270122,0.9557431907880881,0.08076017882142754,0.9478610952695217,0.0723764048445793,0.502743007171722,0.07782870353687382,0.9608648759978164,-0.10376052274590455,0.9108663598696397,0.11138531281834564,0.9532168081828534,0.05488788212339088,0.7021743201074151,0.11251259062971396,0.9677400674138757,-0.14057257736013057,0.9563067810876036
57,950.0,0.12313398718833933,0.569969699496315,0.014965848944397998,0.9999242964245031,0.11947472216117958,0.5636193553606673,0.021889473289428737,0.9999249038242166,0.11920231722650082,0.563712372666314,0.02187859588524417,0.9999209926241928,0.118860624021008,0.5638405481974288,0.02186991057048243,0.9999424048832493,0.11828538349696577,0.5643052572295784,0.006176822974036142,0.9999300638834642,0.11719637541543877,0.5649283130963647,0.00616079725192062,0.9999264790898286,0.11603941520055143,0.5656611976169409,0.006134639660428681,0.9999387264251717,0.11299373493308121,0.5701410259519308,0.055439327621743834,0.9998721480369575,0.11019659929332287,0.5723422311601188,-0.012855402016568762,0.9999298254648851,0.12319540445293707,0.5793975875491192,0.02875918730916014,0.999884988580432,0.12146615946576718,0.5795499682426457,0.008863763615842069,0.9999170814241689,0.11764614461433327,0.6212651814733237,0.10032218694686897,0.9992164203098849,0.10416797761406225,0.621386167548952,-0.05404515280610043,0.9999208563850046,0.13821745202654895,0.655101216974713,0.056545204704716134,0.26366448828152267,0.13392521299067006,0.6558997943287809,-0.038808647188402386,0.991072595119477,0.14712113638718932,0.6062732282139011,-0.037550454959273366,0.43851380546887747,0.14371300949936833,0.6063425342241928,0.047153947786206324,0.9775187032563353,0.15276178149949948,0.592193030175709,-0.04611379291219196,0.4371243530795691,0.14740952849388134,0.5940895676612858,0.050413060046377675,0.9614816279638388,0.14535709931736912,0.5893999139467879,-0.03165338210584155,0.43371106045586755,0.14250059851578314,0.5906440785952981,0.04338123090565208,0.9567068588166017,0.14280759791533162,0.5939368406931564,-0.03523080729480303,0.4228857599553611,0.1408125680117381,0.5950932417597095,0.0476558502053931,0.9396443537303386,0.1030454004094715,0.7465013407525567,0.0497668397923311,0.9988405051685522,0.0957309326955251,0.7432970660073422,-0.04975364765241036,0.999349182560331,0.11203624201672427,0.8401332015082956,0.0526256949773857,0.29289864926111153,0.1137087047100068,0.8427117268244432,-0.06919378946934432,0.967450604552315,0.0874989923267138,0.9339234573500503,0.07116199763757847,0.49058324240502893,0.08607119357302082,0.9447222749392198,-0.08838240234624778,0.9477627305757439,0.08034498280002964,0.9476883524940134,0.07101641098658248,0.48395067169552797,0.07785062101625266,0.9614284549440663,-0.09217253416067084,0.901091166904995,0.11066853680780964,0.9526779367810211,0.05264765254798394,0.6844678180558346,0.11279525536866422,0.9676784873008736,-0.13116115899313074,0.9496228155635659
58,966.7,0.12286162057093221,0.5661187569300338,0.01610073367226593,0.9999242481731241,0.11930443559374136,0.559690112159366,0.022950740309343468,0.9999253920146405,0.1190264310155597,0.5597618846666249,0.02294266033208088,0.9999185743786047,0.11869925686291294,0.5598415278253106,0.02293321068975189,0.9999417350405746,0.1181740987868537,0.5601398178509308,0.006892109600206221,0.9999305151757747,0.11709450007904151,0.5605870598838447,0.006876092182383655,0.9999268792924434,0.11593353429010944,0.5611272454261784,0.006852010752828353,0.9999402789842522,0.11256844940639685,0.5657596957115905,0.05669377247492476,0.999870799836659,0.10988919614326395,0.5675940456844515,-0.013208893482528992,0.9999321869441449,0.12289020277204976,0.5752724863234024,0.03002237173772996,0.9998875487418409,0.12121341838723146,0.5753976901372277,0.009619002166605897,0.9999159148761211,0.11672487180857438,0.6170965915634523,0.10237215317430959,0.9990923347927282,0.10418039702233822,0.6161847370011471,-0.05528607308155019,0.9999158240499959,0.13943088409446544,0.6465079897925972,0.06742852624683157,0.27211118737856566,0.13590132480575934,0.6466529653185895,-0.047905151865312065,0.9908403158187873,0.1470891684293748,0.5959542308534899,-0.011197356241089966,0.4315982744807292,0.14371826889969064,0.595879469599043,0.028761020462427844,0.977414202122462,0.15167942359333958,0.5798332066763019,-0.018724040117203498,0.4255705305508208,0.14704647376423802,0.5828690500486469,0.030162345351917426,0.960722051915669,0.14463023628507352,0.5777678234236585,-0.005785968997294001,0.4214672843615217,0.1420256211644128,0.5805570454824542,0.02362105915588994,0.9557327457836704,0.14237757310980853,0.5834930453981676,-0.009479830529363392,0.41227517241523415,0.14059166752156765,0.5854164475486396,0.029088911467364878,0.9388626813888556,0.1031473385436195,0.7418963909149175,0.05012348808702972,0.9988121248426899,0.09736686199903495,0.7391927128746402,-0.050119706207797675,0.9993063381740033,0.11044028330416913,0.8395624047233952,0.053114148300318534,0.2805131319023316,0.11198485749108458,0.8415404529798605,-0.06003460749274213,0.958876149994987,0.08692281267472682,0.9338808769271494,0.06938420803773976,0.4691077882335303,0.08602434006475274,0.9446770321755188,-0.0669610402768567,0.9399269904409142,0.07997234236626405,0.9479368016833357,0.06898563887391776,0.468930420421419,0.07794854328745893,0.9615699790772945,-0.06944819114037928,0.8926141744568241,0.11008218179146456,0.9520925340198342,0.04961497070533892,0.6670012843041198,0.11291835457086571,0.9668247699737557,-0.107604752339068,0.9427655083792557
59,983.3,0.12284891875017266,0.5630901597795037,0.01314325240396319,0.9999257808639896,0.11938441154502696,0.5564558165413996,0.019725929280476923,0.9999263485272734,0.11908486450002315,0.5564934242339366,0.019718107146521426,0.9999172744296853,0.11874801559107652,0.5565030972162888,0.01970714122234357,0.9999418968246104,0.11831580102443703,0.5566681822141015,0.00325062955241828,0.9999310459409448,0.11723721027374276,0.5569295769646059,0.003234947588117352,0.9999276513145091,0.11607101807991672,0.5572371482849126,0.003208734394450275,0.9999420869918104,0.11231062596752538,0.5619318173045208,0.053690239077522676,0.9998688726198113,0.10982298247870952,0.5633123403503786,-0.01688682052883365,0.9999338842573627,0.12274143170742771,0.5719848218418306,0.027289313219842473,0.9998906566983186,0.12121049243779418,0.5721459048134945,0.006230744111711661,0.9999159688041331,0.11540113957155326,0.6130869644028805,0.10104913477386754,0.9989459968748554,0.104547523316883,0.6110600006012694,-0.05781567699852448,0.9999085948580795,0.14065340161323558,0.6359031881604881,0.0864489940660341,0.2804054830755508,0.1380064430690948,0.6361045014290587,-0.06392413076190726,0.990454974628631,0.14660095317023153,0.5828791232336139,0.039170759863087136,0.4239973624547325,0.14382854316915794,0.5836589024180462,-0.00039102695882320404,0.9772388537724819,0.14935992161432912,0.5647671534901577,0.0339878017493036,0.41272456447283457,0.14673906280880894,0.5696342559087848,-0.0014915192233664661,0.9598684112230943,0.1436294430778141,0.5634018494969326,0.04292924626774734,0.4079734569504151,0.14170604873271225,0.5678632543200542,-0.006497979518913093,0.9545811726933441,0.14170942987714505,0.5704083726519635,0.03952005057640022,0.4004760398751216,0.14043879296098447,0.5729623891058426,4.146177144277816e-05,0.9376337443079273,0.10367122753745042,0.7376918338593987,0.05030888106141775,0.9987790641330545,0.09898731147959125,0.7354495894341246,-0.05031636375046915,0.9992481895855503,0.10895307149205896,0.8380781554040461,0.05109945933024092,0.270293149210158,0.11002249909298768,0.8394075774011164,-0.05377942536558428,0.9486366254942764,0.08655882165545516,0.9338850435756508,0.06453084590889163,0.4519438133353282,0.08599937813622617,0.9442907770474758,-0.052557644035135034,0.9334109737759552,0.07980500161647802,0.9484843185969769,0.06380700213568555,0.4597092285042721,0.07808783011777065,0.960865531648909,-0.054281651618934855,0.8864996149426421,0.10978853738024129,0.9517543315887459,0.042530684598854646,0.653466525531951,0.11286570593005142,0.9655497017360876,-0.09329507145143698,0.9370969817751937
60,1000.0,0.12287960343417675,0.5600694276037674,0.009435974504976052,0.9999084075291959,0.11950775661638813,0.5532308902059286,0.015525767535326038,0.9999074652081451,0.11919048960719798,0.5532585410844716,0.015518304936233032,0.9998837283679425,0.11883981561376943,0.5532269875208541,0.0155052442458414,0.9999223493394405,0.11849295915592294,0.5532450221833732,-0.0009880629201818797,0.9999181117330286,0.117440232208797,0.553376430556888,-0.0010043220813497023,0.9999155033202405,0.11629268385115132,0.5535250930559071,-0.0010312598800131438,0.9999355815705806,0.11218083898226427,0.5583486443474184,0.04872722657663485,0.9998488284292681,0.1099199918763979,0.5594007486388801,-0.022712752311712235,0.9999274895304733,0.12262954669339325,0.568894553752173,0.0234398175740526,0.9998712795121336,0.12124593130179823,0.5691621984754294,0.0022404917045778794,0.9998907673926588,0.11388307490519123,0.6083850179399768,0.09906078662191126,0.9986533976736529,0.10555546659798856,0.6066172293254312,-0.06354705403958053,0.9998896661258887,0.14109968074730475,0.6229058560870946,0.11307265574023845,0.286552599498204,0.1405052805230732,0.6247440633319677,-0.08032046010096874,0.9898613549414144,0.14555861126808903,0.5693246410006573,0.10224067277851567,0.41691597870418035,0.1444343598116013,0.5714375234785538,-0.026442100160888285,0.9771795499892469,0.14650394448212223,0.5492245072410225,0.1022584060140487,0.4003271999813265,0.14694494009017955,0.5560947117351354,-0.03014080394946396,0.9594176184563417,0.14246732493241637,0.5476820525668921,0.10916016654421892,0.39516392350196866,0.14160450725328366,0.5541570186614995,-0.03384748571330595,0.9538930484226779,0.14076034086091188,0.5558447639147445,0.1030664060353524,0.38948356395676054,0.14053782253038327,0.5597731300762726,-0.026004426979592887,0.936771208331699,0.10431121538082766,0.733724713325501,0.05077006419499719,0.9987412322135205,0.10040148099263516,0.732324361801148,-0.050787127798511904,0.9991698804355811,0.1078418617447218,0.8358227979569215,0.04822343233085817,0.2640124630360378,0.10818103488002512,0.8371878748848331,-0.049694702561412576,0.935764738491604,0.08665777317115245,0.9335524610110698,0.06341330352283664,0.4393412896565032,0.08611181236448748,0.9433756555829736,-0.039954325805107785,0.9273736732346678,0.0801301240211442,0.9478703794025246,0.06286823891458061,0.45696088813600116,0.07849358306044629,0.9591200294948766,-0.0408177512387435,0.8821513539268864,0.10986056072371356,0.9511673280170992,0.037241782460893935,0.6428026755650843,0.11283395616781151,0.9641155373482484,-0.07996253562825073,0.9314480310394657
61,1016.7,0.12297681506190991,0.5565475566046583,0.0075629788583942885,0.9998765559423545,0.11969846522524252,0.5494927224658788,0.013445484629344383,0.9998751765205753,0.1193821866597449,0.549538924580529,0.01343738842045978,0.9998258437429164,0.11902604110184178,0.5495119009699143,0.013423287043614056,0.9998886301403961,0.11868963390588769,0.5493551890055342,-0.003782042701329507,0.9998962538582946,0.11764300295284824,0.5494007723672054,-0.003794189927811249,0.9998941506658289,0.11649194537174143,0.5494632380349299,-0.0038239888298059175,0.9999240750358225,0.11227550144706461,0.5545944060598105,0.04626732408290821,0.9998175870804566,0.11007255138385871,0.5554463153793703,-0.027277698740363142,0.9999182139124196,0.12261049449443827,0.5655945340792342,0.021585256393466694,0.9998384458678117,0.12130035814784831,0.5659518781162447,-0.00045267642231227136,0.9998523025285637,0.11267586868433734,0.6035730469794505,0.09851777766432088,0.9982856966200335,0.10695106145881479,0.6023579466910594,-0.06897477752396043,0.9998630796160024,0.14161752802985064,0.6080483027866912,0.13526862788768051,0.29254587349437555,0.14282394519874037,0.612321944463821,-0.08928033745005023,0.9892401184354517,0.14497039431617384,0.555128770215171,0.14734514119724446,0.4120906477882752,0.1456330113467717,0.5586741595041188,-0.03813529662078338,0.9773301794415437,0.14395798458939518,0.5352215653374085,0.15094844400993604,0.3900666889690221,0.1476111412048341,0.5424409877686278,-0.04396872018419564,0.959531466166179,0.14146264039334808,0.5333475271860761,0.15379422916365532,0.38487740925380187,0.1421340625910533,0.5407262841860456,-0.04729301234086358,0.9538918506531495,0.1401804004396712,0.5412645339965825,0.14706746821424801,0.38134546081225107,0.14118292572952462,0.546389256204878,-0.037895284593105344,0.9365666820889434,0.10549688374712361,0.7301587973322192,0.05115896339217825,0.9987178161030732,0.10128194413014828,0.7293237816719786,-0.05117941239760039,0.999098908333552,0.1075309050225077,0.8328295236542118,0.045879272300572656,0.26192650198936485,0.1066111794539861,0.8346100761776885,-0.047166870463462136,0.922351519266765,0.08715618295328964,0.9326310498373855,0.06476293965464552,0.4319511992590771,0.08628360891626001,0.942065270174118,-0.03199769033207782,0.9222990586644133,0.08081166410730004,0.9461928038370049,0.06479809788011374,0.4606633881727858,0.07896802148648677,0.9566345044544772,-0.032447434607006276,0.8797594308853156,0.11003288342839204,0.9508154278709782,0.03556172567464059,0.6359233033089415,0.11253318758237937,0.9630087528909962,-0.07299848965236125,0.9261155951590773
62,1033.3,0.1230794656134788,0.5526600338163834,0.011310025650475715,0.9998229912349164,0.11986310780048379,0.545478150958107,0.017167808754103536,0.9998174820627492,0.11955349466630398,0.5455458646728882,0.017160282026798965,0.9997307942027145,0.11919514231738598,0.545546202432542,0.017146068447757346,0.9998324485052207,0.11882994891632179,0.5453509035564608,0.00038819868877042316,0.9998578060240979,0.11777663372811825,0.5454173116456899,0.0003693459865254621,0.9998562506267009,0.11661597270341155,0.545506094183241,0.0003416214676690292,0.9999016608510706,0.11246658187536974,0.5509084633418496,0.04967144770281659,0.9997610960687917,0.11019329017116918,0.5517862722987225,-0.028699637967206204,0.9998998017538169,0.12264022018228268,0.5618422315234234,0.02518269685762271,0.9997745298203975,0.12137265467927577,0.5623972955204195,0.0031997921703675433,0.9997835897264034,0.11219721358446856,0.5986485509645376,0.10229614412500751,0.9977877849624277,0.10855103461515345,0.5976709609939943,-0.07345921617178694,0.9998208057312745,0.14212114328429823,0.5907030985468914,0.14799969217606965,0.2942548805759069,0.14434381822745015,0.5982494921911334,-0.09913712420633869,0.9886919600623002,0.14547585092839752,0.5384608847754346,0.16152188128658718,0.4078657215549835,0.1471476001398905,0.54322966507503,-0.056170042781602814,0.9777424477395563,0.14299964408079793,0.5203284309023906,0.16483014698938614,0.38236900738307433,0.14892882179646277,0.5265789599645709,-0.06568605257641706,0.9603116370382769,0.14146208124501375,0.5180401716913499,0.1634479059527319,0.37763094476291137,0.14339238972890955,0.5242292923586713,-0.06815781621705923,0.9546969958714084,0.14119543915703192,0.5256212850411737,0.15959007834039995,0.376708527406057,0.14254635785307213,0.5301769858314882,-0.056072018685795054,0.9372944150652212,0.10679448076656894,0.7271686536925185,0.05219268727870218,0.9986742053713125,0.1018187105655671,0.7264766579582582,-0.05220900742071019,0.9990213825589142,0.10733765789440708,0.8300274128005625,0.04586979551684292,0.26188237042654144,0.105242696546373,0.8322550682794486,-0.04793463700584007,0.9111059137753085,0.08781995482388003,0.9307390621730266,0.07157912885858904,0.4262641199997496,0.08658652362369362,0.9402392790431074,-0.030504587594242346,0.9184691735676364,0.08156417735985352,0.943101556528183,0.07238016277551657,0.46707960395585957,0.07949933374211907,0.9536150438444961,-0.03089969214938938,0.8794141326631826,0.10998655358950304,0.9502752196221131,0.04029479427706631,0.6291715474355793,0.11209147636379523,0.9625871096338551,-0.07410680715526859,0.9211815141496211
63,1050.0,0.12318670359395809,0.5488144414765499,0.007375587886642847,0.999738778386798,0.12000202458529254,0.5418604413668319,0.01345300448260138,0.9997062881787625,0.11969760627973655,0.5419083180881685,0.013441744171792563,0.9995542310533077,0.11933456751562309,0.5419090305055895,0.013427800676297584,0.9997215526444578,0.11893540691761752,0.5419107760701865,-0.003434458414890938,0.9997914774077287,0.11787197277659471,0.5420656998952234,-0.0034535896847955913,0.9997855027516691,0.11669690055506578,0.5422573515347076,-0.003481923106370407,0.9998538834708085,0.11267328333287019,0.5473586349260243,0.04689783665041132,0.9995925738697967,0.11026297048443848,0.5486175446283253,-0.03751349165326076,0.9998483799752742,0.12266734952018384,0.5576919544310801,0.021670256386555394,0.9996432009197423,0.12139751123530533,0.558548714433398,-0.000903025731401743,0.999662169388363,0.11235244146415174,0.5916402879215427,0.09929786870876955,0.9971621774491817,0.10964754862444749,0.592471715949831,-0.0841369149940355,0.9997408560344159,0.14228453593594698,0.5703658007440117,0.1416576270546233,0.29309746055375985,0.1448177716561727,0.5831291022754855,-0.11140777667363494,0.988550523916881,0.1470113978499459,0.5207346450714841,0.13322949444963827,0.40777401271320557,0.14957566204525186,0.5289975887253175,-0.07919483791504593,0.9784568746884671,0.14524451962539137,0.5060355237552101,0.13207369368700764,0.38185195128122995,0.15162761154628945,0.5128583751973655,-0.0930538296344735,0.961560853890011,0.1438930481672288,0.5029612027463463,0.12982343243701128,0.37810876397859516,0.1465004391613462,0.5091393958954588,-0.09466531996925678,0.9560840470450273,0.1437810581354869,0.5085952750274118,0.12961758957022723,0.37977155191557777,0.14553186013585057,0.5154348512490594,-0.07926824440558757,0.938822547594707,0.10830101902995798,0.7242949519838611,0.05345587006637033,0.9986050327618924,0.10187830988849919,0.7239424103782296,-0.05347056119214924,0.9989047334307724,0.10724686547404252,0.8273603802635563,0.048230315957750625,0.2647662985892525,0.1041559977900415,0.8300687642324545,-0.04763780729401683,0.9039291767846976,0.08879673693861287,0.9271058865955905,0.08202811241859487,0.4222431778907779,0.0870972538278217,0.9374326410747716,-0.024731125017362,0.9167605099223916,0.08240841258139843,0.9387036874180756,0.08357800472350355,0.4753762483596805,0.08007834958178661,0.9498000627472295,-0.024748338120324287,0.8811949519884025,0.10983125262317212,0.9494961244719375,0.049656343069814535,0.6227130662827269,0.1116415514122873,0.9626152316729235,-0.0706306472420693,0.917590070338477
64,1066.7,0.12329686681429554,0.5446995865731017,-0.002669453421341523,0.9996479834829064,0.12010730199870619,0.5380924798193436,0.0036437499913431373,0.9995727851277313,0.11980543463003077,0.5380943616231286,0.0036289524730472376,0.9993454104378117,0.11943749977009646,0.5380596121152246,0.003618643752166205,0.9995863579568416,0.1190174055241404,0.5383911359877818,-0.013961280589380001,0.9997159753526967,0.11794970894143704,0.5386617921647575,-0.013970804087875887,0.9996989653224044,0.11677295892011559,0.538985513505482,-0.01399720508925385,0.9997906145595375,0.1128192561722938,0.5436028525942852,0.03824998296442489,0.9993560683159608,0.11032676448424666,0.545426292078836,-0.05085795142111328,0.9997745042755497,0.12280885094688061,0.5532240555399944,0.012142089639036437,0.9994749994505027,0.12154088843436477,0.5544750775609701,-0.011581447308084802,0.999512590113141,0.11255956476642981,0.5831427120027092,0.0906071318756967,0.996671676635743,0.11094898269290024,0.586752329553877,-0.09802742550770449,0.9996381118184052,0.1422846686272395,0.5486572072619488,0.12827304183017652,0.2951479965732213,0.1455484103588832,0.5667741128376556,-0.1336291925538155,0.9889023587817244,0.14908909513836827,0.5013279744556975,0.09862404494058524,0.4206371960185826,0.1536156719639189,0.5138442133154191,-0.11973156833222942,0.9796523395038794,0.1491312107869558,0.487873352709271,0.09363709248247608,0.39635131898380493,0.15594814292022172,0.49769183851423754,-0.13896022204841896,0.9636185112453649,0.14758355915546428,0.4849030063265849,0.0900192260742188,0.39372627082325196,0.15174177856672388,0.49320798828488344,-0.13888063636564085,0.9584077880496078,0.1471811660698483,0.48950511359033166,0.09331411265191585,0.3972514087245581,0.1505976106439319,0.5005808188801724,-0.11989467484610429,0.9416082444645115,0.1092167415079617,0.7210269002687368,0.05519393405744012,0.9985572695732123,0.10214390641167058,0.7213791381745116,-0.05522196988264724,0.9987817974317649,0.10714067518711098,0.8255092558406654,0.05509973033553082,0.2695341237953733,0.10361467763071976,0.828470959549859,-0.047175643876904566,0.9010360780216405,0.08999484067871463,0.923727887017387,0.09669409053666259,0.41993139471326585,0.08788080194166735,0.9347306206112822,-0.019340156488830147,0.9175832839239217,0.08342239438068305,0.9349773980322345,0.09879768533366075,0.4846633672714237,0.08086639678194416,0.9465960207439611,-0.019044513858499996,0.8851919543175476,0.10987052073081342,0.9487668219066808,0.0649471407135328,0.61710836773827,0.1113491253483864,0.962562453179133,-0.06716040202549531,0.9163199719928566
65,1083.3,0.12339011970020484,0.5417331882885528,-0.013781423281346059,0.9995576710928061,0.1201854972612291,0.53554779291153,-0.0072377708163999434,0.9994365629695717,0.11989183546531777,0.5355307516597569,-0.007259312174504717,0.9991360022908172,0.11952906669605355,0.5354800763584322,-0.007272884427081977,0.9994489181609387,0.11909932146469761,0.5360021619569691,-0.024998151797003,0.9996404449145007,0.11803825341519864,0.5363548085803082,-0.02500426008122132,0.9996063624109548,0.11687751717510686,0.5367616301491152,-0.02503642435961715,0.9997187114897236,0.11293506161088043,0.5409195309593569,0.02868363154785976,0.999098772094364,0.11051861232235326,0.5428470600219004,-0.06233848276592441,0.9996837774912524,0.12298509549526951,0.5499652822812402,0.0018354763188177642,0.9993037184079495,0.12177978420541408,0.5512803253673375,-0.02232731713558593,0.9993608253342772,0.11227056561481394,0.5764785238674712,0.08050605406363812,0.9962909136499685,0.11259297494377415,0.5798864875520983,-0.10772856892574409,0.9995364461626333,0.14152525081521,0.5318493786312288,0.11937590369156437,0.2981252031666894,0.14601501396724165,0.549191636698587,-0.15278242883228133,0.989515491894314,0.15054537923563105,0.48449239560536006,0.07816956085818161,0.44242905718939673,0.15796139623437622,0.49504701722235944,-0.15502215318736584,0.9810514960970205,0.1525203713348935,0.4700445277350293,0.0714960871707826,0.42153987004643423,0.16046516242481423,0.47806245656240587,-0.1777020824097453,0.9660511896723799,0.150979193193572,0.4674291539759866,0.06513205507681488,0.41996347478457885,0.15689480872381312,0.4731828059468954,-0.17500179757674547,0.9611442486445116,0.15007433366207862,0.47183029992239844,0.07128043082498374,0.42453777506237966,0.1556897731054398,0.48102821196828605,-0.15456222884711773,0.9450250296365653,0.1093813950816791,0.7173299959727701,0.05657590446727621,0.9985140703973323,0.10297304249945148,0.7183423950558623,-0.056620734255938346,0.9986612881932947,0.10703622124024807,0.8230578700701402,0.06121716080676946,0.27549109856287657,0.10336638703232728,0.8264278627577288,-0.04681131048571499,0.901781530607315,0.09116538152808241,0.9202911371276499,0.10599291572968172,0.4189943288053788,0.08879503040086661,0.9321617313793734,-0.017980406903440056,0.920559948398954,0.0844206142993201,0.9319892837887725,0.10820789635181435,0.4948453151044395,0.08178219128222698,0.9438164830207831,-0.017754339302579573,0.891160136177427,0.11007179497253336,0.9480425630296987,0.07639924028799652,0.6120503033910483,0.11113170853682934,0.9625772606758851,-0.06688156653018229,0.9170494363421492
66,1100.0,0.12342685461044321,0.5386979012262259,-0.023351440073124015,0.9994728139468608,0.12022242020993014,0.5329064811979025,-0.01654082261735486,0.9993172458239972,0.1199429677355858,0.5329307885397052,-0.016566080817331883,0.9989530699593687,0.11959685385227212,0.5329186263538546,-0.016582973789246322,0.9993299302600687,0.11915354217801784,0.5333903204827086,-0.0345544060013102,0.9995723111288894,0.11810915704284404,0.533794408752805,-0.034550992194410726,0.9995190416063588,0.11697468906641013,0.5342616892996292,-0.034581844149908586,0.9996495218504049,0.11303325174819864,0.5383844886507311,0.019536666217304426,0.9988787827037637,0.11073760794741774,0.5402208793730967,-0.06945829359548437,0.999591719536555,0.12316105053538377,0.546940005960919,-0.007363093584509839,0.9991576132320229,0.12202436867214393,0.5479210870606562,-0.031308290094048515,0.9992239248184938,0.11177526414394387,0.5713719839141487,0.07208410437617989,0.9959542467480621,0.11410591538463327,0.5729769241242186,-0.11394737944716507,0.9994528605824433,0.1403277175767082,0.5205228385471166,0.11668674860681816,0.2991291227794831,0.14604590549355473,0.5326407182784312,-0.16717115328425464,0.9902654091517138,0.1510457339740936,0.4720026609443486,0.07441490320932304,0.46496291813396307,0.16147553069250936,0.477130024206071,-0.1802632822876886,0.9825985147839509,0.1545889512414025,0.4554630007062643,0.06830390613703506,0.4482415148190093,0.16466468927406142,0.46099986065001747,-0.20462869675386536,0.9687415872301381,0.15310665113585348,0.4528735776742303,0.059128554803984545,0.44760053072656936,0.16153807583309365,0.4561965948059449,-0.19941733351775592,0.9641746225811194,0.1516954331170946,0.45743904653049683,0.06648301262231104,0.4529725199653992,0.16008829928579796,0.463199812741507,-0.17893688238802424,0.9489141787801476,0.10887500892082858,0.7138984004656479,0.05750060524968878,0.9984842936197924,0.10402530786536995,0.7155639387312395,-0.05755728749292242,0.9985627645537973,0.10680537883724492,0.8204251073655633,0.06514108589007746,0.28044624271846974,0.10327686759687613,0.8244787823586243,-0.046295111378033986,0.9032332272756675,0.09215450357823152,0.9179472327232368,0.11113955612693521,0.4177091235206244,0.08978561702228734,0.9301269735608788,-0.016880743072501262,0.9234608582087933,0.08534394878716703,0.930079863184975,0.11332089879683094,0.5049493114153547,0.08281096674147112,0.9416058631170371,-0.01663806803879285,0.8973523151306885,0.11038836623941158,0.9473989350455155,0.08290429129486998,0.6052001686323261,0.11116074451378422,0.9625418214570914,-0.06586559790940516,0.9174865938368304
67,1116.7,0.12351048844201233,0.5359738838104978,-0.024088922843691865,0.9994128034228378,0.12027762262594141,0.5301759072712493,-0.0170866718205313,0.9992452803112218,0.12000530177638652,0.5302856734820779,-0.01710882127684143,0.9988435194605879,0.11966649655784888,0.530343836262113,-0.017122870155920598,0.9992600423949113,0.11923664134173174,0.5305602607272923,-0.03633589108773909,0.9995265972046632,0.11820562928915032,0.5309542701357891,-0.03631442417515378,0.9994549694515418,0.11709262040399379,0.5314040780067448,-0.03634185624694166,0.9995973053432653,0.11311716870183045,0.5360063598269511,0.017388582850495986,0.9987563150269652,0.11095938938004639,0.5375711719195052,-0.06737957823844187,0.999517100197929,0.12335909725654702,0.5444732819284716,-0.008342410726029254,0.9990732783362987,0.12227063697008868,0.5448642373085026,-0.0334850376959713,0.9991329085259217,0.11121456183138356,0.5688856669834687,0.07045442788373861,0.9957075516382861,0.11494065288986488,0.5663560770806817,-0.11185737025170107,0.9994064938454408,0.13946087516489492,0.5158204152470547,0.11833304982809802,0.2971250939936867,0.14494206649916525,0.5198005012103493,-0.1673029817285993,0.990956834384374,0.15100702288604928,0.46494037764413054,0.0738228403386616,0.4814409131095526,0.16247974265189408,0.4622051715850834,-0.18067057359786276,0.9839636172567101,0.154619512813432,0.4489687695389706,0.06780545165141427,0.46835140245301415,0.16634838070188263,0.4480280918734417,-0.20381231676964548,0.9711425559861326,0.15315526936735438,0.44633462741261465,0.05611151918059308,0.4685019609474004,0.16345286440281653,0.444403776100704,-0.1973970887206851,0.9668626217615044,0.1518530682438897,0.4508463342984521,0.06506533033791047,0.4750037321022582,0.16179861412161883,0.44975420974549823,-0.17854751149813347,0.9524301943324868,0.10825373445238394,0.7109694395746509,0.0575764704318274,0.99846447081793,0.10492525178761716,0.7127221255075369,-0.05763405650144536,0.9985139540263592,0.10658890789463414,0.8176599627449405,0.06630854539218409,0.282381091799055,0.10328038249697012,0.8221983228411,-0.046942122457992494,0.9046742376827065,0.09317252394698922,0.9165785738400057,0.10902566214402525,0.4147647236074723,0.0907611502777963,0.9291909535725917,-0.01965467982171548,0.9255213822637292,0.08634189871095482,0.9291822626477202,0.11100157421259661,0.513812655494327,0.0838084600511052,0.9406294879459206,-0.01959602712165743,0.9028930096399224,0.11143076703661972,0.9469320603779391,0.08300839790276124,0.596427440643311,0.1114506994684538,0.9625542220615212,-0.06823316500300458,0.916989425818126
68,1133.3,0.12366371672777912,0.5337165934698926,-0.016409814978639296,0.999359812055316,0.12034820552383159,0.5277154360498704,-0.009421840010743063,0.9991968529565001,0.12006667043481563,0.5279150747117546,-0.009434248032491838,0.9987769268807918,0.11971691037927364,0.5280538541930067,-0.009440649666690407,0.99921921321324,0.11933982620636631,0.5279830552282792,-0.029177045804404098,0.9994882884479711,0.11830959646474755,0.5283538755916417,-0.029138696513005685,0.9994021994727006,0.11720496487049838,0.5287599875813442,-0.02914846812685333,0.9995525422550391,0.11315756574982697,0.5341789552143645,0.021600851877814263,0.998716973123097,0.11113784249339792,0.5353450718380159,-0.05858293530486883,0.9994511462393268,0.12352458458571217,0.5423661952927002,-0.0018815408194703728,0.999026883216132,0.12249246381578,0.5422634908131194,-0.027259713570986496,0.9990615929876062,0.11080763524486914,0.5691712668963844,0.07584790885448461,0.9953611180895858,0.11499508221944181,0.5620693025134862,-0.10496267640874507,0.9993711880275188,0.13909430518036808,0.5155742849622458,0.12271398979993103,0.2898614023412979,0.142972835472652,0.5110103800183254,-0.1649035548879988,0.9915113420713523,0.1510118813741776,0.4615597724914554,0.07453879394701554,0.48506942817143067,0.16110392695381537,0.4504242894195378,-0.1807055806829817,0.9850365916887927,0.1537241240342459,0.44716635062581045,0.06872638031130751,0.47529705223583074,0.16616768283503408,0.4380832130000708,-0.20267824190003547,0.9731049963406162,0.1523287764617376,0.44491134371076346,0.05530458600038578,0.4761917420795989,0.16290474789483217,0.43518204206512123,-0.1955836911996207,0.9690042592230305,0.1517105776639213,0.4492583643822446,0.06563124291244012,0.48452936041922834,0.16075101069041672,0.4394803515502388,-0.17805552695478724,0.9552158855256587,0.10784553949322026,0.7093443984077096,0.057529398550589916,0.998414976256235,0.10562967438073392,0.7106544403802786,-0.05757753142998336,0.9984862463814879,0.10644459972778963,0.8153481937590106,0.06596273467654279,0.28099670580455255,0.10330628639175786,0.8201742456072858,-0.0495685126100268,0.9066495072273988,0.0940929945735705,0.9156420855295098,0.10526185021513992,0.40960389233770855,0.09172534304005767,0.928877404757909,-0.02600057551725991,0.9271797537803657,0.08727119508243748,0.9285368663924088,0.10701114932696032,0.5212408815111437,0.08479840592259458,0.940307761941638,-0.026268778634922864,0.9083431334722617,0.11282256848755345,0.9462774481092187,0.08196574555976055,0.58588810477938,0.11208566845882514,0.9625863404501059,-0.07442254715022592,0.9157643488475261
69,1150.0,0.12390288249367769,0.5329637413933168,-0.011560740409463298,0.9994245029631121,0.12046688901526596,0.5267037862823127,-0.004567995623108889,0.999275968188332,0.12015808799437122,0.5269393580300471,-0.00457445236055979,0.998892960094271,0.1197827092948415,0.5271097450029286,-0.004571695679000449,0.999286543755305,0.11949951591945839,0.5268240145274575,-0.02512744619023234,0.999543610073272,0.11846169651973823,0.5271027116548451,-0.025066062719339435,0.999461525962467,0.11735349183990851,0.5273908603759043,-0.025058698884788032,0.9995918018477311,0.11321407840365463,0.5333437266803926,0.02357427935515133,0.9988362704004567,0.11129312039840797,0.5340733244305569,-0.05356224076378917,0.9995207048597796,0.12361037482817977,0.5413280413264324,0.0018532122485339655,0.9991083741188057,0.12261840701103219,0.5409709584145322,-0.024158368419323666,0.9991571562630798,0.11072943607966113,0.5702211941991537,0.0779834790598779,0.9950879982539593,0.11407018772193372,0.56043496302196,-0.10056708682151075,0.9993328764325105,0.13874990883327676,0.5161464072409134,0.12156052035944812,0.2788446609463013,0.1403666841132301,0.5072694335665024,-0.1625596838338036,0.9919289662724458,0.1510927804878781,0.45814072660037486,0.06966596380585721,0.4812516385600684,0.15875028357619342,0.4455047093686607,-0.17952603101730358,0.9858032209532608,0.15415638827142272,0.4481999405792785,0.06283507283244819,0.47493363278252776,0.16484488050142937,0.43445396565255695,-0.20015279735837677,0.9745652107965385,0.15236001355307455,0.44484794707525377,0.04990322497628988,0.4765712221463525,0.16135888866015854,0.4321009090968544,-0.19376198379766388,0.970551754747119,0.15180194023109628,0.4482725617431462,0.060763574072292915,0.4870123167832696,0.15875566928159635,0.4357241377944041,-0.17701017927555823,0.9571873403730853,0.10832532246907559,0.7087072588148576,0.05708792238008413,0.9983908221835189,0.10588206492719204,0.7090458813167759,-0.05712432751343368,0.9984809841428491,0.10648586707455779,0.8139348484220965,0.06360182822460225,0.27906328439712547,0.10320949909232918,0.8182600623085391,-0.051043398678302807,0.9087755027271459,0.09498803530420583,0.9147170526640762,0.09916319556179508,0.4040118881634306,0.0926658369245984,0.9282754460970568,-0.030477412488488946,0.9277156392733262,0.08809597683804382,0.9277220311618993,0.10047706145615812,0.5272174136979243,0.08559099655775804,0.9392972389856981,-0.031021381772699832,0.9126751167433609,0.11400603573946733,0.946275004318783,0.07655756938315578,0.5759494049208509,0.1127486005425454,0.9626499244144991,-0.07848281023048226,0.9136004958833974
70,1166.7,0.12416809229623713,0.5320941663923722,-0.007324718335266452,0.999352279163543,0.12060900138957169,0.5256385632923675,-0.000500035815916601,0.9992002816427328,0.12027057047401164,0.5258508125940962,-0.000502394157506171,0.9987966077668333,0.119869745203427,0.5260060401189899,-0.000490286575985097,0.9992213845252998,0.11967155585686375,0.5256711414882118,-0.022047173098794066,0.9995130981717798,0.11862395739271536,0.5258382104692009,-0.021965377298848985,0.9994157950083422,0.11751327166954685,0.5259931371325542,-0.021945235585527776,0.9995485317139406,0.11330345592328489,0.5323822611854194,0.025604926759288445,0.9988528887430834,0.11146180296228053,0.5326884190241499,-0.051920004189014476,0.9994642479079117,0.12373632121653792,0.5400760429246089,0.0051268606801473,0.9990341379528961,0.12277458324318849,0.539773319448744,-0.022098980045744367,0.9990640140715107,0.11087967881134586,0.5706158081690474,0.0786458693799519,0.9945459365844734,0.1133644857576916,0.5603820284207666,-0.09869126869099487,0.9992256192933953,0.13746776325362078,0.5128529838153297,0.120413682290486,0.264999534402575,0.13896514475345623,0.5058778723080957,-0.16106171196415323,0.9921441503933505,0.1508592800015496,0.453185856342316,0.0659750891583307,0.46911602077030035,0.1570548415184022,0.44324813712210914,-0.17560520981039335,0.9861591657002774,0.1542795633985884,0.4428280733880546,0.058160247192496385,0.4663240937959583,0.16313212684222642,0.4320050719238466,-0.19494623797280464,0.9754070696376625,0.1521564963318054,0.4397960915451961,0.04481304827190584,0.46857789300736963,0.15966971573375532,0.4301927941186091,-0.19005882952894498,0.9713583304768525,0.15168947407177527,0.44367238453456365,0.05678627586790498,0.4809898237387342,0.15713132066386098,0.43421616156895987,-0.1735461134286155,0.9580372373263049,0.10903266568978635,0.7080424683434628,0.056944722043616475,0.9982563285600579,0.10575709279094431,0.7074830503690817,-0.05697350824872657,0.9983773373422176,0.10653734952211388,0.8131158209982379,0.06187115733822192,0.274823273931231,0.10311414975495573,0.8169416104044238,-0.051614853243033124,0.9097576311656413,0.09564253794295455,0.914190400214423,0.09461596643640888,0.3955198228359226,0.09353753214790714,0.9279433999742787,-0.033699563748779776,0.9265980521837877,0.08874207628624786,0.9270541526022418,0.0955491672669139,0.5287118185134165,0.08635171999533978,0.9387428703762244,-0.03436865657567981,0.9156620928219392,0.11477404797361018,0.94630006097612,0.07155005846704761,0.5636773960930965,0.11331958607548767,0.9626630147298184,-0.08021662774540134,0.9096223910649625
71,1183.3,0.12436447186129443,0.5321796082314995,-0.0029476680072201885,0.9989291145688018,0.12072454889615385,0.5257030867394951,0.003770491729180021,0.9987699389457709,0.12036640942096719,0.5258736071132482,0.0037629569193259617,0.9981624767893844,0.11995172997315734,0.5260103259767809,0.003774046853539492,0.9988586136272982,0.11981674674011421,0.5256767301332387,-0.0174349778376165,0.9992118591354013,0.11876981847342999,0.5257463313284378,-0.017359037129651943,0.9990230912253977,0.117667599448136,0.5257974380538581,-0.017343128632221913,0.9992555408250725,0.11339329112143752,0.5323230595815753,0.030394103998939218,0.9983564161119014,0.11168862772839418,0.5321550113814222,-0.05040072631977857,0.9990118883904964,0.12380760943605795,0.5397380107925056,0.009595481168833523,0.998542322998956,0.12288744995991398,0.5395290369079231,-0.01755550847433154,0.998457902953739,0.11085537075996407,0.5715282247180035,0.08080186127197181,0.9934358937399735,0.11310334361734853,0.5606117078236175,-0.09752305951856438,0.9990637046950213,0.13415463410672698,0.5198154790060865,0.12393688942704892,0.24802753045445414,0.13839962227003927,0.5052774889128552,-0.1567895490498771,0.9922914873986025,0.1471154803321476,0.47396047200475455,0.06765057394901916,0.4471343145484019,0.15557499797571284,0.44085713937169063,-0.16597007782686335,0.9863523017792483,0.15046547991888876,0.46528104799134423,0.059694626146838826,0.44779178074428044,0.1604334144365221,0.42815318845567285,-0.1839607166392464,0.975969646658217,0.14823258774621156,0.46212147531055303,0.04497089325672107,0.4504634709585284,0.15697760312330167,0.42685376888229765,-0.18017982868921203,0.9718397940908167,0.14785322476001023,0.4653968413670861,0.058064243268399054,0.46424843867619864,0.15511836182503486,0.4315556458064491,-0.16410875462350402,0.9583984499885929,0.10951337040889839,0.7071750362714136,0.05682742914983209,0.9979532162348436,0.1057258762774014,0.7060568843569079,-0.05684858950830646,0.9981688204265783,0.10655852158864348,0.8119662602742519,0.060125672746272354,0.26826156675815604,0.10316033093702232,0.816020187877474,-0.05234526275169285,0.9095689966565094,0.09596427033344912,0.9132178227106736,0.09110118661608022,0.38472193337622174,0.09414071944497887,0.9276157929783783,-0.036871815189009643,0.924162149429322,0.08916529622815911,0.9262214416549326,0.0918599636781784,0.5251542471704033,0.08696818742014119,0.9384384353955593,-0.03768892737016794,0.91720808120001,0.11501233563536697,0.9461077196257462,0.06732810554759848,0.5500564717111137,0.11350858246996298,0.9626909664699016,-0.08204863362369089,0.9045354837463022
72,1200.0,0.12443185704095032,0.5327041745185856,0.0003286238366161431,0.9974666975793391,0.12078418263367253,0.5262653487069271,0.006942049833014613,0.9971716971624471,0.12041951219240833,0.5263862865311763,0.006928151251659511,0.9958214873359325,0.1200047908794313,0.5264978635878794,0.006934172994945026,0.9974386096000679,0.1198853999376298,0.5262029114223665,-0.01368295971215482,0.99779038202195,0.11883889670882915,0.5261944021497458,-0.013621550164229824,0.9974102406274712,0.11774202471687689,0.5261819305874056,-0.013614706029849405,0.998033279464359,0.11347668440569024,0.5326620397113622,0.034923985423076745,0.995748244580769,0.11184458186229079,0.532276014486949,-0.049085419625043904,0.9970440864562995,0.12380346762282517,0.5400177467437022,0.013248526480137602,0.9968531500725526,0.12289013571682439,0.5398492160297579,-0.01331345407691386,0.9961881921404891,0.11083449423313149,0.5727935972667879,0.0844637634498733,0.9915387885911131,0.11280653270937155,0.5611815282276703,-0.09671312925361458,0.9988734097707846,0.12896109833603822,0.5438433374677389,0.13056970032907678,0.22845685978730534,0.13744618211473747,0.5059854246321183,-0.15583243185565598,0.9924986447606774,0.13996604404279173,0.5230999290943149,0.07370816490479884,0.4159293827556432,0.15325988403388444,0.4414325399058209,-0.16317515217122588,0.9866427835964029,0.14275558079992032,0.5209656499681022,0.06676325450340911,0.41903247010140227,0.15677452513149817,0.4284680400575913,-0.18093037179538196,0.9765858025777914,0.14082462376072302,0.5164921226955599,0.05073561412947522,0.42193416754404733,0.15393646487167914,0.42698720665205125,-0.17697950629960935,0.9724075623920994,0.14049936547165837,0.5168326128096812,0.06382931254449349,0.43610909865016056,0.15284339586893728,0.4317108846846084,-0.16119745870431276,0.9588902308827361,0.1100347755210741,0.7066304116022024,0.05677317278016185,0.9973915588288087,0.10557867125386292,0.7049513005075005,-0.05678998341872583,0.9978400724274779,0.10663751406329028,0.810874589851925,0.058455111902384574,0.2580923537413281,0.10329608903044754,0.8153331790651599,-0.05411442049912048,0.9065717373575489,0.09590784779616772,0.9129518497557874,0.08847432299738844,0.3712089969998317,0.09439830375569214,0.9274209879693537,-0.038971604158480985,0.9195255750701548,0.08925573882602517,0.9259033203125007,0.08913391012521024,0.5149710377057397,0.08724319331702737,0.9382911693482178,-0.0398407289314838,0.9160226356415528,0.11461551239093154,0.9459532868294496,0.06353160419634415,0.5350375970204675,0.11332296154328764,0.9628001848856615,-0.08528029599360062,0.898478820210412
73,1216.7,0.12444385815234421,0.5337130654425852,0.004920227458656192,0.9953842305001765,0.12082159519195565,0.5272195963632496,0.011196641473188294,0.9948589120592397,0.12046265814985556,0.5273028839202158,0.011179329650033095,0.9924263358116157,0.12004776228041884,0.5273829954011103,0.011181362106331765,0.9953874008996153,0.11991752826032193,0.5271503215744385,-0.008673707344791014,0.9957040406408771,0.11886434327988406,0.52710767587026,-0.008633550201054847,0.9950825572013862,0.11776230164936619,0.5270708770979022,-0.00864023628777692,0.9962813683918551,0.11353952437639245,0.5333174722535274,0.04034948934401787,0.9918367976234079,0.11191849268618091,0.5329193189030605,-0.04590081920226419,0.9941883058775046,0.12377272830123001,0.5408807226589751,0.01823172902333596,0.9943692854472577,0.1228410800298056,0.5407180899665474,-0.007995916103633746,0.9928718464715147,0.11079471664769316,0.573937370663598,0.09008125428642552,0.9891473083269036,0.11244466723430732,0.561254549594153,-0.09478686324187693,0.9986995657285062,0.1239509369645801,0.5763740255719143,0.1413847197379386,0.2076931631281264,0.1359576015245348,0.5070996880531314,-0.15298573885645195,0.9927513088498804,0.13251881301403057,0.595463430597669,0.0858029811864808,0.37910593123663067,0.1498766009296691,0.4425175317696166,-0.15784953676518954,0.9871341926710954,0.13437119197277805,0.5977940389088225,0.08158526746999656,0.3836186045692084,0.15216243196101426,0.42948950898079674,-0.1753468073549726,0.9774203641074052,0.13290867848055715,0.5936572267895657,0.06510633443083086,0.3866147796312971,0.15000328492550635,0.42774921939486577,-0.17082384867327566,0.9732539284796948,0.13263199442908885,0.5938476352464589,0.07638651203541534,0.4005355011849179,0.14958231080146073,0.43261781618708683,-0.15559754981881108,0.9598093146369577,0.11054106234085,0.7063851583571666,0.0566676823156221,0.9966667095820116,0.10546146794444047,0.7044570559547065,-0.05668026173398613,0.9974594570341571,0.10678186090219596,0.81000361272267,0.057467291575102615,0.2455496461618516,0.10346020616236194,0.8152306051481344,-0.05689786303611033,0.902303644589016,0.09574628195592343,0.9124855342365453,0.08738665105331518,0.3569816138063161,0.09444050739208865,0.9275809185845517,-0.041036888247444545,0.9145193213508249,0.08923713543585376,0.9255006824220936,0.0881133200157257,0.5013418396313989,0.08730349476848336,0.9387058672450844,-0.041956179021369874,0.913461123194014,0.11413867062046422,0.9454869940167387,0.06143481018287799,0.5205981206326261,0.11313116337571834,0.9630269294693363,-0.09048205401216242,0.8931755764143814
74,1233.3,0.12443625572181892,0.5346751723970689,0.007196193253288849,0.9934111152376455,0.12083086052111226,0.5281739036242171,0.013525464283745924,0.992652316888174,0.12046772241592416,0.5282419692902343,0.01350957831545246,0.9891725523131242,0.120060590406259,0.5283083461579826,0.01351356537391743,0.9934266067686542,0.11990682745263699,0.5281028179895314,-0.0065341821339513625,0.9937221209208178,0.11884909265098126,0.5280670693942482,-0.006505244367179421,0.9928933665865951,0.11773801453056798,0.5280423732030963,-0.006522983334781163,0.9946369755835768,0.11355868336700266,0.5341573073750454,0.04398742318153384,0.9880637271063676,0.11189780987444387,0.5338664225169594,-0.04456174728416264,0.9915196753683552,0.12373906551372446,0.5417421375002184,0.020983982786891023,0.9919948010217583,0.12277714446896608,0.5415747449511578,-0.005453771878299972,0.9897407520385022,0.11086134718997145,0.5748813464528042,0.09412353769654327,0.986767666680473,0.11191392193237948,0.5617607207525348,-0.09598358685062053,0.9985199684188486,0.12087373080707739,0.5887302727926349,0.1482558520067307,0.1884341310887111,0.13399713947659458,0.5079645855086194,-0.15646039730026617,0.9929816325505582,0.127666422653766,0.6218539703459971,0.09729530272029702,0.34316783575784615,0.14622676159654355,0.44387874291056706,-0.16092209588913703,0.9874844125338971,0.12883722285429647,0.6209197143713638,0.09300365653775994,0.34882007468314424,0.14814078878788733,0.43121660891033387,-0.17868632929665715,0.9780108247484487,0.12773716236863827,0.620537977843058,0.076886261325507,0.3518402391955968,0.1463948545001803,0.4293483580861776,-0.1737496178774608,0.9738106812749596,0.12727031679380515,0.6212503583658313,0.08736553291479753,0.365447602101735,0.14604696418557858,0.43385242706253446,-0.15851589398724703,0.9603036585308263,0.11127991974353799,0.7068060608137225,0.05690424534536548,0.9959912754240497,0.10542431934958421,0.7049652451560616,-0.056911504694393746,0.9970889488856005,0.10695373054061624,0.809709250926972,0.057562507334209666,0.23387540947823315,0.10357302391812923,0.8156543459211083,-0.06020731745021688,0.8982642094294238,0.09559982589312968,0.9121236460549498,0.08821646266040353,0.34367964807010853,0.09435066793646138,0.9278943737347927,-0.042662736560617205,0.9103217777751748,0.08916391254890539,0.9253045405660363,0.08907471916505275,0.4881694955485211,0.08722666863884251,0.9392338707333526,-0.04362683406188378,0.9113470230783741,0.11351271612303607,0.94496770699819,0.061926028558186165,0.5069979017689118,0.11299103746811556,0.9632789889971423,-0.09613916526238131,0.8889549374580389
75,1250.0,0.12446243351414099,0.5360624903724311,0.007781840267679882,0.9921659628550219,0.12088590328182501,0.5295496355919616,0.014391741449279455,0.991246075857254,0.12050292995714015,0.5296150559470771,0.014379192054981288,0.9870645063264036,0.12008430915219452,0.5296770192327958,0.014387328975967008,0.992161174615225,0.11993432648125157,0.5294317063831152,-0.005908282285201412,0.9924754642304927,0.1188654385152318,0.5293982965605604,-0.005883048299611328,0.9915299415588387,0.11773970332883661,0.5293737564768114,-0.005905924653190946,0.9936192773637325,0.11359427727404103,0.5352937607538136,0.04597333800934614,0.9855714099747801,0.11188829832133802,0.5350594179970881,-0.04517787712670511,0.989903750873748,0.12372279734838584,0.5429947035653254,0.021897285733194594,0.9904459459441057,0.12273686130841582,0.5427851563408266,-0.004861487059055698,0.9877691723051532,0.11077460504713521,0.5756946092560182,0.09498515121993571,0.985180908725376,0.1112035729345822,0.5621236960093184,-0.0976772702166013,0.9983548805827194,0.12033369746946161,0.5777848646754314,0.14579460521539062,0.17297622916244337,0.13193882221267345,0.508298924991063,-0.15956367197490884,0.9931184990065446,0.1268734066259294,0.592568071115585,0.0989625262362617,0.3164530751251041,0.1430918709153222,0.44389361994607146,-0.16423567207086665,0.9876462135996145,0.12805855770905822,0.5927330510956905,0.09208369787250253,0.32390445754641606,0.1451909045378368,0.43190897930236116,-0.18204348853656238,0.9783906879879186,0.12687782162711742,0.589161255529949,0.07619150657029383,0.32692403310821194,0.1437602915934155,0.4303573341596697,-0.17757457494735732,0.9741264184316006,0.12620885812100918,0.5925836917899908,0.088025022830282,0.3406700378372558,0.14321286408674158,0.4341431160767876,-0.1619765212138495,0.9604711617742273,0.1119872030048144,0.7074433025859657,0.05733976655063179,0.9955746020589563,0.10550987933363241,0.7054400273731782,-0.05734356421799891,0.9967979504948578,0.10710948315404718,0.8103745579719549,0.0565696280627024,0.22335187097390508,0.10367297735952202,0.8160672528403152,-0.06296717251340553,0.893323807489305,0.09546524676538656,0.9123255241484876,0.08499535457009366,0.32973416504405817,0.09421712408463168,0.9281411625090106,-0.044284940830298866,0.905191736561912,0.08898622436182846,0.9254843479111088,0.08548529446125037,0.47503530411493244,0.08697146993307847,0.9394051233927415,-0.04532602234255703,0.9094572975522003,0.11279498218070902,0.9458555749484477,0.05700020101808371,0.49154289847328586,0.11286616751125889,0.9636102545829053,-0.10035996564797,0.8835730978420809
76,1266.7,0.1244443906914621,0.5365651760782518,0.00830494053661824,0.991282883144561,0.12087237586577743,0.5300677333559313,0.015139449032999231,0.9902435654685617,0.12047016336804355,0.5301513898940318,0.015129266838942267,0.9855785142807741,0.12003624829508018,0.5302147013800489,0.015140026896482433,0.9912972932770145,0.11988893541551782,0.5299074195680168,-0.005565432620988719,0.9917115086600901,0.11881205297651753,0.529876013596853,-0.005540853820829878,0.9906845291455594,0.11768013700133287,0.5298468953087221,-0.0055675399600572575,0.9930080743063072,0.11357779552539198,0.5357362117086142,0.04744050935620357,0.983954018070585,0.11185834698733838,0.535525671073369,-0.04619686678051952,0.9889559859321239,0.12368832705985941,0.5434420052028841,0.02263105563109831,0.9891598565237869,0.12267907070262102,0.5431972543398543,-0.004711122335200867,0.9862950046857206,0.1104394250682423,0.5757958434876945,0.09513438883281897,0.9839859661601845,0.11045229541403914,0.5621714989344283,-0.09905947922241128,0.998136528900692,0.12140791792245148,0.5520711200577877,0.14490302048978362,0.1592574218908947,0.13039717362040576,0.507419552121844,-0.16084539180710214,0.9930693507194526,0.12943583123740704,0.5410785192535041,0.10197074533928016,0.2933689526149207,0.14104417888891138,0.4424610208897367,-0.16417093575000774,0.9875113169352221,0.13069236562365588,0.5414405039378578,0.09407521216642295,0.3029545162405288,0.14351742040543342,0.4308184952962969,-0.181675998227937,0.9784151457604915,0.12939602278527768,0.5338874203818189,0.07842374628498447,0.30604307140622844,0.1421855276539213,0.429447656586057,-0.17791789486294712,0.9740136464436856,0.1286480739003137,0.5399897084349682,0.09062535599583678,0.3202693476563411,0.14142854795569476,0.4329838298615958,-0.16206697551977078,0.9599550394784843,0.1123308188148908,0.7079490054221385,0.057826424106245986,0.9952945198331569,0.10572150988238206,0.7059019236337576,-0.057825060649996755,0.9964895532244735,0.10717566737106876,0.8110248474847708,0.05587349601444748,0.2130281832956134,0.10380710874285023,0.8163511724699117,-0.06429362935679303,0.8870974268232079,0.09530935649360936,0.9123659673191259,0.08207760112626218,0.31472518898191926,0.0941016776930719,0.9283357659975695,-0.045488903919855786,0.8988340695699063,0.08876984318097439,0.9255207663490665,0.0822681401457106,0.4619014291536243,0.08675244911795577,0.9396578783080698,-0.04655756091787705,0.9077764408929014,0.11220301687717446,0.9469135261717304,0.053462763982159794,0.4735055409726646,0.11284389417795916,0.9638681809107469,-0.10188947724444533,0.8763907580148613
77,1283.3,0.12455209486541302,0.536953137034462,0.009312114545277193,0.9908981550307507,0.12107471128304809,0.5304113200732643,0.016250737144478743,0.989842721394131,0.12064867431209209,0.5305091767084035,0.016243445686995997,0.9849568577039817,0.12018366654713958,0.5305660225096207,0.016255553323952936,0.9909908601215915,0.1200574789018859,0.5302385403996426,-0.004806353034274212,0.9915478882335488,0.118961706402756,0.5302157969701862,-0.004779896078010404,0.9904499650001533,0.11779986712194632,0.5301896958124074,-0.004808948308761635,0.9928756498155147,0.11365330219268807,0.5359587243625099,0.04905398367416294,0.9834368512744003,0.11187378636428297,0.5358131471134371,-0.04688889143012823,0.9888098949477793,0.12366235362631943,0.5438030220213395,0.02380720827551117,0.9884141115915215,0.12264033371493939,0.5435615465754559,-0.004081507485049469,0.9856210436139795,0.11006258179744094,0.5753414801188882,0.09491834895951415,0.9833346662067239,0.10981570219709769,0.5619979727835887,-0.09978779937539789,0.9979206266857337,0.12241597615537197,0.5263683370181496,0.14450061747006018,0.1478207338423957,0.12955538077013842,0.5059239495368234,-0.15865822633107513,0.9929188319614963,0.13163340659368616,0.4921784372556781,0.09851608602773582,0.27480092077028206,0.13992101166929527,0.44085114910489065,-0.1590428778103421,0.9871532264209936,0.13286195766358158,0.4932315974008473,0.08945984357879282,0.2865742771398455,0.14256541359992264,0.42917199361892006,-0.1758068544524058,0.9781302469117308,0.13156458735466015,0.48330971030961933,0.07494824273245682,0.2897043341682073,0.1414759364866076,0.4285514837219605,-0.17285015682379418,0.9735423610323959,0.13072319825490325,0.48925689004716455,0.08742448261805949,0.3046360980896725,0.14054842435178314,0.4320799821899054,-0.15705753579026188,0.9589202006657926,0.1122162083075161,0.7083960061981569,0.05814182598676004,0.9951893460182923,0.10607352072284343,0.706355336166564,-0.058136007083313845,0.9962326316606438,0.1071418144163632,0.8118937185832438,0.055344808669317375,0.20309365576221844,0.10392366314218165,0.8167349014963429,-0.06448545555273696,0.8784497720854629,0.09520565541017631,0.9126747591154923,0.0798391114388194,0.29923641255923705,0.09399469764459709,0.9285650906108681,-0.045289810746908216,0.8899883173760921,0.08859059924171091,0.9258737507320591,0.07980668473811382,0.4484840390228093,0.08661546664578582,0.9399336945442933,-0.04618380130046893,0.9057804346084601,0.1119300258301554,0.9481021080698293,0.0509453786625749,0.4534626517977037,0.11277875694490623,0.9640779268173951,-0.09996109242950174,0.8664825132914957
78,1300.0,0.12472582998729896,0.5374367634455366,0.008494450378098664,0.9903779597509482,0.1213653165669669,0.5307563060805915,0.015393350140324672,0.989285139810472,0.12091507549796796,0.5308506432033725,0.015387482497663738,0.9841188022068575,0.1204072417957443,0.5308903938248047,0.015400861656027193,0.9905186692873644,0.12032919838314973,0.5305937784058711,-0.005972360926015041,0.9911732333047056,0.1192082514365515,0.5305750682240444,-0.00594402368490895,0.9899904699552634,0.11800590831609008,0.5305523361478537,-0.005973785139975098,0.992555743172056,0.11374009542521986,0.5361373935426988,0.04728141551216447,0.9825486654327036,0.11190689745403479,0.5360926787058516,-0.04947811613480253,0.9883663881392714,0.12365239432879865,0.5442790644509455,0.022777102355446152,0.9875492595490963,0.1226199467976889,0.5440876994814196,-0.005469422604489543,0.984721067405883,0.10958058564435876,0.5749400882493887,0.09173471125818441,0.9828249528294526,0.10919908043884104,0.562008619308472,-0.10143368478332254,0.9977092828069423,0.12265126478104373,0.516121844450633,0.1401067663516318,0.13813482224941265,0.12892307057267155,0.5057266468093513,-0.16002951988152106,0.9926371858233505,0.13244322793824342,0.46689795312427373,0.08624420616598362,0.25998513684386315,0.13890054325262718,0.44179660791442543,-0.16295672669297184,0.9866304794947314,0.1337014990193504,0.46901164594150757,0.07662645301648555,0.27425467400323794,0.14171669029054199,0.4293308527696703,-0.18020315965016698,0.97769563254856,0.13247727567241316,0.4585374820800058,0.06322175308707219,0.2773479719956718,0.1405776838461559,0.42867201424780377,-0.17730441973322925,0.9729200062297647,0.13157270068214064,0.462372095811935,0.07588412027273865,0.29285801308495674,0.13962435509477353,0.4328914369855611,-0.1610977337473916,0.9577293708210907,0.11182626017502383,0.7085883106504173,0.058290225231931364,0.9951170938355589,0.10631670767352702,0.7064695329893208,-0.05828358126538145,0.9960120377086464,0.10710705887703675,0.8125256129673555,0.055644191801548046,0.19298319660481966,0.10399784147739417,0.8170250569071094,-0.064254974325498,0.8686235972813203,0.0951157911192804,0.913274901253837,0.08048918311085025,0.28286323235148497,0.0938753450200672,0.9287964985484176,-0.043701655275764945,0.8804819896107634,0.08836631831668679,0.9264544702711566,0.08045736274548945,0.4336239652974268,0.0865139971886363,0.9402317376363851,-0.044306146069651595,0.9035585409119022,0.11179447599819736,0.948876165208363,0.051772160012097626,0.432029173487709,0.11274007601397387,0.9642190393947425,-0.09680880180427014,0.856056744144077
79,1316.7,0.1249182540036384,0.5380732559022453,0.011535345266262698,0.9901399300211959,0.12173800489732206,0.5312324847493857,0.018396715456176382,0.9890385213352393,0.12129034314836783,0.5313132348514742,0.018391300214543244,0.9837425095694413,0.12076057919434148,0.5313312354541964,0.018404281343377786,0.9903155167897549,0.12067011176120676,0.5310958084605993,-0.0024444742704786025,0.9910181107975194,0.1195160966543925,0.5310717366990593,-0.002417121980605383,0.9897828357560301,0.1182638279029302,0.5310440148626059,-0.0024434656259559465,0.9924192740803679,0.11391144068468192,0.5364422372409279,0.049399197633777384,0.9821435184705832,0.11195100595553724,0.5364424330847608,-0.0446511953182164,0.9881946671576735,0.12364448961757488,0.5449038488524305,0.025506799064931432,0.9870645971525289,0.12260301020883388,0.5447602669397994,-0.0020363346030492172,0.9842517603011366,0.10917400284892044,0.5745728044282826,0.09073136321135936,0.9827502568562833,0.10851788591770907,0.5620353817939763,-0.09577773688804542,0.9975844593275168,0.12281104177236565,0.5180520528838752,0.13509406681571698,0.13103437920411437,0.12818187404246567,0.5055517355600996,-0.15074820816516887,0.9922134734335407,0.13295022859459843,0.47364462699208976,0.07168258566941539,0.2496605316797894,0.13795048140344177,0.44257088927995625,-0.15077286674862828,0.9858118636267533,0.13429297577767155,0.4721881534372061,0.06256281779635525,0.26605086951028756,0.1408345223892304,0.42992803170567495,-0.16643120135579803,0.9768729266666238,0.1330690745796477,0.46509487288338835,0.05195190003585251,0.26902322116352284,0.1397042004835039,0.42882781653177204,-0.16430912060397024,0.9718695453235089,0.13216057348819016,0.46869587188675327,0.06331666257409826,0.2851511055514928,0.13875519874550057,0.4336931123619991,-0.14906137862375818,0.9561470746994025,0.11160443226496386,0.7083638310432439,0.05794733727262137,0.995139658451081,0.1064584468092238,0.706103506542388,-0.057942249413047556,0.9959273849214834,0.10708875918672206,0.8127952927634835,0.05445941076392223,0.18486722381342038,0.10408149127449315,0.8169712310745607,-0.06386545052131021,0.8599105363800419,0.09500227904035939,0.9136121386573435,0.07646325603127485,0.2696718318121776,0.0937539186506045,0.928987670512427,-0.04310121067932676,0.8716948798724589,0.08811140486172274,0.926840591998328,0.07609699311710544,0.4215212819122136,0.08641095991645548,0.9403503707477031,-0.043505876901603915,0.901125624066308,0.1115757439817702,0.9495367152350296,0.04743867065934911,0.41506211246762986,0.11267034354664039,0.96437065090452,-0.09451770001933696,0.8468783185595564
80,1333.3,0.12509516803991236,0.5382042583965123,0.013542321200172115,0.9904606569380994,0.12209127985295803,0.5313603111675811,0.020665930406678308,0.9894163154420406,0.12165194891747984,0.5314420745486309,0.020661170195255978,0.9842804074287421,0.12112805211827878,0.5314649911153888,0.020674616364496107,0.9906447870390763,0.12097826529116867,0.5312375908806214,0.0002488332268382825,0.9913608857563572,0.11979687923476819,0.5312296577862334,0.0002759634517133238,0.9901450503440137,0.11850048353274673,0.5312186195736843,0.00025438016191834507,0.9926941650254393,0.11411514878273019,0.53660775082452,0.051780901139690805,0.9827802209627068,0.11199077538081587,0.5366154256321138,-0.039503836206027466,0.9886862011182883,0.12366295499461047,0.5450553070931211,0.02745141266357333,0.9873956243197131,0.12260892490545917,0.5449352094105315,0.0005038271026153653,0.984752277533214,0.10905214434578313,0.5740933588572915,0.09005211790402737,0.9831777640751437,0.10780724528289984,0.562328105881101,-0.08895387323129751,0.9975308946200787,0.1231714068424135,0.5142982233138316,0.12905025091909236,0.12694946144308372,0.12735487023989367,0.5055621209598726,-0.14625362768059696,0.9917942455836712,0.13359958643005015,0.46517089718864113,0.060352601997909136,0.24554488488606063,0.13700659076372793,0.44436792248771334,-0.1454614961431141,0.9847770134607958,0.13522685567537954,0.45297209705625296,0.04920538976078945,0.2639668896084742,0.14002162643841345,0.43118523274149245,-0.16029238133203427,0.9756809586570383,0.13372357331571136,0.45258426524343975,0.03973980718070556,0.2667157266821182,0.1389074247507823,0.42966702438536175,-0.1586713670265108,0.9703860282897956,0.13285318584669215,0.4566747929368703,0.05200708604284699,0.28361471494038926,0.1379945193018233,0.4348881159509934,-0.14387031609103804,0.9540673551105324,0.11165855966863186,0.7079902972493858,0.057777357243356295,0.9952891469001778,0.10643328903686441,0.7054549569175361,-0.05777494236826901,0.9959620748247426,0.10707817581437891,0.8128325910795309,0.05279134728369263,0.17935790618260716,0.10413011979489106,0.816655371870314,-0.06386709639004304,0.85401243255252,0.09489141511065625,0.9138934583891012,0.07203590692508793,0.2589577408063981,0.09359469725972137,0.9290762969425753,-0.04358514469294324,0.8648626662435992,0.08788288491112851,0.9271767394883299,0.07135375518174403,0.4123028360662009,0.0862119573922385,0.9403053749175305,-0.04387001178803901,0.8995242232368112,0.11141164246059607,0.949799835681916,0.04237360152460283,0.4012892799718042,0.11259485000655772,0.9643727512586691,-0.0935387313365937,0.8397538747106286
81,1350.0,0.12521822395778848,0.538168379238674,0.014619482015924806,0.9912364426113317,0.12233773299625951,0.5314136601629715,0.021981156032000286,0.990298597585588,0.12191771254653032,0.5315012789907914,0.021975779018941394,0.9855515843346012,0.12140401665653511,0.531541174366361,0.021988388328325198,0.9913996230988282,0.12117051297710064,0.5312980839184356,0.0022760239163679753,0.992106823694139,0.11996334365436018,0.5313191669327876,0.00230378053328466,0.9909653152738306,0.11863199621438988,0.5313313802083337,0.0022890881990038233,0.9933009630157842,0.11428491806700125,0.5367385546366377,0.05342379212379459,0.9842395527022233,0.11200301207247243,0.5366862274351578,-0.03446576309700809,0.9897060309137624,0.12371176587683823,0.5450818822497417,0.028428529522248697,0.9883951544761665,0.12263783102943793,0.5449524805659343,0.002417234670636911,0.9860337859108342,0.10902594952356255,0.5737671710196,0.08947934600568959,0.9840160154161007,0.10719441516058793,0.5626999083019442,-0.08203698517311192,0.9975404569080905,0.12358909419604719,0.5099415466898967,0.12196877492325656,0.12499427972804941,0.126673100250108,0.5057382555235004,-0.14334019450914304,0.9914402904964635,0.1342258666242873,0.4525795522190279,0.049665581080175616,0.24596354294390924,0.13631307227270956,0.44500569076765184,-0.14200142593610865,0.9838388817650938,0.1359487296569916,0.43629379073778823,0.03597902240497728,0.2665305563381742,0.13951789481299273,0.43181274476505493,-0.15652679403622957,0.9745948456582576,0.13431818996156974,0.4365819905485429,0.02715307341090272,0.2690414601848241,0.13829905220440464,0.4301912898109076,-0.15527671646504188,0.9690196059999018,0.13341598496550616,0.44247670116878723,0.04112328305130916,0.2868918549446835,0.13743215941247494,0.4350742371309374,-0.1405223235487939,0.9522050363676895,0.11176915644180214,0.7074902540161501,0.05767401414258144,0.995513402280354,0.10627951437518718,0.7046790605499635,-0.057674472530682926,0.9960700159981144,0.107009842991829,0.8127215476263143,0.050805863347791524,0.1754573172047026,0.10412778244132095,0.8162609452293039,-0.06420968153647019,0.8505491018295295,0.09479755908250816,0.9140809320268184,0.0669918037241414,0.2498777891908375,0.09346259349868419,0.9291148554711122,-0.045465601164670244,0.8598579508917679,0.08768966545661297,0.9273608071463455,0.06594392444406241,0.40507061992372817,0.08619088644073128,0.9402499113764089,-0.04585301769631253,0.8987269770531434,0.11119441581623903,0.9503779553231746,0.03647190474328543,0.38982114053907874,0.11247093478838611,0.9643884102503466,-0.09487997811465043,0.8342925849415013
82,1366.7,0.12521709182432728,0.5378181792440873,0.018557508697821995,0.9919267665772219,0.12234257303533108,0.5311562532470344,0.025909363336506362,0.9910793616658173,0.1219287457920257,0.5312559888476421,0.025904158573775083,0.9867035633041753,0.1214308263290497,0.5313163002332055,0.025914170823636527,0.9920898619152259,0.12118250912144078,0.531022599765233,0.007040512493057625,0.9927470825967342,0.119974614254066,0.5310510425340565,0.007065562941577468,0.9916844595046277,0.11865202763250905,0.5310639795802892,0.007056139553675345,0.9938361218997418,0.11433680887733196,0.5365696293967115,0.057595075063762255,0.9855221878914613,0.11204194951625104,0.5363301748321174,-0.02727852167472955,0.9905609289805102,0.12372061007079634,0.5447943153835482,0.03230567853010838,0.9892545427594873,0.12266423517749432,0.5446403849692576,0.007362809763955224,0.9871004110290897,0.1089022833676566,0.5734018882115686,0.09422881333600915,0.9849019561495107,0.10693553161053437,0.5623161764371967,-0.0748824842628979,0.9975993519737614,0.12391792592548198,0.5108610987663273,0.1249851488641331,0.12326727097942725,0.12637082168034153,0.5053033175922579,-0.13816890262422116,0.9912596231415166,0.13445570993991135,0.45544049995286157,0.05610941581073266,0.24782933791478493,0.13608704507350933,0.4441668008055009,-0.13733287368501945,0.9834266702334092,0.1362784050759816,0.4404106580075766,0.04283665972096583,0.2701675664810909,0.1394035205954598,0.43091073206492864,-0.1516991818235035,0.9741732875506091,0.13446828935827537,0.4397965016819185,0.03348344041123279,0.27241776103065146,0.13807529565833873,0.4294587118285046,-0.15048171012174527,0.968437177794321,0.13360394679364712,0.44566315412521396,0.0474954245700723,0.2910710289364772,0.13728378713130962,0.43379587786538293,-0.13587588994275968,0.9514522495723913,0.11181688095842097,0.7068409919738775,0.05764267292051092,0.9957234689167574,0.10616460336106172,0.7036062961532961,-0.05764484565172881,0.9961988982700174,0.10671923309564599,0.8126318426359274,0.04922346664326535,0.17199447680087326,0.10408056491897227,0.8160184394745604,-0.06481316827592401,0.849159635248639,0.09470120569070187,0.9142827590306607,0.06285200853432932,0.24267428190935242,0.09355115145444877,0.9291492218062998,-0.0487254212299983,0.8566909176962723,0.08761777799753923,0.9275424026307612,0.061540434225684164,0.39995471210706834,0.08644142356656853,0.9402688259170175,-0.04937975658547314,0.8984441019239886,0.1109505962757838,0.950986373992194,0.032408696554956005,0.38119636263166184,0.11234197588193992,0.9644326340584535,-0.09809785974877229,0.8308610376857583
83,1383.3,0.12510259875229435,0.5368277941431321,0.021741267559783815,0.9926484085264667,0.12222007271789377,0.5302906859488719,0.028912973191056953,0.9918941486449476,0.12177435131300073,0.5304304332960224,0.028909110153714838,0.987905227002644,0.1212807712810381,0.5305459300676986,0.028916883060619965,0.9928113392421185,0.12104808574631108,0.5300979103360861,0.010477509549153712,0.993409006368547,0.11983688317594084,0.5301289217812679,0.010501761632483637,0.9924357278006424,0.11852144875696735,0.5301426251729333,0.01049471218582421,0.9943980290776214,0.11422711539836165,0.5359587300391428,0.061484779275599026,0.9868599204790032,0.11192496475719278,0.5353978560084391,-0.021840550271528127,0.9914417522294188,0.12363576818080184,0.5438932606152129,0.03545814149436499,0.9901867877869386,0.12255976065283739,0.5436611459368755,0.011029675514215524,0.9882303675015773,0.10882047315438596,0.5730254763648628,0.10038546614703686,0.9858220475060606,0.10660863987037122,0.5612870908918839,-0.07124352206786479,0.9977063905625123,0.12406961548896073,0.5123095143409007,0.1344232087333998,0.12132242144573312,0.12617660065492003,0.5046223941303438,-0.13638911999407277,0.9913212458292651,0.13447304850532904,0.45691623432295697,0.07213344407223525,0.25058618116946463,0.13626029732681466,0.4424207607905073,-0.1376664255346572,0.983603585334052,0.13662266376472665,0.4415574017025179,0.06031537393019318,0.27428339066959584,0.139612682518505,0.4289605404649465,-0.15212139487266552,0.9744615583192742,0.13455229713803257,0.4406130469980697,0.050646127955544594,0.27623940649486745,0.13829414120742262,0.42780870624950984,-0.1505281620082402,0.968696838333494,0.13381573061148336,0.4459171692530317,0.06359885703949705,0.2956326518739975,0.1374975364832652,0.43182275692621896,-0.1360632312439738,0.9518342727706552,0.11172022493112663,0.7061451332909725,0.05771783420017792,0.9959313670794177,0.10616836022763032,0.7024888169197814,-0.0577198687408652,0.996346953369323,0.10629329440139595,0.8125754396120712,0.048611452714318354,0.17107454651878007,0.10398281543027794,0.8160350691704528,-0.06553612401088084,0.8493011678968163,0.09458239944208242,0.9143232135545647,0.06150415309128311,0.2388339688380561,0.09381431199255451,0.929225302877881,-0.051643725307214866,0.8550816178321845,0.08760633035784682,0.9275054619425825,0.06016590339796889,0.39881078402201364,0.08695529436781299,0.9403572479883836,-0.05249565502717385,0.8987767242249995,0.11070093689929879,0.951073158354987,0.03172903720821656,0.37632111282575725,0.11225657768192754,0.9644248854546327,-0.10109740850471322,0.8288393616676337
84,1400.0,0.12494028998272769,0.5356196846280783,0.022281106916211917,0.9932812821297425,0.12200764779533668,0.5291065233094355,0.029616008290932312,0.9926030153319957,0.12151290405364273,0.5293042858441674,0.0296143252579939,0.9889490774699627,0.12102763212862477,0.5295008364177889,0.02962151444738822,0.9934349429039735,0.1208090359965961,0.5287850158555171,0.011245723015495718,0.9939902509961817,0.11958880332254238,0.5287913112413319,0.011271487034502491,0.9930978076798582,0.11827110073396147,0.5287990115937736,0.011264347449122449,0.9948920210202542,0.11403770673842666,0.5350953652745205,0.062105851513998896,0.988015484242213,0.11169620674280901,0.5341343709400725,-0.021501532445351298,0.9922111091159647,0.1235354993314971,0.5428018087432502,0.03631772021097799,0.9910038085210898,0.12239492755560656,0.5424681277502155,0.012016622393968569,0.9892271246228906,0.10873346527417507,0.5728467106819157,0.10335728738989157,0.986516748155867,0.10606168139548536,0.5604231130509154,-0.07237308224042262,0.9978060183070963,0.12441224604845055,0.5141292526608425,0.14206007406825122,0.11949114891744804,0.12596853183848528,0.5045158408937004,-0.1393378007979621,0.9915346560024088,0.13515129330612374,0.45874353817531077,0.08826771946180441,0.25538925542717905,0.1363845652058012,0.44162648206665434,-0.14425631435144526,0.9842539259365635,0.1379744013150534,0.4427283349491304,0.07855826190539775,0.2801924830391296,0.13991200143382673,0.42777033221154015,-0.15939303381102438,0.9754007685752148,0.13577730031240565,0.44132443269093863,0.0680197883574736,0.2819121692861831,0.13843629828521192,0.42654834474836106,-0.15733087559541076,0.969757795333863,0.13492655825047276,0.44650212639854103,0.07968852775437496,0.30209466814994834,0.13763243882429044,0.4306650090785257,-0.14261124886217583,0.9533108359291447,0.11154297845704222,0.705371499061585,0.05774362988415223,0.9961050720441915,0.10615310995351708,0.7013547761099684,-0.057744526792140274,0.9964826703071601,0.10591645609764833,0.8124192726044434,0.048999542459136,0.17395049049740757,0.103874234926133,0.8158671572094878,-0.0658713831078439,0.8517826909110666,0.09454391293582469,0.9142371870222552,0.06391924495498344,0.2385286979732061,0.094111731009824,0.9291667654400786,-0.05327155316869421,0.8560365693909787,0.08768857518831896,0.9273618686766859,0.06283669014062206,0.4018352954160602,0.08750104407469439,0.9403824721063894,-0.0542916467502004,0.8998396056039,0.11089461687065313,0.9505154802685698,0.03547534577193717,0.3753047358422055,0.11222830450250997,0.9642915044512075,-0.10289985509145835,0.8289119686399193
85,1416.7,0.12463852301949556,0.5344212878318064,0.021537119167901235,0.9938940434228813,0.12166326031798418,0.5278603093964717,0.029321833025841508,0.9932865528833305,0.12113330229407275,0.5281114606630238,0.029327690867441063,0.9899566457385116,0.12065875920511436,0.5283810581479758,0.029335461202121937,0.9940344520977573,0.12042959211837687,0.5273990063440236,0.011225125264553805,0.9945533729734882,0.11919649300121135,0.527361739249457,0.011255571308235335,0.993740433738346,0.11786808960494549,0.5273497303326928,0.011252425788413917,0.9953703170730961,0.11372195893809917,0.5341072224435356,0.0623807570054418,0.9891276302791785,0.11132264101789119,0.532765695026943,-0.02133161290770487,0.9929585541997644,0.12331443279981623,0.5417264643169588,0.03627123382119908,0.9918180306752531,0.12207276090270006,0.5412507937068035,0.01228824280024995,0.9902241712524784,0.10872060876517077,0.5728894841103331,0.10502910968803232,0.9871614660535547,0.10517986686456779,0.5597523734683086,-0.07435682238567448,0.9979214980488739,0.12524231168485833,0.5112325350443526,0.14324397274426062,0.1204084413392204,0.1253943865497908,0.5045141492571154,-0.14185288903259108,0.9918055136998501,0.1366605914774396,0.45143186904135235,0.0946020139824777,0.26631662604354694,0.13646646979309274,0.4404873805386682,-0.14723484147162674,0.9850039737565185,0.14020198512645005,0.4343910898481099,0.08628821514901668,0.29120428505398,0.14001930540516275,0.4271172583103183,-0.16268732008479903,0.9764407390639902,0.13813551054114398,0.4327266273044408,0.07579944335988595,0.2927316143399195,0.13860280882744572,0.42570388459024006,-0.16040364120687767,0.9709714906556273,0.13696708920456124,0.4373271791707905,0.08622026638615705,0.3138644893964134,0.1378046302568346,0.42975569055193974,-0.14561253431297494,0.9550758202870693,0.11161992663428906,0.7046614289283758,0.0577196340475764,0.9962704153287987,0.10609000885770442,0.7003850738207504,-0.05771773539128762,0.9966251878511345,0.10561050403685804,0.8122699147179018,0.04856793972707933,0.17928843696912142,0.10380969728742334,0.8154203153791888,-0.0660009547358468,0.8545863543237966,0.09450358223347444,0.914103167397636,0.06433956360533127,0.24068127359662755,0.09433526865073619,0.9290642199062171,-0.054234275328261555,0.8578986695834575,0.08776584622405831,0.9271474877993272,0.06335956709725521,0.40822288252058514,0.08788946625732247,0.9402776218595965,-0.055371208027714815,0.9009851217269904,0.111208329598109,0.9500807069596797,0.0363437045542967,0.3768503594966165,0.1121649486677988,0.9643485063598276,-0.10387568069355835,0.829761289414906
86,1433.3,0.12431060629231598,0.5332467868214565,0.019839279087526474,0.9943709430240457,0.12127618030423218,0.5267196042197095,0.027813925363478223,0.9938132762908943,0.1207245212225688,0.5270224128450669,0.027824249118566534,0.990723785899935,0.12024953358230146,0.5273525033678331,0.02783079445362093,0.9944829543431607,0.12003892766577864,0.5261408147357762,0.009854916594035576,0.9949860913412919,0.11880157071919677,0.5260813718750368,0.009888065624095152,0.9942378231457308,0.11746679956004741,0.5260634592601234,0.009886658196115785,0.9957416313035155,0.11336206857647224,0.5332227320898151,0.0612808221152851,0.9899614907446368,0.11096374796969558,0.5316463538578582,-0.022380822293815175,0.993535532837823,0.12303025488342567,0.5407109033493772,0.03514291878257482,0.9924062859444398,0.12171845279988798,0.540095857211522,0.011341608085093054,0.9909493412290308,0.10868757395517266,0.5731323389779958,0.10577658280020677,0.9876659654435664,0.10429749992631737,0.5592443943023686,-0.07525575196459186,0.9980320078986038,0.12504903830233083,0.5204967203594393,0.1497498488142378,0.11993983778215599,0.12467352584713991,0.5043136449087238,-0.1449860745952244,0.9921853570711052,0.13780959943930318,0.47176522300356943,0.11165193255458566,0.2721891999244692,0.13632947987034216,0.44044756605511654,-0.15283794133436124,0.985886250223433,0.14203393885067542,0.457610551800047,0.10696035410676692,0.2966933420726233,0.14005924122674135,0.4274432815256576,-0.16819826690923612,0.9776293039321906,0.1401043562662035,0.4554477518513092,0.09525899979330252,0.29823729821613876,0.1387791456211182,0.4257196159589861,-0.16390345990657817,0.9723964674132217,0.1385672546568372,0.4590685736565366,0.10334679058619917,0.32025995140983965,0.13795807957649242,0.4298833707968397,-0.15040330234028054,0.9571815218244287,0.111621688873995,0.704397681213561,0.057329801576478184,0.996384541193645,0.10598821476811462,0.7000145316123967,-0.057331609051852035,0.9967314941542497,0.10545523819469278,0.8121049971807577,0.048195565562872696,0.18430636255514068,0.10377450784047451,0.8148935068221326,-0.06591852293128064,0.856462961151487,0.09444879279250197,0.9139552542141512,0.06529595436794422,0.24323764088607985,0.09438259828658338,0.9288298374130619,-0.05437085280815764,0.8591301725024274,0.08773371932052437,0.926900369780405,0.06449176885542421,0.41401868349029936,0.08787417589198981,0.9400496028718501,-0.055499456468082645,0.9012115228743787,0.11142616683528545,0.9495575257710055,0.03767702746249383,0.37886811863808434,0.11213465354272306,0.9644576254345127,-0.1039035515416237,0.8306716311545606
87,1450.0,0.12396860832259778,0.532780264105116,0.016357181726821844,0.9947446158954083,0.12092201766513651,0.5262575149536137,0.024500654389460898,0.9942226949192235,0.12039562705017279,0.5265751395906725,0.02451430074870588,0.9913127507482263,0.1199292175116994,0.5269156552496415,0.024521086098892364,0.9948203166325894,0.1196707621926354,0.5256413221359257,0.006790317583917867,0.99532266174044,0.11842377661239542,0.5255780078115921,0.006827162711748059,0.9946258692514337,0.11707877225819095,0.5255590137981236,0.006827227338882434,0.9960314716611598,0.11311836292346326,0.5327720698856176,0.059097062441564784,0.9905920624732978,0.11064707345905765,0.5312010674249562,-0.023899308450165267,0.9939839953467966,0.12274112126656951,0.5403237711815612,0.03212426221441657,0.9928333361943571,0.12136536588271467,0.5396423396610082,0.008680258190170646,0.9914813013303854,0.10873890916506457,0.5734242200851445,0.10511180155334027,0.9880467170760753,0.10361441295771379,0.5592060401326138,-0.07703668588683724,0.9981298957552236,0.12447387867030651,0.5312144954999292,0.15361998549529493,0.1199415439651127,0.12394256251198914,0.5043877249672303,-0.14943566563583566,0.9926327835945863,0.13967010307879685,0.49398638520922017,0.11986780485936581,0.27679638919376215,0.13604313206105015,0.44030221729051533,-0.1576820377792632,0.9868109311376306,0.14411541322867086,0.48309924063228465,0.11690681924422591,0.30049740558578875,0.1400844192221052,0.4281138536475957,-0.17299240259897153,0.9788954456647244,0.1427798696926663,0.47983974076452746,0.10423854028894794,0.30224199096361815,0.13895864358970106,0.4262172622340069,-0.16676474752880288,0.9739365577697761,0.14096686102095113,0.48268064572697633,0.11152595317079916,0.3250389751933872,0.13810976275375922,0.4303396145502729,-0.15446235594295332,0.9594815231504902,0.11160128599121466,0.7045055173692254,0.05673875730662123,0.9964613659041276,0.10580130453620645,0.700344250315712,-0.05674763183508605,0.9968157495771144,0.10543837398290642,0.8119718545959115,0.047876967205887785,0.18983717120829097,0.10375524844442102,0.8145025571187343,-0.06579308282761351,0.8578660431362339,0.09437328612520587,0.9138713535808388,0.06566916867381055,0.24746677705219833,0.09429589552538742,0.9285589626857219,-0.05449948619518965,0.8604765449251454,0.08764709638697768,0.9266704207374943,0.06498428576049356,0.4207060081618176,0.08780417165585933,0.9397782513073519,-0.05562998318956015,0.9012935048057926,0.111449420452118,0.9492742362476538,0.038184702928577174,0.3824455241362257,0.11217682773158671,0.964680799416134,-0.10437334825595228,0.832190184366136
88,1466.7,0.12361527553626478,0.5328325004804706,0.01481129832210996,0.9950770508675355,0.12055624844062904,0.5262941349120371,0.023040645534083973,0.9945859738758639,0.12007649526709611,0.5265980135826841,0.02305833188196025,0.9918364655403872,0.11961861735298529,0.5269171510423936,0.02306691610387395,0.9951187428973977,0.11936205519097201,0.5257144485201157,0.005596949441713241,0.9956186442148125,0.11813314117136464,0.5256580426579434,0.005634917337114794,0.9949677785237637,0.11680740011589875,0.5256331846827555,0.00563456620910161,0.9962866164389118,0.11294291558719824,0.5327410839852836,0.05869834586268384,0.9911449267750702,0.11046102713970918,0.5312148020381022,-0.02341248636089622,0.9943752544266844,0.12243565739620307,0.5404423730713984,0.03083547062817076,0.9932061802773257,0.12108449389537185,0.5397465626398726,0.007757390960164019,0.9919435268356694,0.10871445103770219,0.5735360383987431,0.10574677480118622,0.9884655929747088,0.10346012633471269,0.5589149622690114,-0.0772596228690375,0.9982326683543984,0.1236375609324093,0.5393817566689995,0.15673663289774042,0.12195800280287161,0.12346751987934121,0.5039990090188529,-0.1515073549179805,0.9930771958260316,0.141639048144931,0.5087461045810158,0.12563197172823415,0.28528164256186733,0.13556804472491865,0.43940169896398307,-0.16222059088093904,0.9877779455412009,0.14612437713713883,0.50022832552592,0.12384684064558583,0.30783803831963336,0.1397860192117238,0.4282144946711407,-0.1777957841044382,0.9802760794049225,0.1454017141035626,0.49630292540504856,0.1101747080683709,0.30988446445692175,0.1389538844426474,0.4264514857814429,-0.17036303452083057,0.9756288585208718,0.1436738350561688,0.49870194565682224,0.11716605190719886,0.3332071531386605,0.13805026028837486,0.43039971448126324,-0.15862579288936807,0.9620349407196052,0.11135656138261169,0.704766696407682,0.056166600258577476,0.9965553510756726,0.10552168743950988,0.7007203385943463,-0.056183033401057875,0.9969171739759907,0.10541961484012158,0.8120850125948593,0.04770132917023844,0.19541575582254517,0.10369651516278593,0.8143884369305208,-0.06561086699366575,0.8594647532417666,0.0940565392374993,0.9138206584112992,0.06543518425453282,0.2532802224159243,0.09394432533354993,0.9283304356393366,-0.054281251771109484,0.8624417526381363,0.08722343792517986,0.9264524579048163,0.06476808907020665,0.4279774526755018,0.0872941964438984,0.9395120370955702,-0.0553724091677439,0.9017154659543725,0.11092387778418412,0.9493374938056589,0.038172461447261656,0.38734472081774785,0.1119386791473344,0.9648823567799166,-0.10381241568497257,0.8347837158611848
89,1483.3,0.12317539219345375,0.5327582699911939,0.013361453344779365,0.9953952516828272,0.12007820996500206,0.5263018466177445,0.021398350951217483,0.9949332305363253,0.11960804781743467,0.5266084529104691,0.02141754284855867,0.992342636698769,0.1191447086277463,0.5269215192113608,0.021427147001737656,0.9954088103203553,0.11895026514927556,0.525793966792879,0.003985716362616848,0.9959007047471553,0.11774640423910968,0.5257810354232793,0.004021826636744667,0.9952926550592702,0.11645878957850601,0.5257806039991837,0.004017707035278106,0.9965283785547535,0.11259771280345471,0.5328592459360763,0.05808360005418464,0.9916791717211413,0.1101833227134887,0.5314024913878672,-0.02322856194916227,0.9947452687081844,0.12204722386030933,0.5404594654128669,0.029268162413722015,0.9935726353100375,0.12075757057893853,0.5398118439174838,0.00624746791574927,0.992400268713634,0.10858289791005005,0.5735865689459305,0.10598660331396836,0.9888626592499876,0.10339608894927169,0.5588911913690118,-0.07788278588226868,0.9983266478493107,0.12288119998716182,0.5428732860656016,0.15845624818688359,0.12553097023850404,0.12304458802654639,0.5038752555847171,-0.15305697846980332,0.9934347527367735,0.14428188119615837,0.5135705400080912,0.12876751380307344,0.2974869921093898,0.1347718352363224,0.4386452237764998,-0.16623581378232877,0.9886414720898591,0.14909779954524277,0.505660590671358,0.12759533950260715,0.3187062882241751,0.13923378643535442,0.42804727384022334,-0.18242579485688903,0.9815113061950327,0.14887313615708136,0.5015525732721604,0.11341878665345063,0.32118911970229397,0.13875722530342294,0.4264468380383086,-0.1742506992249263,0.9771415420940952,0.14693698003178562,0.5034470927147642,0.12022873581874947,0.3448083897431694,0.13780030395303464,0.4303593876815981,-0.1625131205433892,0.9643280903498338,0.1109518270407405,0.7057441104026072,0.05581408951963701,0.9966702319326862,0.10520925514754803,0.7020886710711893,-0.05583695375493598,0.9970357361293981,0.10539890896706361,0.8124161532947001,0.048864218450727956,0.2014457157679968,0.10358356897320073,0.8147854464394712,-0.06381482985757651,0.8616238378343134,0.09342142797651752,0.9138453574407674,0.06838832618225194,0.2605269629330864,0.09322130680084235,0.9283376619929367,-0.050780948251485866,0.8652399494534453,0.08649280099641715,0.9264558837527327,0.06796922392788393,0.4362698495388034,0.08630504139832093,0.9395948903901243,-0.05162691253991358,0.9027025075185873,0.10975806166728345,0.9496054280371901,0.04171765684371906,0.3933858275413516,0.11135989001819074,0.9650118265833181,-0.0989045752655893,0.8381787822360091
90,1500.0,0.12296583822795332,0.5332645546822325,0.011934836128992703,0.9957096832139158,0.11985429802111225,0.5267170156751364,0.020008392632007613,0.9952821362586256,0.1193719243719465,0.5270164381890073,0.020028867625764453,0.9928568743524104,0.11890537007933581,0.5273228032248365,0.020037747121283,0.9957034275645309,0.1187687399131912,0.5262439676693511,0.0027513317457175768,0.9961856348173966,0.11757052831706556,0.5262352625528975,0.002786669137137888,0.9956184739158275,0.1163002944418363,0.5262372777575542,0.002780061619540947,0.9967684916087566,0.11240020287888398,0.5332900143805008,0.05690624919675649,0.9922287804739823,0.11002891475246074,0.5318406025568648,-0.024089828577070024,0.9951177750314991,0.12184010375113723,0.5410381583940419,0.02783789796133838,0.9939588535399672,0.12061696783417755,0.5404133370944436,0.005015433765947822,0.9928878403845295,0.10854781206165048,0.5740075849351433,0.10423933217922854,0.9892078070413506,0.10323655286005573,0.5593415271668212,-0.0779780227513541,0.998398355075292,0.12282466498159236,0.5401925472986134,0.1566279601483119,0.1307013588292259,0.12240881827615564,0.5045062303543094,-0.15361364682515471,0.9936534251485559,0.1473401820375807,0.5066206355889642,0.12476687665496562,0.313997824986776,0.13358219180788322,0.43863719701767,-0.16764811107090555,0.9893406090282266,0.1526618457975843,0.49775591208821285,0.12311744654462459,0.3335440910997848,0.13826343346209763,0.42814982930819223,-0.18411356707414003,0.9824915897278567,0.15288317842142934,0.4938255094346549,0.10890824702524012,0.3364473836762567,0.13828474425134213,0.4267955734616238,-0.17622755680765437,0.9783504009246833,0.15001716571194795,0.49561615217299726,0.11612847518353243,0.36044773175602896,0.1372773079645067,0.4307465751965844,-0.16420100842203422,0.9661912691025515,0.11067364293904539,0.706967311246055,0.0551294191252618,0.9967957564762667,0.10484689296711067,0.703672553811755,-0.05515430317748164,0.9971572359402983,0.10544919506424957,0.8129131424994702,0.05007706369672507,0.20936228902567017,0.10344041600113832,0.8151000028564823,-0.06116186543589551,0.8636214477675308,0.09258141155753824,0.9142514580772043,0.07167360505887446,0.2691813508669537,0.09212393491041099,0.9283867960884464,-0.04591308605103269,0.8678798193023325,0.08555441030434205,0.9271047597839726,0.07143816742159076,0.4464445880481178,0.08483703540904186,0.9398269823619305,-0.04645996061818944,0.9036042491594958,0.10882035217114866,0.9500369486354654,0.04563004913784212,0.40017212856383577,0.11055927049546023,0.964889517852239,-0.0923723560713587,0.84098597083773
91,1516.7,0.12266043963886453,0.533985569363549,0.009064057132317912,0.9960472895985566,0.11950233649639865,0.5273276766141259,0.017189239018729766,0.9956591753732598,0.11900694490898231,0.5276234178316029,0.017214931547641768,0.9934175752458125,0.11853496056227465,0.5279230844406858,0.017224630252236424,0.9960289569128135,0.11849194303864533,0.5268437266349797,1.2914060010059251e-05,0.9964977077075421,0.11732369058188946,0.5268074415978935,4.8461149379450076e-05,0.9959716371127545,0.11609279222431645,0.526782538209643,4.1345625439654634e-05,0.9970271161624371,0.11212004863080532,0.5338768561681115,0.05400340844477929,0.9928421917415807,0.10985367567766288,0.5323095321655278,-0.02773477633794151,0.9955233988307779,0.12152099077190681,0.5418695552008497,0.024994429821769415,0.9944213316554122,0.12036217571724037,0.5411679886636284,0.002240560472100265,0.9934762460844865,0.10857019076744723,0.5744493603706364,0.10035950122844613,0.9895318235669824,0.10296457934947248,0.5596909664926079,-0.08086082303807854,0.9984529075168436,0.12362451638494226,0.5298636129924233,0.14802334209283202,0.13854797929525386,0.12157909855956131,0.505288382371267,-0.15795743607339416,0.9937576452891039,0.15025550410861072,0.4850947062174482,0.1080988627814112,0.3372872230552494,0.13224236454282498,0.4388818797611058,-0.17451662818590813,0.9898788701920289,0.15606278535865614,0.47315390053249573,0.10432627442337225,0.35478269344284447,0.13705606049015417,0.42860178720383446,-0.1923499994334722,0.9832227485520506,0.1565833411046438,0.4702014355432423,0.0902394904267221,0.3580776367868699,0.13751148822761727,0.42744278623944265,-0.1852231110845295,0.9792486230532336,0.15315139435586486,0.47210624104454435,0.09911273668209719,0.3824473676227391,0.1364280091864723,0.43138243612789007,-0.1716940147536143,0.9675888674599791,0.11049440928867893,0.7089037214006702,0.05458287273844087,0.9969210936909638,0.10454517141694122,0.7059832272075477,-0.054603444501048086,0.9972642660140998,0.10542002887952903,0.8137323544138959,0.051391966995738836,0.21527307587010536,0.10332158491725021,0.8156678619838902,-0.058638333032528606,0.8641390857242408,0.09142683233533594,0.915191034475963,0.07534223404668632,0.2750287864889419,0.09074289422659654,0.9286514350346163,-0.04116773729523027,0.869211409773146,0.08425599088271465,0.9283460861160648,0.07524837801853822,0.45527176488013527,0.08301014843441198,0.9403334657351182,-0.041464291512966184,0.904562501680284,0.1080304763856389,0.9505705719902409,0.04974685449685373,0.40327129903293824,0.1097520345023701,0.9647501054264257,-0.08643082777659104,0.8420003624189474
92,1533.3,0.12226840427943647,0.5353479044778011,0.009592823728564246,0.9963266906284158,0.11905195776905342,0.5285478574889051,0.017460194992877202,0.9959691762924202,0.11851826132763008,0.5288362247603284,0.017486563484583596,0.9938785064788099,0.11801935590448842,0.5291247680073696,0.01749577293438572,0.9962923441614431,0.11814966478518085,0.5279773700804942,0.0003807217669548536,0.9967515213148942,0.1170205839333081,0.5278766893205192,0.00041467771873049934,0.9962594594274256,0.11583629676273899,0.5277945314134874,0.00040738278580864143,0.9972374808220643,0.11160957564910261,0.5348340613501417,0.05312346791227662,0.9933378895123807,0.10954006867749358,0.5330999238150465,-0.028146819965470426,0.9958484456652694,0.12103912801969628,0.5433536398978465,0.025137555918523263,0.9947789850689123,0.11994877315702901,0.5424470333825978,0.0024908762425184267,0.9939315574509764,0.1084200186388834,0.5752814497266501,0.09809618727082306,0.9898325176466086,0.10251703255233319,0.5598169167836511,-0.08007703757002246,0.9985032649267295,0.12379986508971179,0.5307485886982513,0.14633948320434217,0.14600934088230144,0.12087421757834307,0.50610040199189,-0.15595825938951413,0.9938530439422252,0.15183951315425703,0.48718913538115405,0.10795053733246676,0.35756606147402836,0.13104124580110832,0.43963188926378916,-0.17450152337551128,0.9904012793586374,0.15837409879480102,0.4768922428290052,0.10503938261951726,0.3727166723637356,0.13594237892400662,0.4296544988950096,-0.19188975081557333,0.9839572026616059,0.15901763382412148,0.4748209587165291,0.09022689468803866,0.3764346426441559,0.13664283000287564,0.42850995489529237,-0.18422096258118054,0.9801546193304523,0.15510499548344397,0.4758205640883676,0.09879625198386971,0.40128261702401324,0.1354317551567442,0.4323853013061345,-0.17147329875401102,0.9690090417861945,0.11025545320340574,0.7110816949889779,0.05374113647710713,0.9970233298483355,0.10436969037566873,0.7084772643588844,-0.053760035939159886,0.9973521090689167,0.10534092251743596,0.814658423264822,0.05238068476319317,0.21846678569203348,0.10326159000396737,0.8163920924777082,-0.056777838085378965,0.8636194098563428,0.09004598785014387,0.9164948690505261,0.07688791588658384,0.27832781984692545,0.08927906552950549,0.929076030140832,-0.03872083996733032,0.8690541273071658,0.08264871119033729,0.9299834058398299,0.07675590543519889,0.46199355097044115,0.08107416615599683,0.9411198950949176,-0.03895373926276255,0.9048634767532355,0.10744789455618184,0.9509187000138426,0.05232055538467002,0.4042128508999237,0.10923798453240176,0.9645235141118375,-0.08297651828754522,0.8416270528520864
93,1550.0,0.12167174546491542,0.5375996288799108,0.011257570636059564,0.9965836717968902,0.11845213813441148,0.5305438467434479,0.01898119731673174,0.9962534194900883,0.11790672689676293,0.5308059226898924,0.01900634834808964,0.9943002859751391,0.11740036876428703,0.5310669371059966,0.019014073092313052,0.9965349237124133,0.11760069110563831,0.5298465178126385,0.0019717916181564645,0.9969849898701629,0.11649169453552799,0.5296484004883543,0.0020060365273127994,0.9965251854487835,0.1153368722824824,0.5294835340409056,0.0019983737989561993,0.9974321467535844,0.11101651404585167,0.5362446052687513,0.05422436587867287,0.9937924430483871,0.10897960478351237,0.534392927374159,-0.02622862337600619,0.9961491056850985,0.12040363216683986,0.5455778127624878,0.02651442445459822,0.9951020791417085,0.11931903908650089,0.544452113764627,0.003984735602335564,0.9943410583904818,0.10825725254558388,0.5761874431655525,0.09849376834574207,0.9901819938705089,0.10184216676723397,0.5600312153498336,-0.0784274761875471,0.9985596395674214,0.12397146899075744,0.5330334078697935,0.15124339574859266,0.1541896334716253,0.12004194940839505,0.5071952059155422,-0.15195197576568253,0.9940152877853037,0.152756976229804,0.49094620488938867,0.12069271504879006,0.37717489259583636,0.1300415801150459,0.44095210801987456,-0.16797393134662095,0.9909518928754903,0.15951200184367964,0.48170635388011057,0.11924030383427947,0.38957689063889667,0.13504375943115787,0.4311154215108784,-0.18411284401303257,0.9847489907628021,0.16040569685754336,0.48000057822182096,0.10453698429323385,0.3936834278560823,0.135785025500116,0.4298726646673115,-0.17663093904654198,0.9811360552197418,0.1565192753360386,0.4807398901099254,0.11181649636654634,0.4193111374264675,0.13439452861036583,0.43369662761688266,-0.1648834078084856,0.9705349150158117,0.11009037317264656,0.7127336831319906,0.05306285353643558,0.9971181154251105,0.10427488741420571,0.7104551082565677,-0.05308108900984132,0.99742497148968,0.10519054744924825,0.8155274958837606,0.05187132369194716,0.22050712151186824,0.10328543150708797,0.8172388587679187,-0.056515154739220974,0.8614513221241185,0.08865543703238177,0.9179020467258642,0.0738391368871644,0.27977890911556447,0.08797565173535127,0.9296979904174811,-0.04007810797719731,0.8667141738392063,0.0811592755573137,0.9317873858270197,0.07338977108399078,0.4669241763296585,0.0796213519005549,0.9420910165423445,-0.040466768223614946,0.9035650406564991,0.10712995060852604,0.9511818176224125,0.04948182528217637,0.40381658786819125,0.10901877816234323,0.9644018865766986,-0.08358690674815866,0.83952207792373
94,1566.7,0.12096746691635685,0.5401082606542682,0.014006969607656919,0.9968328873316454,0.11776930413075865,0.5328584512074792,0.02168259281842483,0.996527226198288,0.11725872648613801,0.5331076071375896,0.021705973716009245,0.9947067527543938,0.116777784058026,0.5333544413248701,0.02171171013088455,0.9967749118804939,0.11690898807275871,0.5320074728557045,0.004712026092810061,0.997209188484011,0.11581264329808108,0.5317045251528426,0.00474807572980007,0.9967817181632639,0.11467499569768005,0.5314410215332398,0.0047390217114731265,0.9976208919570566,0.11050447005601165,0.537953493140993,0.05654112976931394,0.9942398809251338,0.10830804812056685,0.5358960287911555,-0.022961030270726924,0.9964379838534771,0.11973355816943314,0.5479840863318675,0.029000582262164093,0.995413629781633,0.1186107521255812,0.5466751768475491,0.006522669878211764,0.9947218497594204,0.10814567265056438,0.5769054123333526,0.10016307412158883,0.990653023833321,0.10116007108063932,0.5602116982142135,-0.07585250586271292,0.9986277279399698,0.12399879523686008,0.5364765297798887,0.16028879937671492,0.16492955528554473,0.11914506483645675,0.5080757424944926,-0.14709330385639563,0.9942619516735993,0.15259115397930156,0.4962498119899208,0.1469212497274082,0.39839393042382765,0.12911522388458263,0.44226861851555993,-0.15798833895297287,0.9915561647642234,0.15924709538618737,0.48819655889556557,0.14830955543688376,0.4073284083888647,0.13416694246587307,0.4322879115740461,-0.17258065797033778,0.9856327062561406,0.16010273212478288,0.4873519440491998,0.13353483591760917,0.41192799948510705,0.1349031967776163,0.4310381213823957,-0.1657796913669224,0.9822352074441463,0.15692446913037994,0.48789572431927675,0.13849725006591718,0.4386793843337471,0.13333750267823546,0.434870072773525,-0.15502116935593752,0.9722253793761851,0.10995074290604825,0.713690442698343,0.05265982218441513,0.9972366747402016,0.10409794428518848,0.7115892228626075,-0.052678937535910415,0.9975092524573924,0.1050425867239635,0.816226970581782,0.050558391603685596,0.22248061568964111,0.10319757816337412,0.8181154727935797,-0.056931436948833056,0.8583150506019599,0.08749635517597204,0.9188825261025209,0.0696108664075534,0.28042573162487594,0.08679162320636574,0.9303140611875631,-0.04218106628173876,0.8633342271759403,0.07987653144768311,0.9330194365410585,0.06886008665675214,0.47006088353338726,0.0783867818259058,0.9428811044920065,-0.04273835995367598,0.9008418889272787,0.10684496554590414,0.9510571076756439,0.044758021121933375,0.40330067702702144,0.10871627749431709,0.9640825532731563,-0.08508501627615526,0.8370110733168472
95,1583.3,0.12012881324404771,0.542484045028687,0.018677942942650558,0.9970760969888603,0.11699440046435318,0.5352118810017907,0.02630432482276646,0.9967906077702847,0.11651815438554408,0.5354608978543967,0.02632527354927292,0.9950986561321085,0.11606589066130782,0.5357052598680773,0.02632919583647026,0.9970121752648133,0.11610760681685955,0.5342271327972417,0.00932917739789576,0.9974242931320562,0.11500649154186257,0.5338362625667031,0.009367872882822197,0.9970283338001803,0.11386896882738394,0.5334799658684507,0.009358693585476264,0.9978034553073709,0.10985916143371954,0.5397797226905827,0.0606514726366316,0.9946769078572599,0.10752225383406602,0.5375001175063001,-0.017603128283683756,0.9967139732270021,0.11896842718124398,0.5501188522293459,0.033352536016276926,0.9957199380511336,0.1177981573910941,0.5487783749898278,0.010848270629399597,0.9950837180728012,0.10799516701982143,0.5775964543932964,0.10396137301410956,0.9912105401357023,0.1005969934520268,0.5605935936882387,-0.0718794702774003,0.9987031363305598,0.12387718437683023,0.541199502490816,0.1708154061010907,0.17763517371245807,0.11843660651218332,0.5085915837969102,-0.14092475246815467,0.994540867351351,0.15243462153843484,0.5034766736484713,0.17257076040619906,0.4225961338906064,0.1282877382777987,0.44325660240082543,-0.14635295953069424,0.992168789818174,0.15876933151767378,0.4973127316860929,0.17641909455969235,0.42769666796638883,0.13343398627780742,0.4332077332905364,-0.15984362221899498,0.9865469393276041,0.15947616242227114,0.4971113077231819,0.16168147538389488,0.4328172547476635,0.13414769087518974,0.4319545484724502,-0.15372957502092643,0.9833693674632489,0.1567102379742124,0.49722857844261936,0.1646310023608663,0.4606131670020879,0.13242540473029735,0.4358200714701701,-0.14352990615935562,0.973955778848558,0.10983643219584519,0.7143571433566871,0.05262373937737378,0.9973753577186955,0.10392618640547716,0.7125610652424046,-0.052645494895322026,0.9976034646942509,0.10489846695037122,0.8166471975190304,0.04934179995741167,0.22383556053752007,0.10310821625448416,0.818945984045665,-0.05724938160606796,0.855435870942616,0.08668642207270583,0.9193794017746342,0.06553936678738825,0.28011805670602,0.0858399527413505,0.9309146347500036,-0.04550703916521303,0.8598636700993498,0.07898740434930443,0.9337533456938615,0.06460747601730488,0.4712586899598443,0.07745144977456053,0.9435848877543502,-0.04625401025017106,0.8975912729899095,0.1064554616099313,0.9509076419330785,0.04046812884154777,0.4024011861710324,0.10832248592660548,0.9639840863999873,-0.08689162489913765,0.834612429141999
96,1600.0,0.11929298511573255,0.5446285122916816,0.022857324441983604,0.9972959558169053,0.11627380656344558,0.5373438284510662,0.03055822751706557,0.9970301332927893,0.11584408794130607,0.537583084333511,0.03057648942229296,0.9954551117760803,0.11543144995257976,0.5378174356051857,0.03057975641318732,0.9972312393642615,0.11533456721476155,0.5363046782357356,0.013483775042134646,0.9976171680859164,0.11422890282812581,0.5358510130927681,0.01352347996639549,0.9972483913103746,0.11308492578211292,0.5354211699394957,0.013512862302680645,0.9979663831847062,0.10934500751041239,0.5415149586541317,0.0647604715611254,0.9950779733203714,0.10685439585220252,0.5391130078406565,-0.01298262028112299,0.9969569416273215,0.11825908294745863,0.5519903529258006,0.03730145974883014,0.9959944600150706,0.11702933942987814,0.5507401909146994,0.014658215921372186,0.9953949678511854,0.10802691252458671,0.5785792583510994,0.10766953371820004,0.9917615652084358,0.10024449974298485,0.5614531778153923,-0.06908878648564934,0.9987674383890068,0.12340899308522552,0.5465203977766495,0.17872291519528355,0.18878641156923215,0.11777595395133618,0.5090790589650476,-0.1360279612597966,0.9948112993013298,0.15179420369012026,0.5112763245900476,0.18671989653791715,0.44472611234301646,0.12759071446600423,0.44419205188751254,-0.13507122298081725,0.9927206919306808,0.1577026624055137,0.5071704926944918,0.1914712488651277,0.4461824255330225,0.13285129623753694,0.43404351671536795,-0.1476048876841864,0.987365643183391,0.15809101079191493,0.5063745194957374,0.1769427543594725,0.4517725961548944,0.13360925089745304,0.4327331284681959,-0.1423100076970601,0.98438318570455,0.15562304570561375,0.506366780826024,0.17903100947539025,0.480611119951521,0.1317709989490964,0.43665987537020756,-0.1324164860305333,0.9755022241955719,0.1098511619936853,0.7145476539929713,0.05254543005000981,0.9975050574257267,0.10373767642747796,0.7129065309252063,-0.05256794233407297,0.9976859206245067,0.10487105378082828,0.816886518682753,0.048231773610625986,0.2261301435175398,0.10283246033248455,0.8196074962615973,-0.058069344432581084,0.8538749615351366,0.08633584103413997,0.9194527523858214,0.06197090730780651,0.28113327139899863,0.08510216715789984,0.9313166538874316,-0.04975712902489166,0.8574514247122271,0.07857410077537816,0.9340230141367237,0.06086934145007819,0.47273651191166505,0.07681974378370109,0.9439644359406978,-0.050703121792702484,0.8943398566473104,0.10624680348805027,0.9506950662249618,0.03645212921713083,0.40359292995362084,0.10793288584266399,0.9639816539628172,-0.09079640500602275,0.8333543737729396
97,1616.7,0.11854469740674617,0.54610097975958,0.02626732080465273,0.9974985009148015,0.11569624074867801,0.5389133833703544,0.03399573266506198,0.9972533753940045,0.11532024294137963,0.5391563773155217,0.03401202664134051,0.9957891106605536,0.11495160205023638,0.539390793868474,0.03401497272508487,0.997437511171614,0.11473603972366886,0.537841101487478,0.017029587933350188,0.9977929393450427,0.11365508110750297,0.5373441378275557,0.01706974749409018,0.997448194594611,0.11252397866476159,0.5368567478089109,0.017059841237607468,0.9981138677824118,0.1090089827775956,0.5430210403033668,0.06804801559164415,0.9954541041737518,0.1064417046450434,0.5404286072367718,-0.009177306689144607,0.9971736470858263,0.11759967534315027,0.5533003182638263,0.04054324736907372,0.9962551735696346,0.11636214029221316,0.5521539421308612,0.01801542268090306,0.9956795658384058,0.1079260352111999,0.579681773980459,0.11019410796108708,0.992306326116835,0.10007134008975263,0.5625203109922867,-0.0657324459226359,0.9988184259051375,0.12243635668641054,0.550932762168703,0.18215714891751622,0.19801358878612535,0.11709567549682807,0.5093132342611044,-0.13323227458056958,0.9950196345647183,0.1506474685101283,0.5177916401908516,0.19035079365684887,0.46538568678356385,0.12669354925553014,0.4446410096827011,-0.13214809908753358,0.9932020391736719,0.15634608410653625,0.5149373639197581,0.19509999312105647,0.4635517157259445,0.1321006835926148,0.4345909967308956,-0.14467271594774167,0.9880923231442776,0.156487897748039,0.514029084216981,0.18084243720486065,0.4694107898644042,0.1329114678360168,0.43325284265336567,-0.1400483569928579,0.9852797786394762,0.15424297253290825,0.5130723076207301,0.18289356927076988,0.49891235431035397,0.13102428189345777,0.43722915649414096,-0.12973939237140483,0.9768792731421342,0.10977757935013098,0.7148152845246456,0.05240897124721894,0.9976251721382148,0.10358859030973352,0.7131890711330238,-0.05243195114391194,0.9977542701221654,0.1047463040976298,0.8171861540703551,0.0465581844605151,0.22691875057561073,0.10257373679251905,0.8201282648813162,-0.059109692417440005,0.8516726692517604,0.08618835359811788,0.9195890483402077,0.05686365529185254,0.28114528741155376,0.08462154297601615,0.931685036136991,-0.05438935490591189,0.8536983047212879,0.07837540620849252,0.9343522474879318,0.05546707234212334,0.4731886982917789,0.07643772377854308,0.9443008104960131,-0.05554304289675898,0.8905340688569212,0.1062570661306382,0.9506339402425864,0.031013395903365975,0.403761446475983,0.10772562275330233,0.9642253092357097,-0.09548133505242218,0.8307513878459029
98,1633.3,0.11775683611631403,0.5470735799698606,0.02908018080606349,0.9976904732840409,0.1150239762805758,0.5399955908457442,0.03677097645898662,0.9974649974278049,0.11465290614536838,0.5402458735874724,0.036784950466383096,0.9961082168987827,0.11428672288145346,0.5404888533410576,0.036789036488958794,0.9976350210961848,0.1141584834882192,0.5389009884425575,0.019840592607146233,0.9979572892189033,0.11314193443173463,0.5383789340655013,0.01987958198324557,0.9976349671681729,0.11206378823234929,0.5378541918027973,0.019871463777408727,0.9982511344410131,0.108410588332585,0.5441978630565466,0.07063191951740361,0.9958066032046371,0.10606438240834654,0.5413957777477449,-0.006408104562156262,0.9973700784501582,0.11680842510291517,0.5542347856930329,0.04323772482928778,0.9965057486579538,0.11568312417893191,0.5531271270343239,0.02075484612335763,0.9959434214092444,0.107461327243419,0.5810269032205859,0.1123333999088833,0.9928192751748228,0.0999146990832829,0.5636186117217659,-0.06285500047462332,0.9988623403367549,0.12142139424880355,0.5548448477472582,0.181011532743772,0.20506771902243312,0.11662115937187567,0.5094847593988694,-0.13033038200367075,0.9951914265042267,0.14954648699079254,0.5237060614994598,0.18345417366141376,0.4851335400626776,0.12581022757859467,0.4449455681301302,-0.13116515960012173,0.993650124186562,0.155689869608198,0.5222104560761229,0.1874294976393383,0.48037602646010297,0.13132896096933466,0.4350333242189319,-0.14393530644121635,0.9887855762527109,0.1557667368934269,0.5203837553660079,0.1730461106413888,0.48645166130293016,0.13214658342656643,0.43363056012562373,-0.13950455188751232,0.9861287417865942,0.1531492883250828,0.5196536892936348,0.17587461074193333,0.5161967873573308,0.13015475017683856,0.4375949360075454,-0.1288279855535145,0.9781870841979987,0.10958911123729896,0.7150393951506847,0.052225663193634614,0.997730785892124,0.10348078714949752,0.7132801896049867,-0.05224911620219552,0.997814853986105,0.10449275232496723,0.8174996688252409,0.044907746038266624,0.2277187286388308,0.10216923732133146,0.8204572030476167,-0.06037630814881556,0.8507067816598081,0.08602644219284972,0.919808813503811,0.05237729439423201,0.2820514525685993,0.08428594399066205,0.9320551753044135,-0.059134431360732986,0.8511093230474569,0.07816484002839957,0.9347352669352582,0.05077014703835764,0.47501076119286706,0.07615760252589276,0.9447369972864794,-0.06058494977298241,0.8878459589821958,0.10636649103391746,0.9506696008500606,0.02683004816727981,0.4055104127952034,0.10768221638032376,0.9647139992032739,-0.10097329176607595,0.8291301216397973
99,1650.0,0.1170572886864345,0.5478161942391172,0.03312642827984835,0.9978724263963252,0.11437089457398378,0.5407268206278487,0.04072356880420733,0.997668595541092,0.11397833625475573,0.5409765839576726,0.040735296550251224,0.9964164012954355,0.11359658659923652,0.5412297646204635,0.04073890138949669,0.9978262867246362,0.1136549338698388,0.5396527733121603,0.023745900640885054,0.9981140011832835,0.1127177718139831,0.5391300377391638,0.023784917734918157,0.9978124953451619,0.11171741180476696,0.5385983699844001,0.0237792040265742,0.9983816657747548,0.10780444563854316,0.545091739722661,0.07414675326574421,0.9961440591585076,0.10577208477826353,0.5421513091950193,-0.003125665221540703,0.9975569077900486,0.11604640987657375,0.554966202804021,0.04715404730467573,0.9967456942512882,0.11512002455336715,0.5538769676571804,0.024603949061461877,0.9961914420127876,0.10674988478422173,0.5822888073467077,0.11496924005803616,0.9933288409596405,0.09981420245908562,0.5646377092316042,-0.0587768208767687,0.9988933830034172,0.12062683630557296,0.5570830504099532,0.18303100055172344,0.20899999567440594,0.11611489100115648,0.5096238794780916,-0.1246166087332227,0.9952844608397718,0.1477796854007813,0.5283912051291697,0.18335022670882103,0.5020225473812652,0.12487959613402694,0.4451368678183786,-0.12529247928233384,0.9939966769445518,0.15448273292609635,0.5278574086370926,0.18684811535335735,0.49530566306341295,0.13066995640595763,0.4353632685684026,-0.13778576325802586,0.989316051914579,0.15388516443116335,0.5249394916352775,0.17280008182639178,0.5016614397366845,0.1314162186213903,0.4339366186232797,-0.1342257647996858,0.9867805185772132,0.15111297865708678,0.5248854330607826,0.1759352790457863,0.5313350898878919,0.12926498694079272,0.43779621237800265,-0.12320109066509075,0.9791808014824284,0.10935616564183016,0.7151065866152451,0.052013540196986466,0.9978421160152988,0.10345023728552327,0.7132706897599361,-0.052038700452872726,0.9978732239632386,0.10407704008477082,0.8177939426331299,0.04270635474295846,0.22904873320034588,0.10176107713154392,0.8206454146476025,-0.06147807747835209,0.8488130910055984,0.0857678332499096,0.9202892950602946,0.047542014469703076,0.28358390217735674,0.08403068816378009,0.9324254762558717,-0.06237066306528595,0.84755783989316,0.07793992615881426,0.9353331838335316,0.04571880187307088,0.47743982928139855,0.07599782269625442,0.9452366147722524,-0.06403115711041864,0.8847609162330634,0.10633530751580292,0.9510050501142235,0.02177849953018485,0.4082638167199637,0.1075857891922906,0.9649712840716052,-0.10475878027223412,0.8266004806473147
100,1666.7,0.11649855705244207,0.5483778885432656,0.03516696060874632,0.9980077786105024,0.11381431509341518,0.5412452689238958,0.04269266820379666,0.9978191597121105,0.11340566937412537,0.5414912274905614,0.04270274059048722,0.9966424916471759,0.11300268396735194,0.5417536880288806,0.04270605290574689,0.9979679839951654,0.11317143961787222,0.5402147301605771,0.025644832290709022,0.9982311001845771,0.11226739415100646,0.539704548461097,0.02568368573806116,0.9979453938347956,0.1113016796963556,0.5391841445650374,0.0256791233218142,0.9984789788722995,0.10727411668215482,0.5457372111933574,0.07581698947719168,0.9963998496532446,0.1054181174508163,0.542737982102803,-0.0017545934034777673,0.9976887532642915,0.1154396778770856,0.5554986596107484,0.049113781590546884,0.9969108615602768,0.11463934502431328,0.554443934134075,0.026467877307108485,0.9963476444993704,0.10619345094476432,0.5833416496004379,0.11611956411174373,0.9937287398747038,0.09943433531693054,0.5654961722237726,-0.05665276039923943,0.9989057140690943,0.12034593841859283,0.5595488335405081,0.18486606861863827,0.21185316145420083,0.1155805087515286,0.5098959462983269,-0.12106726904000564,0.9953572409493586,0.14620515704154968,0.5341029848371235,0.18611123306410668,0.5152057558298113,0.1241171354694026,0.4455834882599969,-0.12103296337383138,0.9942922719887328,0.15261067769357142,0.5334623881748747,0.18994258344173445,0.5069585996014734,0.1299785609756198,0.4356824457645418,-0.13344955337899075,0.9897581040859226,0.1514579973050527,0.5306847095489504,0.1758851068360466,0.5137793592044287,0.13064968798841753,0.4342102770294463,-0.1303740298109396,0.9873276438031884,0.1489130556583405,0.5308999163763866,0.17881526904446746,0.5435555406979156,0.12841841578483587,0.43803992015974874,-0.11908106878399857,0.9800026885100778,0.10922249246920863,0.7151195619787493,0.0518295802175999,0.9978997026171006,0.10341876958097737,0.7132620215415957,-0.051856155906404786,0.9978859169142593,0.10362863380994117,0.8179212510585788,0.042254948456372544,0.23156254099948087,0.10111664342028756,0.8207866804940364,-0.06202607814754762,0.8472971405301779,0.08555908926895689,0.9201790775571554,0.04688083167587011,0.28615219039576417,0.08374438009091789,0.9326270520687105,-0.06332274366702353,0.8452892048018325,0.07774307951331141,0.935491285153798,0.04511765230979243,0.48082623737198993,0.0757797520075526,0.9455302698271618,-0.06502786571426052,0.8824896344116758,0.10631833012614934,0.9506274248872488,0.021307479191039327,0.4115878684180126,0.10741114243865021,0.9647883006504611,-0.10632502074752538,0.8248861219201773
101,1683.3,0.11605827137827879,0.5487074043069571,0.03630702583385365,0.9981111586093907,0.1133250807012831,0.5414885963712421,0.04374390667570488,0.997934435095106,0.11289173843605181,0.5417283305100035,0.04375273681112699,0.9968147533280517,0.11245598324707581,0.5420024693012238,0.043755513349814104,0.9980772989136836,0.11273726075887677,0.5405276588031226,0.026588654943874912,0.9983210393360689,0.11184743898255492,0.540046564170293,0.026627590680228814,0.9980474284717019,0.11090294378144405,0.5395584234169551,0.026623750704207593,0.9985532505171646,0.10678214473383771,0.5461332244532453,0.07654473238757681,0.9966005172048302,0.10507565364241601,0.5431321816784997,-0.001514164996998666,0.9977827668190009,0.11493174572076122,0.5558084462370194,0.050193909555673606,0.9970273375511173,0.1142552196979523,0.5547859498432708,0.02740247101922122,0.9964422157832559,0.10560916417411399,0.5842381673199791,0.11638332743729873,0.9940610187394281,0.09891933575272564,0.5662188785416742,-0.05534881113895349,0.998901920659202,0.12044574373534758,0.5615263368402214,0.18692910351923547,0.213049131844725,0.11502784064837866,0.5102283571447646,-0.11798652953335226,0.9953882651669643,0.14452807818140304,0.5399389905588969,0.19133228063583388,0.5253927409648899,0.1234216562339238,0.44612778510366186,-0.11644206781472483,0.9945208047117512,0.15023134648799902,0.5384743128504076,0.1959752004061428,0.5161740119968143,0.12928947806358349,0.43594369079385503,-0.12875361527715415,0.9900897315570292,0.14840950816869744,0.5364473589829039,0.1818070337176324,0.5235910734960014,0.1298653462103435,0.43442191822188253,-0.12611509433814466,0.9877418960843773,0.1463300990206855,0.5369958536965509,0.1841834506818227,0.5534376629761291,0.12757950914757601,0.43823005471910764,-0.11461342605096961,0.9806109624249602,0.1091270947030613,0.7150469975812099,0.05163486035806796,0.9979274741240914,0.10340727333511633,0.7132019400596621,-0.05166309300277917,0.9978716117995132,0.10309741433177677,0.8179360330104833,0.04267577241574017,0.23497284629515255,0.1003101037016937,0.8208319715091165,-0.06214068271219735,0.8457528735910149,0.08536706226212643,0.9198109081813272,0.04877097053187237,0.28960799106529805,0.08348634360092029,0.93272226197379,-0.06229391241712231,0.8435482808521824,0.07756723303880016,0.9354511754853388,0.04725130594202455,0.4850779686655321,0.07556885214788578,0.9457206555775237,-0.06392162399632591,0.8806428653853285,0.10628237841384756,0.949920228549413,0.023532535747758022,0.41570646847997417,0.10718868726066189,0.964276760816575,-0.10600241486515322,0.823433373655592
102,1700.0,0.11573643166394466,0.5488047415301918,0.03654662395517032,0.9981825663929896,0.11290319139758749,0.5414568029698873,0.04387728421993197,0.998014421690078,0.11243654344053498,0.5416878930159981,0.04388528521217053,0.9969331863380626,0.11195648443840807,0.5419761084374928,0.043887282721698326,0.9981542314801901,0.11235239729285236,0.5405915592397965,0.026577368600382706,0.998383818637758,0.11145790630862838,0.5401560848667515,0.026616632561421112,0.9981185992558802,0.11052120406003227,0.5397212065401532,0.026613086173754363,0.9986044807093495,0.10632852979359178,0.5462797795023242,0.07632998199689957,0.9967460618132642,0.10474469335306259,0.5433339079221092,-0.002404380002103409,0.9978389484541764,0.11452261340760055,0.5558955626828335,0.050394431200055864,0.997095122223809,0.11396764857428415,0.5549030147847678,0.027407730197800073,0.9964751558644436,0.10499702447227072,0.5849783605053313,0.11576053003470113,0.9943256775538128,0.0982692037664709,0.5668058281853088,-0.05486497309591088,0.9988820027737397,0.12092625225583722,0.5630155603090927,0.18922010525351493,0.21258790684597836,0.11445688669170657,0.5106211120174045,-0.11537439021326255,0.9953775334925884,0.1427484488203412,0.5458992222944897,0.1990133694240026,0.5325835027865006,0.12279315842759048,0.4467697583493733,-0.1115197926050141,0.9946822751136061,0.1473447393093791,0.5428931826636909,0.20494596624658237,0.522951900249436,0.12860270766984863,0.4361470036563422,-0.12369794895251596,0.9903109343278985,0.14473969702209755,0.5422274399371376,0.1905658624711492,0.5310965826114024,0.12906319328716825,0.4345715422005881,-0.12144895838130101,0.9880232754207798,0.14336410874412175,0.5431732450212754,0.19203982395785205,0.5609814567225324,0.1267482670290131,0.4383666160560792,-0.10979816246600385,0.9810056232270751,0.10906997234338814,0.7148888934226268,0.05142938061839063,0.9979254305362707,0.10341574854794013,0.713090445314135,-0.051459511741995846,0.9978303086190004,0.10248338165027757,0.817838288488843,0.043968826621061316,0.23927964908736102,0.09934145797576228,0.8207812876928428,-0.06182189117230127,0.8441802901881091,0.08519175222941813,0.9191847869328095,0.05321243103770987,0.29395130418595844,0.08325657869378729,0.9327111059711097,-0.059284169315582246,0.8423350680442095,0.07741238673528043,0.9352128548281538,0.052119762769767264,0.4901950231620249,0.07536512311725395,0.9458077720233375,-0.06071243195661476,0.8792206091540209,0.1062274523788975,0.9488834611007158,0.028453669200340953,0.4206196169058485,0.10691842365832564,0.9634366645699468,-0.10379096262511758,0.8222422358535587
